,county,antimony
0,"-, Arizona",0.0
1,"Abbeville, South Carolina",0.0
2,"Acadia, Louisiana",0.0
3,"Accomack, Virginia",0.0
4,"Ada, Idaho",0.004761904761904762
5,"Adair, Kentucky",0.0
6,"Adair, Missouri",0.0
7,"Adair, Oklahoma",0.0
8,"Adams, Idaho",0.0
9,"Adams, Illinois",0.0
10,"Adams, Indiana",0.0
11,"Adams, Nebraska",0.0
12,"Adams, Ohio",0.0
13,"Adams, Pennsylvania",0.0
14,"Adams, Washington",0.0
15,"Adams, Wisconsin",0.0
16,"Addison, Vermont",0.07894736842105263
17,"Aiken, South Carolina",0.04804469273743017
18,"Aitkin, Minnesota",0.0
19,"Alachua, Florida",0.3258620689655173
20,"Alamance, North Carolina",0.027777777777777776
21,"Alameda, California",0.0
22,"Albany, New York",0.0
23,"Albany, Wyoming",0.0
24,"Albemarle, Virginia",0.0
25,"Alcona, Michigan",0.0
26,"Aleutians east borough, Alaska",0.0
27,"Aleutians east, Alaska",0.0
28,"Aleutians west census area, Alaska",0.0
29,"Aleutians west, Alaska",0.0
30,"Alexander, Illinois",0.0
31,"Alexander, North Carolina",1.085
32,"Alfalfa, Oklahoma",0.0
33,"Alger, Michigan",0.0
34,"Allamakee, Iowa",0.0
35,"Allegan, Michigan",0.02040816326530612
36,"Allegany, Maryland",0.13333333333333333
37,"Allegany, New York",0.0
38,"Alleghany, North Carolina",0.0
39,"Alleghany, Virginia",0.0
40,"Allegheny county, Pennsylvania",0.0
41,"Allegheny, Pennsylvania",0.0
42,"Allen, Indiana",0.09574468085106383
43,"Allen, Kansas",0.0
44,"Allen, Kentucky",0.0
45,"Allen, Louisiana",0.0
46,"Allen, Ohio",0.0
47,"Allendale, South Carolina",0.0
48,"Alpena, Michigan",0.0
49,"Alpine, California",0.0
50,"Amador, California",0.0
51,"Amelia, Virginia",0.0
52,"American samoa, American Samoa",0.0
53,"Amherst, Virginia",0.009090909090909092
54,"Anchorage, Alaska",0.11394230769230769
55,"Anderson, Kansas",0.0
56,"Anderson, Kentucky",0.0
57,"Anderson, South Carolina",0.09375
58,"Anderson, Tennessee",0.0
59,"Anderson, Texas",0.0348
60,"Andrew, Missouri",0.0
61,"Andrews, Texas",0.0
62,"Androscoggin, Maine",0.010180180180180179
63,"Angelina, Texas",0.1086
64,"Anne arundel, Maryland",0.04810126582278481
65,"Anoka, Minnesota",0.01505263157894737
66,"Anson, North Carolina",0.0
67,"Antelope, Nebraska",0.0
68,"Antrim, Michigan",0.0
69,"Apache, Arizona",0.12878787878787878
70,"Appomattox, Virginia",0.0
71,"Aransas, Texas",0.0
72,"Archer, Texas",0.3013333333333333
73,"Arenac, Michigan",0.3
74,"Arkansas, Arkansas",0.0
75,"Armstrong, Pennsylvania",0.0
76,"Armstrong, Texas",0.0
77,"Aroostook, Maine",0.07693069306930693
78,"Arthur, Nebraska",0.0
79,"Ascension, Louisiana",0.042222222222222223
80,"Ashe, North Carolina",0.058823529411764705
81,"Ashland, Ohio",0.0
82,"Ashland, Wisconsin",0.023333333333333334
83,"Ashley, Arkansas",0.0
84,"Ashtabula, Ohio",0.0
85,"Asotin, Washington",0.0
86,"Assumption, Louisiana",0.0
87,"Atascosa county, Texas",0.0
88,"Atascosa, Texas",0.09503448275862068
89,"Atchison, Kansas",0.0
90,"Atchison, Missouri",0.0
91,"Athens, Ohio",0.0
92,"Atlantic, New Jersey",0.0
93,"Atoka, Oklahoma",0.0
94,"Audrain, Missouri",0.0
95,"Auglaize, Ohio",0.4782608695652174
96,"Augusta, Virginia",0.0
97,"Austin, Texas",0.0
98,"Autauga, Alabama",0.0
99,"Avery, North Carolina",0.0
100,"Avoyelles, Louisiana",0.015384615384615385
101,"B, Oklahoma",0.0
102,"Bailey, Texas",0.0
103,"Baker county, Florida",0.1
104,"Baker, Florida",0.03333333333333334
105,"Baker, Oregon",0.0
106,"Baldwin, Alabama",0.0
107,"Ballard, Kentucky",0.0
108,"Baltimore, Maryland",0.0
109,"Bamberg, South Carolina",0.0
110,"Bandera, Texas",0.02694444444444444
111,"Banner, Nebraska",0.0
112,"Bannock, Idaho",0.0
113,"Baraga, Michigan",0.0
114,"Barber, Kansas",0.0
115,"Barbour, Alabama",0.06448275862068965
116,"Barbour, West Virginia",0.024999999999999998
117,"Barnes, North Dakota",0.0
118,"Barnstable, Massachusetts",0.006688963210702341
119,"Barnwell, South Carolina",0.0
120,"Barren, Kentucky",0.0
121,"Barron, Wisconsin",0.0035064935064935067
122,"Barry, Michigan",0.0
123,"Barry, Missouri",0.0
124,"Bartholomew, Indiana",0.0
125,"Barton, Kansas",0.0
126,"Barton, Missouri",0.0
127,"Bastrop, Texas",0.0
128,"Bates, Missouri",0.0
129,"Bath, Virginia",0.0
130,"Baxter, Arkansas",0.08139534883720931
131,"Bay, Florida",0.004545454545454546
132,"Bay, Michigan",0.0
133,"Bayfield, Wisconsin",0.0
134,"Baylor, Texas",0.0
135,"Beadle, South Dakota",0.0
136,"Bear lake, Idaho",0.0
137,"Beaufort, North Carolina",0.0
138,"Beaufort, South Carolina",0.0
139,"Beauregard, Louisiana",0.0
140,"Beaver, Oklahoma",0.0
141,"Beaver, Pennsylvania",0.0
142,"Beaver, Utah",0.014285714285714285
143,"Beaverhead, Montana",0.2727272727272727
144,"Becker, Minnesota",0.0
145,"Beckham, Oklahoma",0.0
146,"Bedford county, Pennsylvania",0.0
147,"Bedford, Pennsylvania",0.0
148,"Bedford, Tennessee",0.0
149,"Bedford, Virginia",0.002325581395348837
150,"Bee, Texas",0.024133333333333336
151,"Belknap, New Hampshire",0.052845528455284556
152,"Bell, Kentucky",0.0
153,"Bell, Texas",0.0
154,"Belmont, Ohio",0.0
155,"Beltrami county, Minnesota",0.0
156,"Beltrami, Minnesota",0.0
157,"Benewah, Idaho",0.0
158,"Bennett, South Dakota",0.0
159,"Bennington, Vermont",0.0
160,"Benson, North Dakota",0.0
161,"Benton county, Arkansas",0.0
162,"Benton, Arkansas",0.0
163,"Benton, Indiana",0.0
164,"Benton, Iowa",0.2111111111111111
165,"Benton, Minnesota",0.0
166,"Benton, Missouri",0.011170212765957447
167,"Benton, Oregon",0.0
168,"Benton, Tennessee",0.0
169,"Benton, Washington",0.3013422818791946
170,"Benzie, Michigan",0.1111111111111111
171,"Bergen, New Jersey",0.01569506726457399
172,"Berkeley, South Carolina",0.0
173,"Berkeley, West Virginia",0.02948717948717949
174,"Berks county, Pennsylvania",0.0
175,"Berks, Pennsylvania",0.05660377358490566
176,"Berkshire, Massachusetts",0.0
177,"Bernalillo, New Mexico",0.1075570512820513
178,"Berrien, Michigan",0.03255813953488372
179,"Bertie, North Carolina",0.0
180,"Bethel census area, Alaska",0.0
181,"Bethel, Alaska",0.03956666666666667
182,"Bexar, Texas",0.03456716417910448
183,"Bibb, Alabama",0.0
184,"Bienville, Louisiana",0.04477611940298507
185,"Big horn, Montana",0.03571428571428571
186,"Big horn, Wyoming",0.0
187,"Big stone, Minnesota",0.0
188,"Billings, North Dakota",0.0
189,"Bingham, Idaho",0.002173913043478261
190,"Black hawk, Iowa",0.0
191,"Blackford, Indiana",0.0
192,"Bladen, North Carolina",0.0
193,"Blaine, Idaho",0.0
194,"Blaine, Montana",0.0
195,"Blaine, Nebraska",0.0
196,"Blaine, Oklahoma",0.0
197,"Blair, Pennsylvania",0.0
198,"Blanco, Texas",0.0
199,"Bland, Virginia",0.0
200,"Bledsoe, Tennessee",0.0
201,"Blount, Alabama",0.0
202,"Blount, Tennessee",0.0
203,"Blue earth, Minnesota",0.0
204,"Boise, Idaho",0.0
205,"Bollinger, Missouri",0.0
206,"Bon homme, South Dakota",0.15
207,"Bond, Illinois",0.0
208,"Bonner, Idaho",0.0
209,"Bonneville, Idaho",0.0
210,"Boone, Arkansas",0.0
211,"Boone, Illinois",0.0
212,"Boone, Indiana",0.03636363636363637
213,"Boone, Kentucky",0.0
214,"Boone, Missouri",0.01506329113924051
215,"Boone, Nebraska",0.0
216,"Boone, West Virginia",0.0
217,"Bosque, Texas",0.0
218,"Bossier, Louisiana",0.028915662650602407
219,"Botetourt, Virginia",0.04294871794871795
220,"Bottineau, North Dakota",0.0
221,"Boundary, Idaho",0.0
222,"Bourbon, Kansas",0.0
223,"Bourbon, Kentucky",0.16666666666666666
224,"Bowie, Texas",0.07808333333333332
225,"Bowman, North Dakota",0.0
226,"Box butte, Nebraska",0.0
227,"Box elder, Utah",0.09098712446351931
228,"Boyd, Kentucky",0.0
229,"Boyd, Nebraska",0.0
230,"Boyle, Kentucky",0.0
231,"Bracken, Kentucky",0.0
232,"Bradford, Florida",0.15
233,"Bradford, Pennsylvania",0.024489795918367346
234,"Bradley, Arkansas",0.0
235,"Bradley, Tennessee",0.0
236,"Branch, Michigan",0.0
237,"Braxton, West Virginia",0.013043478260869565
238,"Brazoria, Texas",0.002778975741239892
239,"Brazos, Texas",0.0
240,"Breathitt, Kentucky",0.0
241,"Breckinridge, Kentucky",0.0
242,"Bremer, Iowa",0.0
243,"Brevard, Florida",0.14375000000000002
244,"Brewster, Texas",0.0
245,"Briscoe, Texas",0.0
246,"Bristol bay, Alaska",0.0
247,"Bristol, Massachusetts",0.007586206896551725
248,"Bristol, Rhode Island",0.0
249,"Bristol, Virginia",0.0
250,"Broadwater, Montana",0.0
251,"Brooke, West Virginia",0.028571428571428574
252,"Brookings, South Dakota",0.12000000000000002
253,"Brooks, Texas",0.0
254,"Broome, New York",0.0691919191919192
255,"Broward county, Florida",0.0
256,"Broward, Florida",0.13850267379679146
257,"Brown, Illinois",0.0
258,"Brown, Indiana",0.0
259,"Brown, Kansas",0.0
260,"Brown, Minnesota",0.0
261,"Brown, Nebraska",0.0
262,"Brown, Ohio",0.0
263,"Brown, South Dakota",0.12222222222222223
264,"Brown, Texas",0.0
265,"Brown, Wisconsin",0.007605633802816902
266,"Brule, South Dakota",0.3
267,"Brunswick, North Carolina",0.0
268,"Brunswick, Virginia",0.0
269,"Bryan, Oklahoma",0.05416666666666667
270,"Buchanan, Iowa",0.0
271,"Buchanan, Virginia",0.0
272,"Buckingham, Virginia",0.0
273,"Bucks county, Pennsylvania",0.0
274,"Bucks, Pennsylvania",0.009363057324840766
275,"Buena vista, Iowa",0.0
276,"Buena vista, Virginia",0.0
277,"Buffalo, Nebraska",0.0
278,"Buffalo, Wisconsin",0.0
279,"Bullock, Alabama",0.0
280,"Buncombe, North Carolina",0.0
281,"Bureau, Illinois",0.0
282,"Burke, North Carolina",0.0
283,"Burke, North Dakota",0.0
284,"Burleigh, North Dakota",0.0
285,"Burleson, Texas",0.0
286,"Burlington, New Jersey",0.019775308641975308
287,"Burnet, Texas",0.0
288,"Burnett, Wisconsin",0.0
289,"Burt, Nebraska",0.0
290,"Butler county, Pennsylvania",0.0
291,"Butler, Alabama",0.0
292,"Butler, Iowa",0.0
293,"Butler, Kansas",0.0
294,"Butler, Kentucky",0.0
295,"Butler, Missouri",0.0
296,"Butler, Nebraska",0.0
297,"Butler, Ohio",0.0
298,"Butler, Pennsylvania",0.0
299,"Butte, California",0.00564750957854406
300,"Butte, Idaho",0.0
301,"Butte, South Dakota",0.0
302,"Cabarrus, North Carolina",0.023622047244094488
303,"Cabell, West Virginia",0.0
304,"Cache, Utah",0.024390243902439025
305,"Caddo parish, Louisiana",0.0
306,"Caddo, Louisiana",0.015037593984962405
307,"Caddo, Oklahoma",0.0
308,"Calaveras, California",0.7674698795180723
309,"Calcasieu, Louisiana",0.004347826086956522
310,"Caldwell, Kentucky",0.0
311,"Caldwell, Louisiana",0.0
312,"Caldwell, Missouri",0.0
313,"Caldwell, North Carolina",0.0
314,"Caldwell, Texas",0.0
315,"Caledonia, Vermont",0.0
316,"Calhoun, Alabama",0.0
317,"Calhoun, Arkansas",0.0
318,"Calhoun, Florida",0.0
319,"Calhoun, Illinois",0.5
320,"Calhoun, Iowa",0.0
321,"Calhoun, Michigan",0.0
322,"Calhoun, South Carolina",0.0
323,"Calhoun, Texas",0.027473684210526317
324,"Calhoun, West Virginia",0.0
325,"Callahan, Texas",0.0
326,"Callaway, Missouri",0.0
327,"Calloway, Kentucky",0.0
328,"Calumet, Wisconsin",0.0014736842105263158
329,"Calvert, Maryland",0.08125
330,"Cambria county, Pennsylvania",0.0
331,"Cambria, Pennsylvania",0.0
332,"Camden, Missouri",0.005047619047619048
333,"Camden, New Jersey",0.0
334,"Camden, North Carolina",0.0
335,"Cameron, Louisiana",0.0
336,"Cameron, Pennsylvania",0.0
337,"Cameron, Texas",0.37169230769230766
338,"Camp, Texas",0.0
339,"Campbell, Kentucky",0.0
340,"Campbell, Tennessee",0.0
341,"Campbell, Virginia",0.0
342,"Campbell, Wyoming",0.0
343,"Canadian, Oklahoma",0.12083333333333333
344,"Cannon, Tennessee",0.0
345,"Canyon, Idaho",0.0
346,"Cape girardeau, Missouri",0.0
347,"Cape may, New Jersey",0.0006172839506172839
348,"Carbon county, Pennsylvania",0.0
349,"Carbon, Montana",0.0
350,"Carbon, Pennsylvania",0.03888888888888889
351,"Carbon, Utah",0.0
352,"Carbon, Wyoming",0.0
353,"Caribou, Idaho",0.043333333333333335
354,"Carlisle, Kentucky",0.0
355,"Carlton, Minnesota",0.0
356,"Caroline, Maryland",0.0
357,"Caroline, Virginia",0.03506493506493507
358,"Carroll, Arkansas",0.0
359,"Carroll, Illinois",0.0
360,"Carroll, Indiana",0.03571428571428571
361,"Carroll, Iowa",0.0
362,"Carroll, Kentucky",0.0
363,"Carroll, Maryland",0.0325
364,"Carroll, Missouri",0.0
365,"Carroll, New Hampshire",0.004419889502762431
366,"Carroll, Ohio",0.0
367,"Carroll, Tennessee",0.0
368,"Carroll, Virginia",0.0
369,"Carson city, Nevada",0.0
370,"Carson, Texas",0.0
371,"Carter, Kentucky",0.0
372,"Carter, Missouri",0.0
373,"Carter, Montana",0.0
374,"Carter, Oklahoma",0.0
375,"Carter, Tennessee",0.0
376,"Carteret, North Carolina",0.0
377,"Carver, Minnesota",0.0
378,"Cascade, Montana",0.0
379,"Casey, Kentucky",0.0
380,"Cass, Illinois",0.0
381,"Cass, Indiana",0.0
382,"Cass, Iowa",0.0
383,"Cass, Michigan",0.0
384,"Cass, Minnesota",0.0
385,"Cass, Missouri",0.0
386,"Cass, Nebraska",0.0
387,"Cass, North Dakota",0.0
388,"Cass, Texas",0.0
389,"Cassia, Idaho",0.11818181818181818
390,"Castro, Texas",0.0
391,"Caswell, North Carolina",0.0
392,"Catahoula, Louisiana",0.1
393,"Catawba, North Carolina",0.030323886639676115
394,"Catron, New Mexico",0.04323529411764706
395,"Cattaraugus, New York",0.020852713178294575
396,"Cavalier, North Dakota",0.0
397,"Cayuga county, New York",0.0
398,"Cayuga, New York",0.0
399,"Cecil, Maryland",0.6372549019607843
400,"Cedar, Iowa",0.0
401,"Cedar, Missouri",0.06333333333333334
402,"Cedar, Nebraska",0.9335999999999999
403,"Centre county, Pennsylvania",0.0
404,"Centre, Pennsylvania",0.0
405,"Cerro gordo, Iowa",0.0
406,"Chambers, Alabama",0.0
407,"Chambers, Texas",0.0
408,"Champaign, Illinois",0.0
409,"Champaign, Ohio",0.0
410,"Chariton, Missouri",0.0
411,"Charles city, Virginia",0.0
412,"Charles mix, South Dakota",0.3333333333333333
413,"Charles, Maryland",0.0
414,"Charleston county, South Carolina",0.0
415,"Charleston, South Carolina",0.0
416,"Charlevoix, Michigan",0.0
417,"Charlotte, Florida",0.0
418,"Charlotte, Virginia",0.0
419,"Chase, Kansas",0.0
420,"Chase, Nebraska",0.0
421,"Chatham, North Carolina",0.16666666666666666
422,"Chautauqua, Kansas",0.0
423,"Chautauqua, New York",0.0
424,"Chaves, New Mexico",0.0436
425,"Cheatham, Tennessee",0.0
426,"Cheboygan, Michigan",0.0
427,"Chelan, Washington",0.0
428,"Chemung, New York",0.0
429,"Chenango, New York",0.46242038216560505
430,"Cherokee, Alabama",0.0
431,"Cherokee, Iowa",0.0
432,"Cherokee, Kansas",0.0
433,"Cherokee, North Carolina",0.0
434,"Cherokee, Oklahoma",0.0
435,"Cherokee, South Carolina",0.0
436,"Cherokee, Texas",0.06728888888888888
437,"Cherry, Nebraska",0.0
438,"Chesapeake city, Virginia",0.02
439,"Chesapeake, Virginia",0.0
440,"Cheshire, New Hampshire",0.012558139534883722
441,"Chester county, Pennsylvania",0.0
442,"Chester, Pennsylvania",0.0
443,"Chester, South Carolina",0.0
444,"Chester, Tennessee",0.0
445,"Chesterfield, South Carolina",0.0
446,"Chesterfield, Virginia",0.0
447,"Cheyenne, Kansas",0.0
448,"Cheyenne, Nebraska",0.0
449,"Chickasaw, Iowa",0.0
450,"Chicot, Arkansas",0.0
451,"Chilton, Alabama",0.0
452,"Chippewa, Michigan",0.0
453,"Chippewa, Minnesota",0.0
454,"Chippewa, Wisconsin",0.004696969696969697
455,"Chisago, Minnesota",0.0
456,"Chittenden, Vermont",0.0
457,"Choctaw, Alabama",0.0
458,"Choctaw, Oklahoma",0.0
459,"Chouteau, Montana",0.0
460,"Chowan, North Carolina",0.0
461,"Christian, Illinois",0.2437037037037037
462,"Christian, Kentucky",0.0
463,"Christian, Missouri",0.00865546218487395
464,"Churchill, Nevada",0.0
465,"Cibola, New Mexico",0.05555555555555555
466,"Cimarron, Oklahoma",0.0
467,"Citrus county, Florida",0.0
468,"Citrus, Florida",0.17373737373737377
469,"Clackamas, Oregon",0.02108108108108108
470,"Claiborne, Louisiana",0.09433962264150944
471,"Claiborne, Tennessee",0.0
472,"Clallam, Washington",0.0
473,"Clare, Michigan",0.0
474,"Clarendon, South Carolina",0.0
475,"Clarion, Pennsylvania",0.0
476,"Clark, Arkansas",0.0
477,"Clark, Idaho",0.0
478,"Clark, Illinois",0.0
479,"Clark, Indiana",0.041666666666666664
480,"Clark, Kansas",0.0
481,"Clark, Kentucky",0.0
482,"Clark, Missouri",0.0
483,"Clark, Nevada",0.0046045197740113
484,"Clark, Ohio",0.0
485,"Clark, South Dakota",0.0
486,"Clark, Washington",0.0
487,"Clark, Wisconsin",0.0
488,"Clarke, Alabama",0.0
489,"Clarke, Virginia",0.0
490,"Clatsop, Oregon",0.004090909090909091
491,"Clay, Alabama",0.0
492,"Clay, Arkansas",0.0
493,"Clay, Florida",0.03577981651376147
494,"Clay, Illinois",0.0
495,"Clay, Indiana",0.33999999999999997
496,"Clay, Iowa",0.0
497,"Clay, Kansas",0.0
498,"Clay, Kentucky",0.0
499,"Clay, Minnesota",0.0
500,"Clay, Missouri",0.0
501,"Clay, Nebraska",0.0
502,"Clay, North Carolina",0.0
503,"Clay, South Dakota",0.0
504,"Clay, Tennessee",0.0
505,"Clay, Texas",0.1901
506,"Clay, West Virginia",0.0
507,"Clayton, Iowa",0.0
508,"Clearfield county, Pennsylvania",0.0
509,"Clearfield, Pennsylvania",0.16666666666666666
510,"Clearwater, Idaho",0.0
511,"Clearwater, Minnesota",0.0
512,"Cleburne, Alabama",0.0
513,"Cleburne, Arkansas",0.0
514,"Clermont, Ohio",0.0
515,"Cleveland, Arkansas",0.0
516,"Cleveland, North Carolina",0.0
517,"Cleveland, Oklahoma",0.010430107526881722
518,"Clinton, Illinois",0.0
519,"Clinton, Indiana",0.03333333333333333
520,"Clinton, Iowa",0.0
521,"Clinton, Kentucky",0.0
522,"Clinton, Michigan",0.0
523,"Clinton, Missouri",0.0
524,"Clinton, New York",0.00923076923076923
525,"Clinton, Ohio",0.0
526,"Clinton, Pennsylvania",0.0
527,"Cloud, Kansas",0.0
528,"Coal, Oklahoma",0.0
529,"Cochise, Arizona",0.0
530,"Cochran, Texas",0.0
531,"Cocke, Tennessee",0.0
532,"Coconino, Arizona",0.0
533,"Codington, South Dakota",0.0
534,"Coffee, Alabama",0.0
535,"Coffee, Tennessee",0.0
536,"Coffey, Kansas",0.0
537,"Coke, Texas",0.0
538,"Colbert, Alabama",0.0
539,"Cole, Missouri",0.032467532467532464
540,"Coleman, Texas",0.0
541,"Coles, Illinois",0.0
542,"Colfax, Nebraska",0.0
543,"Colfax, New Mexico",0.0
544,"Colleton, South Carolina",0.0
545,"Collier, Florida",0.18906250000000002
546,"Collin, Texas",0.02992105263157895
547,"Collingsworth, Texas",0.0
548,"Colorado, Texas",0.0
549,"Columbia county, Pennsylvania",0.0
550,"Columbia, Arkansas",0.0
551,"Columbia, Florida",0.02586206896551724
552,"Columbia, New York",0.0
553,"Columbia, Oregon",0.0
554,"Columbia, Pennsylvania",0.0
555,"Columbia, Washington",0.0
556,"Columbia, Wisconsin",0.002434782608695652
557,"Columbiana, Ohio",0.04411764705882353
558,"Columbus county, North Carolina",0.0
559,"Columbus, North Carolina",0.10810810810810811
560,"Colusa, California",0.0
561,"Comal, Texas",0.020445544554455446
562,"Comanche, Kansas",0.0
563,"Comanche, Oklahoma",0.0
564,"Comanche, Texas",0.14466666666666667
565,"Concho, Texas",0.0
566,"Concordia, Louisiana",0.0
567,"Conecuh, Alabama",0.0
568,"Contra costa, California",0.0
569,"Converse, Wyoming",0.0
570,"Conway, Arkansas",0.0
571,"Cook, Illinois",0.005314009661835749
572,"Cook, Minnesota",0.0
573,"Cooke, Texas",0.051340000000000004
574,"Cooper, Missouri",0.0
575,"Coos, New Hampshire",0.013636363636363636
576,"Coos, Oregon",0.1319047619047619
577,"Coosa, Alabama",0.0
578,"Corson, South Dakota",0.0
579,"Cortland, New York",0.0
580,"Coryell, Texas",0.0
581,"Coshocton, Ohio",0.0
582,"Cottle, Texas",0.0
583,"Cotton, Oklahoma",0.0
584,"Cottonwood county, Minnesota",0.0
585,"Cottonwood, Minnesota",0.0
586,"Covington, Alabama",0.0
587,"Covington, Virginia",0.0
588,"Cowley, Kansas",0.0
589,"Cowlitz, Washington",0.0
590,"Craig, Oklahoma",0.0
591,"Craig, Virginia",0.0
592,"Craighead, Arkansas",0.0
593,"Crane, Texas",0.0
594,"Craven, North Carolina",0.0
595,"Crawford county, Pennsylvania",0.0
596,"Crawford, Arkansas",0.0
597,"Crawford, Illinois",0.0
598,"Crawford, Indiana",0.0
599,"Crawford, Iowa",0.0
600,"Crawford, Kansas",0.0
601,"Crawford, Michigan",0.0
602,"Crawford, Missouri",0.0
603,"Crawford, Ohio",0.19615384615384618
604,"Crawford, Pennsylvania",0.0
605,"Crawford, Wisconsin",0.0
606,"Creek, Oklahoma",0.17058823529411765
607,"Crenshaw, Alabama",0.0
608,"Crittenden, Arkansas",0.0
609,"Crittenden, Kentucky",0.0
610,"Crockett, Tennessee",0.0
611,"Crockett, Texas",0.231
612,"Crook, Oregon",0.0
613,"Crook, Wyoming",0.0
614,"Crosby, Texas",0.0
615,"Cross, Arkansas",0.0
616,"Crow wing, Minnesota",0.0
617,"Culberson, Texas",0.0
618,"Cullman, Alabama",0.0
619,"Culpeper, Virginia",0.034453781512605045
620,"Cumberland, Illinois",0.0
621,"Cumberland, Kentucky",0.0
622,"Cumberland, Maine",0.014838709677419354
623,"Cumberland, New Jersey",0.010087719298245612
624,"Cumberland, North Carolina",0.10796875
625,"Cumberland, Pennsylvania",0.0
626,"Cumberland, Tennessee",0.0
627,"Cumberland, Virginia",0.0
628,"Cuming, Nebraska",0.0
629,"Currituck, North Carolina",0.0
630,"Curry, New Mexico",0.050744680851063824
631,"Curry, Oregon",0.0
632,"Custer, Idaho",0.0
633,"Custer, Montana",0.0
634,"Custer, Nebraska",0.0
635,"Custer, Oklahoma",0.09529411764705882
636,"Custer, South Dakota",0.0
637,"Cuyahoga, Ohio",0.03787878787878788
638,"Dade, Florida",0.0
639,"Dade, Missouri",0.0
640,"Daggett, Utah",0.0
641,"Dakota, Minnesota",0.0
642,"Dakota, Nebraska",0.0
643,"Dale, Alabama",0.017733333333333334
644,"Dallam, Texas",0.0
645,"Dallas, Alabama",0.0
646,"Dallas, Arkansas",0.0
647,"Dallas, Iowa",0.0
648,"Dallas, Missouri",0.0
649,"Dallas, Texas",0.07626315789473685
650,"Dane, Wisconsin",0.0008191126279863482
651,"Daniels, Montana",0.0
652,"Danville, Virginia",0.0
653,"Dare, North Carolina",0.0
654,"Darke, Ohio",0.0
655,"Darlington, South Carolina",0.0
656,"Dauphin county, Pennsylvania",0.0
657,"Dauphin, Pennsylvania",0.0
658,"Davidson, North Carolina",0.0
659,"Davidson, Tennessee",0.30431034482758623
660,"Davie, North Carolina",0.0
661,"Daviess, Indiana",0.0
662,"Daviess, Kentucky",0.0
663,"Daviess, Missouri",0.0
664,"Davis, Utah",0.0
665,"Dawes, Nebraska",0.0
666,"Dawson, Montana",0.0
667,"Dawson, Nebraska",0.0
668,"Dawson, Texas",0.0
669,"De baca, New Mexico",0.228
670,"De kalb, Indiana",0.0
671,"De kalb, Missouri",0.0
672,"De soto, Florida",0.0
673,"De soto, Louisiana",0.0
674,"De witt, Illinois",0.0
675,"Deaf smith, Texas",0.0
676,"Dearborn, Indiana",0.0
677,"Decatur, Indiana",0.04
678,"Decatur, Kansas",0.0
679,"Decatur, Tennessee",0.0
680,"Deer lodge, Montana",0.0
681,"Defiance, Ohio",0.0
682,"Dekalb, Alabama",0.0
683,"Dekalb, Illinois",0.041666666666666664
684,"Dekalb, Indiana",0.0
685,"Dekalb, Missouri",0.0
686,"Dekalb, Tennessee",0.0
687,"Del norte county, California",1.1
688,"Del norte, California",0.0
689,"Delaware, Indiana",0.0
690,"Delaware, Iowa",0.0
691,"Delaware, New York",0.0
692,"Delaware, Ohio",0.0
693,"Delaware, Oklahoma",0.0
694,"Delaware, Pennsylvania",0.0
695,"Delta, Michigan",0.0
696,"Delta, Texas",0.10325000000000001
697,"Denali, Alaska",0.0
698,"Dent, Missouri",0.0
699,"Denton, Texas",0.04593406593406593
700,"Des moines, Iowa",0.0
701,"Deschutes, Oregon",0.0196078431372549
702,"Desha, Arkansas",0.0
703,"Desoto, Florida",0.0
704,"Deuel, Nebraska",0.0
705,"Dewey, Oklahoma",0.0
706,"Dewey, South Dakota",0.18
707,"Dewitt, Texas",0.054299999999999994
708,"Dickens, Texas",0.0
709,"Dickenson, Virginia",0.0
710,"Dickey, North Dakota",0.0
711,"Dickinson, Kansas",0.0
712,"Dickinson, Michigan",0.0
713,"Dickson, Tennessee",0.0
714,"Dillingham, Alaska",0.02378571428571428
715,"Dillon, South Carolina",0.0
716,"Dimmit, Texas",0.0
717,"Dinwiddie, Virginia",0.0
718,"District of columbia, District of Columbia",0.0
719,"Divide, North Dakota",0.0
720,"Dixie, Florida",0.0
721,"Dixon, Nebraska",0.0
722,"Doddridge, West Virginia",0.0
723,"Dodge, Minnesota",0.0
724,"Dodge, Nebraska",0.045625
725,"Dodge, Wisconsin",0.031466666666666664
726,"Dona ana, New Mexico",0.08705322128851536
727,"Doniphan, Kansas",0.0
728,"Donley, Texas",0.0
729,"Door, Wisconsin",0.016
730,"Dorchester, Maryland",0.0
731,"Dorchester, South Carolina",0.0
732,"Douglas, Illinois",0.0
733,"Douglas, Kansas",0.015492957746478875
734,"Douglas, Minnesota",0.03380952380952381
735,"Douglas, Missouri",0.0
736,"Douglas, Nebraska",0.0
737,"Douglas, Nevada",0.0
738,"Douglas, Oregon",0.02040816326530612
739,"Douglas, South Dakota",0.0
740,"Douglas, Washington",0.0
741,"Douglas, Wisconsin",0.04857142857142857
742,"Drew, Arkansas",0.0
743,"Du page, Illinois",0.0
744,"Dubois, Indiana",0.05714285714285715
745,"Dubuque, Iowa",0.0
746,"Duchesne, Utah",0.0
747,"Dukes, Massachusetts",0.0
748,"Dundy, Nebraska",0.0
749,"Dunklin, Missouri",0.0
750,"Dunn, North Dakota",0.0
751,"Dunn, Wisconsin",0.04081632653061224
752,"Dupage, Illinois",0.015246636771300448
753,"Duplin, North Carolina",0.0
754,"Durham, North Carolina",0.0
755,"Dutchess, New York",0.259648033126294
756,"Duval county, Florida",0.2
757,"Duval, Florida",0.08732394366197184
758,"Duval, Texas",0.0
759,"Dyer, Tennessee",0.05
760,"East baton rouge parish, Louisiana",0.0
761,"East baton rouge, Louisiana",0.03097826086956522
762,"East carroll, Louisiana",0.0
763,"East feliciana, Louisiana",0.0
764,"Eastland, Texas",0.0
765,"Eaton, Michigan",0.0
766,"Eau claire, Wisconsin",0.017536231884057972
767,"Ector, Texas",0.0
768,"Eddy, New Mexico",0.03283950617283951
769,"Eddy, North Dakota",0.0
770,"Edgar, Illinois",0.0
771,"Edgecombe, North Carolina",0.0
772,"Edgefield, South Carolina",0.0
773,"Edmonson, Kentucky",0.0
774,"Edwards, Illinois",0.0
775,"Edwards, Kansas",0.0
776,"Edwards, Texas",0.0
777,"Effingham, Illinois",0.0
778,"El dorado, California",0.096
779,"El paso, Texas",0.019095238095238096
780,"Elk, Kansas",0.0
781,"Elk, Pennsylvania",0.0
782,"Elkhart, Indiana",0.011347517730496455
783,"Elko, Nevada",0.4790123456790123
784,"Elliott, Kentucky",0.0
785,"Ellis, Kansas",0.0
786,"Ellis, Oklahoma",0.0
787,"Ellis, Texas",0.026600000000000002
788,"Ellsworth, Kansas",0.0
789,"Elmore, Alabama",0.0
790,"Elmore, Idaho",0.0
791,"Emery, Utah",0.008875739644970414
792,"Emmet, Iowa",0.0
793,"Emmet, Michigan",0.006521739130434782
794,"Emmons, North Dakota",0.0
795,"Erath, Texas",0.04236363636363636
796,"Erie county, Pennsylvania",0.0
797,"Erie, New York",0.023716814159292037
798,"Erie, Ohio",0.0
799,"Erie, Pennsylvania",0.06363636363636363
800,"Escambia, Alabama",0.0
801,"Escambia, Florida",0.012666666666666666
802,"Esmeralda, Nevada",0.0
803,"Essex county, New York",0.0
804,"Essex, Massachusetts",0.04242424242424243
805,"Essex, New Jersey",0.0
806,"Essex, New York",0.0
807,"Essex, Vermont",0.0
808,"Essex, Virginia",0.0
809,"Estill, Kentucky",0.0
810,"Etowah, Alabama",0.0
811,"Eureka, Nevada",0.29838709677419356
812,"Evangeline parish, Louisiana",0.0
813,"Evangeline, Louisiana",0.0
814,"Fairbanks north star, Alaska",0.73021875
815,"Fairfax, Virginia",0.0
816,"Fairfield, Connecticut",0.013035019455252919
817,"Fairfield, Ohio",0.0
818,"Fairfield, South Carolina",0.0
819,"Fall river, South Dakota",1.2
820,"Fallon, Montana",0.0
821,"Falls, Texas",0.0
822,"Fannin, Texas",0.04339130434782609
823,"Faribault, Minnesota",0.0
824,"Faulk, South Dakota",0.0
825,"Fauquier, Virginia",0.0
826,"Fayette, Alabama",0.0
827,"Fayette, Illinois",0.0
828,"Fayette, Indiana",0.0
829,"Fayette, Iowa",0.0
830,"Fayette, Kentucky",0.0
831,"Fayette, Ohio",0.0
832,"Fayette, Pennsylvania",0.0
833,"Fayette, Tennessee",0.0
834,"Fayette, Texas",0.0
835,"Fayette, West Virginia",0.059312500000000004
836,"Fentress, Tennessee",0.0
837,"Fergus, Montana",0.0
838,"Ferry, Washington",0.0
839,"Fillmore, Minnesota",0.0
840,"Fillmore, Nebraska",0.0
841,"Finney, Kansas",0.0
842,"Fisher, Texas",0.0
843,"Flagler, Florida",0.0625
844,"Flathead, Montana",0.0
845,"Fleming, Kentucky",0.0
846,"Florence, South Carolina",0.0
847,"Florence, Wisconsin",0.0
848,"Floyd, Indiana",0.0
849,"Floyd, Iowa",0.0
850,"Floyd, Kentucky",0.0
851,"Floyd, Texas",0.0
852,"Floyd, Virginia",0.0
853,"Fluvanna, Virginia",0.0
854,"Foard, Texas",0.0
855,"Fond du lac, Wisconsin",0.047410714285714285
856,"Ford, Illinois",0.0
857,"Ford, Kansas",0.0
858,"Forest, Pennsylvania",0.0
859,"Forest, Wisconsin",0.027307692307692307
860,"Forsyth, North Carolina",0.0
861,"Fort bend county, Texas",0.0
862,"Fort bend, Texas",0.004621848739495798
863,"Foster, North Dakota",0.0
864,"Fountain, Indiana",0.1
865,"Franklin county, Missouri",0.0
866,"Franklin county, New York",0.0
867,"Franklin county, Ohio",0.0
868,"Franklin county, Pennsylvania",0.0
869,"Franklin, Alabama",0.0
870,"Franklin, Arkansas",0.0
871,"Franklin, Florida",0.0
872,"Franklin, Idaho",0.0
873,"Franklin, Illinois",0.0
874,"Franklin, Indiana",0.0
875,"Franklin, Iowa",0.0
876,"Franklin, Kansas",0.0
877,"Franklin, Kentucky",0.0
878,"Franklin, Louisiana",0.0
879,"Franklin, Maine",0.0
880,"Franklin, Massachusetts",0.0
881,"Franklin, Missouri",0.0
882,"Franklin, Nebraska",0.0482608695652174
883,"Franklin, New York",0.0
884,"Franklin, North Carolina",0.07222222222222222
885,"Franklin, Ohio",0.013592233009708738
886,"Franklin, Pennsylvania",0.0
887,"Franklin, Tennessee",0.0
888,"Franklin, Texas",0.0
889,"Franklin, Vermont",0.0
890,"Franklin, Virginia",0.007453416149068323
891,"Franklin, Washington",0.0
892,"Frederick, Maryland",0.0
893,"Frederick, Virginia",0.0
894,"Freeborn, Minnesota",0.0
895,"Freestone, Texas",0.00462
896,"Fremont, Idaho",0.0
897,"Fremont, Iowa",0.0
898,"Fremont, Wyoming",0.0
899,"Fresno, California",0.0006272189349112425
900,"Frio, Texas",0.0
901,"Frontier, Nebraska",0.0
902,"Fulton, Arkansas",0.0
903,"Fulton, Illinois",0.07764285714285715
904,"Fulton, Indiana",0.0
905,"Fulton, Kentucky",0.0
906,"Fulton, New York",0.05263157894736842
907,"Fulton, Ohio",0.0
908,"Fulton, Pennsylvania",0.0
909,"Furnas, Nebraska",0.0
910,"Gadsden, Florida",0.09555555555555555
911,"Gage, Nebraska",0.0
912,"Gaines, Texas",0.0
913,"Galax, Virginia",0.0
914,"Gallatin, Illinois",0.0
915,"Gallatin, Kentucky",0.0
916,"Gallatin, Montana",0.0
917,"Gallia, Ohio",0.0
918,"Galveston, Texas",0.0
919,"Garden, Nebraska",0.0
920,"Garfield, Montana",0.0
921,"Garfield, Nebraska",0.0
922,"Garfield, Oklahoma",0.0
923,"Garfield, Utah",0.0
924,"Garfield, Washington",0.0
925,"Garland, Arkansas",0.0
926,"Garrard, Kentucky",0.0
927,"Garrett, Maryland",0.0
928,"Garvin, Oklahoma",0.0
929,"Garza, Texas",0.0
930,"Gasconade, Missouri",0.0
931,"Gaston, North Carolina",0.009888888888888888
932,"Gates, North Carolina",0.0
933,"Geary, Kansas",0.0
934,"Geauga, Ohio",0.0
935,"Gem, Idaho",0.0
936,"Genesee, Michigan",0.020754716981132078
937,"Genesee, New York",0.0
938,"Geneva, Alabama",0.0
939,"Gentry, Missouri",0.0
940,"Georgetown, South Carolina",0.05866666666666667
941,"Gibson, Indiana",0.0
942,"Gibson, Tennessee",0.0
943,"Gila, Arizona",0.0
944,"Gilchrist, Florida",0.02666666666666667
945,"Giles, Tennessee",0.0
946,"Giles, Virginia",0.007692307692307692
947,"Gillespie, Texas",0.015347826086956524
948,"Gilliam, Oregon",0.0
949,"Gilmer, West Virginia",0.049999999999999996
950,"Glacier, Montana",0.0
951,"Glades, Florida",0.0
952,"Gladwin, Michigan",0.12222222222222223
953,"Glasscock, Texas",0.0
954,"Glenn, California",0.008695652173913044
955,"Gloucester, New Jersey",0.0013469387755102042
956,"Gloucester, Virginia",0.0
957,"Gogebic, Michigan",0.0
958,"Golden valley, Montana",0.0
959,"Golden valley, North Dakota",0.0
960,"Goliad, Texas",0.0
961,"Gonzales, Texas",0.0
962,"Goochland, Virginia",0.0
963,"Goodhue, Minnesota",0.0
964,"Gooding, Idaho",0.0
965,"Goshen, Wyoming",0.0
966,"Gosper, Nebraska",0.0
967,"Gove, Kansas",0.0
968,"Grady, Oklahoma",0.05454545454545454
969,"Grafton, New Hampshire",0.010030395136778116
970,"Graham county, Arizona",0.0
971,"Graham, Arizona",0.0
972,"Graham, Kansas",0.29333333333333333
973,"Graham, North Carolina",0.0
974,"Grand forks, North Dakota",0.0
975,"Grand isle, Vermont",0.0
976,"Grand traverse, Michigan",0.0
977,"Grand, Utah",0.0
978,"Granite, Montana",0.0325
979,"Grant, Arkansas",0.0
980,"Grant, Indiana",0.0
981,"Grant, Kansas",0.0
982,"Grant, Kentucky",0.0
983,"Grant, Louisiana",0.016666666666666666
984,"Grant, Minnesota",0.0
985,"Grant, Nebraska",0.0
986,"Grant, New Mexico",0.011666666666666667
987,"Grant, North Dakota",0.0
988,"Grant, Oklahoma",0.0
989,"Grant, Oregon",0.0
990,"Grant, South Dakota",0.0
991,"Grant, Washington",0.023474178403755867
992,"Grant, West Virginia",0.0
993,"Grant, Wisconsin",0.03404255319148936
994,"Granville, North Carolina",0.0
995,"Gratiot, Michigan",0.013846153846153847
996,"Graves, Kentucky",0.0
997,"Gray, Kansas",0.16875
998,"Gray, Texas",0.0
999,"Grays harbor, Washington",0.0
1000,"Grayson, Kentucky",0.0
1001,"Grayson, Texas",0.038026315789473686
1002,"Grayson, Virginia",0.0
1003,"Greeley, Kansas",0.0
1004,"Greeley, Nebraska",0.0
1005,"Green lake, Wisconsin",0.009411764705882354
1006,"Green, Kentucky",0.0
1007,"Green, Wisconsin",0.0
1008,"Greenbrier, West Virginia",0.016666666666666666
1009,"Greene, Alabama",0.0
1010,"Greene, Arkansas",0.0
1011,"Greene, Illinois",0.075
1012,"Greene, Indiana",0.0
1013,"Greene, Missouri",0.007586206896551725
1014,"Greene, New York",0.11214953271028037
1015,"Greene, North Carolina",0.0
1016,"Greene, Ohio",0.12619999999999998
1017,"Greene, Pennsylvania",0.0
1018,"Greene, Tennessee",0.0
1019,"Greene, Virginia",0.0
1020,"Greenlee, Arizona",0.0
1021,"Greensville, Virginia",0.0
1022,"Greenup, Kentucky",0.0
1023,"Greenville, South Carolina",0.0
1024,"Greenwood, Kansas",0.0
1025,"Greenwood, South Carolina",0.0
1026,"Greer, Oklahoma",0.0
1027,"Gregg, Texas",0.04516666666666666
1028,"Gregory, South Dakota",0.0
1029,"Griggs, North Dakota",0.0
1030,"Grimes, Texas",0.0
1031,"Grundy, Illinois",0.15
1032,"Grundy, Iowa",0.0
1033,"Grundy, Missouri",0.0
1034,"Grundy, Tennessee",0.0
1035,"Guadalupe, New Mexico",0.006666666666666667
1036,"Guadalupe, Texas",0.017875000000000002
1037,"Guernsey, Ohio",0.0
1038,"Guilford, North Carolina",0.0037162162162162164
1039,"Guillford, North Carolina",0.0
1040,"Gulf, Florida",0.0
1041,"Guthrie, Iowa",0.0
1042,"Haines, Alaska",0.05242857142857143
1043,"Hale, Alabama",0.0
1044,"Hale, Texas",0.0
1045,"Halifax, North Carolina",0.0
1046,"Halifax, Virginia",0.20689655172413793
1047,"Hall, Nebraska",0.0
1048,"Hall, Texas",0.0
1049,"Hamblen, Tennessee",0.0
1050,"Hamilton, Florida",0.038461538461538464
1051,"Hamilton, Indiana",0.0
1052,"Hamilton, Iowa",0.0
1053,"Hamilton, Kansas",0.0
1054,"Hamilton, Nebraska",0.0
1055,"Hamilton, New York",0.0
1056,"Hamilton, Ohio",0.02340425531914894
1057,"Hamilton, Tennessee",0.0
1058,"Hamilton, Texas",0.0
1059,"Hamlin, South Dakota",0.16
1060,"Hampden, Massachusetts",0.017543859649122806
1061,"Hampshire, Massachusetts",0.03563218390804597
1062,"Hampshire, West Virginia",0.07058823529411765
1063,"Hampton, South Carolina",0.0
1064,"Hancock, Illinois",0.0044444444444444444
1065,"Hancock, Indiana",0.0
1066,"Hancock, Iowa",0.0
1067,"Hancock, Kentucky",0.0
1068,"Hancock, Maine",0.040423280423280424
1069,"Hancock, Ohio",0.0
1070,"Hancock, Tennessee",0.0
1071,"Hancock, West Virginia",0.0375
1072,"Hanover, Virginia",0.025257142857142856
1073,"Hansford, Texas",0.0
1074,"Hardee, Florida",0.04791666666666666
1075,"Hardeman, Tennessee",0.0
1076,"Hardeman, Texas",0.0
1077,"Hardin, Illinois",0.0
1078,"Hardin, Iowa",0.0
1079,"Hardin, Kentucky",0.0
1080,"Hardin, Ohio",0.0
1081,"Hardin, Tennessee",0.0
1082,"Hardin, Texas",0.0
1083,"Harding, New Mexico",0.0
1084,"Harding, South Dakota",0.0
1085,"Hardy, West Virginia",0.009090909090909092
1086,"Harford, Maryland",0.005780346820809248
1087,"Harlan, Kentucky",0.0
1088,"Harlan, Nebraska",0.0
1089,"Harmon, Oklahoma",0.0
1090,"Harnett, North Carolina",0.0
1091,"Harney, Oregon",0.0
1092,"Harper, Kansas",0.0
1093,"Harper, Oklahoma",0.0
1094,"Harris, Texas",4.366197183098591e-05
1095,"Harrison, Indiana",0.0
1096,"Harrison, Iowa",0.0
1097,"Harrison, Kentucky",0.0
1098,"Harrison, Missouri",0.0
1099,"Harrison, Ohio",0.0
1100,"Harrison, Texas",0.0276875
1101,"Harrison, West Virginia",0.01
1102,"Harrisonburg, Virginia",0.0
1103,"Hart, Kentucky",0.0
1104,"Hartford, Connecticut",0.04994152046783625
1105,"Hartley, Texas",0.0
1106,"Harvey, Kansas",0.0
1107,"Haskell, Kansas",0.0
1108,"Haskell, Oklahoma",0.0
1109,"Haskell, Texas",0.0
1110,"Hawaii, Hawaii",0.0
1111,"Hawkins, Tennessee",0.0
1112,"Hayes, Nebraska",0.0
1113,"Hays, Texas",0.0
1114,"Haywood, North Carolina",0.0
1115,"Haywood, Tennessee",0.0
1116,"Hemphill, Texas",0.0
1117,"Hempstead, Arkansas",0.0
1118,"Henderson, Illinois",0.0
1119,"Henderson, Kentucky",0.13636363636363635
1120,"Henderson, North Carolina",0.05263157894736842
1121,"Henderson, Tennessee",0.0
1122,"Henderson, Texas",0.036980000000000006
1123,"Hendricks, Indiana",0.0
1124,"Hendry, Florida",0.08139534883720931
1125,"Hennepin, Minnesota",0.008195488721804511
1126,"Henrico, Virginia",0.0
1127,"Henry, Alabama",0.0
1128,"Henry, Illinois",0.0012000000000000001
1129,"Henry, Indiana",0.0
1130,"Henry, Iowa",0.0
1131,"Henry, Kentucky",0.0
1132,"Henry, Missouri",0.0
1133,"Henry, Ohio",0.3071428571428572
1134,"Henry, Tennessee",0.0
1135,"Henry, Virginia",0.0
1136,"Herkimer, New York",0.05568421052631579
1137,"Hernando, Florida",0.056756756756756746
1138,"Hertford, North Carolina",0.0
1139,"Hickman, Kentucky",0.0
1140,"Hickman, Tennessee",0.0
1141,"Hickory, Missouri",0.0
1142,"Hidalgo, New Mexico",0.057058823529411766
1143,"Hidalgo, Texas",0.35318000000000005
1144,"Highland, Ohio",0.31538461538461543
1145,"Highland, Virginia",0.0
1146,"Highlands, Florida",0.02368421052631579
1147,"Hill, Montana",0.0
1148,"Hill, Texas",0.0
1149,"Hills, Florida",0.11097922848664699
1150,"Hills, New Hampshire",0.2703619909502262
1151,"Hillsborough county, Florida",0.0
1152,"Hillsborough county, New Hampshire",0.0
1153,"Hillsborough, Florida",0.05306122448979592
1154,"Hillsborough, New Hampshire",0.3
1155,"Hillsdale, Michigan",0.0
1156,"Hitchcock, Nebraska",0.0
1157,"Hocking, Ohio",0.0
1158,"Hockley, Texas",0.0
1159,"Hodgeman, Kansas",0.14166666666666666
1160,"Hoke, North Carolina",0.029411764705882353
1161,"Holmes, Florida",0.0
1162,"Holmes, Ohio",0.0
1163,"Holt, Missouri",0.0
1164,"Holt, Nebraska",0.0
1165,"Honolulu, Hawaii",0.0
1166,"Hood river, Oregon",0.0
1167,"Hood, Texas",0.034891891891891895
1168,"Hooker, Nebraska",0.0
1169,"Hoonah-angoon, Alaska",0.0264
1170,"Hopewell, Virginia",0.0
1171,"Hopkins, Kentucky",0.0
1172,"Hopkins, Texas",0.012333333333333333
1173,"Horry, South Carolina",0.0
1174,"Hot spring, Arkansas",0.0
1175,"Hot springs, Wyoming",0.0
1176,"Houghton, Michigan",0.18
1177,"Houston, Alabama",0.0
1178,"Houston, Minnesota",0.0
1179,"Houston, Texas",0.0
1180,"Howard, Arkansas",0.0
1181,"Howard, Indiana",0.0
1182,"Howard, Iowa",0.0
1183,"Howard, Maryland",0.046153846153846156
1184,"Howard, Missouri",0.0
1185,"Howard, Nebraska",0.0
1186,"Howard, Texas",0.0
1187,"Howell, Missouri",0.0
1188,"Hubbard, Minnesota",0.0
1189,"Hudson, New Jersey",0.0
1190,"Hudspeth, Texas",0.0
1191,"Hughes, Oklahoma",0.0
1192,"Hughes, South Dakota",0.015384615384615385
1193,"Humboldt, California",0.0
1194,"Humboldt, Iowa",0.0
1195,"Humboldt, Nevada",0.0
1196,"Humphreys, Tennessee",0.0
1197,"Hunt, Texas",0.02915789473684211
1198,"Hunterdon, New Jersey",0.013210227272727271
1199,"Huntingdon, Pennsylvania",0.0
1200,"Huntington, Indiana",0.0
1201,"Huron, Michigan",0.04375
1202,"Huron, Ohio",0.0
1203,"Hutchinson, South Dakota",0.0
1204,"Hutchinson, Texas",0.0
1205,"Hyde, North Carolina",0.0
1206,"Iberia parish, Louisiana",0.0
1207,"Iberia, Louisiana",0.0
1208,"Iberville, Louisiana",0.11666666666666667
1209,"Ida, Iowa",0.0
1210,"Idaho, Idaho",0.034999999999999996
1211,"Imperial, California",0.0
1212,"Independence, Arkansas",0.0
1213,"Indian river, Florida",0.21250000000000002
1214,"Indiana, Pennsylvania",0.0
1215,"Ingham, Michigan",0.029268292682926828
1216,"Inyo, California",0.0
1217,"Ionia, Michigan",0.0
1218,"Iosco, Michigan",0.15
1219,"Iowa, Iowa",0.0
1220,"Iowa, Wisconsin",0.6108064516129033
1221,"Iredell, North Carolina",0.03076411960132891
1222,"Irion, Texas",0.0
1223,"Iron, Michigan",0.0
1224,"Iron, Missouri",0.0
1225,"Iron, Utah",0.060740740740740734
1226,"Iron, Wisconsin",0.0
1227,"Iroquois, Illinois",0.038461538461538464
1228,"Isabella, Michigan",0.02692307692307692
1229,"Isanti, Minnesota",0.0
1230,"Island, Washington",0.0
1231,"Isle of wight, Virginia",0.0
1232,"Itasca, Minnesota",0.0
1233,"Izard, Arkansas",0.0
1234,"Jack, Texas",0.0414
1235,"Jackson county, Florida",0.0
1236,"Jackson, Alabama",0.4864864864864865
1237,"Jackson, Arkansas",0.0
1238,"Jackson, Florida",0.0380952380952381
1239,"Jackson, Illinois",0.0
1240,"Jackson, Indiana",0.0
1241,"Jackson, Iowa",0.0
1242,"Jackson, Kansas",0.0
1243,"Jackson, Kentucky",0.0
1244,"Jackson, Louisiana",0.0
1245,"Jackson, Michigan",0.0
1246,"Jackson, Minnesota",0.0
1247,"Jackson, Missouri",0.0
1248,"Jackson, North Carolina",0.0
1249,"Jackson, Ohio",0.0
1250,"Jackson, Oklahoma",0.0
1251,"Jackson, Oregon",0.06023287671232877
1252,"Jackson, South Dakota",0.0
1253,"Jackson, Texas",0.01505263157894737
1254,"Jackson, West Virginia",0.016666666666666666
1255,"Jackson, Wisconsin",0.0
1256,"James (city), Virginia",0.0
1257,"James city, Virginia",0.0
1258,"Jasper county, Missouri",0.0
1259,"Jasper, Illinois",0.0
1260,"Jasper, Indiana",0.0
1261,"Jasper, Iowa",0.0
1262,"Jasper, Missouri",0.013642857142857142
1263,"Jasper, South Carolina",0.0
1264,"Jasper, Texas",0.0
1265,"Jay, Indiana",0.0
1266,"Jeff davis, Texas",0.0
1267,"Jefferson county, Florida",0.0
1268,"Jefferson county, Pennsylvania",0.0
1269,"Jefferson davis, Louisiana",0.045454545454545456
1270,"Jefferson, Alabama",0.0
1271,"Jefferson, Arkansas",0.0
1272,"Jefferson, Florida",0.10416666666666667
1273,"Jefferson, Idaho",0.0
1274,"Jefferson, Indiana",0.0
1275,"Jefferson, Iowa",0.0
1276,"Jefferson, Kansas",0.0
1277,"Jefferson, Kentucky",0.0
1278,"Jefferson, Louisiana",0.0
1279,"Jefferson, Missouri",0.0
1280,"Jefferson, Montana",0.0
1281,"Jefferson, Nebraska",0.0
1282,"Jefferson, New York",0.04244604316546763
1283,"Jefferson, Ohio",0.0
1284,"Jefferson, Oklahoma",0.0
1285,"Jefferson, Oregon",0.0
1286,"Jefferson, Pennsylvania",0.0
1287,"Jefferson, Tennessee",0.0
1288,"Jefferson, Texas",0.0
1289,"Jefferson, Washington",0.0
1290,"Jefferson, West Virginia",0.0134020618556701
1291,"Jefferson, Wisconsin",0.021682242990654205
1292,"Jennings, Indiana",0.0
1293,"Jerome, Idaho",0.0
1294,"Jersey, Illinois",0.0
1295,"Jessamine, Kentucky",0.0
1296,"Jewell, Kansas",0.3222222222222222
1297,"Jim hogg, Texas",0.0
1298,"Jim wells, Texas",0.03322222222222222
1299,"Jo daviess, Illinois",0.031492537313432836
1300,"Johnson, Arkansas",0.0
1301,"Johnson, Illinois",0.0
1302,"Johnson, Indiana",0.0
1303,"Johnson, Iowa",0.003461538461538462
1304,"Johnson, Kansas",0.0
1305,"Johnson, Kentucky",0.0
1306,"Johnson, Missouri",0.0
1307,"Johnson, Nebraska",0.0
1308,"Johnson, Tennessee",0.0
1309,"Johnson, Texas",0.014328767123287671
1310,"Johnson, Wyoming",0.0
1311,"Johnston, North Carolina",0.0
1312,"Johnston, Oklahoma",0.0
1313,"Jones, Iowa",0.0
1314,"Jones, North Carolina",0.0
1315,"Jones, Texas",0.0
1316,"Josephine, Oregon",0.0
1317,"Juab, Utah",0.0
1318,"Judith basin, Montana",0.0
1319,"Juneau city and, Alaska",0.04475
1320,"Juneau, Alaska",0.0
1321,"Juneau, Wisconsin",0.0
1322,"Juniata, Pennsylvania",0.0
1323,"Kalamazoo, Michigan",0.0
1324,"Kalkaska, Michigan",0.0
1325,"Kanabec, Minnesota",0.0
1326,"Kanawha, West Virginia",0.03428571428571429
1327,"Kandiyohi, Minnesota",0.0
1328,"Kane, Illinois",0.0
1329,"Kane, Utah",0.0
1330,"Kankakee, Illinois",0.0
1331,"Karnes, Texas",0.0
1332,"Kauai, Hawaii",0.0
1333,"Kaufman, Texas",0.0
1334,"Kay, Oklahoma",0.0
1335,"Kearney, Nebraska",0.0
1336,"Kearny, Kansas",0.0
1337,"Keith, Nebraska",0.0
1338,"Kenai peninsula, Alaska",0.0032285714285714283
1339,"Kendall, Illinois",0.0
1340,"Kendall, Texas",0.02146511627906977
1341,"Kenedy, Texas",0.0
1342,"Kennebec, Maine",0.3612587412587413
1343,"Kenosha, Wisconsin",0.006153846153846155
1344,"Kent, Maryland",0.0
1345,"Kent, Michigan",0.021621621621621623
1346,"Kent, Rhode Island",0.0
1347,"Kent, Texas",0.0
1348,"Kenton, Kentucky",0.0
1349,"Keokuk, Iowa",0.0
1350,"Kern, California",0.31059988283538353
1351,"Kerr, Texas",0.01266025641025641
1352,"Kershaw, South Carolina",0.0
1353,"Ketchikan gateway, Alaska",0.0
1354,"Kewaunee, Wisconsin",0.056666666666666664
1355,"Keweenaw, Michigan",0.0
1356,"Keya paha, Nebraska",0.0
1357,"Kidder, North Dakota",0.0
1358,"Kimball, Nebraska",0.0
1359,"Kimble, Texas",0.10175000000000001
1360,"King and queen, Virginia",0.0
1361,"King george, Virginia",0.0
1362,"King william, Virginia",0.0
1363,"King, Texas",0.0
1364,"King, Washington",0.0
1365,"Kingfisher, Oklahoma",0.0
1366,"Kingman, Kansas",0.0
1367,"Kings, California",0.02922543352601156
1368,"Kingsbury, South Dakota",0.0
1369,"Kinney, Texas",0.0
1370,"Kiowa, Kansas",0.0
1371,"Kiowa, Oklahoma",0.0
1372,"Kitsap, Washington",0.0
1373,"Kittitas, Washington",0.0
1374,"Kittson, Minnesota",0.0
1375,"Klamath, Oregon",0.0
1376,"Kleberg, Texas",0.013548387096774195
1377,"Klickitat, Washington",0.0
1378,"Knott, Kentucky",0.0
1379,"Knox, Illinois",0.08571428571428572
1380,"Knox, Indiana",0.0
1381,"Knox, Kentucky",0.16666666666666666
1382,"Knox, Maine",0.014310344827586207
1383,"Knox, Nebraska",0.0
1384,"Knox, Ohio",0.0
1385,"Knox, Tennessee",0.0
1386,"Knox, Texas",0.0
1387,"Kodiak island, Alaska",0.0
1388,"Koochiching county, Minnesota",0.0
1389,"Koochiching, Minnesota",0.5333333333333333
1390,"Kootenai, Idaho",0.0
1391,"Kosciusko, Indiana",0.0
1392,"Kossuth, Iowa",0.0
1393,"La crosse, Wisconsin",0.14388489208633093
1394,"La grange, Indiana",0.0
1395,"La paz, Arizona",0.0
1396,"La porte, Indiana",0.041176470588235294
1397,"La salle, Illinois",0.0
1398,"La salle, Louisiana",0.02564102564102564
1399,"La salle, Texas",0.0
1400,"Labette, Kansas",0.0
1401,"Lac qui parle, Minnesota",0.0
1402,"Lackawanna, Pennsylvania",0.0
1403,"Laclede, Missouri",0.0
1404,"Lafayette parish, Louisiana",0.0
1405,"Lafayette, Arkansas",0.0
1406,"Lafayette, Florida",0.0
1407,"Lafayette, Louisiana",0.0
1408,"Lafayette, Missouri",0.0
1409,"Lafayette, Wisconsin",0.0
1410,"Lafourche, Louisiana",0.0
1411,"Lagrange, Indiana",0.0
1412,"Lake and peninsula, Alaska",0.021727272727272727
1413,"Lake of the woods, Minnesota",0.0
1414,"Lake, California",0.0
1415,"Lake, Florida",0.08806306306306305
1416,"Lake, Illinois",0.004415011037527594
1417,"Lake, Indiana",0.0
1418,"Lake, Michigan",0.0
1419,"Lake, Minnesota",0.0
1420,"Lake, Montana",0.0
1421,"Lake, Ohio",0.2575
1422,"Lake, Oregon",0.0
1423,"Lake, South Dakota",0.0
1424,"Lake, Tennessee",0.0
1425,"Lamar, Alabama",0.0
1426,"Lamar, Texas",0.0
1427,"Lamb, Texas",0.0
1428,"Lamoille, Vermont",0.0
1429,"Lamoure, North Dakota",0.0
1430,"Lampasas, Texas",0.0
1431,"Lancaster county, Pennsylvania",0.0
1432,"Lancaster, Nebraska",0.0
1433,"Lancaster, Pennsylvania",0.015238095238095238
1434,"Lancaster, South Carolina",0.0
1435,"Lancaster, Virginia",0.015463917525773196
1436,"Lander, Nevada",0.4928571428571428
1437,"Lane, Kansas",0.0
1438,"Lane, Oregon",0.038867924528301886
1439,"Langlade, Wisconsin",0.0
1440,"Lapeer, Michigan",0.0
1441,"Laporte, Indiana",0.0
1442,"Laramie, Wyoming",0.0
1443,"Larue, Kentucky",0.0
1444,"Lasalle, Illinois",0.028037383177570093
1445,"Lassen, California",0.0
1446,"Latah, Idaho",0.0
1447,"Latimer, Oklahoma",0.0
1448,"Lauderdale, Alabama",0.0
1449,"Lauderdale, Tennessee",0.0
1450,"Laurel, Kentucky",0.0
1451,"Laurens, South Carolina",0.0
1452,"Lavaca, Texas",0.0
1453,"Lawrence county, Arkansas",0.0
1454,"Lawrence, Alabama",0.0
1455,"Lawrence, Arkansas",0.0
1456,"Lawrence, Illinois",0.0
1457,"Lawrence, Indiana",0.0
1458,"Lawrence, Kentucky",0.0
1459,"Lawrence, Missouri",0.0
1460,"Lawrence, Ohio",0.2075
1461,"Lawrence, Pennsylvania",0.0
1462,"Lawrence, South Dakota",0.0
1463,"Lawrence, Tennessee",0.0
1464,"Le flore, Oklahoma",0.0
1465,"Le sueur, Minnesota",0.0
1466,"Lea, New Mexico",0.27896923076923075
1467,"Leavenworth, Kansas",0.0
1468,"Lebanon, Pennsylvania",0.04764705882352942
1469,"Lee county, South Carolina",0.0
1470,"Lee, Alabama",0.0
1471,"Lee, Arkansas",0.0
1472,"Lee, Florida",0.14096385542168674
1473,"Lee, Illinois",0.04428571428571429
1474,"Lee, Iowa",0.0
1475,"Lee, Kentucky",0.0
1476,"Lee, North Carolina",0.0
1477,"Lee, South Carolina",0.0
1478,"Lee, Texas",0.0875
1479,"Lee, Virginia",0.0
1480,"Leelanau, Michigan",0.0
1481,"Lehigh, Pennsylvania",0.01764705882352941
1482,"Lemhi, Idaho",0.0
1483,"Lenawee, Michigan",0.0
1484,"Lenoir, North Carolina",0.0
1485,"Leon, Florida",0.04513888888888889
1486,"Leon, Texas",0.038468085106382985
1487,"Leslie, Kentucky",0.0
1488,"Letcher, Kentucky",0.0
1489,"Levy county, Florida",0.0
1490,"Levy, Florida",0.07755102040816327
1491,"Lewis and clark, Montana",0.056962025316455694
1492,"Lewis county, Washington",0.0
1493,"Lewis, Idaho",0.0
1494,"Lewis, Kentucky",0.0
1495,"Lewis, Missouri",0.0
1496,"Lewis, New York",0.0
1497,"Lewis, Tennessee",0.0
1498,"Lewis, Washington",0.0
1499,"Lewis, West Virginia",0.0
1500,"Lexington county, South Carolina",0.0
1501,"Lexington, South Carolina",0.27649122807017545
1502,"Liberty, Florida",0.23684210526315788
1503,"Liberty, Montana",0.0
1504,"Liberty, Texas",0.0
1505,"Licking, Ohio",0.05555555555555555
1506,"Limestone, Alabama",0.0
1507,"Limestone, Texas",0.0
1508,"Lincoln parish, Louisiana",0.0
1509,"Lincoln, Arkansas",0.0
1510,"Lincoln, Idaho",0.0
1511,"Lincoln, Kansas",0.0
1512,"Lincoln, Kentucky",0.0
1513,"Lincoln, Louisiana",0.0
1514,"Lincoln, Maine",0.007088607594936708
1515,"Lincoln, Missouri",0.009785714285714285
1516,"Lincoln, Montana",0.0
1517,"Lincoln, Nebraska",0.0
1518,"Lincoln, Nevada",0.0
1519,"Lincoln, New Mexico",0.13262135922330098
1520,"Lincoln, North Carolina",0.0
1521,"Lincoln, Oklahoma",0.152
1522,"Lincoln, Oregon",0.0
1523,"Lincoln, South Dakota",0.0
1524,"Lincoln, Tennessee",0.0
1525,"Lincoln, Washington",0.0
1526,"Lincoln, West Virginia",0.06153846153846154
1527,"Lincoln, Wisconsin",0.013703703703703704
1528,"Lincoln, Wyoming",0.0
1529,"Linn county, Oregon",0.0
1530,"Linn, Iowa",0.0
1531,"Linn, Kansas",0.0
1532,"Linn, Missouri",0.0
1533,"Linn, Oregon",0.0
1534,"Lipscomb, Texas",0.0
1535,"Litchfield, Connecticut",0.013222891566265061
1536,"Little river, Arkansas",0.0
1537,"Live oak, Texas",0.09022222222222223
1538,"Livingston county, New York",0.0
1539,"Livingston parish, Louisiana",0.0
1540,"Livingston, Illinois",0.0
1541,"Livingston, Kentucky",0.0
1542,"Livingston, Louisiana",0.0
1543,"Livingston, Michigan",0.0
1544,"Livingston, Missouri",0.0
1545,"Livingston, New York",0.0
1546,"Llano, Texas",0.0
1547,"Logan, Arkansas",0.0
1548,"Logan, Illinois",0.0
1549,"Logan, Kansas",0.08666666666666667
1550,"Logan, Nebraska",0.0
1551,"Logan, North Dakota",0.0
1552,"Logan, Ohio",0.0
1553,"Logan, Oklahoma",0.0
1554,"Logan, West Virginia",0.07702702702702703
1555,"Lonoke, Arkansas",0.0
1556,"Lorain, Ohio",0.0
1557,"Los alamos, New Mexico",0.0
1558,"Los angeles county, California",0.0
1559,"Los angeles, California",0.0018172484599589323
1560,"Loudon, Tennessee",0.3
1561,"Loudoun, Virginia",0.0
1562,"Louisa, Iowa",0.0
1563,"Louisa, Virginia",0.0
1564,"Loup, Nebraska",0.0
1565,"Love, Oklahoma",0.0
1566,"Loving, Texas",0.0
1567,"Lowndes, Alabama",0.0
1568,"Lubbock, Texas",0.0
1569,"Lucas, Iowa",0.0
1570,"Lucas, Ohio",0.0
1571,"Luce, Michigan",0.0
1572,"Luna, New Mexico",0.02046511627906977
1573,"Lunenburg, Virginia",0.0
1574,"Luzerne county, Pennsylvania",0.0
1575,"Luzerne, Pennsylvania",0.0
1576,"Lycoming county, Pennsylvania",0.0
1577,"Lycoming, Pennsylvania",0.0
1578,"Lyman, South Dakota",0.4
1579,"Lynchburg, Virginia",0.0
1580,"Lynn, Texas",0.0
1581,"Lyon, Iowa",0.0
1582,"Lyon, Kansas",0.0
1583,"Lyon, Kentucky",0.0
1584,"Lyon, Minnesota",0.0
1585,"Lyon, Nevada",0.07042253521126761
1586,"Mackinac, Michigan",0.0
1587,"Macomb, Michigan",0.0
1588,"Macon, Alabama",0.0
1589,"Macon, Illinois",0.0
1590,"Macon, Missouri",0.0
1591,"Macon, North Carolina",0.0
1592,"Macon, Tennessee",0.0
1593,"Macoupin, Illinois",0.0
1594,"Madera county, California",0.0
1595,"Madera, California",0.030607476635514018
1596,"Madison, Alabama",0.0
1597,"Madison, Florida",0.0
1598,"Madison, Idaho",0.12470588235294118
1599,"Madison, Illinois",0.0
1600,"Madison, Indiana",0.06923076923076923
1601,"Madison, Kentucky",0.0
1602,"Madison, Louisiana",0.0
1603,"Madison, Missouri",0.0
1604,"Madison, Montana",0.0
1605,"Madison, Nebraska",0.0
1606,"Madison, New York",0.0
1607,"Madison, North Carolina",0.0
1608,"Madison, Ohio",0.04938271604938271
1609,"Madison, Tennessee",0.0
1610,"Madison, Texas",0.22818181818181815
1611,"Madison, Virginia",0.11212121212121212
1612,"Magoffin, Kentucky",0.0
1613,"Mahaska, Iowa",0.0
1614,"Mahnomen, Minnesota",0.0
1615,"Mahoning, Ohio",0.05454545454545454
1616,"Major, Oklahoma",0.0
1617,"Malheur, Oregon",0.008421052631578947
1618,"Manassas, Virginia",0.0
1619,"Manatee county, Florida",0.25
1620,"Manatee, Florida",0.016
1621,"Manistee, Michigan",0.0
1622,"Manitowoc, Wisconsin",0.011263888888888888
1623,"Marathon, Wisconsin",0.10733333333333334
1624,"Marengo, Alabama",0.0
1625,"Maricopa, Arizona",0.0068509615384615375
1626,"Maries county, Missouri",0.0
1627,"Maries, Missouri",0.0
1628,"Marin, California",0.13227513227513227
1629,"Marinette, Wisconsin",0.12394736842105263
1630,"Marion county, Florida",0.0
1631,"Marion county, Missouri",0.0
1632,"Marion, Alabama",0.0
1633,"Marion, Arkansas",0.0
1634,"Marion, Florida",0.044646098003629765
1635,"Marion, Illinois",0.0
1636,"Marion, Indiana",0.04871794871794872
1637,"Marion, Iowa",0.0
1638,"Marion, Kansas",0.0
1639,"Marion, Kentucky",0.0
1640,"Marion, Missouri",0.0
1641,"Marion, Ohio",0.0
1642,"Marion, Oregon",0.0
1643,"Marion, South Carolina",0.0
1644,"Marion, Tennessee",0.0
1645,"Marion, Texas",0.020550000000000002
1646,"Marion, West Virginia",0.0
1647,"Mariposa, California",0.0
1648,"Marlboro, South Carolina",0.0
1649,"Marquette, Michigan",0.0
1650,"Marquette, Wisconsin",0.006153846153846155
1651,"Marshall, Alabama",0.0
1652,"Marshall, Illinois",0.275
1653,"Marshall, Indiana",0.0
1654,"Marshall, Iowa",0.0
1655,"Marshall, Kansas",0.0
1656,"Marshall, Kentucky",0.0
1657,"Marshall, Minnesota",0.0
1658,"Marshall, Oklahoma",0.1217391304347826
1659,"Marshall, South Dakota",0.0
1660,"Marshall, Tennessee",0.0
1661,"Marshall, West Virginia",0.0125
1662,"Martin county, Florida",0.0
1663,"Martin, Florida",0.21159420289855072
1664,"Martin, Indiana",0.0
1665,"Martin, Kentucky",0.0
1666,"Martin, Minnesota",0.0
1667,"Martin, North Carolina",0.0
1668,"Martin, Texas",0.0
1669,"Martinsville, Virginia",0.0
1670,"Mason, Illinois",0.2823529411764706
1671,"Mason, Kentucky",0.18181818181818182
1672,"Mason, Michigan",0.0
1673,"Mason, Texas",0.0
1674,"Mason, Washington",0.0
1675,"Mason, West Virginia",0.01764705882352941
1676,"Massac, Illinois",0.0
1677,"Matagorda, Texas",0.0
1678,"Matanuska-susitna borough, Alaska",0.0
1679,"Matanuska-susitna, Alaska",0.018917127071823202
1680,"Mathews, Virginia",0.0
1681,"Maui, Hawaii",0.0
1682,"Maury, Tennessee",0.0
1683,"Maverick, Texas",0.296
1684,"Mayes, Oklahoma",0.3
1685,"Mcclain, Oklahoma",0.10571428571428572
1686,"Mccone, Montana",0.0
1687,"Mccook, South Dakota",0.0
1688,"Mccormick, South Carolina",0.0
1689,"Mccracken, Kentucky",0.0
1690,"Mccreary, Kentucky",0.0
1691,"Mcculloch, Texas",0.0
1692,"Mccurtain, Oklahoma",0.2285714285714286
1693,"Mcdonald, Missouri",0.0
1694,"Mcdonough, Illinois",0.5142857142857142
1695,"Mcdowell, North Carolina",0.0
1696,"Mcdowell, West Virginia",0.045454545454545456
1697,"Mchenry, Illinois",0.13459459459459458
1698,"Mchenry, North Dakota",0.3216666666666667
1699,"Mcintosh, North Dakota",0.0
1700,"Mcintosh, Oklahoma",0.24545454545454548
1701,"Mckean, Pennsylvania",0.0
1702,"Mckenzie, North Dakota",0.0
1703,"Mckinley, New Mexico",0.029849844155844154
1704,"Mclean, Illinois",0.0
1705,"Mclean, Kentucky",0.0
1706,"Mclean, North Dakota",0.0
1707,"Mclennan, Texas",0.0
1708,"Mcleod, Minnesota",0.0
1709,"Mcminn, Tennessee",0.0
1710,"Mcmullen, Texas",0.0
1711,"Mcnairy, Tennessee",0.0
1712,"Mcpherson, Kansas",0.03142857142857143
1713,"Mcpherson, Nebraska",0.0
1714,"Meade, Kansas",0.0
1715,"Meade, Kentucky",0.0
1716,"Meade, South Dakota",0.0
1717,"Meagher, Montana",0.0
1718,"Mecklenburg, North Carolina",0.0
1719,"Mecklenburg, Virginia",0.0
1720,"Mecosta, Michigan",0.0
1721,"Medina, Ohio",0.0
1722,"Medina, Texas",0.03019230769230769
1723,"Meeker, Minnesota",0.0
1724,"Meigs, Ohio",0.0
1725,"Meigs, Tennessee",0.0
1726,"Menard, Illinois",0.3
1727,"Menard, Texas",0.0
1728,"Mendocino, California",0.01970326409495549
1729,"Menifee, Kentucky",1.4285714285714286
1730,"Menominee, Michigan",0.0
1731,"Menominee, Wisconsin",0.0
1732,"Merced, California",0.0
1733,"Mercer county, Pennsylvania",0.0
1734,"Mercer, Illinois",0.0
1735,"Mercer, Kentucky",0.0
1736,"Mercer, Missouri",0.0
1737,"Mercer, New Jersey",0.013767123287671231
1738,"Mercer, North Dakota",0.0
1739,"Mercer, Ohio",0.2280769230769231
1740,"Mercer, Pennsylvania",0.0
1741,"Mercer, West Virginia",0.0069767441860465115
1742,"Merrick, Nebraska",0.0
1743,"Merrimack, New Hampshire",0.01702127659574468
1744,"Miami, Indiana",0.016
1745,"Miami, Kansas",0.0
1746,"Miami, Ohio",0.0
1747,"Miami-dade, Florida",0.23253012048192773
1748,"Middlesex, Connecticut",0.0033003300330033004
1749,"Middlesex, Massachusetts",0.023952095808383235
1750,"Middlesex, New Jersey",0.0
1751,"Middlesex, Virginia",0.0
1752,"Midland, Michigan",0.0
1753,"Midland, Texas",0.0
1754,"Mifflin, Pennsylvania",0.0
1755,"Milam, Texas",0.0
1756,"Millard, Utah",0.007042253521126761
1757,"Mille lacs county, Minnesota",0.0
1758,"Mille lacs, Minnesota",0.0
1759,"Miller, Arkansas",0.0
1760,"Miller, Missouri",0.0
1761,"Mills, Texas",0.0
1762,"Milwaukee, Wisconsin",0.010093457943925232
1763,"Miner, South Dakota",0.0
1764,"Mineral, Montana",0.0
1765,"Mineral, Nevada",0.0
1766,"Mineral, West Virginia",0.0
1767,"Mingo, West Virginia",0.04722222222222222
1768,"Minidoka, Idaho",0.0
1769,"Minnehaha, South Dakota",0.0
1770,"Missaukee, Michigan",0.175
1771,"Mississippi, Arkansas",0.0
1772,"Mississippi, Missouri",0.0
1773,"Missoula, Montana",0.0
1774,"Mitchell, Iowa",0.0
1775,"Mitchell, Kansas",0.0
1776,"Mitchell, North Carolina",0.0
1777,"Mitchell, Texas",0.0
1778,"Mobile, Alabama",0.0
1779,"Modoc, California",0.0
1780,"Mohave, Arizona",0.0
1781,"Moniteau, Missouri",0.0
1782,"Monmouth, New Jersey",0.010056818181818182
1783,"Mono, California",0.04225352112676056
1784,"Monona, Iowa",0.0
1785,"Monongalia, West Virginia",0.0
1786,"Monroe county, Pennsylvania",0.0
1787,"Monroe, Alabama",0.0
1788,"Monroe, Arkansas",0.0
1789,"Monroe, Florida",0.0
1790,"Monroe, Illinois",0.0
1791,"Monroe, Indiana",0.0
1792,"Monroe, Kentucky",0.0
1793,"Monroe, Michigan",0.0
1794,"Monroe, Missouri",0.0
1795,"Monroe, New York",0.7784622222222223
1796,"Monroe, Ohio",0.0
1797,"Monroe, Pennsylvania",0.03442622950819672
1798,"Monroe, Tennessee",0.0
1799,"Monroe, West Virginia",0.21818181818181817
1800,"Monroe, Wisconsin",0.0
1801,"Montague, Texas",0.17222222222222222
1802,"Montcalm, Michigan",0.0
1803,"Monterey, California",0.008564383561643836
1804,"Montgomery county, Pennsylvania",0.625
1805,"Montgomery, Alabama",0.0
1806,"Montgomery, Arkansas",0.0
1807,"Montgomery, Illinois",0.0
1808,"Montgomery, Indiana",0.06999999999999999
1809,"Montgomery, Iowa",0.0
1810,"Montgomery, Kansas",0.0
1811,"Montgomery, Kentucky",0.0
1812,"Montgomery, Maryland",0.13000000000000003
1813,"Montgomery, Missouri",0.0
1814,"Montgomery, New York",0.007792207792207792
1815,"Montgomery, North Carolina",0.0
1816,"Montgomery, Ohio",0.0
1817,"Montgomery, Pennsylvania",0.0
1818,"Montgomery, Tennessee",0.0
1819,"Montgomery, Texas",0.002631578947368421
1820,"Montgomery, Virginia",0.005555555555555556
1821,"Montmorency, Michigan",0.0
1822,"Montour, Pennsylvania",0.0
1823,"Moody, South Dakota",0.0
1824,"Moore county, Texas",0.0
1825,"Moore, North Carolina",0.0
1826,"Moore, Tennessee",0.0
1827,"Moore, Texas",0.0
1828,"Mora, New Mexico",0.0
1829,"Morehouse, Louisiana",0.0
1830,"Morgan, Alabama",0.0
1831,"Morgan, Illinois",0.0
1832,"Morgan, Indiana",0.031578947368421054
1833,"Morgan, Kentucky",0.0
1834,"Morgan, Missouri",0.0
1835,"Morgan, Ohio",0.0
1836,"Morgan, Tennessee",0.0
1837,"Morgan, Utah",0.0
1838,"Morgan, West Virginia",0.03958333333333333
1839,"Morrill, Nebraska",0.0
1840,"Morris, Kansas",0.0
1841,"Morris, New Jersey",0.005714285714285714
1842,"Morris, Texas",0.0
1843,"Morrison, Minnesota",0.0
1844,"Morrow, Ohio",0.0
1845,"Morrow, Oregon",0.0
1846,"Morton, Kansas",0.0
1847,"Morton, North Dakota",0.0
1848,"Motley, Texas",0.0
1849,"Moultrie, Illinois",0.0
1850,"Mountrail, North Dakota",0.0
1851,"Mower, Minnesota",0.0
1852,"Muhlenberg, Kentucky",0.0
1853,"Multnomah county, Oregon",0.0
1854,"Multnomah, Oregon",0.0
1855,"Murray, Minnesota",0.0
1856,"Murray, Oklahoma",0.0
1857,"Muscatine, Iowa",0.0
1858,"Muskegon, Michigan",0.0
1859,"Muskingum, Ohio",0.0
1860,"Muskogee, Oklahoma",0.4666666666666666
1861,"Musselshell, Montana",0.0
1862,"Nacogdoches, Texas",0.020875
1863,"Nance, Nebraska",0.0
1864,"Nantucket, Massachusetts",0.0
1865,"Napa, California",0.13559322033898305
1866,"Nash, North Carolina",0.06976744186046512
1867,"Nassau, Florida",0.04888888888888889
1868,"Nassau, New York",0.0028437383177570092
1869,"Natchitoches, Louisiana",0.045454545454545456
1870,"Natrona, Wyoming",0.0
1871,"Navajo, Arizona",0.07288135593220339
1872,"Navarro, Texas",0.13133333333333333
1873,"Nelson, Kentucky",0.0
1874,"Nelson, North Dakota",0.0
1875,"Nelson, Virginia",0.005357142857142857
1876,"Nemaha, Kansas",0.0
1877,"Nemaha, Nebraska",0.0
1878,"Neosho, Kansas",0.0
1879,"Ness, Kansas",0.0
1880,"Nevada county, Arkansas",0.0
1881,"Nevada, Arkansas",0.0
1882,"Nevada, California",0.22123893805309736
1883,"New hanover, North Carolina",0.0
1884,"New haven, Connecticut",0.10914454277286136
1885,"New kent, Virginia",0.0
1886,"New london, Connecticut",0.010224438902743141
1887,"New madrid, Missouri",0.0
1888,"Newaygo, Michigan",0.0
1889,"Newberry, South Carolina",0.0
1890,"Newport news, Virginia",0.0
1891,"Newport, Rhode Island",0.011494252873563218
1892,"Newton county, Arkansas",0.0
1893,"Newton, Arkansas",0.0
1894,"Newton, Indiana",0.03125
1895,"Newton, Missouri",0.0
1896,"Newton, Texas",0.0
1897,"Nez perce, Idaho",0.03076923076923077
1898,"Niagara, New York",0.0
1899,"Nicholas, Kentucky",0.0
1900,"Nicholas, West Virginia",0.16842105263157894
1901,"Nicollet, Minnesota",0.0
1902,"Niobrara, Wyoming",0.0
1903,"Noble, Indiana",0.0
1904,"Noble, Ohio",0.0
1905,"Noble, Oklahoma",0.0
1906,"Nobles, Minnesota",0.0
1907,"Nodaway, Missouri",0.0
1908,"Nolan, Texas",0.0
1909,"Nome, Alaska",0.007571428571428571
1910,"Norfolk, Massachusetts",0.0273972602739726
1911,"Norfolk, Virginia",0.06666666666666667
1912,"Norman, Minnesota",0.0
1913,"North slope, Alaska",0.015545454545454546
1914,"Northampton county, Pennsylvania",0.0
1915,"Northampton, North Carolina",0.0
1916,"Northampton, Pennsylvania",0.0
1917,"Northampton, Virginia",0.0
1918,"Northumberland, Pennsylvania",0.0
1919,"Northumberland, Virginia",0.6061016949152542
1920,"Northwest arctic borough, Alaska",0.0
1921,"Northwest arctic, Alaska",0.0
1922,"Norton, Kansas",0.375
1923,"Norton, Virginia",0.0
1924,"Nottoway, Virginia",0.0
1925,"Nowata, Oklahoma",0.0
1926,"Nuckolls, Nebraska",0.0
1927,"Nueces, Texas",0.07242857142857143
1928,"Nye, Nevada",0.012658227848101266
1929,"O'brien, Iowa",0.0
1930,"Oakland, Michigan",0.028888888888888888
1931,"Obion, Tennessee",0.0
1932,"Ocean, New Jersey",0.014763231197771587
1933,"Oceana, Michigan",0.11666666666666665
1934,"Ochiltree, Texas",0.0
1935,"Oconee, South Carolina",0.0
1936,"Oconto, Wisconsin",0.009555555555555557
1937,"Ogemaw, Michigan",0.0
1938,"Ogle, Illinois",0.0
1939,"Ohio, Indiana",0.0
1940,"Ohio, Kentucky",0.09090909090909091
1941,"Ohio, West Virginia",0.0
1942,"Okaloosa county, Florida",0.0
1943,"Okaloosa, Florida",0.030000000000000006
1944,"Okanogan, Washington",0.0
1945,"Okeechobee, Florida",0.010810810810810811
1946,"Okfuskee, Oklahoma",0.0
1947,"Oklahoma, Oklahoma",0.005431309904153354
1948,"Okmulgee, Oklahoma",0.0
1949,"Oldham, Kentucky",0.0
1950,"Oldham, Texas",0.0
1951,"Oliver, North Dakota",0.0
1952,"Olmsted, Minnesota",0.0
1953,"Oneida, Idaho",0.0
1954,"Oneida, New York",0.05225225225225225
1955,"Oneida, Wisconsin",0.00411764705882353
1956,"Onondaga, New York",0.01963503649635037
1957,"Onslow, North Carolina",0.0
1958,"Ontario, New York",0.0
1959,"Ontonagon, Michigan",0.0
1960,"Orange, California",0.0023125000000000003
1961,"Orange, Florida",0.1176795580110497
1962,"Orange, New York",0.03133333333333333
1963,"Orange, North Carolina",0.05588235294117647
1964,"Orange, Texas",0.0
1965,"Orange, Vermont",0.0
1966,"Orange, Virginia",0.0
1967,"Orangeburg, South Carolina",0.0
1968,"Oregon, Missouri",0.0
1969,"Orleans, Louisiana",0.0
1970,"Orleans, New York",0.0
1971,"Orleans, Vermont",0.0
1972,"Osage, Kansas",0.0
1973,"Osage, Missouri",0.0375
1974,"Osage, Oklahoma",0.018518518518518517
1975,"Osborne, Kansas",0.0
1976,"Osceola, Florida",0.06952380952380952
1977,"Osceola, Michigan",0.0
1978,"Oscoda, Michigan",0.0
1979,"Oswego, New York",0.3923076923076923
1980,"Otero county, New Mexico",0.4
1981,"Otero, New Mexico",0.020504201680672265
1982,"Otoe, Nebraska",0.0
1983,"Otsego, Michigan",0.08666666666666666
1984,"Otsego, New York",0.0
1985,"Ottawa, Kansas",0.0
1986,"Ottawa, Michigan",0.0
1987,"Ottawa, Ohio",0.14255319148936169
1988,"Ottawa, Oklahoma",0.0
1989,"Otter tail, Minnesota",0.0
1990,"Ouachita, Arkansas",0.0
1991,"Ouachita, Louisiana",0.01834862385321101
1992,"Outagamie, Wisconsin",0.002181818181818182
1993,"Overton, Tennessee",0.0
1994,"Owen, Indiana",0.0
1995,"Owen, Kentucky",0.0
1996,"Owsley, Kentucky",0.0
1997,"Owyhee, Idaho",0.0
1998,"Oxford, Maine",0.024752475247524754
1999,"Ozark, Missouri",0.0
2000,"Ozaukee, Wisconsin",0.014248120300751881
2001,"Pacific, Washington",0.0
2002,"Page, Iowa",0.0
2003,"Page, Virginia",0.0
2004,"Palm beach, Florida",0.07999999999999999
2005,"Palo alto, Iowa",0.0
2006,"Palo pinto, Texas",0.12400000000000001
2007,"Pamlico, North Carolina",0.0
2008,"Panola, Texas",0.0010344827586206897
2009,"Park, Montana",0.013442622950819673
2010,"Park, Wyoming",0.0
2011,"Parke, Indiana",0.625
2012,"Parker, Texas",0.05998630136986301
2013,"Parmer, Texas",0.0
2014,"Pasco county, Florida",0.0
2015,"Pasco, Florida",0.05502512562814071
2016,"Pasquotank, North Carolina",0.0
2017,"Passaic, New Jersey",0.0
2018,"Patrick, Virginia",0.0
2019,"Paulding, Ohio",0.0
2020,"Pawnee, Kansas",0.0
2021,"Pawnee, Nebraska",0.0
2022,"Pawnee, Oklahoma",0.17142857142857143
2023,"Payette, Idaho",0.0
2024,"Payne, Oklahoma",0.0
2025,"Pecos, Texas",0.02288888888888889
2026,"Pembina, North Dakota",0.0
2027,"Pemiscot, Missouri",0.0
2028,"Pend oreille, Washington",0.0
2029,"Pender, North Carolina",0.0
2030,"Pendleton, Kentucky",0.0
2031,"Pendleton, West Virginia",0.0058823529411764705
2032,"Pennington, Minnesota",0.0
2033,"Pennington, South Dakota",0.3888888888888889
2034,"Penobscot, Maine",0.7603833865814696
2035,"Peoria, Illinois",0.0
2036,"Pepin, Wisconsin",0.0
2037,"Perkins, Nebraska",0.0
2038,"Perquimans, North Carolina",0.0
2039,"Perry county, Pennsylvania",0.0
2040,"Perry, Alabama",0.0
2041,"Perry, Arkansas",0.0
2042,"Perry, Illinois",0.0
2043,"Perry, Indiana",0.0
2044,"Perry, Kentucky",0.0
2045,"Perry, Missouri",0.08084745762711863
2046,"Perry, Ohio",0.0
2047,"Perry, Pennsylvania",0.0
2048,"Perry, Tennessee",0.0
2049,"Pershing, Nevada",0.0
2050,"Person, North Carolina",0.0
2051,"Petersburg, Alaska",0.0
2052,"Petroleum, Montana",0.0
2053,"Pettis, Missouri",0.04409638554216867
2054,"Phelps, Missouri",0.0
2055,"Phelps, Nebraska",0.0
2056,"Philadelphia, Pennsylvania",0.0
2057,"Phillips, Arkansas",0.0
2058,"Phillips, Kansas",0.05500000000000001
2059,"Phillips, Montana",0.0
2060,"Piatt, Illinois",0.0
2061,"Pickaway, Ohio",0.0
2062,"Pickens, Alabama",0.0
2063,"Pickens, South Carolina",0.3096774193548388
2064,"Pierce county, Washington",0.0
2065,"Pierce, Nebraska",0.0
2066,"Pierce, North Dakota",0.0
2067,"Pierce, Washington",0.0
2068,"Pierce, Wisconsin",0.003142857142857143
2069,"Pike, Alabama",0.0
2070,"Pike, Arkansas",0.0
2071,"Pike, Illinois",0.0
2072,"Pike, Indiana",0.3333333333333333
2073,"Pike, Kentucky",0.0
2074,"Pike, Missouri",0.0
2075,"Pike, Ohio",0.0
2076,"Pike, Pennsylvania",0.0375
2077,"Pima, Arizona",0.015113871635610768
2078,"Pinal, Arizona",0.034482758620689655
2079,"Pine, Minnesota",0.0
2080,"Pinellas, Florida",0.26875000000000004
2081,"Pipestone, Minnesota",0.0
2082,"Piscataquis, Maine",0.0
2083,"Pitt, North Carolina",0.0
2084,"Pittsburg, Oklahoma",0.145
2085,"Pittsylvania, Virginia",0.0
2086,"Piute, Utah",0.17777777777777778
2087,"Placer, California",0.0003348214285714286
2088,"Plaquemines, Louisiana",0.0
2089,"Platte, Missouri",0.02727272727272727
2090,"Platte, Nebraska",0.04357142857142857
2091,"Platte, Wyoming",0.0
2092,"Pleasants, West Virginia",0.0
2093,"Plumas, California",0.0
2094,"Plymouth, Iowa",0.0
2095,"Plymouth, Massachusetts",0.053003533568904596
2096,"Pocahontas, Iowa",0.0
2097,"Pocahontas, West Virginia",0.015555555555555555
2098,"Poinsett, Arkansas",0.0
2099,"Pointe coupee parish, Louisiana",0.125
2100,"Pointe coupee, Louisiana",0.0
2101,"Polk, Arkansas",0.0
2102,"Polk, Florida",0.12500000000000006
2103,"Polk, Iowa",0.0
2104,"Polk, Minnesota",0.0
2105,"Polk, Missouri",0.0
2106,"Polk, Nebraska",0.0
2107,"Polk, North Carolina",0.0
2108,"Polk, Oregon",0.0
2109,"Polk, Tennessee",0.0
2110,"Polk, Texas",0.0
2111,"Polk, Wisconsin",0.0037500000000000003
2112,"Pondera, Montana",0.0
2113,"Pontotoc, Oklahoma",0.8066666666666666
2114,"Pope, Arkansas",0.0
2115,"Pope, Illinois",0.0
2116,"Pope, Minnesota",0.0
2117,"Portage county, Wisconsin",0.0
2118,"Portage, Ohio",0.05380368098159509
2119,"Portage, Wisconsin",0.04
2120,"Porter, Indiana",0.18888888888888888
2121,"Portsmouth, Virginia",0.0
2122,"Posey, Indiana",0.0
2123,"Pottawatomie, Kansas",0.07962962962962962
2124,"Pottawatomie, Oklahoma",0.17142857142857143
2125,"Pottawattamie, Iowa",0.0
2126,"Potter, Pennsylvania",0.0
2127,"Potter, Texas",0.0
2128,"Powder river, Montana",0.0
2129,"Powell, Kentucky",0.0
2130,"Powell, Montana",0.0
2131,"Power, Idaho",0.0
2132,"Powhatan, Virginia",0.09090909090909091
2133,"Prairie, Arkansas",0.0
2134,"Prairie, Montana",0.0
2135,"Pratt, Kansas",0.0
2136,"Preble, Ohio",0.0
2137,"Presidio, Texas",0.0
2138,"Presque isle, Michigan",0.0
2139,"Preston, West Virginia",0.007317073170731707
2140,"Price, Wisconsin",0.0009545454545454546
2141,"Prince edward, Virginia",0.0
2142,"Prince george's, Maryland",0.35294117647058826
2143,"Prince george, Virginia",0.0
2144,"Prince georges, Maryland",0.0
2145,"Prince of wales-hyder, Alaska",0.0
2146,"Prince william, Virginia",0.0
2147,"Providence, Rhode Island",0.008620689655172414
2148,"Pulaski, Arkansas",0.0
2149,"Pulaski, Illinois",0.0
2150,"Pulaski, Indiana",0.0
2151,"Pulaski, Kentucky",0.0
2152,"Pulaski, Missouri",0.0
2153,"Pulaski, Virginia",0.0
2154,"Pushmataha, Oklahoma",0.0
2155,"Putnam county, Indiana",0.0
2156,"Putnam, Florida",0.12626262626262627
2157,"Putnam, Illinois",0.0035199999999999997
2158,"Putnam, Indiana",0.0
2159,"Putnam, Missouri",0.0
2160,"Putnam, New York",0.02344139650872818
2161,"Putnam, Ohio",0.15933333333333335
2162,"Putnam, Tennessee",0.7
2163,"Putnam, West Virginia",0.075
2164,"Quay, New Mexico",0.0
2165,"Queen anne's, Maryland",0.0
2166,"Racine, Wisconsin",0.0
2167,"Radford, Virginia",0.0
2168,"Rains, Texas",0.056999999999999995
2169,"Raleigh, West Virginia",0.0
2170,"Ramsey, Minnesota",0.0
2171,"Ramsey, North Dakota",0.0
2172,"Randall, Texas",0.0
2173,"Randolph, Alabama",0.0
2174,"Randolph, Arkansas",0.0
2175,"Randolph, Illinois",0.061224489795918366
2176,"Randolph, Indiana",0.0
2177,"Randolph, Missouri",0.0
2178,"Randolph, North Carolina",0.0
2179,"Randolph, West Virginia",0.012195121951219513
2180,"Ransom, North Dakota",0.0
2181,"Rapides, Louisiana",0.0
2182,"Rappahannock, Virginia",0.0
2183,"Ravalli, Montana",0.0
2184,"Rawlins, Kansas",0.0
2185,"Ray, Missouri",0.0
2186,"Reagan, Texas",0.0
2187,"Real, Texas",0.0
2188,"Red lake county, Minnesota",0.0
2189,"Red lake, Minnesota",0.0
2190,"Red river, Louisiana",0.0
2191,"Red river, Texas",0.26933333333333337
2192,"Red willow, Nebraska",0.0
2193,"Redwood, Minnesota",0.0
2194,"Reeves, Texas",0.02914285714285714
2195,"Refugio, Texas",0.0
2196,"Reno, Kansas",0.0
2197,"Rensselaer, New York",0.012871287128712869
2198,"Renville, Minnesota",0.0
2199,"Renville, North Dakota",0.0
2200,"Republic, Kansas",0.0
2201,"Reynolds, Missouri",0.0
2202,"Rhea, Tennessee",0.0
2203,"Rice, Kansas",0.0
2204,"Rice, Minnesota",0.0
2205,"Rich, Utah",0.0
2206,"Richardson, Nebraska",0.0
2207,"Richland, Illinois",0.0
2208,"Richland, Louisiana",0.0
2209,"Richland, Montana",0.0
2210,"Richland, North Dakota",0.0
2211,"Richland, Ohio",0.0
2212,"Richland, South Carolina",0.03263157894736842
2213,"Richland, Wisconsin",0.0
2214,"Richmond, North Carolina",0.0
2215,"Richmond, Virginia",0.0
2216,"Riley, Kansas",0.0
2217,"Rio arriba, New Mexico",0.0
2218,"Ripley, Indiana",0.0
2219,"Ripley, Missouri",0.0
2220,"Ritchie, West Virginia",0.03333333333333333
2221,"Riverside, California",0.0
2222,"Roane, Tennessee",0.08461538461538462
2223,"Roane, West Virginia",0.024999999999999998
2224,"Roanoke, Virginia",0.03304347826086957
2225,"Roberts, South Dakota",0.0
2226,"Roberts, Texas",0.0
2227,"Robertson, Tennessee",0.0
2228,"Robertson, Texas",0.0
2229,"Robeson, North Carolina",0.0
2230,"Rock island, Illinois",0.0
2231,"Rock, Minnesota",0.0
2232,"Rock, Nebraska",0.0
2233,"Rock, Wisconsin",0.0
2234,"Rockbridge, Virginia",0.005128205128205128
2235,"Rockcastle, Kentucky",0.0
2236,"Rockingham, New Hampshire",0.19273318872017353
2237,"Rockingham, North Carolina",0.056338028169014086
2238,"Rockingham, Virginia",0.0
2239,"Rockland, New York",0.023602484472049687
2240,"Roger mills, Oklahoma",0.0
2241,"Rogers, Oklahoma",0.0
2242,"Rolette, North Dakota",0.0
2243,"Rooks, Kansas",0.045454545454545456
2244,"Roosevelt, Montana",0.0
2245,"Roosevelt, New Mexico",0.042499999999999996
2246,"Roscommon, Michigan",0.0
2247,"Roseau, Minnesota",0.06708333333333334
2248,"Rosebud, Montana",0.0
2249,"Ross, Ohio",0.0
2250,"Rowan county, North Carolina",0.0
2251,"Rowan, Kentucky",0.0
2252,"Rowan, North Carolina",0.0
2253,"Runnels, Texas",0.0
2254,"Rush, Indiana",0.0
2255,"Rush, Kansas",0.0
2256,"Rusk, Texas",0.035078125
2257,"Rusk, Wisconsin",0.008787878787878787
2258,"Russell, Alabama",0.0
2259,"Russell, Kansas",0.0
2260,"Russell, Kentucky",0.0
2261,"Russell, Virginia",0.0
2262,"Rutherford, North Carolina",0.0
2263,"Rutherford, Tennessee",0.0
2264,"Rutland, Vermont",0.0
2265,"Sabine, Louisiana",0.0
2266,"Sabine, Texas",0.0207741935483871
2267,"Sacramento county, California",0.0
2268,"Sacramento, California",0.012388392857142858
2269,"Sagadahoc, Maine",0.0
2270,"Saginaw, Michigan",0.0
2271,"Saint bernard, Louisiana",0.0
2272,"Saint charles, Missouri",0.0
2273,"Saint clair, Michigan",0.0
2274,"Saint francois, Missouri",0.0
2275,"Saint james, Louisiana",0.0
2276,"Saint joseph, Michigan",0.0
2277,"Saint landry, Louisiana",0.3333333333333333
2278,"Saint lawrence, New York",0.31333333333333335
2279,"Saint louis, Minnesota",0.0
2280,"Saint louis, Missouri",0.0
2281,"Saint tammany, Louisiana",0.1
2282,"Salem, New Jersey",0.001089655172413793
2283,"Salem, Virginia",0.0
2284,"Saline county, Arkansas",0.0
2285,"Saline, Arkansas",0.0
2286,"Saline, Illinois",0.0
2287,"Saline, Kansas",0.0
2288,"Saline, Missouri",0.0
2289,"Saline, Nebraska",0.0
2290,"Salt lake, Utah",0.22361764705882345
2291,"Saluda, South Carolina",0.0
2292,"Sampson, North Carolina",0.0
2293,"San augustine, Texas",0.013058823529411765
2294,"San benito, California",0.006635071090047393
2295,"San bernardino county, California",0.0
2296,"San bernardino, California",0.012520064205457464
2297,"San diego county, California",0.0
2298,"San diego, California",0.0
2299,"San francisco, California",0.0
2300,"San jacinto, Texas",0.0
2301,"San joaquin, California",0.027921406411582212
2302,"San juan, New Mexico",0.0
2303,"San juan, Utah",0.13214285714285715
2304,"San juan, Washington",0.0
2305,"San luis obispo, California",0.027752639517345398
2306,"San mateo, California",0.0
2307,"San miguel, New Mexico",0.04626388888888889
2308,"San patricio, Texas",0.1357142857142857
2309,"San saba, Texas",0.0
2310,"Sanborn, South Dakota",0.125
2311,"Sanders, Montana",0.0
2312,"Sandoval, New Mexico",0.23814260683760685
2313,"Sandusky, Ohio",0.0
2314,"Sangamon, Illinois",0.0
2315,"Sanilac, Michigan",0.03103448275862069
2316,"Sanpete, Utah",0.004597701149425287
2317,"Santa barbara, California",0.0
2318,"Santa clara, California",0.005295577130528587
2319,"Santa cruz, Arizona",0.0
2320,"Santa cruz, California",0.01092063492063492
2321,"Santa fe, New Mexico",0.008515153846153846
2322,"Santa rosa county, Florida",0.060714285714285714
2323,"Santa rosa, Florida",0.02142857142857143
2324,"Sarasota, Florida",0.27530864197530863
2325,"Saratoga, New York",0.0
2326,"Sargent, North Dakota",0.0
2327,"Sarpy, Nebraska",0.0
2328,"Sauk, Wisconsin",0.034
2329,"Saunders, Nebraska",0.0
2330,"Sawyer, Wisconsin",0.0
2331,"Schenectady, New York",0.0008125
2332,"Schleicher, Texas",0.0
2333,"Schoharie, New York",0.060714285714285714
2334,"Schoolcraft, Michigan",0.0
2335,"Schuyler, Illinois",0.0
2336,"Schuyler, New York",0.0
2337,"Schuylkill, Pennsylvania",0.01693877551020408
2338,"Scioto, Ohio",0.0
2339,"Scotland, Missouri",0.0
2340,"Scotland, North Carolina",0.0
2341,"Scott, Arkansas",0.0
2342,"Scott, Illinois",0.0
2343,"Scott, Indiana",0.0
2344,"Scott, Iowa",0.0
2345,"Scott, Kansas",0.0
2346,"Scott, Kentucky",0.0
2347,"Scott, Minnesota",0.009761904761904762
2348,"Scott, Missouri",0.0
2349,"Scott, Tennessee",0.0
2350,"Scott, Virginia",0.0
2351,"Scotts bluff, Nebraska",0.0
2352,"Scurry, Texas",0.0
2353,"Searcy, Arkansas",0.0
2354,"Sebastian, Arkansas",0.0
2355,"Sedgwick, Kansas",0.0
2356,"Seminole county, Florida",0.0
2357,"Seminole, Florida",0.1153225806451613
2358,"Seminole, Oklahoma",0.03190476190476191
2359,"Seneca, New York",0.027777777777777776
2360,"Seneca, Ohio",0.07425925925925926
2361,"Sequoyah, Oklahoma",0.0
2362,"Sevier, Arkansas",0.0
2363,"Sevier, Tennessee",0.0
2364,"Sevier, Utah",0.01098901098901099
2365,"Seward, Kansas",0.0
2366,"Seward, Nebraska",0.0
2367,"Shackelford, Texas",0.0
2368,"Shannon, Missouri",0.0
2369,"Shannon, South Dakota",0.0
2370,"Sharp county, Arkansas",0.0
2371,"Sharp, Arkansas",0.0
2372,"Shasta, California",0.3165680473372781
2373,"Shawano, Wisconsin",0.0
2374,"Shawnee, Kansas",0.0
2375,"Sheboygan, Wisconsin",0.03491228070175439
2376,"Shelby, Alabama",0.0
2377,"Shelby, Illinois",0.0
2378,"Shelby, Indiana",0.0
2379,"Shelby, Kentucky",0.14285714285714285
2380,"Shelby, Missouri",0.0
2381,"Shelby, Ohio",0.0
2382,"Shelby, Tennessee",0.0
2383,"Shelby, Texas",0.0692
2384,"Shenandoah, Virginia",0.0
2385,"Sherburne, Minnesota",0.0
2386,"Sheridan, Kansas",0.0
2387,"Sheridan, Montana",0.0
2388,"Sheridan, Nebraska",0.0
2389,"Sheridan, North Dakota",0.0
2390,"Sheridan, Wyoming",0.0
2391,"Sherman, Kansas",0.0
2392,"Sherman, Nebraska",0.0
2393,"Sherman, Oregon",0.0
2394,"Sherman, Texas",0.0
2395,"Shiawassee, Michigan",0.0
2396,"Shoshone, Idaho",0.66625
2397,"Sibley, Minnesota",0.0
2398,"Sierra, California",0.0
2399,"Sierra, New Mexico",0.019230769230769232
2400,"Silver bow, Montana",0.0
2401,"Silverbow, Montana",0.0
2402,"Simpson, Kentucky",0.4166666666666667
2403,"Sioux, Iowa",0.0
2404,"Sioux, Nebraska",0.0
2405,"Sioux, North Dakota",0.0
2406,"Siskiyou, California",0.0
2407,"Sitka city and, Alaska",0.0
2408,"Skagit, Washington",0.0
2409,"Skagway, Alaska",0.0
2410,"Skamania, Washington",0.0
2411,"Slope, North Dakota",0.0
2412,"Smith, Kansas",0.0
2413,"Smith, Tennessee",0.0
2414,"Smith, Texas",0.02116551724137931
2415,"Smyth, Virginia",0.0
2416,"Snohomish county, Washington",0.0
2417,"Snohomish, Washington",0.0
2418,"Snyder county, Pennsylvania",0.0
2419,"Snyder, Pennsylvania",0.0
2420,"Socorro, New Mexico",0.0
2421,"Solano, California",0.0013333333333333333
2422,"Somerset, Maine",0.0116
2423,"Somerset, Maryland",0.04615384615384615
2424,"Somerset, New Jersey",0.04590163934426229
2425,"Somerset, Pennsylvania",0.0
2426,"Somervell, Texas",0.08115
2427,"Sonoma, California",0.019095477386934675
2428,"Southampton, Virginia",0.0
2429,"Southeast fairbanks census area, Alaska",0.058499999999999996
2430,"Southeast fairbanks, Alaska",0.13966666666666666
2431,"Spartanburg, South Carolina",0.0
2432,"Spencer, Indiana",0.0
2433,"Spink county, South Dakota",0.0
2434,"Spink, South Dakota",0.0
2435,"Spokane, Washington",0.01018181818181818
2436,"Spotsylvania, Virginia",0.0
2437,"St clair, Alabama",0.0
2438,"St helena, Louisiana",0.0
2439,"St joseph, Indiana",0.0
2440,"St landry, Louisiana",0.15882352941176472
2441,"St lawrence, New York",0.0
2442,"St louis, Missouri",0.0
2443,"St tammany, Louisiana",0.0
2444,"St. bernard, Louisiana",0.1111111111111111
2445,"St. charles, Louisiana",0.0
2446,"St. charles, Missouri",0.0
2447,"St. clair county, Missouri",0.0
2448,"St. clair, Alabama",0.0
2449,"St. clair, Illinois",0.0
2450,"St. clair, Michigan",0.0
2451,"St. clair, Missouri",0.0
2452,"St. croix, Wisconsin",0.03225806451612903
2453,"St. francis, Arkansas",0.0
2454,"St. francois, Missouri",0.0
2455,"St. helena, Louisiana",0.0
2456,"St. james, Louisiana",0.09090909090909091
2457,"St. john the baptist parish, Louisiana",0.0
2458,"St. john the baptist, Louisiana",0.0
2459,"St. johns, Florida",0.07945205479452054
2460,"St. joseph county, Indiana",0.0
2461,"St. joseph, Indiana",0.0
2462,"St. joseph, Michigan",0.0
2463,"St. landry, Louisiana",0.0
2464,"St. lawrence, New York",0.026704545454545457
2465,"St. louis city, Missouri",0.0
2466,"St. louis, Minnesota",0.07895833333333334
2467,"St. louis, Missouri",0.0
2468,"St. lucie, Florida",0.10666666666666667
2469,"St. martin parish, Louisiana",0.0
2470,"St. martin, Louisiana",0.0
2471,"St. mary parish, Louisiana",0.0
2472,"St. mary's, Maryland",0.08695652173913043
2473,"St. mary, Louisiana",0.027777777777777776
2474,"St. tammany parish, Louisiana",0.0
2475,"St. tammany, Louisiana",0.007751937984496124
2476,"Stafford, Kansas",0.0
2477,"Stafford, Virginia",0.0
2478,"Stanislaus, California",0.008746355685131196
2479,"Stanly, North Carolina",0.0
2480,"Stanton, Kansas",0.0
2481,"Stanton, Nebraska",0.0
2482,"Stark, Illinois",0.0
2483,"Stark, North Dakota",0.0
2484,"Stark, Ohio",0.06421052631578947
2485,"Starke, Indiana",0.0
2486,"Starr, Texas",0.27362499999999995
2487,"Staunton, Virginia",0.0
2488,"Ste. genevieve, Missouri",0.0
2489,"Stearns, Minnesota",0.0
2490,"Steele, Minnesota",0.0
2491,"Stephens, Oklahoma",0.0
2492,"Stephens, Texas",0.089
2493,"Stephenson, Illinois",0.0
2494,"Sterling, Texas",0.0
2495,"Steuben, Indiana",0.0
2496,"Steuben, New York",0.008508287292817678
2497,"Stevens, Kansas",0.0
2498,"Stevens, Minnesota",0.0
2499,"Stevens, Washington",0.18414634146341463
2500,"Stewart, Tennessee",0.0
2501,"Stillwater, Montana",0.0
2502,"Stoddard, Missouri",0.0
2503,"Stokes, North Carolina",0.0
2504,"Stone, Arkansas",0.0
2505,"Stone, Missouri",0.009317269076305222
2506,"Stonewall, Texas",0.0
2507,"Storey, Nevada",0.0
2508,"Story, Iowa",0.0
2509,"Strafford, New Hampshire",0.003867403314917127
2510,"Stutsman, North Dakota",0.0
2511,"Sublette, Wyoming",0.0
2512,"Suffolk city, Virginia",0.0
2513,"Suffolk, Massachusetts",0.0
2514,"Suffolk, Virginia",0.0
2515,"Sullivan, Indiana",0.0
2516,"Sullivan, Missouri",0.0
2517,"Sullivan, New Hampshire",0.058928571428571434
2518,"Sullivan, New York",0.001851851851851852
2519,"Sullivan, Pennsylvania",0.0
2520,"Sullivan, Tennessee",0.0
2521,"Summers, West Virginia",0.0
2522,"Summit, Ohio",0.10452674897119342
2523,"Summit, Utah",1.407142131979695
2524,"Sumner, Kansas",0.0
2525,"Sumner, Tennessee",0.0
2526,"Sumter, Alabama",0.0
2527,"Sumter, Florida",0.07403846153846155
2528,"Sumter, South Carolina",0.0
2529,"Surry, North Carolina",0.03184713375796178
2530,"Surry, Virginia",0.0
2531,"Susquehanna, Pennsylvania",0.0
2532,"Sussex, New Jersey",0.0033021077283372363
2533,"Sussex, Virginia",0.2
2534,"Sutter, California",0.0
2535,"Sutton, Texas",0.0
2536,"Suwannee, Florida",0.0375
2537,"Swain, North Carolina",0.0
2538,"Sweet grass, Montana",0.0
2539,"Sweetwater county, Wyoming",0.0
2540,"Sweetwater, Wyoming",0.0
2541,"Swift county, Minnesota",0.0
2542,"Swift, Minnesota",0.0
2543,"Swisher, Texas",0.0
2544,"Switzerland, Indiana",0.0
2545,"Talbot, Maryland",0.04814814814814815
2546,"Talladega, Alabama",0.0
2547,"Tallapoosa, Alabama",0.0
2548,"Taney, Missouri",0.0
2549,"Tangipahoa parish, Louisiana",0.0
2550,"Tangipahoa, Louisiana",0.0136986301369863
2551,"Taos, New Mexico",0.007741935483870968
2552,"Tarrant, Texas",0.04213815789473685
2553,"Taylor, Florida",0.018750000000000003
2554,"Taylor, Kentucky",0.0
2555,"Taylor, Texas",0.0
2556,"Taylor, West Virginia",0.049999999999999996
2557,"Taylor, Wisconsin",0.0
2558,"Tazewell, Illinois",0.017241379310344827
2559,"Tazewell, Virginia",0.0
2560,"Tehama, California",0.007692307692307693
2561,"Tensas, Louisiana",0.0
2562,"Terrebonne, Louisiana",0.0
2563,"Terrell, Texas",0.0
2564,"Terry, Texas",0.0
2565,"Teton, Idaho",0.05555555555555555
2566,"Teton, Montana",0.0
2567,"Teton, Wyoming",0.03571428571428571
2568,"Texas, Missouri",0.0
2569,"Texas, Oklahoma",0.0
2570,"Thayer, Nebraska",0.0
2571,"Thomas, Kansas",0.0
2572,"Thomas, Nebraska",0.0
2573,"Throckmorton, Texas",0.211
2574,"Thurston, Nebraska",0.0
2575,"Thurston, Washington",0.0
2576,"Tillamook county, Oregon",0.0
2577,"Tillamook, Oregon",0.0
2578,"Tillman, Oklahoma",0.0
2579,"Tioga county, Pennsylvania",0.0
2580,"Tioga, New York",0.0
2581,"Tioga, Pennsylvania",0.0
2582,"Tippecanoe, Indiana",0.021052631578947368
2583,"Tipton, Indiana",0.0
2584,"Tipton, Tennessee",0.0
2585,"Titus, Texas",0.141
2586,"Todd, Kentucky",0.0
2587,"Todd, Minnesota",0.0
2588,"Todd, South Dakota",0.0
2589,"Tolland, Connecticut",0.025732899022801303
2590,"Tom green, Texas",0.0
2591,"Tompkins, New York",0.010852713178294573
2592,"Tooele, Utah",0.208433734939759
2593,"Toole, Montana",0.0
2594,"Torrance, New Mexico",0.0
2595,"Towner, North Dakota",0.0
2596,"Traill, North Dakota",0.0
2597,"Transylvania, North Carolina",0.0
2598,"Traverse, Minnesota",0.0
2599,"Travis, Texas",0.0
2600,"Treasure, Montana",0.0
2601,"Trego, Kansas",0.0
2602,"Trempealeau, Wisconsin",0.0
2603,"Trigg, Kentucky",0.0
2604,"Trimble, Kentucky",0.0
2605,"Trinity, California",0.0
2606,"Trinity, Texas",0.012241379310344826
2607,"Tripp, South Dakota",0.06666666666666667
2608,"Trousdale, Tennessee",0.0
2609,"Trumbull, Ohio",0.0
2610,"Tucker, West Virginia",0.003684210526315789
2611,"Tulare, California",0.010616630669546434
2612,"Tulsa, Oklahoma",0.0
2613,"Tuolumne, California",0.017468354430379744
2614,"Turner, South Dakota",0.0
2615,"Tuscaloosa, Alabama",0.0
2616,"Tuscarawas, Ohio",0.019642857142857146
2617,"Tuscola, Michigan",0.0
2618,"Twin falls, Idaho",0.0
2619,"Tyler, Texas",0.0
2620,"Tyler, West Virginia",0.0
2621,"Tyrrell, North Carolina",0.0
2622,"Uinta, Wyoming",0.0
2623,"Uintah, Utah",0.0
2624,"Ulster, New York",0.5590400000000001
2625,"Umatilla, Oregon",0.0
2626,"Union county, Pennsylvania",0.0
2627,"Union parish, Louisiana",0.0
2628,"Union, Arkansas",0.0
2629,"Union, Florida",0.0
2630,"Union, Illinois",0.0
2631,"Union, Indiana",0.0
2632,"Union, Iowa",0.0
2633,"Union, Kentucky",0.0
2634,"Union, Louisiana",0.01639344262295082
2635,"Union, New Jersey",0.0625
2636,"Union, New Mexico",0.0
2637,"Union, North Carolina",0.0
2638,"Union, Ohio",0.6789473684210526
2639,"Union, Oregon",0.0
2640,"Union, Pennsylvania",0.0
2641,"Union, South Carolina",0.0
2642,"Union, South Dakota",0.0
2643,"Union, Tennessee",0.0
2644,"Unknown, South Carolina",0.0
2645,"Upshur, Texas",0.010363636363636365
2646,"Upshur, West Virginia",0.0
2647,"Upton, Texas",0.0
2648,"Utah, Utah",0.001392757660167131
2649,"Uvalde, Texas",0.015909090909090907
2650,"Val verde, Texas",0.009470588235294118
2651,"Valdez-cordova, Alaska",0.014555555555555556
2652,"Valencia, New Mexico",0.0
2653,"Valley, Idaho",0.0
2654,"Valley, Montana",0.0
2655,"Valley, Nebraska",0.0
2656,"Van buren, Arkansas",0.0
2657,"Van buren, Michigan",0.015789473684210527
2658,"Van wert, Ohio",0.10966666666666666
2659,"Van zandt, Texas",0.02511111111111111
2660,"Vance, North Carolina",0.0
2661,"Vanderburgh, Indiana",0.0
2662,"Venango, Pennsylvania",0.4
2663,"Ventura, California",0.121765601217656
2664,"Vermilion, Illinois",0.0
2665,"Vermilion, Louisiana",0.0
2666,"Vermillion county, Indiana",0.0
2667,"Vermillion, Indiana",0.30869565217391304
2668,"Vernon, Louisiana",0.0
2669,"Vernon, Missouri",0.0
2670,"Vernon, Wisconsin",0.020612244897959184
2671,"Victoria, Texas",0.0
2672,"Vigo, Indiana",0.18571428571428572
2673,"Vilas, Wisconsin",0.0
2674,"Vinton, Ohio",0.0
2675,"Volusia, Florida",0.05380710659898476
2676,"Wabash, Illinois",0.0
2677,"Wabash, Indiana",0.0
2678,"Wabasha, Minnesota",0.0
2679,"Wabaunsee, Kansas",0.0
2680,"Wade hampton, Alaska",0.009615384615384616
2681,"Wadena, Minnesota",0.0
2682,"Wagoner, Oklahoma",0.0
2683,"Wahkiakum, Washington",0.0
2684,"Wake, North Carolina",0.04548198636806232
2685,"Wakulla, Florida",0.0
2686,"Waldo, Maine",0.9138947368421055
2687,"Walker, Alabama",0.0
2688,"Walker, Texas",0.0022916666666666667
2689,"Walla walla, Washington",0.03627450980392157
2690,"Wallace, Kansas",0.0
2691,"Waller, Texas",0.0
2692,"Wallowa, Oregon",0.0
2693,"Walsh, North Dakota",0.0
2694,"Walton, Florida",0.033707865168539325
2695,"Walworth, South Dakota",0.0
2696,"Walworth, Wisconsin",0.023379310344827587
2697,"Wapello, Iowa",0.0
2698,"Ward, North Dakota",0.0
2699,"Ward, Texas",0.0
2700,"Warren county, Pennsylvania",0.0
2701,"Warren, Illinois",0.29333333333333333
2702,"Warren, Indiana",0.0625
2703,"Warren, Kentucky",0.0
2704,"Warren, Missouri",0.0
2705,"Warren, New Jersey",0.021447963800904978
2706,"Warren, New York",0.0
2707,"Warren, North Carolina",0.2727272727272727
2708,"Warren, Ohio",0.0
2709,"Warren, Pennsylvania",0.0
2710,"Warren, Tennessee",0.0
2711,"Warren, Virginia",0.0
2712,"Warrick, Indiana",0.0
2713,"Wasatch, Utah",0.3556818181818182
2714,"Wasco, Oregon",0.027857142857142855
2715,"Waseca, Minnesota",0.0
2716,"Washakie, Wyoming",0.1111111111111111
2717,"Washburn, Wisconsin",0.0
2718,"Washington county, Florida",0.0
2719,"Washington county, Pennsylvania",0.0
2720,"Washington county, Rhode Island",0.0
2721,"Washington parish, Louisiana",0.0
2722,"Washington, Alabama",0.0
2723,"Washington, Arkansas",0.0
2724,"Washington, Florida",0.08571428571428572
2725,"Washington, Idaho",0.0
2726,"Washington, Illinois",0.0
2727,"Washington, Indiana",0.0
2728,"Washington, Iowa",0.0
2729,"Washington, Kansas",0.0
2730,"Washington, Kentucky",0.0
2731,"Washington, Louisiana",0.08333333333333333
2732,"Washington, Maine",0.7137999999999999
2733,"Washington, Maryland",0.0641025641025641
2734,"Washington, Minnesota",0.0
2735,"Washington, Missouri",0.0
2736,"Washington, Nebraska",0.0
2737,"Washington, New York",0.0
2738,"Washington, North Carolina",0.0
2739,"Washington, Ohio",0.1346153846153846
2740,"Washington, Oklahoma",0.0
2741,"Washington, Oregon",0.0
2742,"Washington, Pennsylvania",0.0
2743,"Washington, Rhode Island",0.010526315789473684
2744,"Washington, Tennessee",0.0
2745,"Washington, Texas",0.0
2746,"Washington, Utah",0.0015290519877675841
2747,"Washington, Vermont",0.0
2748,"Washington, Virginia",0.0
2749,"Washington, Wisconsin",0.017382550335570467
2750,"Washita, Oklahoma",0.0
2751,"Washoe, Nevada",0.5376666666666666
2752,"Washtenaw, Michigan",0.03461538461538462
2753,"Watauga, North Carolina",0.0
2754,"Watonwan, Minnesota",0.0
2755,"Waukesha, Wisconsin",0.006009070294784581
2756,"Waupaca, Wisconsin",0.017333333333333333
2757,"Waushara, Wisconsin",0.0
2758,"Wayne, Illinois",0.0
2759,"Wayne, Indiana",0.008333333333333333
2760,"Wayne, Kentucky",0.0
2761,"Wayne, Michigan",0.0
2762,"Wayne, Missouri",0.0
2763,"Wayne, Nebraska",0.0
2764,"Wayne, New York",0.1282051282051282
2765,"Wayne, North Carolina",0.0
2766,"Wayne, Ohio",0.0881025641025641
2767,"Wayne, Pennsylvania",0.016666666666666666
2768,"Wayne, Tennessee",0.0
2769,"Wayne, Utah",0.0
2770,"Wayne, West Virginia",0.06153846153846154
2771,"Waynesboro city, Virginia",0.0
2772,"Weakley, Tennessee",0.0
2773,"Webb county, Texas",0.0
2774,"Webb, Texas",0.11371428571428573
2775,"Weber, Utah",0.00913978494623656
2776,"Webster, Iowa",0.009333333333333332
2777,"Webster, Kentucky",0.0
2778,"Webster, Louisiana",0.015384615384615385
2779,"Webster, Missouri",0.0
2780,"Webster, Nebraska",0.0
2781,"Webster, West Virginia",0.01875
2782,"Wells, Indiana",0.0
2783,"Wells, North Dakota",0.0
2784,"West baton rouge, Louisiana",0.0
2785,"West carroll parish, Louisiana",0.125
2786,"West carroll, Louisiana",0.0
2787,"West feliciana, Louisiana",0.0
2788,"Westchester, New York",0.06695156695156695
2789,"Westmoreland, Pennsylvania",0.0
2790,"Westmoreland, Virginia",0.0
2791,"Weston, Wyoming",0.0
2792,"Wetzel, West Virginia",0.1064516129032258
2793,"Wexford, Michigan",0.05263157894736842
2794,"Wharton, Texas",0.0
2795,"Whatcom, Washington",0.01639344262295082
2796,"Wheatland, Montana",0.0
2797,"Wheeler, Nebraska",0.0
2798,"Wheeler, Oregon",0.0
2799,"Wheeler, Texas",0.0
2800,"White pine, Nevada",0.038461538461538464
2801,"White, Arkansas",0.0
2802,"White, Illinois",0.0
2803,"White, Indiana",0.0
2804,"White, Tennessee",0.0
2805,"Whiteside, Illinois",0.0
2806,"Whitley, Indiana",0.0
2807,"Whitley, Kentucky",0.0
2808,"Whitman, Washington",0.09166666666666666
2809,"Wibaux, Montana",0.0
2810,"Wichita, Kansas",0.0
2811,"Wichita, Texas",0.08360000000000001
2812,"Wicomico, Maryland",0.008270676691729324
2813,"Wilbarger, Texas",0.16525
2814,"Wilcox, Alabama",0.0
2815,"Wilkes, North Carolina",0.0
2816,"Wilkin, Minnesota",0.0
2817,"Will, Illinois",0.18134411764705882
2818,"Willacy county, Texas",0.5760000000000001
2819,"Willacy, Texas",0.49524999999999997
2820,"Williams, North Dakota",0.0
2821,"Williams, Ohio",0.1
2822,"Williamsburg, South Carolina",0.0
2823,"Williamson, Illinois",0.0
2824,"Williamson, Texas",0.0
2825,"Wilson, Kansas",0.0
2826,"Wilson, North Carolina",0.047619047619047616
2827,"Wilson, Tennessee",0.0
2828,"Wilson, Texas",0.024075000000000003
2829,"Winchester, Virginia",0.0
2830,"Windham, Connecticut",0.0256
2831,"Windham, Vermont",0.03816793893129771
2832,"Windsor, Vermont",0.0
2833,"Winkler, Texas",0.0
2834,"Winn, Louisiana",0.023255813953488372
2835,"Winnebago, Illinois",0.015384615384615385
2836,"Winnebago, Iowa",0.0
2837,"Winnebago, Wisconsin",0.08364864864864865
2838,"Winneshiek, Iowa",0.0
2839,"Winona, Minnesota",0.0
2840,"Winston, Alabama",0.0
2841,"Wise, Texas",0.03786764705882353
2842,"Wise, Virginia",0.0
2843,"Wolfe, Kentucky",0.0
2844,"Wood, Ohio",0.05616438356164384
2845,"Wood, Texas",0.024985294117647057
2846,"Wood, West Virginia",0.027999999999999997
2847,"Wood, Wisconsin",0.008194444444444445
2848,"Woodbury, Iowa",0.0
2849,"Woodford, Illinois",0.0
2850,"Woodford, Kentucky",0.0
2851,"Woodruff, Arkansas",0.0
2852,"Woods, Oklahoma",0.0
2853,"Woodson, Kansas",0.0
2854,"Woodward, Oklahoma",0.0
2855,"Worcester, Maryland",0.014184397163120567
2856,"Worcester, Massachusetts",0.05641509433962264
2857,"Worth, Iowa",0.0
2858,"Worth, Missouri",0.0
2859,"Wrangell, Alaska",0.0
2860,"Wright, Iowa",0.0
2861,"Wright, Minnesota",0.0
2862,"Wright, Missouri",0.0
2863,"Wyandot, Ohio",0.0
2864,"Wyandotte, Kansas",0.0
2865,"Wyoming, New York",0.0
2866,"Wyoming, Pennsylvania",0.07666666666666666
2867,"Wyoming, West Virginia",0.049999999999999996
2868,"Wythe, Virginia",0.0
2869,"Yadkin, North Carolina",0.0
2870,"Yakima, Washington",0.01931818181818182
2871,"Yamhill, Oregon",0.0
2872,"Yancey, North Carolina",0.0
2873,"Yankton, South Dakota",0.0
2874,"Yates, New York",0.0
2875,"Yavapai, Arizona",0.0
2876,"Yell, Arkansas",0.0
2877,"Yellow medicine county, Minnesota",0.0
2878,"Yellow medicine, Minnesota",0.0
2879,"Yellowstone, Montana",0.0
2880,"Yoakum, Texas",0.0
2881,"Yolo, California",0.0
2882,"York county, Pennsylvania",0.0
2883,"York, Maine",0.06808333333333332
2884,"York, Nebraska",0.0
2885,"York, Pennsylvania",0.0
2886,"York, South Carolina",0.04205607476635514
2887,"York, Virginia",0.0
2888,"Young, Texas",0.0
2889,"Yuba, California",0.006744897959183674
2890,"Yukon-koyukuk census area, Alaska",0.0
2891,"Yukon-koyukuk, Alaska",0.036290322580645164
2892,"Yuma county, Arizona",0.0
2893,"Yuma, Arizona",0.015267175572519083
2894,"Zapata county, Texas",0.983
2895,"Zapata, Texas",0.0
2896,"Zavala, Texas",0.0
