,county,benzo(a)pyrene
0,"-, Arizona",0.0
1,"Abbeville, South Carolina",0.0
2,"Acadia, Louisiana",0.0
3,"Accomack, Virginia",0.0
4,"Ada, Idaho",0.0
5,"Adair, Iowa",0.0
6,"Adair, Kentucky",0.0
7,"Adams, Idaho",0.0
8,"Adams, Illinois",0.0
9,"Adams, Indiana",0.0
10,"Adams, Iowa",0.0
11,"Adams, Nebraska",0.0
12,"Adams, Ohio",0.0
13,"Adams, Pennsylvania",0.0
14,"Adams, Washington",0.0
15,"Adams, Wisconsin",0.0
16,"Addison, Vermont",0.0
17,"Aiken, South Carolina",0.0
18,"Aitkin, Minnesota",0.0
19,"Alachua, Florida",0.0
20,"Alamance, North Carolina",0.0
21,"Alameda, California",0.0
22,"Albany, New York",0.0
23,"Albany, Wyoming",0.0
24,"Albemarle, Virginia",0.0
25,"Alexander, Illinois",0.0
26,"Alexander, North Carolina",0.0
27,"Allamakee county, Iowa",0.0
28,"Allamakee, Iowa",0.0
29,"Allegan, Michigan",0.0
30,"Allegany, Maryland",0.0
31,"Allegany, New York",0.0
32,"Alleghany, North Carolina",0.0
33,"Alleghany, Virginia",0.0
34,"Allegheny county, Pennsylvania",0.0
35,"Allegheny, Pennsylvania",0.0
36,"Allen, Indiana",0.0
37,"Allen, Kentucky",0.0
38,"Allen, Louisiana",0.0
39,"Allendale, South Carolina",0.0
40,"Alpine, California",0.0
41,"American samoa, American Samoa",0.0
42,"Amherst, Virginia",0.0
43,"Anderson, Kentucky",0.0
44,"Anderson, South Carolina",0.0
45,"Anderson, Texas",0.0
46,"Andrews, Texas",0.0
47,"Androscoggin, Maine",0.0
48,"Angelina, Texas",0.001590909090909091
49,"Anne arundel, Maryland",0.0
50,"Anoka, Minnesota",0.0
51,"Anson, North Carolina",0.0
52,"Antelope, Nebraska",0.0
53,"Antrim, Michigan",0.0
54,"Apache, Arizona",0.0
55,"Appanoose, Iowa",0.0
56,"Aransas, Texas",0.0
57,"Archer, Texas",0.0
58,"Arkansas, Arkansas",0.0
59,"Armstrong county, Pennsylvania",0.0
60,"Armstrong, Pennsylvania",0.0015625
61,"Armstrong, Texas",0.0
62,"Aroostook, Maine",0.0
63,"Arthur, Nebraska",0.0
64,"Ascension, Louisiana",0.0
65,"Ashe, North Carolina",0.0
66,"Ashland, Wisconsin",0.0
67,"Ashley, Arkansas",0.0
68,"Ashtabula, Ohio",0.0
69,"Asotin, Washington",0.0
70,"Assumption, Louisiana",0.0
71,"Atascosa county, Texas",0.0
72,"Atascosa, Texas",0.0
73,"Atlantic, New Jersey",0.0
74,"Audrain, Missouri",0.0
75,"Audubon, Iowa",0.0
76,"Augusta, Virginia",0.0
77,"Aurora, South Dakota",0.0
78,"Austin, Texas",0.0
79,"Autauga, Alabama",0.0
80,"Avery, North Carolina",0.0
81,"Avoyelles, Louisiana",0.0
82,"Bailey, Texas",0.0
83,"Baker county, Florida",0.0
84,"Baker, Florida",0.0
85,"Baker, Oregon",0.0
86,"Baldwin, Alabama",0.0
87,"Ballard, Kentucky",0.0
88,"Baltimore city, Maryland",0.0
89,"Baltimore, Maryland",0.0
90,"Bamberg, South Carolina",0.0
91,"Bandera, Texas",0.0
92,"Banner, Nebraska",0.0
93,"Bannock, Idaho",0.0
94,"Baraga, Michigan",0.0
95,"Barbour, Alabama",0.0
96,"Barbour, West Virginia",0.0
97,"Barnstable, Massachusetts",0.0
98,"Barnwell, South Carolina",0.0
99,"Barren, Kentucky",0.0
100,"Barron, Wisconsin",0.0
101,"Barry, Missouri",0.0
102,"Bartholomew, Indiana",0.0
103,"Bastrop, Texas",0.0
104,"Bath, Virginia",0.0
105,"Baxter, Arkansas",0.0
106,"Bay, Florida",0.0
107,"Baylor, Texas",0.0
108,"Beadle, South Dakota",0.0
109,"Bear lake, Idaho",0.0
110,"Beaufort, North Carolina",0.0
111,"Beaufort, South Carolina",0.0
112,"Beauregard, Louisiana",0.0
113,"Beaver county, Pennsylvania",0.0
114,"Beaver, Pennsylvania",0.0
115,"Beaver, Utah",0.0
116,"Beaverhead, Montana",0.0
117,"Becker, Minnesota",0.0
118,"Bedford, Pennsylvania",0.0
119,"Bedford, Virginia",0.0
120,"Bee, Texas",0.0
121,"Belknap, New Hampshire",0.0
122,"Bell, Kentucky",0.0
123,"Bell, Texas",0.0
124,"Belmont, Ohio",0.0
125,"Beltrami county, Minnesota",0.0
126,"Beltrami, Minnesota",0.0
127,"Benewah, Idaho",0.0
128,"Bennett, South Dakota",0.0
129,"Bennington, Vermont",0.0
130,"Benton county, Arkansas",0.0
131,"Benton, Arkansas",0.0
132,"Benton, Indiana",0.0
133,"Benton, Iowa",0.0
134,"Benton, Minnesota",0.0
135,"Benton, Missouri",0.0
136,"Benton, Oregon",0.0
137,"Benton, Washington",0.0
138,"Bergen, New Jersey",0.0
139,"Berkeley, South Carolina",0.0
140,"Berkeley, West Virginia",0.0
141,"Berks county, Pennsylvania",0.0
142,"Berks, Pennsylvania",0.0
143,"Berkshire, Massachusetts",0.0
144,"Bernalillo, New Mexico",0.0
145,"Berrien, Michigan",0.0
146,"Bertie, North Carolina",0.0
147,"Bexar, Texas",0.00014563106796116503
148,"Bibb, Alabama",0.0
149,"Bienville, Louisiana",0.0
150,"Big horn, Montana",0.0
151,"Big horn, Wyoming",0.0
152,"Big stone, Minnesota",0.0
153,"Bingham, Idaho",0.0
154,"Black hawk, Iowa",0.0
155,"Blackford, Indiana",0.0
156,"Bladen, North Carolina",0.0
157,"Blaine, Idaho",0.0
158,"Blaine, Montana",0.0
159,"Blaine, Nebraska",0.0
160,"Blair, Pennsylvania",0.0
161,"Blanco, Texas",0.0
162,"Bland, Virginia",0.0
163,"Blount, Alabama",0.0
164,"Blount, Tennessee",0.0
165,"Blue earth, Minnesota",0.0
166,"Boise, Idaho",0.0
167,"Bon homme, South Dakota",0.0
168,"Bond, Illinois",0.0
169,"Bonner, Idaho",0.0
170,"Bonneville, Idaho",0.0
171,"Boone, Arkansas",0.0
172,"Boone, Illinois",0.0
173,"Boone, Indiana",0.0
174,"Boone, Iowa",0.0
175,"Boone, Kentucky",0.0
176,"Boone, Nebraska",0.0
177,"Boone, West Virginia",0.0
178,"Bosque, Texas",0.0
179,"Bossier, Louisiana",0.0
180,"Botetourt, Virginia",0.0
181,"Boundary, Idaho",0.0
182,"Bourbon, Kentucky",0.0
183,"Bowie, Texas",0.0
184,"Box butte, Nebraska",0.0
185,"Box elder, Utah",0.0
186,"Boyd, Kentucky",0.0
187,"Boyd, Nebraska",0.0
188,"Boyle, Kentucky",0.0
189,"Bracken, Kentucky",0.0
190,"Bradford, Florida",0.0
191,"Bradford, Pennsylvania",0.0
192,"Bradley, Arkansas",0.0
193,"Braxton, West Virginia",0.0
194,"Brazoria, Texas",0.0
195,"Brazos, Texas",0.0
196,"Breathitt, Kentucky",0.0
197,"Breckinridge, Kentucky",0.0
198,"Bremer, Iowa",0.0
199,"Brevard, Florida",0.0
200,"Brewster, Texas",0.0
201,"Briscoe, Texas",0.0
202,"Bristol, Massachusetts",0.0
203,"Bristol, Rhode Island",0.0
204,"Bristol, Virginia",0.0
205,"Broadwater, Montana",0.0
206,"Brooke, West Virginia",0.0
207,"Brookings, South Dakota",0.0
208,"Brooks, Texas",0.0
209,"Broome, New York",0.0
210,"Broward county, Florida",0.0
211,"Broward, Florida",0.0
212,"Brown, Illinois",0.0
213,"Brown, Indiana",0.0
214,"Brown, Minnesota",0.0
215,"Brown, Nebraska",0.0
216,"Brown, Ohio",0.0
217,"Brown, South Dakota",0.0
218,"Brown, Texas",0.0
219,"Brown, Wisconsin",0.0
220,"Brule, South Dakota",0.0
221,"Brunswick, North Carolina",0.0
222,"Brunswick, Virginia",0.0
223,"Buchanan, Iowa",0.0
224,"Buchanan, Virginia",0.0
225,"Buckingham, Virginia",0.0
226,"Bucks county, Pennsylvania",0.0
227,"Bucks, Pennsylvania",0.000140597539543058
228,"Buena vista, Iowa",0.0
229,"Buena vista, Virginia",0.0
230,"Buffalo, Nebraska",0.0
231,"Buffalo, Wisconsin",0.0
232,"Bullock, Alabama",0.0
233,"Buncombe, North Carolina",0.0
234,"Bureau, Illinois",0.0010980392156862745
235,"Burke, North Carolina",0.0
236,"Burleson, Texas",0.0
237,"Burlington, New Jersey",0.0
238,"Burnet, Texas",0.0
239,"Burnett, Wisconsin",0.0
240,"Burt, Nebraska",0.0
241,"Butler, Alabama",0.0
242,"Butler, Iowa",0.0
243,"Butler, Kentucky",0.0
244,"Butler, Nebraska",0.0
245,"Butler, Ohio",0.002217391304347826
246,"Butler, Pennsylvania",0.0
247,"Butte, California",0.0
248,"Butte, Idaho",0.0
249,"Butte, South Dakota",0.0
250,"Cabarrus, North Carolina",0.0
251,"Cabell, West Virginia",0.0
252,"Cache, Utah",0.00014388489208633093
253,"Caddo parish, Louisiana",0.0
254,"Caddo, Louisiana",0.0
255,"Calaveras, California",0.0
256,"Calcasieu, Louisiana",0.0
257,"Caldwell, Kentucky",0.0
258,"Caldwell, Louisiana",0.0
259,"Caldwell, North Carolina",0.0
260,"Caldwell, Texas",0.0
261,"Caledonia, Vermont",0.0
262,"Calhoun, Alabama",0.0
263,"Calhoun, Arkansas",0.0
264,"Calhoun, Florida",0.0
265,"Calhoun, Illinois",0.0
266,"Calhoun, Iowa",0.0
267,"Calhoun, South Carolina",0.0
268,"Calhoun, Texas",0.0
269,"Calhoun, West Virginia",0.0
270,"Callahan, Texas",0.0
271,"Calloway, Kentucky",0.0
272,"Calumet, Wisconsin",0.0
273,"Calvert, Maryland",0.0
274,"Cambria county, Pennsylvania",0.0
275,"Cambria, Pennsylvania",0.0
276,"Camden, New Jersey",0.0
277,"Camden, North Carolina",0.0
278,"Cameron, Louisiana",0.0
279,"Cameron, Pennsylvania",0.0
280,"Cameron, Texas",0.0
281,"Camp, Texas",0.0
282,"Campbell, Kentucky",0.0
283,"Campbell, Virginia",0.0
284,"Campbell, Wyoming",0.0
285,"Canyon, Idaho",0.0
286,"Cape may, New Jersey",0.0
287,"Carbon, Montana",0.0
288,"Carbon, Pennsylvania",0.0
289,"Carbon, Utah",0.0
290,"Carbon, Wyoming",0.0
291,"Caribou, Idaho",0.0
292,"Carlisle, Kentucky",0.0
293,"Carlton, Minnesota",0.0
294,"Caroline, Maryland",0.0
295,"Caroline, Virginia",0.0
296,"Carroll, Arkansas",0.0
297,"Carroll, Illinois",0.0
298,"Carroll, Indiana",0.0
299,"Carroll, Iowa",0.0
300,"Carroll, Kentucky",0.0
301,"Carroll, Maryland",0.005194805194805195
302,"Carroll, New Hampshire",0.0
303,"Carroll, Virginia",0.0
304,"Carson city, Nevada",0.0
305,"Carson, Texas",0.0
306,"Carter, Kentucky",0.0
307,"Carter, Montana",0.0
308,"Carteret, North Carolina",0.0
309,"Carver, Minnesota",0.0
310,"Cascade, Montana",0.0
311,"Casey, Kentucky",0.0
312,"Cass, Illinois",0.0
313,"Cass, Indiana",0.0
314,"Cass, Iowa",0.0
315,"Cass, Minnesota",0.0
316,"Cass, Nebraska",0.0
317,"Cass, Texas",0.0
318,"Cassia, Idaho",0.0
319,"Castro, Texas",0.0
320,"Caswell, North Carolina",0.0
321,"Catahoula, Louisiana",0.0
322,"Catawba, North Carolina",0.0
323,"Catron, New Mexico",0.0
324,"Cattaraugus, New York",0.0
325,"Cayuga county, New York",0.0
326,"Cayuga, New York",0.0
327,"Cecil, Maryland",0.00010526315789473685
328,"Cedar, Iowa",0.0
329,"Cedar, Nebraska",0.0
330,"Centre county, Pennsylvania",0.0
331,"Centre, Pennsylvania",0.0
332,"Cerro gordo, Iowa",0.0
333,"Chambers, Alabama",0.0
334,"Chambers, Texas",0.0
335,"Champaign, Illinois",0.0
336,"Champaign, Ohio",0.0
337,"Chariton, Missouri",0.0
338,"Charles mix, South Dakota",0.0
339,"Charles, Maryland",0.0
340,"Charleston county, South Carolina",0.0
341,"Charleston, South Carolina",0.0
342,"Charlotte, Florida",0.0
343,"Charlotte, Virginia",0.0
344,"Chase, Nebraska",0.0
345,"Chatham, North Carolina",0.0
346,"Chautauqua, New York",0.0
347,"Chaves, New Mexico",0.0
348,"Cheboygan, Michigan",0.0
349,"Chelan, Washington",0.0
350,"Chemung, New York",0.0
351,"Chenango, New York",0.0
352,"Cherokee, Alabama",0.0
353,"Cherokee, Iowa",0.0
354,"Cherokee, North Carolina",0.0
355,"Cherokee, South Carolina",0.0
356,"Cherokee, Texas",0.0
357,"Cherry, Nebraska",0.0
358,"Chesapeake city, Virginia",0.0
359,"Cheshire, New Hampshire",0.0
360,"Chester county, Pennsylvania",0.0
361,"Chester, Pennsylvania",0.001082089552238806
362,"Chester, South Carolina",0.0
363,"Chesterfield, South Carolina",0.0
364,"Chesterfield, Virginia",0.0
365,"Cheyenne, Nebraska",0.0
366,"Chickasaw, Iowa",0.0
367,"Chicot, Arkansas",0.0
368,"Chilton, Alabama",0.0
369,"Chippewa, Michigan",0.0
370,"Chippewa, Minnesota",0.0
371,"Chippewa, Wisconsin",0.0
372,"Chisago, Minnesota",0.0
373,"Chittenden, Vermont",0.0
374,"Choctaw, Alabama",0.0
375,"Chouteau, Montana",0.0
376,"Chowan, North Carolina",0.0
377,"Christian, Illinois",0.0006875
378,"Christian, Kentucky",0.0
379,"Churchill, Nevada",0.0
380,"Cibola, New Mexico",0.0
381,"Citrus county, Florida",0.0
382,"Citrus, Florida",0.0
383,"Clackamas, Oregon",0.00010749185667752443
384,"Claiborne, Louisiana",0.0
385,"Clallam, Washington",0.0
386,"Clare, Michigan",0.0
387,"Clarendon, South Carolina",0.0
388,"Clarion, Pennsylvania",0.0
389,"Clark county, Nevada",0.0
390,"Clark, Arkansas",0.0
391,"Clark, Illinois",0.0
392,"Clark, Indiana",0.0
393,"Clark, Kentucky",0.0
394,"Clark, Nevada",0.0
395,"Clark, Ohio",0.006521739130434782
396,"Clark, South Dakota",0.0
397,"Clark, Washington",0.0
398,"Clark, Wisconsin",0.0
399,"Clarke, Alabama",0.0
400,"Clarke, Iowa",0.0
401,"Clarke, Virginia",0.0
402,"Clatsop, Oregon",0.0
403,"Clay, Alabama",0.0
404,"Clay, Arkansas",0.0
405,"Clay, Florida",0.0
406,"Clay, Illinois",0.0
407,"Clay, Indiana",0.0
408,"Clay, Iowa",0.0
409,"Clay, Kentucky",0.0
410,"Clay, Minnesota",0.0
411,"Clay, Nebraska",0.0
412,"Clay, North Carolina",0.0
413,"Clay, South Dakota",0.0
414,"Clay, Texas",0.0
415,"Clay, West Virginia",0.0
416,"Clayton, Iowa",0.0
417,"Clearfield county, Pennsylvania",0.0
418,"Clearfield, Pennsylvania",0.0
419,"Clearwater, Idaho",0.0
420,"Clearwater, Minnesota",0.0
421,"Cleburne, Alabama",0.0
422,"Cleburne, Arkansas",0.0
423,"Clermont, Ohio",0.0
424,"Cleveland, Arkansas",0.0
425,"Cleveland, North Carolina",0.0
426,"Clinton, Illinois",0.0006571428571428571
427,"Clinton, Indiana",0.0
428,"Clinton, Iowa",0.0
429,"Clinton, Kentucky",0.0
430,"Clinton, New York",0.0
431,"Clinton, Pennsylvania",0.0
432,"Cochise, Arizona",0.00010158730158730159
433,"Cochran, Texas",0.0
434,"Coconino, Arizona",0.00016666666666666666
435,"Codington, South Dakota",0.0
436,"Coffee, Alabama",0.0
437,"Coke, Texas",0.0
438,"Colbert, Alabama",0.0
439,"Cole, Missouri",0.0
440,"Coleman, Texas",0.0
441,"Coles, Illinois",0.0014642857142857144
442,"Colfax, Nebraska",0.0
443,"Colfax, New Mexico",0.0
444,"Colleton, South Carolina",0.0
445,"Collier, Florida",0.0
446,"Collin, Texas",0.0
447,"Collingsworth, Texas",0.0
448,"Colorado, Texas",0.0
449,"Columbia, Arkansas",0.0
450,"Columbia, Florida",0.0
451,"Columbia, New York",0.0
452,"Columbia, Oregon",0.0
453,"Columbia, Pennsylvania",0.0
454,"Columbia, Washington",0.0
455,"Columbia, Wisconsin",0.0
456,"Columbiana, Ohio",0.0
457,"Columbus county, North Carolina",0.0
458,"Columbus, North Carolina",0.0
459,"Colusa, California",0.0
460,"Comal, Texas",0.0
461,"Comanche, Texas",0.0
462,"Concho, Texas",0.0
463,"Concordia, Louisiana",0.0
464,"Conecuh, Alabama",0.0
465,"Contra costa, California",0.0
466,"Converse, Wyoming",0.0
467,"Conway, Arkansas",0.0
468,"Cook, Illinois",0.013468013468013467
469,"Cook, Minnesota",0.0
470,"Cooke, Texas",0.0026984126984126986
471,"Coos, New Hampshire",0.0
472,"Coos, Oregon",0.0
473,"Coosa, Alabama",0.0
474,"Corson, South Dakota",0.0
475,"Cortland, New York",0.0
476,"Coryell, Texas",0.0
477,"Coshocton, Ohio",0.0
478,"Cottle, Texas",0.0
479,"Cottonwood, Minnesota",0.0
480,"Covington, Alabama",0.0
481,"Covington, Virginia",0.0
482,"Cowlitz, Washington",0.0
483,"Craighead, Arkansas",0.0
484,"Crane, Texas",0.0
485,"Craven, North Carolina",0.0
486,"Crawford county, Pennsylvania",0.0
487,"Crawford, Arkansas",0.0
488,"Crawford, Illinois",0.0
489,"Crawford, Indiana",0.0
490,"Crawford, Iowa",0.0
491,"Crawford, Michigan",0.0
492,"Crawford, Pennsylvania",0.0
493,"Crawford, Wisconsin",0.0
494,"Crenshaw, Alabama",0.0
495,"Crittenden, Arkansas",0.0
496,"Crittenden, Kentucky",0.0
497,"Crockett, Texas",0.0
498,"Crook, Oregon",0.0
499,"Crook, Wyoming",0.0
500,"Crosby, Texas",0.0
501,"Cross, Arkansas",0.0
502,"Crow wing, Minnesota",0.0
503,"Culberson, Texas",0.0
504,"Cullman, Alabama",0.0
505,"Culpeper, Virginia",0.0
506,"Cumberland county, Pennsylvania",0.0
507,"Cumberland, Illinois",0.0
508,"Cumberland, Kentucky",0.0
509,"Cumberland, Maine",0.0
510,"Cumberland, New Jersey",0.0
511,"Cumberland, North Carolina",0.0
512,"Cumberland, Pennsylvania",0.0
513,"Cumberland, Virginia",0.0
514,"Cuming, Nebraska",0.0
515,"Currituck, North Carolina",0.0
516,"Curry, New Mexico",0.0
517,"Curry, Oregon",0.0
518,"Custer, Idaho",0.0
519,"Custer, Montana",0.0
520,"Custer, Nebraska",0.0
521,"Custer, South Dakota",0.0
522,"Cuyahoga, Ohio",0.0
523,"Dade, Florida",0.0
524,"Daggett, Utah",0.0
525,"Dakota, Minnesota",0.0
526,"Dakota, Nebraska",0.0
527,"Dale, Alabama",0.0
528,"Dallam, Texas",0.0
529,"Dallas, Alabama",0.0
530,"Dallas, Arkansas",0.0
531,"Dallas, Iowa",0.0
532,"Dallas, Texas",0.0006896551724137932
533,"Dane, Wisconsin",0.0
534,"Daniels, Montana",0.0
535,"Danville, Virginia",0.0
536,"Dare, North Carolina",0.0
537,"Darlington, South Carolina",0.0
538,"Dauphin county, Pennsylvania",0.0
539,"Dauphin, Pennsylvania",0.0
540,"Davidson, North Carolina",0.0
541,"Davie, North Carolina",0.0
542,"Daviess, Indiana",0.0
543,"Daviess, Kentucky",0.0
544,"Davis, Iowa",0.0
545,"Davis, Utah",0.0
546,"Dawes, Nebraska",0.0
547,"Dawson, Montana",0.0
548,"Dawson, Nebraska",0.0
549,"Dawson, Texas",0.0
550,"Day, South Dakota",0.0
551,"De baca, New Mexico",0.0
552,"De kalb, Indiana",0.0
553,"De soto, Florida",0.0
554,"De soto, Louisiana",0.0
555,"De witt, Illinois",0.0
556,"Deaf smith, Texas",0.0
557,"Dearborn, Indiana",0.0
558,"Decatur, Indiana",0.0
559,"Decatur, Iowa",0.0
560,"Deer lodge, Montana",0.0
561,"Defiance, Ohio",0.0
562,"Dekalb, Alabama",0.0
563,"Dekalb, Illinois",0.0
564,"Dekalb, Indiana",0.0
565,"Delaware, Indiana",0.0
566,"Delaware, Iowa",0.0
567,"Delaware, New York",0.0
568,"Delaware, Ohio",0.0
569,"Delaware, Pennsylvania",0.0
570,"Delta, Texas",0.0
571,"Denton, Texas",0.0003111111111111111
572,"Des moines, Iowa",0.0
573,"Deschutes, Oregon",0.0
574,"Desha, Arkansas",0.0
575,"Desoto, Florida",0.0
576,"Deuel, Nebraska",0.0
577,"Dewey, South Dakota",0.0
578,"Dewitt, Texas",0.0
579,"Dickens, Texas",0.0
580,"Dickinson, Iowa",0.0
581,"Dillon, South Carolina",0.0
582,"Dimmit, Texas",0.0
583,"Dinwiddie, Virginia",0.0
584,"District of columbia, District of Columbia",0.0
585,"Dixie, Florida",0.0
586,"Dixon, Nebraska",0.0
587,"Doddridge, West Virginia",0.0
588,"Dodge, Minnesota",0.0
589,"Dodge, Nebraska",0.0
590,"Dodge, Wisconsin",0.0
591,"Dona ana, New Mexico",0.00429563492063492
592,"Donley, Texas",0.0
593,"Door, Wisconsin",0.0
594,"Dorchester, Maryland",0.0
595,"Dorchester, South Carolina",0.0
596,"Douglas, Illinois",0.0
597,"Douglas, Minnesota",0.0
598,"Douglas, Nebraska",0.0
599,"Douglas, Nevada",0.0
600,"Douglas, Oregon",0.0
601,"Douglas, Washington",0.0
602,"Douglas, Wisconsin",0.0
603,"Drew, Arkansas",0.0
604,"Du page, Illinois",0.0
605,"Dubois, Indiana",0.0
606,"Dubuque, Iowa",0.0
607,"Duchesne, Utah",0.0
608,"Dukes, Massachusetts",0.0
609,"Dundy, Nebraska",0.0
610,"Dunn, Wisconsin",0.0
611,"Dupage, Illinois",0.0029629629629629632
612,"Duplin, North Carolina",0.0
613,"Durham, North Carolina",0.00022962962962962962
614,"Dutchess, New York",0.0
615,"Duval county, Florida",0.0
616,"Duval, Florida",0.0
617,"Duval, Texas",0.0
618,"East baton rouge parish, Louisiana",0.0
619,"East baton rouge, Louisiana",0.0
620,"East carroll, Louisiana",0.0
621,"East feliciana, Louisiana",0.0
622,"Eastland, Texas",0.0
623,"Eau claire, Wisconsin",0.0
624,"Ector, Texas",0.0
625,"Eddy, New Mexico",0.0
626,"Edgar, Illinois",0.001
627,"Edgecombe, North Carolina",0.0
628,"Edmonson, Kentucky",0.0
629,"Edwards, Illinois",0.0
630,"Edwards, Texas",0.0
631,"Effingham, Illinois",0.0
632,"El dorado, California",0.0
633,"El paso, Texas",0.0
634,"Elk, Pennsylvania",0.0
635,"Elkhart, Indiana",0.0
636,"Elko, Nevada",0.0
637,"Elliott, Kentucky",0.0
638,"Ellis, Texas",0.0
639,"Elmore, Alabama",0.0
640,"Elmore, Idaho",0.0
641,"Emery, Utah",0.0
642,"Emmet, Iowa",0.0
643,"Erath, Texas",0.0
644,"Erie county, Pennsylvania",0.0
645,"Erie, New York",0.0
646,"Erie, Ohio",0.0
647,"Erie, Pennsylvania",0.0
648,"Escambia, Alabama",0.0
649,"Escambia, Florida",0.0
650,"Esmeralda, Nevada",0.0
651,"Essex county, New York",0.0
652,"Essex, Massachusetts",0.0
653,"Essex, New Jersey",0.0
654,"Essex, New York",0.0
655,"Essex, Vermont",0.0
656,"Estill, Kentucky",0.0
657,"Etowah, Alabama",0.0
658,"Eureka county, Nevada",0.0
659,"Eureka, Nevada",0.0
660,"Evangeline parish, Louisiana",0.0
661,"Evangeline, Louisiana",0.0
662,"Fairbanks north star, Alaska",0.0
663,"Fairfax, Virginia",0.0
664,"Fairfield, Connecticut",0.0
665,"Fairfield, Ohio",0.0
666,"Fairfield, South Carolina",0.0
667,"Fall river, South Dakota",0.0
668,"Fallon, Montana",0.0
669,"Falls, Texas",0.0
670,"Fannin, Texas",0.0007272727272727273
671,"Faulk, South Dakota",0.0
672,"Fauquier, Virginia",0.0
673,"Fayette, Alabama",0.0
674,"Fayette, Illinois",0.0007297297297297297
675,"Fayette, Indiana",0.0
676,"Fayette, Iowa",0.0
677,"Fayette, Kentucky",0.0
678,"Fayette, Pennsylvania",0.0
679,"Fayette, Texas",0.0
680,"Fayette, West Virginia",0.0
681,"Fergus, Montana",0.0
682,"Ferry, Washington",0.0
683,"Fillmore, Minnesota",0.0
684,"Fillmore, Nebraska",0.0
685,"Fisher, Texas",0.0
686,"Flagler, Florida",0.00024358974358974357
687,"Flathead, Montana",0.0
688,"Fleming, Kentucky",0.0
689,"Florence, South Carolina",0.0
690,"Floyd, Indiana",0.0
691,"Floyd, Iowa",0.0
692,"Floyd, Kentucky",0.0
693,"Floyd, Texas",0.0
694,"Fluvanna, Virginia",0.0
695,"Foard, Texas",0.0
696,"Fond du lac, Wisconsin",0.0
697,"Ford, Illinois",0.0
698,"Forest, Pennsylvania",0.0
699,"Forest, Wisconsin",0.0
700,"Forsyth, North Carolina",0.0
701,"Fort bend county, Texas",0.0
702,"Fort bend, Texas",0.0
703,"Fountain, Indiana",0.0
704,"Franklin county, New York",0.0
705,"Franklin county, Pennsylvania",0.0
706,"Franklin, Alabama",0.0
707,"Franklin, Arkansas",0.0
708,"Franklin, Florida",0.0
709,"Franklin, Idaho",0.0
710,"Franklin, Illinois",0.0
711,"Franklin, Indiana",0.0
712,"Franklin, Iowa",0.0
713,"Franklin, Kentucky",0.0
714,"Franklin, Louisiana",0.0
715,"Franklin, Maine",0.0
716,"Franklin, Massachusetts",0.0
717,"Franklin, Nebraska",0.0
718,"Franklin, New York",0.0
719,"Franklin, North Carolina",0.0
720,"Franklin, Ohio",0.0
721,"Franklin, Pennsylvania",0.0
722,"Franklin, Texas",0.0
723,"Franklin, Vermont",0.0
724,"Franklin, Virginia",0.0
725,"Franklin, Washington",0.0
726,"Frederick, Maryland",0.0
727,"Frederick, Virginia",0.0
728,"Freeborn, Minnesota",0.0
729,"Freestone, Texas",0.0
730,"Fremont, Idaho",0.0
731,"Fremont, Iowa",0.0
732,"Fremont, Wyoming",0.0
733,"Fresno, California",0.0006432748538011696
734,"Frio, Texas",0.0
735,"Frontier, Nebraska",0.0
736,"Fulton, Arkansas",0.0
737,"Fulton, Illinois",0.0
738,"Fulton, Indiana",0.0
739,"Fulton, Kentucky",0.0
740,"Fulton, New York",0.0
741,"Fulton, Ohio",0.0
742,"Fulton, Pennsylvania",0.0
743,"Furnas, Nebraska",0.0
744,"Gadsden, Florida",0.0
745,"Gage, Nebraska",0.0
746,"Gaines, Texas",0.0
747,"Galax, Virginia",0.0
748,"Gallatin, Illinois",0.0
749,"Gallatin, Kentucky",0.0
750,"Gallatin, Montana",0.0
751,"Galveston, Texas",0.0
752,"Garden, Nebraska",0.0
753,"Garfield, Montana",0.0
754,"Garfield, Nebraska",0.0
755,"Garfield, Utah",0.0
756,"Garfield, Washington",0.0
757,"Garland, Arkansas",0.0
758,"Garrard, Kentucky",0.0
759,"Garrett, Maryland",0.0
760,"Garza, Texas",0.0
761,"Gaston, North Carolina",0.0
762,"Gates, North Carolina",0.0
763,"Geauga, Ohio",0.0
764,"Gem, Idaho",0.0
765,"Genesee, New York",0.0
766,"Geneva, Alabama",0.0
767,"Georgetown, South Carolina",0.0
768,"Gibson, Indiana",0.0
769,"Gila, Arizona",0.0
770,"Gilchrist, Florida",0.0
771,"Giles, Tennessee",0.0
772,"Giles, Virginia",0.0
773,"Gillespie, Texas",0.0
774,"Gilliam, Oregon",0.0
775,"Gilmer, West Virginia",0.0
776,"Glacier, Montana",0.0
777,"Glades, Florida",0.0
778,"Glasscock, Texas",0.0
779,"Gloucester, New Jersey",0.0
780,"Gogebic, Michigan",0.0
781,"Golden valley, Montana",0.0
782,"Goliad, Texas",0.0
783,"Gonzales, Texas",0.0
784,"Goochland, Virginia",0.0
785,"Goodhue, Minnesota",0.0
786,"Gooding, Idaho",0.0
787,"Goshen, Wyoming",0.0
788,"Gosper, Nebraska",0.0
789,"Grafton, New Hampshire",0.0
790,"Graham county, Arizona",0.005333333333333333
791,"Graham, Arizona",0.0
792,"Graham, North Carolina",0.0
793,"Grand isle, Vermont",0.0
794,"Grand, Utah",0.0
795,"Granite, Montana",0.0
796,"Grant, Arkansas",0.0
797,"Grant, Indiana",0.0
798,"Grant, Kansas",0.0
799,"Grant, Kentucky",0.0
800,"Grant, Louisiana",0.0
801,"Grant, Minnesota",0.0
802,"Grant, Nebraska",0.0
803,"Grant, New Mexico",0.0
804,"Grant, Oklahoma",0.0
805,"Grant, Oregon",0.0
806,"Grant, South Dakota",0.0
807,"Grant, Washington",0.0
808,"Grant, West Virginia",0.0
809,"Grant, Wisconsin",0.0
810,"Granville, North Carolina",0.0
811,"Gratiot, Michigan",0.0
812,"Graves, Kentucky",0.0
813,"Gray, Texas",0.0
814,"Grays harbor, Washington",0.0
815,"Grayson, Kentucky",0.0
816,"Grayson, Texas",0.0
817,"Grayson, Virginia",0.0
818,"Greeley, Nebraska",0.0
819,"Green lake, Wisconsin",0.0
820,"Green, Kentucky",0.0
821,"Green, Wisconsin",0.0
822,"Greenbrier, West Virginia",0.0
823,"Greene, Alabama",0.0
824,"Greene, Arkansas",0.0
825,"Greene, Illinois",0.0
826,"Greene, Indiana",0.0
827,"Greene, Iowa",0.0
828,"Greene, Missouri",0.0
829,"Greene, New York",0.0
830,"Greene, North Carolina",0.0
831,"Greene, Ohio",0.0
832,"Greene, Pennsylvania",0.0
833,"Greene, Virginia",0.0
834,"Greenlee, Arizona",0.0
835,"Greensville, Virginia",0.0
836,"Greenup, Kentucky",0.0
837,"Greenville, South Carolina",0.0
838,"Greenwood, South Carolina",0.0
839,"Gregg, Texas",0.0
840,"Gregory, South Dakota",0.0
841,"Grimes, Texas",0.0
842,"Grundy, Illinois",0.0
843,"Grundy, Iowa",0.0
844,"Guadalupe, New Mexico",0.0
845,"Guadalupe, Texas",0.0
846,"Guilford, North Carolina",0.0
847,"Guillford, North Carolina",0.0
848,"Gulf, Florida",0.0
849,"Guthrie, Iowa",0.0
850,"Hale, Alabama",0.0
851,"Hale, Texas",0.0
852,"Halifax, North Carolina",0.0
853,"Halifax, Virginia",0.0
854,"Hall, Nebraska",0.0
855,"Hall, Texas",0.0
856,"Hamilton, Florida",0.0
857,"Hamilton, Indiana",0.0
858,"Hamilton, Iowa",0.0
859,"Hamilton, Nebraska",0.0
860,"Hamilton, New York",0.0
861,"Hamilton, Ohio",0.0
862,"Hamilton, Tennessee",0.0
863,"Hamilton, Texas",0.0
864,"Hamlin, South Dakota",0.0
865,"Hampden, Massachusetts",0.0
866,"Hampshire, Massachusetts",0.0
867,"Hampshire, West Virginia",0.0
868,"Hampton, South Carolina",0.0
869,"Hancock, Illinois",0.0
870,"Hancock, Indiana",0.0
871,"Hancock, Iowa",0.0
872,"Hancock, Kentucky",0.0
873,"Hancock, Maine",0.0
874,"Hancock, West Virginia",0.0
875,"Hanover, Virginia",0.0
876,"Hansford, Texas",0.0
877,"Hardee, Florida",0.0
878,"Hardeman, Texas",0.0
879,"Hardin, Illinois",0.0
880,"Hardin, Iowa",0.0
881,"Hardin, Kentucky",0.0
882,"Hardin, Texas",0.0
883,"Harding, New Mexico",0.0
884,"Harding, South Dakota",0.0
885,"Hardy, West Virginia",0.0
886,"Harford county, Maryland",0.0
887,"Harford, Maryland",0.0
888,"Harlan, Kentucky",0.0
889,"Harlan, Nebraska",0.0
890,"Harnett, North Carolina",0.0
891,"Harney, Oregon",0.0
892,"Harris, Texas",0.0003255208333333333
893,"Harrison, Indiana",0.0
894,"Harrison, Iowa",0.0
895,"Harrison, Kentucky",0.0
896,"Harrison, Texas",0.001276595744680851
897,"Harrison, West Virginia",0.0
898,"Harrisonburg, Virginia",0.0
899,"Hart, Kentucky",0.0
900,"Hartford, Connecticut",0.0
901,"Hartley, Texas",0.0
902,"Haskell, Texas",0.0
903,"Hawaii, Hawaii",0.0
904,"Hawkins, Tennessee",0.0
905,"Hayes, Nebraska",0.0
906,"Hays, Texas",0.0
907,"Haywood, North Carolina",0.0
908,"Hemphill, Texas",0.0
909,"Hempstead, Arkansas",0.0
910,"Henderson, Illinois",0.0
911,"Henderson, Kentucky",0.0
912,"Henderson, North Carolina",0.0
913,"Henderson, Texas",0.0
914,"Hendricks, Indiana",0.0
915,"Hendry, Florida",0.0
916,"Hennepin, Minnesota",0.0
917,"Henrico, Virginia",0.0
918,"Henry, Alabama",0.0
919,"Henry, Illinois",0.0
920,"Henry, Indiana",0.0
921,"Henry, Iowa",0.0
922,"Henry, Kentucky",0.0
923,"Henry, Ohio",0.0
924,"Henry, Virginia",0.0
925,"Herkimer, New York",0.0
926,"Hernando, Florida",0.0006296296296296297
927,"Hertford, North Carolina",0.0
928,"Hickman, Kentucky",0.0
929,"Hidalgo, New Mexico",0.0
930,"Hidalgo, Texas",0.0
931,"Highland, Ohio",0.0
932,"Highlands, Florida",0.0
933,"Hill, Montana",0.0
934,"Hill, Texas",0.0
935,"Hills, Florida",0.0
936,"Hills, New Hampshire",0.0
937,"Hillsborough county, Florida",0.0
938,"Hillsborough county, New Hampshire",0.0
939,"Hillsborough, Florida",0.0
940,"Hillsborough, New Hampshire",0.0
941,"Hitchcock, Nebraska",0.0
942,"Hocking, Ohio",0.0
943,"Hockley, Texas",0.0
944,"Hoke, North Carolina",0.0
945,"Holmes, Florida",0.0
946,"Holmes, Ohio",0.0
947,"Holt, Nebraska",0.0
948,"Honolulu, Hawaii",0.0
949,"Hood river, Oregon",0.0
950,"Hood, Texas",0.0
951,"Hooker, Nebraska",0.0
952,"Hopewell, Virginia",0.0
953,"Hopkins, Kentucky",0.0
954,"Hopkins, Texas",0.0
955,"Horry, South Carolina",0.0
956,"Hot spring, Arkansas",0.0
957,"Hot springs, Wyoming",0.0
958,"Houston, Alabama",0.0
959,"Houston, Minnesota",0.0
960,"Houston, Texas",0.0
961,"Howard, Arkansas",0.0
962,"Howard, Indiana",0.0
963,"Howard, Iowa",0.0
964,"Howard, Maryland",0.0
965,"Howard, Nebraska",0.0
966,"Howard, Texas",0.0
967,"Hubbard, Minnesota",0.0
968,"Hudson, New Jersey",0.0
969,"Hudspeth, Texas",0.0
970,"Hughes, South Dakota",0.0
971,"Humboldt, Iowa",0.0
972,"Humboldt, Nevada",0.0
973,"Hunt, Texas",0.0
974,"Hunterdon, New Jersey",0.0
975,"Huntingdon, Pennsylvania",0.0
976,"Huntington, Indiana",0.0
977,"Huron, Ohio",0.0
978,"Hutchinson, Texas",0.0
979,"Hyde, North Carolina",0.0
980,"Iberia parish, Louisiana",0.0
981,"Iberia, Louisiana",0.0
982,"Iberville, Louisiana",0.0
983,"Ida, Iowa",0.0
984,"Idaho, Idaho",0.0
985,"Imperial, California",0.0
986,"Independence, Arkansas",0.0
987,"Indian river, Florida",0.0
988,"Indiana, Pennsylvania",0.0
989,"Ingham, Michigan",0.0
990,"Inyo, California",0.0
991,"Iowa, Iowa",0.0
992,"Iowa, Wisconsin",0.0
993,"Iredell, North Carolina",0.0
994,"Irion, Texas",0.0
995,"Iron, Michigan",0.0
996,"Iron, Utah",0.0
997,"Iroquois, Illinois",0.0005465116279069767
998,"Isabella, Michigan",0.0
999,"Isanti, Minnesota",0.0
1000,"Island, Washington",0.0
1001,"Itasca, Minnesota",0.0
1002,"Izard, Arkansas",0.0
1003,"Jack, Texas",0.0
1004,"Jackson county, Florida",0.0
1005,"Jackson, Alabama",0.0
1006,"Jackson, Arkansas",0.0
1007,"Jackson, Florida",0.0
1008,"Jackson, Illinois",0.0
1009,"Jackson, Indiana",0.0
1010,"Jackson, Iowa",0.0
1011,"Jackson, Kentucky",0.0
1012,"Jackson, Louisiana",0.0
1013,"Jackson, Michigan",0.0
1014,"Jackson, Minnesota",0.0
1015,"Jackson, Missouri",0.0
1016,"Jackson, North Carolina",8.92018779342723e-05
1017,"Jackson, Oregon",0.0
1018,"Jackson, Texas",0.0
1019,"Jackson, West Virginia",0.0
1020,"Jackson, Wisconsin",0.0
1021,"James city, Virginia",0.0
1022,"Jasper, Illinois",0.0
1023,"Jasper, Indiana",0.0
1024,"Jasper, Iowa",0.0
1025,"Jasper, Missouri",0.0
1026,"Jasper, South Carolina",0.0
1027,"Jasper, Texas",0.0
1028,"Jay, Indiana",0.0
1029,"Jeff davis, Texas",0.0
1030,"Jefferson county, Florida",0.0
1031,"Jefferson county, Pennsylvania",0.0
1032,"Jefferson davis, Louisiana",0.0
1033,"Jefferson, Alabama",0.0
1034,"Jefferson, Arkansas",0.0
1035,"Jefferson, Florida",0.0
1036,"Jefferson, Idaho",0.0
1037,"Jefferson, Indiana",0.0
1038,"Jefferson, Iowa",0.0
1039,"Jefferson, Kentucky",0.0
1040,"Jefferson, Louisiana",0.0
1041,"Jefferson, Montana",0.0
1042,"Jefferson, Nebraska",0.0
1043,"Jefferson, New York",0.0
1044,"Jefferson, Oregon",0.0
1045,"Jefferson, Pennsylvania",0.0
1046,"Jefferson, Texas",0.0
1047,"Jefferson, Washington",0.0
1048,"Jefferson, West Virginia",0.0
1049,"Jefferson, Wisconsin",0.0
1050,"Jennings, Indiana",0.003157894736842105
1051,"Jerauld, South Dakota",0.0
1052,"Jerome, Idaho",0.0
1053,"Jersey, Illinois",0.0
1054,"Jessamine, Kentucky",0.0
1055,"Jim hogg, Texas",0.0
1056,"Jim wells, Texas",0.0
1057,"Jo daviess, Illinois",0.0
1058,"Johnson, Arkansas",0.0
1059,"Johnson, Illinois",0.0
1060,"Johnson, Indiana",0.0
1061,"Johnson, Iowa",0.0
1062,"Johnson, Kansas",0.0
1063,"Johnson, Kentucky",0.0
1064,"Johnson, Missouri",0.0
1065,"Johnson, Nebraska",0.0
1066,"Johnson, Texas",0.00021621621621621621
1067,"Johnson, Wyoming",0.0
1068,"Johnston, North Carolina",0.0
1069,"Jones, Iowa",0.0
1070,"Jones, North Carolina",0.0
1071,"Jones, Texas",0.0
1072,"Josephine, Oregon",0.0
1073,"Juab, Utah",0.0
1074,"Judith basin, Montana",0.0
1075,"Juneau city and, Alaska",0.0
1076,"Juneau, Wisconsin",0.0
1077,"Juniata, Pennsylvania",0.0
1078,"Kalamazoo, Michigan",0.0
1079,"Kanabec, Minnesota",0.0
1080,"Kanawha, West Virginia",0.0
1081,"Kandiyohi, Minnesota",0.0
1082,"Kane, Illinois",0.0005667870036101084
1083,"Kane, Utah",0.0
1084,"Kankakee, Illinois",0.0003333333333333333
1085,"Karnes, Texas",0.0
1086,"Kauai, Hawaii",0.0
1087,"Kaufman, Texas",0.0
1088,"Kearney, Nebraska",0.0
1089,"Keith, Nebraska",0.0
1090,"Kendall, Illinois",0.0
1091,"Kendall, Texas",0.0
1092,"Kenedy, Texas",0.0
1093,"Kennebec, Maine",0.0
1094,"Kenosha, Wisconsin",0.0
1095,"Kent, Maryland",0.0
1096,"Kent, Michigan",0.0
1097,"Kent, Rhode Island",0.0
1098,"Kent, Texas",0.0
1099,"Kenton, Kentucky",0.0
1100,"Keokuk, Iowa",0.0
1101,"Kern, California",0.001484848484848485
1102,"Kerr, Texas",0.0
1103,"Kershaw, South Carolina",0.0
1104,"Ketchikan gateway, Alaska",0.0
1105,"Kewaunee, Wisconsin",0.0
1106,"Keya paha, Nebraska",0.0
1107,"Kimball, Nebraska",0.0
1108,"Kimble, Texas",0.0
1109,"King george, Virginia",0.0
1110,"King, Texas",0.0
1111,"King, Washington",0.0
1112,"Kings, California",0.0
1113,"Kingsbury, South Dakota",0.0
1114,"Kinney, Texas",0.0
1115,"Kitsap, Washington",0.0
1116,"Kittitas, Washington",0.0009117647058823529
1117,"Kittson, Minnesota",0.0
1118,"Klamath, Oregon",0.0
1119,"Kleberg, Texas",0.0
1120,"Klickitat, Washington",0.0
1121,"Knott, Kentucky",0.0
1122,"Knox, Illinois",0.0
1123,"Knox, Indiana",0.0
1124,"Knox, Kentucky",0.0
1125,"Knox, Maine",0.0
1126,"Knox, Nebraska",0.0
1127,"Knox, Ohio",0.0
1128,"Knox, Tennessee",0.0
1129,"Knox, Texas",0.0
1130,"Koochiching county, Minnesota",0.0
1131,"Koochiching, Minnesota",0.0
1132,"Kootenai, Idaho",0.0
1133,"Kosciusko, Indiana",0.0
1134,"Kossuth, Iowa",0.0
1135,"La crosse, Wisconsin",0.0
1136,"La grange, Indiana",0.0
1137,"La paz, Arizona",0.0
1138,"La plata, Colorado",0.0
1139,"La porte, Indiana",0.0
1140,"La salle, Illinois",0.0
1141,"La salle, Louisiana",0.0
1142,"La salle, Texas",0.0
1143,"Lac qui parle, Minnesota",0.0
1144,"Lackawanna, Pennsylvania",0.0
1145,"Lafayette parish, Louisiana",0.0
1146,"Lafayette, Arkansas",0.0
1147,"Lafayette, Florida",0.0
1148,"Lafayette, Louisiana",0.0
1149,"Lafayette, Wisconsin",0.0
1150,"Lafourche, Louisiana",0.0
1151,"Lagrange, Indiana",0.0
1152,"Lake, California",0.0
1153,"Lake, Florida",0.0
1154,"Lake, Illinois",0.00028785046728971965
1155,"Lake, Indiana",0.0
1156,"Lake, Michigan",0.0
1157,"Lake, Minnesota",0.0
1158,"Lake, Montana",0.0
1159,"Lake, Oregon",0.0
1160,"Lake, South Dakota",0.0
1161,"Lamar, Alabama",0.0
1162,"Lamar, Texas",0.0
1163,"Lamb, Texas",0.0
1164,"Lamoille, Vermont",0.0
1165,"Lampasas, Texas",0.0
1166,"Lancaster county, Pennsylvania",0.0
1167,"Lancaster, Nebraska",0.0
1168,"Lancaster, Pennsylvania",0.0
1169,"Lancaster, South Carolina",0.0
1170,"Lancaster, Virginia",0.0
1171,"Lander, Nevada",0.0
1172,"Lane, Oregon",0.0
1173,"Lapeer, Michigan",0.0
1174,"Laporte, Indiana",0.0
1175,"Laramie, Wyoming",0.0
1176,"Larue, Kentucky",0.0
1177,"Lasalle, Illinois",0.0006194690265486726
1178,"Latah, Idaho",0.0
1179,"Lauderdale, Alabama",0.0
1180,"Laurel, Kentucky",0.0
1181,"Laurens, South Carolina",0.0
1182,"Lavaca, Texas",0.0
1183,"Lawrence county, Arkansas",0.0
1184,"Lawrence, Alabama",0.0
1185,"Lawrence, Arkansas",0.0
1186,"Lawrence, Illinois",0.0
1187,"Lawrence, Indiana",0.0
1188,"Lawrence, Kentucky",0.0
1189,"Lawrence, Ohio",0.0
1190,"Lawrence, Pennsylvania",0.0
1191,"Lawrence, South Dakota",0.0
1192,"Le sueur, Minnesota",0.0
1193,"Lea, New Mexico",0.0
1194,"Lebanon county, Pennsylvania",0.0
1195,"Lebanon, Pennsylvania",0.0
1196,"Lee county, South Carolina",0.0
1197,"Lee, Alabama",0.0
1198,"Lee, Arkansas",0.0
1199,"Lee, Florida",0.0
1200,"Lee, Illinois",0.0
1201,"Lee, Iowa",0.0
1202,"Lee, Kentucky",0.0
1203,"Lee, North Carolina",0.0
1204,"Lee, South Carolina",0.0
1205,"Lee, Texas",0.0
1206,"Lee, Virginia",0.0
1207,"Leelanau, Michigan",0.0
1208,"Lehigh county, Pennsylvania",0.0
1209,"Lehigh, Pennsylvania",0.0007368421052631579
1210,"Lemhi, Idaho",0.0
1211,"Lenoir, North Carolina",0.0
1212,"Leon, Florida",0.0
1213,"Leon, Texas",0.0
1214,"Leslie, Kentucky",0.0
1215,"Letcher, Kentucky",0.0
1216,"Levy county, Florida",0.0
1217,"Levy, Florida",0.0
1218,"Lewis and clark, Montana",0.0
1219,"Lewis county, Washington",0.0
1220,"Lewis, Idaho",0.0
1221,"Lewis, Kentucky",0.0
1222,"Lewis, New York",0.0
1223,"Lewis, Washington",0.0
1224,"Lewis, West Virginia",0.0
1225,"Lexington county, South Carolina",0.0
1226,"Lexington, South Carolina",0.0
1227,"Liberty, Florida",0.0
1228,"Liberty, Montana",0.0
1229,"Liberty, Texas",0.0
1230,"Licking, Ohio",0.0
1231,"Limestone, Alabama",0.0
1232,"Limestone, Texas",0.0
1233,"Lincoln parish, Louisiana",0.0
1234,"Lincoln, Arkansas",0.0
1235,"Lincoln, Idaho",0.0
1236,"Lincoln, Kentucky",0.0
1237,"Lincoln, Louisiana",0.0
1238,"Lincoln, Minnesota",0.0
1239,"Lincoln, Montana",0.0
1240,"Lincoln, Nebraska",0.0
1241,"Lincoln, Nevada",0.0
1242,"Lincoln, New Mexico",0.0
1243,"Lincoln, North Carolina",0.0
1244,"Lincoln, Oregon",0.0
1245,"Lincoln, Washington",0.0
1246,"Lincoln, West Virginia",0.0
1247,"Lincoln, Wisconsin",0.0
1248,"Lincoln, Wyoming",0.0
1249,"Linn county, Oregon",0.0
1250,"Linn, Iowa",0.0
1251,"Linn, Oregon",0.0
1252,"Lipscomb, Texas",0.0
1253,"Litchfield, Connecticut",0.0
1254,"Little river, Arkansas",0.0
1255,"Live oak, Texas",0.0
1256,"Livingston county, New York",0.0
1257,"Livingston, Illinois",0.0
1258,"Livingston, Kentucky",0.0
1259,"Livingston, Louisiana",0.0
1260,"Livingston, New York",0.0
1261,"Llano, Texas",0.0
1262,"Logan, Arkansas",0.0
1263,"Logan, Illinois",0.0
1264,"Logan, Nebraska",0.0
1265,"Logan, Ohio",0.0
1266,"Logan, West Virginia",0.0
1267,"Lonoke, Arkansas",0.0
1268,"Los alamos, New Mexico",0.0
1269,"Los angeles, California",1.2037037037037037e-05
1270,"Loudon, Tennessee",0.0
1271,"Loudoun, Virginia",0.0
1272,"Louisa, Iowa",0.0
1273,"Louisa, Virginia",0.0
1274,"Loup, Nebraska",0.0
1275,"Loving, Texas",0.0
1276,"Lowndes, Alabama",0.0
1277,"Lubbock, Texas",0.0
1278,"Lucas, Iowa",0.0
1279,"Lucas, Ohio",0.0
1280,"Luna, New Mexico",0.0
1281,"Lunenburg, Virginia",0.0
1282,"Luzerne county, Pennsylvania",0.0
1283,"Luzerne, Pennsylvania",0.0
1284,"Lycoming county, Pennsylvania",0.0
1285,"Lycoming, Pennsylvania",0.0
1286,"Lyman, South Dakota",0.0
1287,"Lynchburg, Virginia",0.0
1288,"Lynn, Texas",0.0
1289,"Lyon, Iowa",0.0
1290,"Lyon, Kentucky",0.0
1291,"Lyon, Minnesota",0.0
1292,"Lyon, Nevada",0.0
1293,"Macon, Alabama",0.0
1294,"Macon, Illinois",0.0
1295,"Macon, North Carolina",0.0
1296,"Macoupin, Illinois",0.0006451612903225806
1297,"Madera county, California",0.0
1298,"Madera, California",0.0
1299,"Madison, Alabama",0.0
1300,"Madison, Florida",0.0
1301,"Madison, Idaho",0.0
1302,"Madison, Illinois",0.0
1303,"Madison, Indiana",0.0
1304,"Madison, Iowa",0.0
1305,"Madison, Kentucky",0.0
1306,"Madison, Louisiana",0.0
1307,"Madison, Montana",0.0
1308,"Madison, Nebraska",0.0
1309,"Madison, New York",0.0
1310,"Madison, North Carolina",0.0
1311,"Madison, Texas",0.0
1312,"Madison, Virginia",0.0
1313,"Magoffin, Kentucky",0.0
1314,"Mahaska, Iowa",0.0
1315,"Mahnomen, Minnesota",0.0
1316,"Malheur, Oregon",0.0
1317,"Manassas, Virginia",0.0
1318,"Manatee county, Florida",0.0
1319,"Manatee, Florida",0.0
1320,"Manitowoc, Wisconsin",0.0
1321,"Marathon, Wisconsin",0.0
1322,"Marengo, Alabama",0.0
1323,"Maricopa, Arizona",4.8375950241879754e-05
1324,"Marin, California",0.0
1325,"Marinette, Wisconsin",0.0
1326,"Marion, Alabama",0.0
1327,"Marion, Arkansas",0.0
1328,"Marion, Florida",5.773672055427252e-05
1329,"Marion, Illinois",0.0
1330,"Marion, Indiana",0.0009831460674157304
1331,"Marion, Iowa",0.0
1332,"Marion, Kentucky",0.0
1333,"Marion, Ohio",0.0
1334,"Marion, Oregon",0.0
1335,"Marion, South Carolina",0.0
1336,"Marion, Texas",0.0
1337,"Marion, West Virginia",0.0
1338,"Mariposa, California",0.0
1339,"Marlboro, South Carolina",0.0
1340,"Marquette, Wisconsin",0.0
1341,"Marshall, Alabama",0.0
1342,"Marshall, Illinois",0.0
1343,"Marshall, Indiana",0.0
1344,"Marshall, Iowa",0.0
1345,"Marshall, Kentucky",0.0
1346,"Marshall, Minnesota",0.0
1347,"Marshall, West Virginia",0.0
1348,"Martin county, Florida",0.0
1349,"Martin, Florida",0.0
1350,"Martin, Indiana",0.0
1351,"Martin, Kentucky",0.0
1352,"Martin, Minnesota",0.0
1353,"Martin, North Carolina",0.0
1354,"Martin, Texas",0.0
1355,"Martinsville, Virginia",0.0
1356,"Mason, Illinois",0.001588235294117647
1357,"Mason, Kentucky",0.0
1358,"Mason, Texas",0.0
1359,"Mason, Washington",0.0
1360,"Mason, West Virginia",0.0
1361,"Massac, Illinois",0.0
1362,"Matagorda, Texas",0.0
1363,"Maui, Hawaii",0.0006896551724137932
1364,"Maverick, Texas",0.0
1365,"Mccone, Montana",0.0
1366,"Mccook, South Dakota",0.0
1367,"Mccormick, South Carolina",0.0
1368,"Mccracken, Kentucky",0.0
1369,"Mccreary, Kentucky",0.0
1370,"Mcculloch, Texas",0.0
1371,"Mcdonough, Illinois",0.0
1372,"Mcdowell, North Carolina",0.0
1373,"Mcdowell, West Virginia",0.0
1374,"Mchenry, Illinois",0.0
1375,"Mckean county, Pennsylvania",0.0
1376,"Mckean, Pennsylvania",0.0
1377,"Mckinley, New Mexico",0.0
1378,"Mclean, Illinois",0.00029729729729729726
1379,"Mclean, Kentucky",0.0
1380,"Mclennan, Texas",0.0
1381,"Mcleod, Minnesota",0.0
1382,"Mcmullen, Texas",0.0
1383,"Mcpherson, Nebraska",0.0
1384,"Meade, Kentucky",0.0
1385,"Meade, South Dakota",0.0
1386,"Meagher, Montana",0.0
1387,"Mecklenburg, North Carolina",0.0
1388,"Mecklenburg, Virginia",0.0
1389,"Medina, Ohio",0.0
1390,"Medina, Texas",0.0
1391,"Meeker, Minnesota",0.0
1392,"Meigs, Ohio",0.0
1393,"Menard, Illinois",0.0
1394,"Menard, Texas",0.0
1395,"Mendocino, California",0.0
1396,"Menifee, Kentucky",0.0
1397,"Merced, California",0.0
1398,"Mercer county, Pennsylvania",0.0
1399,"Mercer, Illinois",0.0
1400,"Mercer, Kentucky",0.0
1401,"Mercer, New Jersey",0.0
1402,"Mercer, Pennsylvania",0.0
1403,"Mercer, West Virginia",0.0
1404,"Merrick, Nebraska",0.0
1405,"Merrimack, New Hampshire",0.0
1406,"Miami, Indiana",0.002285714285714286
1407,"Miami, Ohio",0.0
1408,"Miami-dade, Florida",0.0
1409,"Middlesex, Connecticut",0.0
1410,"Middlesex, Massachusetts",0.0
1411,"Middlesex, New Jersey",0.0
1412,"Midland, Texas",0.0
1413,"Mifflin county, Pennsylvania",0.0
1414,"Mifflin, Pennsylvania",0.0
1415,"Milam, Texas",0.0
1416,"Millard, Utah",0.0
1417,"Mille lacs county, Minnesota",0.0
1418,"Mille lacs, Minnesota",0.0
1419,"Miller, Arkansas",0.0
1420,"Mills, Iowa",0.0
1421,"Mills, Texas",0.0
1422,"Milwaukee, Wisconsin",0.0
1423,"Miner, South Dakota",0.0
1424,"Mineral, Montana",0.0
1425,"Mineral, Nevada",0.0
1426,"Mineral, West Virginia",0.0
1427,"Mingo, West Virginia",0.0
1428,"Minidoka, Idaho",0.0
1429,"Minnehaha, South Dakota",0.0
1430,"Mississippi, Arkansas",0.0
1431,"Missoula, Montana",0.0
1432,"Mitchell, Iowa",0.0
1433,"Mitchell, North Carolina",0.0
1434,"Mitchell, Texas",0.0
1435,"Mobile, Alabama",0.0
1436,"Modoc, California",0.0
1437,"Mohave, Arizona",0.0
1438,"Monmouth, New Jersey",0.0
1439,"Mono, California",0.0
1440,"Monona, Iowa",0.0
1441,"Monongalia, West Virginia",0.0
1442,"Monroe county, Pennsylvania",0.0
1443,"Monroe, Alabama",0.0
1444,"Monroe, Arkansas",0.0
1445,"Monroe, Florida",0.0
1446,"Monroe, Illinois",0.0
1447,"Monroe, Indiana",0.0
1448,"Monroe, Kentucky",0.0
1449,"Monroe, New York",0.0
1450,"Monroe, Ohio",0.0
1451,"Monroe, Pennsylvania",0.0
1452,"Monroe, West Virginia",0.0004421052631578947
1453,"Monroe, Wisconsin",0.0
1454,"Montague, Texas",0.0
1455,"Monterey, California",0.0
1456,"Montgomery county, Pennsylvania",0.0
1457,"Montgomery, Alabama",0.0
1458,"Montgomery, Arkansas",0.0
1459,"Montgomery, Illinois",0.0
1460,"Montgomery, Indiana",0.0
1461,"Montgomery, Iowa",0.0
1462,"Montgomery, Kentucky",0.0
1463,"Montgomery, Maryland",0.0
1464,"Montgomery, New York",0.0
1465,"Montgomery, North Carolina",0.0
1466,"Montgomery, Ohio",0.0
1467,"Montgomery, Pennsylvania",0.0
1468,"Montgomery, Texas",0.0
1469,"Montgomery, Virginia",0.0
1470,"Montour, Pennsylvania",0.0
1471,"Moody, South Dakota",0.0
1472,"Moore county, Texas",0.0
1473,"Moore, North Carolina",0.0
1474,"Moore, Texas",0.0
1475,"Mora, New Mexico",0.0
1476,"Morehouse, Louisiana",0.0
1477,"Morgan, Alabama",0.0
1478,"Morgan, Illinois",0.0
1479,"Morgan, Indiana",0.0
1480,"Morgan, Kentucky",0.0
1481,"Morgan, Tennessee",0.0
1482,"Morgan, Utah",0.0
1483,"Morgan, West Virginia",0.0
1484,"Morrill, Nebraska",0.0
1485,"Morris, New Jersey",0.0
1486,"Morris, Texas",0.0
1487,"Morrison, Minnesota",0.0
1488,"Morrow, Ohio",0.0
1489,"Morrow, Oregon",0.0
1490,"Motley, Texas",0.0
1491,"Moultrie, Illinois",0.0
1492,"Mower, Minnesota",0.0
1493,"Muhlenberg, Kentucky",0.0
1494,"Multnomah county, Oregon",0.0
1495,"Multnomah, Oregon",0.0
1496,"Murray, Minnesota",0.0
1497,"Muscatine, Iowa",0.0
1498,"Muskingum, Ohio",0.0
1499,"Musselshell, Montana",0.0
1500,"Nacogdoches, Texas",0.0
1501,"Nance, Nebraska",0.0
1502,"Nantucket, Massachusetts",0.0
1503,"Napa, California",0.0
1504,"Nash, North Carolina",0.0
1505,"Nassau, Florida",0.0
1506,"Nassau, New York",1.2239902080783353e-05
1507,"Natchitoches, Louisiana",0.0
1508,"Natrona, Wyoming",0.0
1509,"Navajo, Arizona",0.0002991452991452992
1510,"Navarro, Texas",0.0
1511,"Nelson, Kentucky",0.0038
1512,"Nelson, Virginia",0.0
1513,"Nemaha, Nebraska",0.0
1514,"Nevada county, Arkansas",0.0
1515,"Nevada, Arkansas",0.0
1516,"Nevada, California",0.0
1517,"New hanover, North Carolina",0.0
1518,"New haven, Connecticut",0.0
1519,"New london, Connecticut",0.0
1520,"Newberry, South Carolina",0.0
1521,"Newport, Rhode Island",0.010344827586206896
1522,"Newton county, Arkansas",0.0
1523,"Newton, Arkansas",0.0
1524,"Newton, Indiana",0.0
1525,"Newton, Missouri",0.0
1526,"Newton, Texas",0.0
1527,"Nez perce, Idaho",0.0
1528,"Niagara, New York",0.0
1529,"Nicholas, Kentucky",0.0
1530,"Nicholas, West Virginia",0.0
1531,"Nicollet, Minnesota",0.0
1532,"Niobrara, Wyoming",0.0
1533,"Noble, Indiana",0.0
1534,"Nobles, Minnesota",0.0
1535,"Nolan, Texas",0.0
1536,"Norfolk, Massachusetts",0.0
1537,"Norfolk, Virginia",0.0
1538,"North slope, Alaska",0.0
1539,"Northampton county, Pennsylvania",0.0
1540,"Northampton, North Carolina",0.0
1541,"Northampton, Pennsylvania",0.0008474576271186442
1542,"Northampton, Virginia",0.0
1543,"Northumberland, Pennsylvania",0.0
1544,"Northumberland, Virginia",0.0
1545,"Nottoway, Virginia",0.0
1546,"Nuckolls, Nebraska",0.0
1547,"Nueces, Texas",0.0
1548,"Nye, Nevada",0.0
1549,"O'brien, Iowa",0.0
1550,"Oakland, Michigan",0.0
1551,"Obrien, Iowa",0.0
1552,"Ocean, New Jersey",0.0
1553,"Ochiltree, Texas",0.0
1554,"Oconee, South Carolina",0.0
1555,"Oconto, Wisconsin",0.0
1556,"Ogle, Illinois",0.0
1557,"Ohio, Indiana",0.0
1558,"Ohio, Kentucky",0.0
1559,"Ohio, West Virginia",0.0
1560,"Okaloosa county, Florida",0.0
1561,"Okaloosa, Florida",0.00014285714285714287
1562,"Okanogan, Washington",0.0
1563,"Okeechobee, Florida",0.0
1564,"Oldham, Kentucky",0.0
1565,"Oldham, Texas",0.0
1566,"Olmsted, Minnesota",0.0
1567,"Oneida, Idaho",0.0
1568,"Oneida, New York",0.0
1569,"Oneida, Wisconsin",0.0
1570,"Onondaga, New York",0.0
1571,"Onslow, North Carolina",0.0
1572,"Ontario, New York",0.0
1573,"Orange, California",0.0
1574,"Orange, Florida",0.0
1575,"Orange, New York",0.0
1576,"Orange, North Carolina",0.0
1577,"Orange, Texas",0.0
1578,"Orange, Vermont",0.0
1579,"Orange, Virginia",0.0
1580,"Orangeburg, South Carolina",0.0
1581,"Orleans, Louisiana",0.0
1582,"Orleans, New York",0.0
1583,"Orleans, Vermont",0.0
1584,"Osceola, Florida",0.0
1585,"Osceola, Iowa",0.0
1586,"Oswego, New York",0.0
1587,"Otero county, New Mexico",0.0
1588,"Otero, New Mexico",0.0
1589,"Otoe, Nebraska",0.0
1590,"Otsego, Michigan",0.0
1591,"Otsego, New York",0.0
1592,"Otter tail, Minnesota",0.0
1593,"Ouachita, Arkansas",0.0
1594,"Ouachita, Louisiana",0.0
1595,"Outagamie, Wisconsin",0.0
1596,"Overton, Tennessee",0.0
1597,"Owen, Indiana",0.0
1598,"Owen, Kentucky",0.0
1599,"Owsley, Kentucky",0.0
1600,"Owyhee, Idaho",0.0
1601,"Oxford, Maine",0.0
1602,"Ozaukee, Wisconsin",0.0
1603,"Pacific, Washington",0.0
1604,"Page, Iowa",0.0
1605,"Page, Virginia",0.0
1606,"Palm beach, Florida",0.0
1607,"Palo alto, Iowa",0.0
1608,"Palo pinto, Texas",0.0
1609,"Pamlico, North Carolina",0.0
1610,"Panola, Texas",0.0
1611,"Park, Montana",0.0
1612,"Park, Wyoming",0.0
1613,"Parke, Indiana",0.0
1614,"Parker, Texas",0.0
1615,"Parmer, Texas",0.0
1616,"Pasco county, Florida",0.0
1617,"Pasco, Florida",0.0009731543624161073
1618,"Pasquotank, North Carolina",0.0
1619,"Passaic, New Jersey",0.0
1620,"Patrick, Virginia",0.0
1621,"Pawnee, Nebraska",0.0
1622,"Payette, Idaho",0.0
1623,"Pecos, Texas",0.0
1624,"Pend oreille, Washington",0.0
1625,"Pender, North Carolina",0.0
1626,"Pendleton, Kentucky",0.0
1627,"Pendleton, West Virginia",0.0
1628,"Pennington, Minnesota",0.0
1629,"Pennington, South Dakota",0.0
1630,"Penobscot, Maine",0.0
1631,"Peoria, Illinois",0.0
1632,"Perkins, Nebraska",0.0
1633,"Perquimans, North Carolina",0.0
1634,"Perry county, Pennsylvania",0.0
1635,"Perry, Alabama",0.0
1636,"Perry, Arkansas",0.0
1637,"Perry, Illinois",0.0
1638,"Perry, Indiana",0.0
1639,"Perry, Kentucky",0.0
1640,"Perry, Pennsylvania",0.0
1641,"Pershing, Nevada",0.0
1642,"Person, North Carolina",0.0
1643,"Petroleum, Montana",0.0
1644,"Pettis, Missouri",0.0
1645,"Phelps, Nebraska",0.0
1646,"Philadelphia, Pennsylvania",0.0
1647,"Phillips, Arkansas",0.0
1648,"Phillips, Montana",0.0
1649,"Piatt, Illinois",0.0
1650,"Pickaway, Ohio",0.0
1651,"Pickens, Alabama",0.0
1652,"Pickens, South Carolina",0.0
1653,"Pierce county, Washington",0.0
1654,"Pierce, Nebraska",0.0
1655,"Pierce, Washington",0.0
1656,"Pierce, Wisconsin",0.0
1657,"Pike, Alabama",0.0
1658,"Pike, Arkansas",0.0
1659,"Pike, Illinois",0.0
1660,"Pike, Indiana",0.0
1661,"Pike, Kentucky",0.0
1662,"Pike, Ohio",0.0
1663,"Pike, Pennsylvania",0.0
1664,"Pima, Arizona",0.0
1665,"Pinal, Arizona",0.00019631901840490797
1666,"Pine, Minnesota",0.0
1667,"Pinellas, Florida",0.0
1668,"Pipestone, Minnesota",0.0
1669,"Piscataquis, Maine",0.0
1670,"Pitt, North Carolina",0.0
1671,"Pittsylvania, Virginia",0.0
1672,"Piute, Utah",0.0
1673,"Placer, California",0.0
1674,"Plaquemines, Louisiana",0.0
1675,"Platte, Missouri",0.0
1676,"Platte, Nebraska",0.0
1677,"Platte, Wyoming",0.0
1678,"Pleasants, West Virginia",0.0
1679,"Plymouth, Iowa",0.0
1680,"Plymouth, Massachusetts",0.0
1681,"Pocahontas, Iowa",0.0
1682,"Pocahontas, West Virginia",0.0
1683,"Poinsett, Arkansas",0.0
1684,"Pointe coupee parish, Louisiana",0.0
1685,"Pointe coupee, Louisiana",0.0
1686,"Polk, Arkansas",0.0
1687,"Polk, Florida",0.0
1688,"Polk, Iowa",0.0
1689,"Polk, Minnesota",0.0
1690,"Polk, Nebraska",0.0
1691,"Polk, North Carolina",0.0
1692,"Polk, Oregon",0.0
1693,"Polk, Texas",0.0006185567010309278
1694,"Pondera, Montana",0.0
1695,"Pope, Arkansas",0.0
1696,"Pope, Illinois",0.0
1697,"Pope, Minnesota",0.0
1698,"Portage, Wisconsin",0.0
1699,"Porter, Indiana",0.0
1700,"Portsmouth, Virginia",0.0
1701,"Posey, Indiana",0.0
1702,"Pottawattamie, Iowa",0.0
1703,"Potter, Pennsylvania",0.0
1704,"Potter, Texas",0.0
1705,"Powder river, Montana",0.0
1706,"Powell, Kentucky",0.0
1707,"Powell, Montana",0.0
1708,"Power, Idaho",0.0
1709,"Poweshiek, Iowa",0.0
1710,"Prairie, Arkansas",0.0
1711,"Prairie, Montana",0.0
1712,"Preble, Ohio",0.0
1713,"Presidio, Texas",0.0
1714,"Presque isle, Michigan",0.0
1715,"Preston, West Virginia",0.0
1716,"Price, Wisconsin",0.0
1717,"Prince george's, Maryland",0.0
1718,"Prince george, Virginia",0.0
1719,"Prince georges, Maryland",0.0
1720,"Prince william, Virginia",0.0
1721,"Providence, Rhode Island",0.0006167400881057269
1722,"Pulaski, Arkansas",0.0
1723,"Pulaski, Illinois",0.0
1724,"Pulaski, Indiana",0.0
1725,"Pulaski, Kentucky",0.0
1726,"Pulaski, Virginia",0.0
1727,"Putnam county, Indiana",0.0
1728,"Putnam, Florida",0.0
1729,"Putnam, Illinois",0.0
1730,"Putnam, Indiana",0.0
1731,"Putnam, New York",0.005917159763313609
1732,"Putnam, Tennessee",0.0
1733,"Putnam, West Virginia",0.0
1734,"Quay, New Mexico",0.0
1735,"Queen anne's, Maryland",0.0
1736,"Racine, Wisconsin",0.0
1737,"Radford, Virginia",0.0
1738,"Rains, Texas",0.0
1739,"Raleigh, West Virginia",0.0
1740,"Ramsey, Minnesota",0.0
1741,"Randall, Texas",0.0
1742,"Randolph, Alabama",0.0
1743,"Randolph, Arkansas",0.0
1744,"Randolph, Illinois",0.0
1745,"Randolph, Indiana",0.0
1746,"Randolph, North Carolina",0.0
1747,"Randolph, West Virginia",0.0
1748,"Rapides, Louisiana",0.0
1749,"Ravalli, Montana",0.0
1750,"Reagan, Texas",0.0
1751,"Real, Texas",0.0
1752,"Red lake, Minnesota",0.0
1753,"Red river, Louisiana",0.0
1754,"Red river, Texas",0.0
1755,"Red willow, Nebraska",0.0
1756,"Redwood, Minnesota",0.0
1757,"Reeves, Texas",0.0
1758,"Refugio, Texas",0.0
1759,"Rensselaer, New York",0.0
1760,"Renville, Minnesota",0.0
1761,"Rice, Minnesota",0.0
1762,"Rich, Utah",0.0
1763,"Richardson, Nebraska",0.0
1764,"Richland, Illinois",0.0
1765,"Richland, Louisiana",0.0
1766,"Richland, Montana",0.0
1767,"Richland, Ohio",0.0
1768,"Richland, South Carolina",0.0
1769,"Richland, Wisconsin",0.0
1770,"Richmond, North Carolina",0.0
1771,"Richmond, Virginia",0.0
1772,"Rio arriba, New Mexico",0.00014102564102564101
1773,"Ripley, Indiana",0.0
1774,"Ritchie, West Virginia",0.0
1775,"Riverside, California",0.0
1776,"Roane, West Virginia",0.0
1777,"Roanoke, Virginia",0.0
1778,"Roberts, South Dakota",0.0
1779,"Roberts, Texas",0.0
1780,"Robertson, Texas",0.0
1781,"Robeson, North Carolina",0.0
1782,"Rock island, Illinois",0.0004961240310077519
1783,"Rock, Minnesota",0.0
1784,"Rock, Nebraska",0.0
1785,"Rock, Wisconsin",0.0
1786,"Rockbridge, Virginia",0.0
1787,"Rockcastle, Kentucky",0.0
1788,"Rockingham, New Hampshire",0.00028384279475982536
1789,"Rockingham, North Carolina",0.0
1790,"Rockingham, Virginia",0.0
1791,"Rockland, New York",0.0
1792,"Roosevelt, Montana",0.0
1793,"Roosevelt, New Mexico",0.0
1794,"Roseau, Minnesota",0.003888888888888889
1795,"Rosebud, Montana",0.0
1796,"Ross, Ohio",0.0
1797,"Rowan county, North Carolina",0.0
1798,"Rowan, Kentucky",0.0
1799,"Rowan, North Carolina",0.0
1800,"Runnels, Texas",0.0
1801,"Rush, Indiana",0.0
1802,"Rusk, Texas",0.0004054054054054054
1803,"Rusk, Wisconsin",0.0
1804,"Russell, Alabama",0.0
1805,"Russell, Kentucky",0.0
1806,"Russell, Virginia",0.0
1807,"Rutherford, North Carolina",0.0
1808,"Rutland, Vermont",0.0
1809,"Sabine, Louisiana",0.0
1810,"Sabine, Texas",0.0
1811,"Sac, Iowa",0.0
1812,"Sacramento county, California",0.0
1813,"Sacramento, California",0.0
1814,"Sagadahoc, Maine",0.0
1815,"Saint bernard, Louisiana",0.0
1816,"Saint charles, Missouri",0.0
1817,"Saint clair, Michigan",0.0
1818,"Saint james, Louisiana",0.0
1819,"Saint landry, Louisiana",0.0
1820,"Saint lawrence, New York",0.0
1821,"Saint louis, Minnesota",0.0
1822,"Saint marys, Maryland",0.0
1823,"Saint tammany, Louisiana",0.0
1824,"Salem, New Jersey",0.0
1825,"Salem, Virginia",0.0
1826,"Saline county, Arkansas",0.0
1827,"Saline, Arkansas",0.0
1828,"Saline, Illinois",0.0
1829,"Saline, Nebraska",0.0
1830,"Salt lake, Utah",0.0
1831,"Saluda, South Carolina",0.0
1832,"Sampson, North Carolina",0.0
1833,"San augustine, Texas",0.0
1834,"San benito, California",0.0
1835,"San bernardino county, California",0.0
1836,"San bernardino, California",0.00012795275590551182
1837,"San diego county, California",0.0
1838,"San diego, California",0.0
1839,"San francisco, California",0.0
1840,"San jacinto, Texas",0.0
1841,"San joaquin, California",0.0
1842,"San juan, New Mexico",0.0
1843,"San juan, Utah",0.0
1844,"San juan, Washington",0.0
1845,"San luis obispo, California",0.0
1846,"San mateo, California",0.0
1847,"San miguel, New Mexico",0.0
1848,"San patricio, Texas",0.0
1849,"San saba, Texas",0.0
1850,"Sanborn, South Dakota",0.0
1851,"Sanders, Montana",0.0
1852,"Sandoval, New Mexico",0.0
1853,"Sandusky, Ohio",0.0
1854,"Sangamon, Illinois",0.0
1855,"Sanpete, Utah",0.0
1856,"Santa barbara, California",0.0
1857,"Santa clara, California",0.0
1858,"Santa cruz, Arizona",0.0
1859,"Santa cruz, California",0.0
1860,"Santa fe, New Mexico",0.0
1861,"Santa rosa county, Florida",0.0
1862,"Santa rosa, Florida",0.0
1863,"Sarasota, Florida",0.0
1864,"Saratoga, New York",0.0005014749262536873
1865,"Sarpy, Nebraska",0.0
1866,"Sauk, Wisconsin",0.0
1867,"Saunders, Nebraska",0.0
1868,"Sawyer, Wisconsin",0.0
1869,"Schenectady, New York",0.0
1870,"Schleicher, Texas",0.0
1871,"Schoharie, New York",0.0
1872,"Schuyler, Illinois",0.0
1873,"Schuyler, New York",0.0
1874,"Schuylkill, Pennsylvania",0.0
1875,"Scotland, North Carolina",0.0
1876,"Scott, Arkansas",0.0
1877,"Scott, Illinois",0.0
1878,"Scott, Indiana",0.0
1879,"Scott, Iowa",0.00032394366197183096
1880,"Scott, Kentucky",0.0
1881,"Scott, Minnesota",0.0
1882,"Scott, Virginia",0.0
1883,"Scotts bluff, Nebraska",0.0
1884,"Scurry, Texas",0.0
1885,"Searcy, Arkansas",0.0
1886,"Sebastian, Arkansas",0.0
1887,"Seminole county, Florida",0.0
1888,"Seminole, Florida",0.0
1889,"Seneca, New York",0.0
1890,"Seneca, Ohio",0.0
1891,"Sevier, Arkansas",0.0
1892,"Sevier, Utah",0.0
1893,"Seward, Nebraska",0.0
1894,"Shackelford, Texas",0.0
1895,"Shannon, South Dakota",0.0
1896,"Sharp county, Arkansas",0.0
1897,"Sharp, Arkansas",0.0
1898,"Shasta, California",0.0
1899,"Shawano, Wisconsin",0.0
1900,"Sheboygan, Wisconsin",0.0
1901,"Shelby, Alabama",0.0
1902,"Shelby, Illinois",0.0
1903,"Shelby, Indiana",0.0
1904,"Shelby, Iowa",0.0
1905,"Shelby, Kentucky",0.0
1906,"Shelby, Ohio",0.013333333333333334
1907,"Shelby, Tennessee",0.0
1908,"Shelby, Texas",0.0
1909,"Shenandoah, Virginia",0.0
1910,"Sherburne, Minnesota",0.0
1911,"Sheridan, Montana",0.0
1912,"Sheridan, Nebraska",0.0
1913,"Sheridan, Wyoming",0.0011764705882352942
1914,"Sherman, Nebraska",0.0
1915,"Sherman, Oregon",0.0
1916,"Sherman, Texas",0.0
1917,"Shoshone, Idaho",0.0
1918,"Sibley, Minnesota",0.0
1919,"Sierra, New Mexico",0.0
1920,"Silver bow, Montana",0.0
1921,"Silverbow, Montana",0.0
1922,"Simpson, Kentucky",0.0
1923,"Sioux, Iowa",0.0
1924,"Sioux, Nebraska",0.0
1925,"Siskiyou, California",0.0
1926,"Skagit, Washington",0.0
1927,"Skamania, Washington",0.0
1928,"Smith, Texas",0.00043478260869565214
1929,"Smyth, Virginia",0.0
1930,"Snohomish, Washington",0.0
1931,"Snyder county, Pennsylvania",0.0
1932,"Snyder, Pennsylvania",0.0
1933,"Socorro, New Mexico",0.0
1934,"Solano, California",0.0
1935,"Somerset county, Pennsylvania",0.0
1936,"Somerset, Maine",0.0
1937,"Somerset, Maryland",0.0
1938,"Somerset, New Jersey",0.0
1939,"Somerset, Pennsylvania",0.0
1940,"Somervell, Texas",0.0
1941,"Sonoma, California",0.0
1942,"Southampton, Virginia",0.0
1943,"Southeast fairbanks, Alaska",0.0
1944,"Spartanburg, South Carolina",0.0
1945,"Spencer, Indiana",0.0
1946,"Spink county, South Dakota",0.0
1947,"Spokane, Washington",0.0
1948,"Spotsylvania, Virginia",0.0
1949,"St clair, Alabama",0.0
1950,"St helena, Louisiana",0.0
1951,"St joseph, Indiana",0.0
1952,"St landry, Louisiana",0.0
1953,"St lawrence, New York",0.0
1954,"St mary's, Maryland",0.0
1955,"St tammany, Louisiana",0.0
1956,"St. bernard, Louisiana",0.0
1957,"St. charles, Louisiana",0.0
1958,"St. clair, Alabama",0.0
1959,"St. clair, Illinois",0.0
1960,"St. croix, Wisconsin",0.0
1961,"St. francis, Arkansas",0.0
1962,"St. helena, Louisiana",0.0
1963,"St. james, Louisiana",0.0
1964,"St. john the baptist parish, Louisiana",0.0
1965,"St. john the baptist, Louisiana",0.0
1966,"St. johns, Florida",0.0
1967,"St. joseph county, Indiana",0.0
1968,"St. joseph, Indiana",0.0
1969,"St. landry, Louisiana",0.0
1970,"St. lawrence, New York",0.0
1971,"St. louis, Minnesota",0.0
1972,"St. lucie, Florida",0.0
1973,"St. martin parish, Louisiana",0.0
1974,"St. martin, Louisiana",0.0
1975,"St. mary parish, Louisiana",0.0
1976,"St. mary's county, Maryland",0.0
1977,"St. mary's, Maryland",0.0
1978,"St. mary, Louisiana",0.0
1979,"St. tammany parish, Louisiana",0.0
1980,"St. tammany, Louisiana",0.0
1981,"Stafford, Virginia",0.0
1982,"Stanislaus, California",0.0
1983,"Stanly, North Carolina",0.0
1984,"Stanton, Nebraska",0.0
1985,"Stark, Illinois",0.0
1986,"Stark, Ohio",0.0
1987,"Starke, Indiana",0.0
1988,"Starr, Texas",0.0
1989,"Staunton, Virginia",0.0
1990,"Stearns, Minnesota",0.0
1991,"Steele, Minnesota",0.0
1992,"Stephens, Texas",0.0
1993,"Stephenson, Illinois",0.0
1994,"Sterling, Texas",0.0
1995,"Steuben, Indiana",0.0
1996,"Steuben, New York",0.0
1997,"Stevens, Minnesota",0.0
1998,"Stevens, Washington",0.0
1999,"Stillwater, Montana",0.0
2000,"Stokes, North Carolina",0.0
2001,"Stone, Arkansas",0.0
2002,"Stone, Missouri",0.0
2003,"Stonewall, Texas",0.0
2004,"Storey, Nevada",0.0
2005,"Story, Iowa",0.009523809523809525
2006,"Strafford, New Hampshire",0.0
2007,"Sublette, Wyoming",0.0
2008,"Suffolk city, Virginia",0.0
2009,"Suffolk, Massachusetts",0.0
2010,"Suffolk, Virginia",0.0
2011,"Sullivan, Indiana",0.0
2012,"Sullivan, New Hampshire",0.0
2013,"Sullivan, New York",0.0
2014,"Sullivan, Pennsylvania",0.0
2015,"Summers, West Virginia",0.0
2016,"Summit, Ohio",0.0
2017,"Summit, Utah",0.0
2018,"Sumter, Alabama",0.0
2019,"Sumter, Florida",0.0
2020,"Sumter, South Carolina",0.0
2021,"Surry, North Carolina",0.0
2022,"Surry, Virginia",0.0
2023,"Susquehanna, Pennsylvania",0.0
2024,"Sussex, New Jersey",0.0
2025,"Sutter, California",0.0
2026,"Sutton, Texas",0.0
2027,"Suwannee, Florida",0.0
2028,"Swain, North Carolina",0.0
2029,"Sweet grass, Montana",0.0
2030,"Sweetwater county, Wyoming",0.0
2031,"Sweetwater, Wyoming",0.0
2032,"Swift county, Minnesota",0.0
2033,"Swift, Minnesota",0.0
2034,"Swisher, Texas",0.0
2035,"Switzerland, Indiana",0.0
2036,"Talbot, Maryland",0.0
2037,"Talladega, Alabama",0.0
2038,"Tallapoosa, Alabama",0.0
2039,"Tama, Iowa",0.0
2040,"Taney, Missouri",0.0
2041,"Tangipahoa parish, Louisiana",0.0
2042,"Tangipahoa, Louisiana",0.0
2043,"Taos, New Mexico",0.0
2044,"Tarrant, Texas",0.0001724137931034483
2045,"Taylor, Florida",0.0
2046,"Taylor, Kentucky",0.0
2047,"Taylor, Texas",0.0
2048,"Taylor, West Virginia",0.0
2049,"Tazewell, Illinois",0.0004928571428571429
2050,"Tazewell, Virginia",0.0
2051,"Tensas, Louisiana",0.0
2052,"Terrebonne, Louisiana",0.0
2053,"Terrell, Texas",0.0
2054,"Terry, Texas",0.0
2055,"Teton, Idaho",0.0
2056,"Teton, Montana",0.0
2057,"Teton, Wyoming",0.0
2058,"Thayer, Nebraska",0.0
2059,"Thomas, Nebraska",0.0
2060,"Throckmorton, Texas",0.0
2061,"Thurston, Nebraska",0.0
2062,"Thurston, Washington",0.0
2063,"Tillamook county, Oregon",0.0
2064,"Tillamook, Oregon",0.0
2065,"Tioga county, Pennsylvania",0.0
2066,"Tioga, New York",0.0
2067,"Tioga, Pennsylvania",0.0
2068,"Tippecanoe, Indiana",0.0
2069,"Tipton, Indiana",0.0
2070,"Titus, Texas",0.0
2071,"Todd, Kentucky",0.0
2072,"Todd, Minnesota",0.0
2073,"Todd, South Dakota",0.0
2074,"Tolland, Connecticut",0.0
2075,"Tom green, Texas",0.0
2076,"Tompkins, New York",0.0
2077,"Tooele, Utah",0.0
2078,"Toole, Montana",0.0
2079,"Torrance, New Mexico",0.0
2080,"Transylvania, North Carolina",0.0
2081,"Traverse, Minnesota",0.0
2082,"Travis, Texas",0.0
2083,"Treasure, Montana",0.0
2084,"Trigg, Kentucky",0.0
2085,"Trimble, Kentucky",0.0
2086,"Trinity, Texas",0.0
2087,"Tripp, South Dakota",0.0
2088,"Trumbull, Ohio",0.0
2089,"Tucker, West Virginia",0.0
2090,"Tulare, California",0.0
2091,"Tuolumne, California",0.0
2092,"Turner, South Dakota",0.0
2093,"Tuscaloosa, Alabama",0.0
2094,"Tuscarawas, Ohio",0.0
2095,"Tuscola, Michigan",0.0
2096,"Twin falls, Idaho",0.0
2097,"Tyler, Texas",0.0
2098,"Tyler, West Virginia",0.0
2099,"Tyrrell, North Carolina",0.0
2100,"Uinta, Wyoming",0.0
2101,"Uintah, Utah",0.0
2102,"Ulster, New York",0.0
2103,"Umatilla, Oregon",0.0
2104,"Union county, Pennsylvania",0.0
2105,"Union parish, Louisiana",0.0
2106,"Union, Arkansas",0.0002824858757062147
2107,"Union, Florida",0.0
2108,"Union, Illinois",0.0
2109,"Union, Indiana",0.0
2110,"Union, Iowa",0.0
2111,"Union, Kentucky",0.0
2112,"Union, Louisiana",0.0
2113,"Union, New Mexico",0.0
2114,"Union, North Carolina",0.0
2115,"Union, Oregon",0.0
2116,"Union, Pennsylvania",0.0
2117,"Union, South Carolina",0.0
2118,"Union, South Dakota",0.0
2119,"Unknown, South Carolina",0.0
2120,"Upshur, Texas",0.0
2121,"Upshur, West Virginia",0.0
2122,"Upton, Texas",0.0
2123,"Utah, Utah",0.0
2124,"Uvalde, Texas",0.0
2125,"Val verde, Texas",0.0
2126,"Valencia, New Mexico",0.0
2127,"Valley, Idaho",0.0
2128,"Valley, Montana",0.0
2129,"Valley, Nebraska",0.0
2130,"Van buren, Arkansas",0.0
2131,"Van buren, Michigan",0.0
2132,"Van wert, Ohio",0.0
2133,"Van zandt, Texas",0.0
2134,"Vance, North Carolina",0.0
2135,"Vanderburgh, Indiana",0.0
2136,"Venango county, Pennsylvania",0.0
2137,"Venango, Pennsylvania",0.0
2138,"Ventura, California",0.00024096385542168676
2139,"Vermilion, Illinois",0.000569620253164557
2140,"Vermilion, Louisiana",0.0
2141,"Vermillion county, Indiana",0.0
2142,"Vermillion, Indiana",0.0
2143,"Vernon, Louisiana",0.0
2144,"Vernon, Wisconsin",0.0
2145,"Victoria, Texas",0.0
2146,"Vigo, Indiana",0.0
2147,"Vilas, Wisconsin",0.0
2148,"Volusia, Florida",0.0
2149,"Wabash, Illinois",0.0024782608695652175
2150,"Wabash, Indiana",0.0
2151,"Wabasha, Minnesota",0.0
2152,"Wadena, Minnesota",0.0
2153,"Wahkiakum, Washington",0.0
2154,"Wake, North Carolina",0.0
2155,"Wakulla, Florida",0.0
2156,"Waldo, Maine",0.0
2157,"Walker, Alabama",0.0
2158,"Walker, Texas",0.0
2159,"Walla walla, Washington",0.0
2160,"Waller, Texas",0.0
2161,"Wallowa, Oregon",0.0
2162,"Walton, Florida",0.0
2163,"Walworth, South Dakota",0.0
2164,"Walworth, Wisconsin",0.0
2165,"Wapello, Iowa",0.0
2166,"Ward, Texas",0.0
2167,"Warren county, Pennsylvania",0.0
2168,"Warren, Illinois",0.0
2169,"Warren, Indiana",0.0
2170,"Warren, Iowa",0.0
2171,"Warren, Kentucky",0.0
2172,"Warren, New Jersey",0.0
2173,"Warren, New York",0.018260869565217393
2174,"Warren, North Carolina",0.0
2175,"Warren, Ohio",0.0
2176,"Warren, Pennsylvania",0.0
2177,"Warren, Virginia",0.0
2178,"Warrick, Indiana",0.0
2179,"Wasatch, Utah",0.0
2180,"Wasco, Oregon",0.0
2181,"Waseca, Minnesota",0.0
2182,"Washakie, Wyoming",0.0
2183,"Washington county, Rhode Island",0.0
2184,"Washington parish, Louisiana",0.0
2185,"Washington, Alabama",0.0
2186,"Washington, Arkansas",0.0
2187,"Washington, Florida",0.0
2188,"Washington, Idaho",0.0
2189,"Washington, Illinois",0.0
2190,"Washington, Indiana",0.0
2191,"Washington, Iowa",0.0
2192,"Washington, Kentucky",0.0
2193,"Washington, Louisiana",0.0
2194,"Washington, Maine",0.0
2195,"Washington, Maryland",0.0
2196,"Washington, Minnesota",0.0
2197,"Washington, Nebraska",0.0
2198,"Washington, New York",0.0
2199,"Washington, North Carolina",0.0
2200,"Washington, Ohio",0.0
2201,"Washington, Oregon",0.001851851851851852
2202,"Washington, Pennsylvania",0.0
2203,"Washington, Rhode Island",0.0001471264367816092
2204,"Washington, Texas",0.0
2205,"Washington, Utah",0.00039140811455847256
2206,"Washington, Vermont",0.0
2207,"Washington, Virginia",0.0
2208,"Washington, Wisconsin",0.0
2209,"Washoe, Nevada",0.0
2210,"Washtenaw, Michigan",0.0
2211,"Watauga, North Carolina",0.0
2212,"Watonwan, Minnesota",0.0
2213,"Waukesha, Wisconsin",0.0
2214,"Waupaca, Wisconsin",0.0
2215,"Waushara, Wisconsin",0.0
2216,"Wayne, Illinois",0.0004666666666666667
2217,"Wayne, Indiana",0.0
2218,"Wayne, Kentucky",0.0
2219,"Wayne, Nebraska",0.0
2220,"Wayne, New York",0.0
2221,"Wayne, North Carolina",0.0
2222,"Wayne, Ohio",0.0
2223,"Wayne, Pennsylvania",0.0
2224,"Wayne, Utah",0.0
2225,"Wayne, West Virginia",0.0
2226,"Waynesboro city, Virginia",0.0
2227,"Webb county, Texas",0.0
2228,"Webb, Texas",0.0
2229,"Weber, Utah",0.0
2230,"Webster, Iowa",0.0
2231,"Webster, Kentucky",0.0
2232,"Webster, Louisiana",0.0
2233,"Webster, Nebraska",0.0
2234,"Webster, West Virginia",0.0
2235,"Wells, Indiana",0.0
2236,"West baton rouge, Louisiana",0.0
2237,"West carroll parish, Louisiana",0.0
2238,"West carroll, Louisiana",0.0
2239,"West feliciana, Louisiana",0.0
2240,"Westchester, New York",0.0
2241,"Westmoreland, Pennsylvania",0.0
2242,"Westmoreland, Virginia",0.0
2243,"Weston, Wyoming",0.0
2244,"Wetzel, West Virginia",0.0
2245,"Wharton, Texas",0.0
2246,"Whatcom, Washington",0.0
2247,"Wheatland, Montana",0.0
2248,"Wheeler, Nebraska",0.0
2249,"Wheeler, Oregon",0.0
2250,"Wheeler, Texas",0.0
2251,"White pine, Nevada",0.0
2252,"White, Arkansas",0.0
2253,"White, Illinois",0.0
2254,"White, Indiana",0.0
2255,"Whiteside, Illinois",0.0
2256,"Whitley, Indiana",0.0
2257,"Whitley, Kentucky",0.0
2258,"Whitman, Washington",0.0
2259,"Wibaux, Montana",0.0
2260,"Wichita, Texas",0.0
2261,"Wicomico, Maryland",0.0
2262,"Wilbarger, Texas",0.0
2263,"Wilcox, Alabama",0.0
2264,"Wilkes, North Carolina",0.0
2265,"Will, Illinois",0.0017791304347826089
2266,"Willacy county, Texas",0.0
2267,"Willacy, Texas",0.0
2268,"Williamsburg, South Carolina",0.0
2269,"Williamson, Illinois",0.0
2270,"Williamson, Texas",0.0
2271,"Wilson, North Carolina",0.0
2272,"Wilson, Texas",0.0
2273,"Winchester, Virginia",0.0
2274,"Windham, Connecticut",0.0
2275,"Windham, Vermont",0.0
2276,"Windsor, Vermont",0.0
2277,"Winkler, Texas",0.0
2278,"Winn, Louisiana",0.03333333333333333
2279,"Winnebago, Illinois",0.00021145374449339208
2280,"Winnebago, Iowa",0.0
2281,"Winnebago, Wisconsin",0.0
2282,"Winneshiek, Iowa",0.0
2283,"Winona, Minnesota",0.0
2284,"Winston, Alabama",0.0
2285,"Wise, Texas",0.0
2286,"Wolfe, Kentucky",0.0
2287,"Wood, Ohio",0.0
2288,"Wood, Texas",0.0003896103896103896
2289,"Wood, West Virginia",0.0
2290,"Wood, Wisconsin",0.0
2291,"Woodbury, Iowa",0.0
2292,"Woodford, Illinois",0.0
2293,"Woodford, Kentucky",0.0
2294,"Woodruff, Arkansas",0.0
2295,"Worcester, Maryland",0.0
2296,"Worcester, Massachusetts",0.0
2297,"Worth, Iowa",0.0
2298,"Wright, Iowa",0.0
2299,"Wright, Minnesota",0.0
2300,"Wyandot, Ohio",0.0
2301,"Wyandotte, Kansas",0.0
2302,"Wyoming, New York",0.0
2303,"Wyoming, Pennsylvania",0.0007547169811320754
2304,"Wyoming, West Virginia",0.0
2305,"Wythe, Virginia",0.0
2306,"Yadkin, North Carolina",0.0
2307,"Yakima, Washington",0.0
2308,"Yakutat, Alaska",0.0
2309,"Yamhill, Oregon",0.0
2310,"Yancey, North Carolina",0.0
2311,"Yankton, South Dakota",0.0
2312,"Yates, New York",0.0
2313,"Yavapai, Arizona",0.0007669616519174042
2314,"Yell, Arkansas",0.0
2315,"Yellow medicine county, Minnesota",0.0
2316,"Yellow medicine, Minnesota",0.0
2317,"Yellowstone, Montana",0.0
2318,"Yoakum, Texas",0.0
2319,"Yolo, California",0.0
2320,"York county, Pennsylvania",0.0
2321,"York, Maine",0.0
2322,"York, Nebraska",0.0
2323,"York, Pennsylvania",0.0
2324,"York, South Carolina",0.0
2325,"Young, Texas",0.0
2326,"Yuba, California",0.0
2327,"Yuma county, Arizona",0.0
2328,"Yuma, Arizona",0.00038888888888888887
2329,"Zapata county, Texas",0.0
2330,"Zapata, Texas",0.0
2331,"Zavala, Texas",0.0
