,county,beryllium
0,"-, Arizona",0.0
1,"Abbeville, South Carolina",0.0
2,"Acadia, Louisiana",0.0
3,"Accomack, Virginia",0.0
4,"Ada, Idaho",0.011428571428571429
5,"Adair, Kentucky",0.0
6,"Adair, Missouri",0.0
7,"Adair, Oklahoma",0.0
8,"Adams, Idaho",0.0
9,"Adams, Illinois",0.0
10,"Adams, Indiana",0.0
11,"Adams, Nebraska",0.0
12,"Adams, Ohio",0.0
13,"Adams, Pennsylvania",0.01834862385321101
14,"Adams, Washington",0.01038961038961039
15,"Adams, Wisconsin",0.0
16,"Addison, Vermont",0.0
17,"Aiken, South Carolina",0.0
18,"Aitkin, Minnesota",0.0
19,"Alachua, Florida",0.032758620689655175
20,"Alamance, North Carolina",0.0
21,"Alameda, California",0.005642361111111111
22,"Albany, New York",0.0
23,"Albany, Wyoming",0.0
24,"Albemarle, Virginia",0.0
25,"Alcona, Michigan",0.0
26,"Aleutians east borough, Alaska",0.0
27,"Aleutians east, Alaska",0.0
28,"Aleutians west census area, Alaska",0.0
29,"Aleutians west, Alaska",0.0
30,"Alexander, Illinois",0.0
31,"Alexander, North Carolina",0.0
32,"Alfalfa, Oklahoma",0.0
33,"Alger, Michigan",0.0
34,"Allegan, Michigan",0.0
35,"Allegany, Maryland",0.0
36,"Allegany, New York",0.022222222222222223
37,"Alleghany, North Carolina",0.0
38,"Alleghany, Virginia",0.0
39,"Allegheny county, Pennsylvania",0.0
40,"Allegheny, Pennsylvania",0.01764705882352941
41,"Allen, Indiana",0.0
42,"Allen, Kansas",0.0
43,"Allen, Kentucky",0.0
44,"Allen, Louisiana",0.0
45,"Allen, Ohio",0.0
46,"Allendale, South Carolina",0.0
47,"Alpena, Michigan",0.0
48,"Alpine, California",0.0
49,"Amador, California",0.0
50,"Amelia, Virginia",0.0
51,"American samoa, American Samoa",0.0
52,"Amherst, Virginia",0.0
53,"Anchorage, Alaska",0.0
54,"Anderson, Kansas",0.0
55,"Anderson, Kentucky",0.0
56,"Anderson, South Carolina",0.0
57,"Anderson, Tennessee",0.0
58,"Anderson, Texas",0.012466666666666668
59,"Andrew, Missouri",0.0
60,"Andrews, Texas",0.0
61,"Androscoggin, Maine",0.0
62,"Angelina, Texas",0.01105
63,"Anne arundel, Maryland",0.011392405063291138
64,"Anoka, Minnesota",0.0
65,"Anson, North Carolina",0.0
66,"Antelope, Nebraska",0.0
67,"Antrim, Michigan",0.0
68,"Apache, Arizona",0.05
69,"Appomattox, Virginia",0.0
70,"Aransas, Texas",0.0
71,"Archer, Texas",0.02266666666666667
72,"Arenac, Michigan",0.0
73,"Arkansas, Arkansas",0.0
74,"Armstrong, Pennsylvania",0.0
75,"Armstrong, Texas",0.0
76,"Aroostook, Maine",0.0
77,"Arthur, Nebraska",0.0
78,"Ascension, Louisiana",0.0
79,"Ashe, North Carolina",0.0
80,"Ashland, Ohio",0.0
81,"Ashland, Wisconsin",0.0
82,"Ashley, Arkansas",0.0
83,"Ashtabula, Ohio",0.0
84,"Asotin, Washington",0.0
85,"Assumption, Louisiana",0.0
86,"Atascosa county, Texas",0.0
87,"Atascosa, Texas",0.006689655172413793
88,"Atchison, Kansas",0.0
89,"Atchison, Missouri",0.0
90,"Athens, Ohio",0.0
91,"Atlantic, New Jersey",0.024886731391585763
92,"Atoka, Oklahoma",0.0
93,"Audrain, Missouri",0.0
94,"Auglaize, Ohio",0.0
95,"Augusta, Virginia",0.0
96,"Austin, Texas",0.0
97,"Autauga, Alabama",0.0
98,"Avery, North Carolina",0.01694915254237288
99,"Avoyelles, Louisiana",0.0
100,"B, Oklahoma",0.0
101,"Bailey, Texas",0.0
102,"Baker county, Florida",0.0
103,"Baker, Florida",0.0888888888888889
104,"Baker, Oregon",0.0
105,"Baldwin, Alabama",0.004715686274509804
106,"Ballard, Kentucky",0.0
107,"Baltimore, Maryland",0.007711442786069652
108,"Bamberg, South Carolina",0.1565217391304348
109,"Bandera, Texas",0.0
110,"Banner, Nebraska",0.0
111,"Bannock, Idaho",0.0
112,"Baraga, Michigan",0.0
113,"Barber, Kansas",0.0
114,"Barbour, Alabama",0.001724137931034483
115,"Barbour, West Virginia",0.0
116,"Barnes, North Dakota",0.0
117,"Barnstable, Massachusetts",0.0
118,"Barnwell, South Carolina",0.0
119,"Barren, Kentucky",0.0
120,"Barron, Wisconsin",0.0
121,"Barry, Michigan",0.0
122,"Barry, Missouri",0.0
123,"Bartholomew, Indiana",0.0
124,"Barton, Kansas",0.0
125,"Barton, Missouri",0.0
126,"Bastrop, Texas",0.0
127,"Bates, Missouri",0.0
128,"Bath, Virginia",0.0
129,"Baxter, Arkansas",0.0
130,"Bay, Florida",0.004545454545454546
131,"Bay, Michigan",0.0
132,"Bayfield, Wisconsin",0.023655172413793103
133,"Baylor, Texas",0.0
134,"Beadle, South Dakota",0.0
135,"Bear lake, Idaho",0.0
136,"Beaufort, North Carolina",0.0
137,"Beaufort, South Carolina",0.0
138,"Beauregard, Louisiana",0.0
139,"Beaver, Oklahoma",0.0
140,"Beaver, Pennsylvania",0.0
141,"Beaver, Utah",0.0
142,"Beaverhead, Montana",0.0
143,"Becker, Minnesota",0.0
144,"Beckham, Oklahoma",0.0
145,"Bedford county, Pennsylvania",0.0
146,"Bedford, Pennsylvania",0.0
147,"Bedford, Tennessee",0.0
148,"Bedford, Virginia",0.0
149,"Bee, Texas",0.0
150,"Belknap, New Hampshire",0.0
151,"Bell, Kentucky",0.0
152,"Bell, Texas",0.0
153,"Belmont, Ohio",0.0
154,"Beltrami county, Minnesota",0.0
155,"Beltrami, Minnesota",0.0
156,"Benewah, Idaho",0.0
157,"Bennett, South Dakota",0.0
158,"Bennington, Vermont",0.0
159,"Benson, North Dakota",0.0
160,"Benton county, Arkansas",0.0
161,"Benton, Arkansas",0.0
162,"Benton, Indiana",0.0
163,"Benton, Minnesota",0.0
164,"Benton, Missouri",0.0
165,"Benton, Oregon",0.0
166,"Benton, Tennessee",0.0
167,"Benton, Washington",0.0
168,"Benzie, Michigan",0.0
169,"Bergen, New Jersey",0.008968609865470852
170,"Berkeley, South Carolina",0.0
171,"Berkeley, West Virginia",0.0
172,"Berks county, Pennsylvania",0.0
173,"Berks, Pennsylvania",0.0
174,"Berkshire, Massachusetts",0.0
175,"Bernalillo, New Mexico",0.7072948275862069
176,"Berrien, Michigan",0.0
177,"Bertie, North Carolina",0.0
178,"Bethel census area, Alaska",0.0795
179,"Bethel, Alaska",0.0027166666666666667
180,"Bexar, Texas",0.00041791044776119397
181,"Bibb, Alabama",0.0
182,"Bienville, Louisiana",0.014925373134328358
183,"Big horn, Montana",0.03571428571428571
184,"Big horn, Wyoming",0.0
185,"Big stone, Minnesota",0.0
186,"Billings, North Dakota",0.0
187,"Bingham, Idaho",0.0
188,"Blackford, Indiana",0.0
189,"Bladen, North Carolina",0.0
190,"Blaine, Idaho",0.0
191,"Blaine, Montana",0.0
192,"Blaine, Nebraska",0.0
193,"Blaine, Oklahoma",0.0
194,"Blair, Pennsylvania",0.0
195,"Blanco, Texas",0.0
196,"Bland, Virginia",0.0
197,"Bledsoe, Tennessee",0.0
198,"Blount, Alabama",0.0
199,"Blount, Tennessee",0.0
200,"Blue earth, Minnesota",0.0
201,"Boise, Idaho",0.016666666666666666
202,"Bollinger, Missouri",0.0
203,"Bon homme, South Dakota",0.0
204,"Bond, Illinois",0.0
205,"Bonner, Idaho",0.0
206,"Bonneville, Idaho",0.0
207,"Boone, Arkansas",0.0
208,"Boone, Illinois",0.045454545454545456
209,"Boone, Indiana",0.0
210,"Boone, Kentucky",0.0
211,"Boone, Missouri",0.0
212,"Boone, Nebraska",0.0
213,"Boone, West Virginia",0.15952941176470586
214,"Bosque, Texas",0.0
215,"Bossier, Louisiana",0.0
216,"Botetourt, Virginia",0.01282051282051282
217,"Bottineau, North Dakota",0.0
218,"Boundary, Idaho",0.0
219,"Bourbon, Kansas",0.0
220,"Bourbon, Kentucky",0.0
221,"Bowie, Texas",0.0
222,"Bowman, North Dakota",0.0
223,"Box butte, Nebraska",0.0
224,"Box elder, Utah",0.0
225,"Boyd, Kentucky",0.0
226,"Boyd, Nebraska",0.0
227,"Boyle, Kentucky",0.0
228,"Bracken, Kentucky",0.0
229,"Bradford, Florida",0.030000000000000002
230,"Bradford, Pennsylvania",0.0
231,"Bradley, Arkansas",0.0
232,"Bradley, Tennessee",0.0
233,"Branch, Michigan",0.0
234,"Braxton, West Virginia",0.0
235,"Brazoria, Texas",0.0
236,"Brazos, Texas",0.0
237,"Breathitt, Kentucky",0.0
238,"Breckinridge, Kentucky",0.0
239,"Brevard, Florida",0.0
240,"Brewster, Texas",0.009181818181818182
241,"Briscoe, Texas",0.0
242,"Bristol bay, Alaska",0.0
243,"Bristol, Massachusetts",0.006896551724137931
244,"Bristol, Rhode Island",0.0
245,"Bristol, Virginia",0.0
246,"Broadwater, Montana",0.0
247,"Brooke, West Virginia",0.0
248,"Brookings, South Dakota",0.04
249,"Brooks, Texas",0.0
250,"Broome, New York",0.0
251,"Broward county, Florida",0.0
252,"Broward, Florida",0.02663043478260869
253,"Brown, Illinois",0.0
254,"Brown, Indiana",0.0
255,"Brown, Kansas",0.0
256,"Brown, Minnesota",0.0
257,"Brown, Nebraska",0.0
258,"Brown, Ohio",0.0
259,"Brown, South Dakota",0.0
260,"Brown, Texas",0.0
261,"Brown, Wisconsin",0.0
262,"Brule, South Dakota",0.0
263,"Brunswick, North Carolina",0.0
264,"Brunswick, Virginia",0.19230769230769232
265,"Bryan, Oklahoma",0.0
266,"Buchanan, Virginia",0.0
267,"Buckingham, Virginia",0.0
268,"Bucks county, Pennsylvania",0.0
269,"Bucks, Pennsylvania",0.0022929936305732482
270,"Buena vista, Virginia",0.0
271,"Buffalo, Nebraska",0.0
272,"Buffalo, Wisconsin",0.0
273,"Bullock, Alabama",0.0
274,"Buncombe, North Carolina",0.0
275,"Bureau, Illinois",0.0
276,"Burke, North Carolina",0.0
277,"Burke, North Dakota",0.0
278,"Burleigh, North Dakota",0.0
279,"Burleson, Texas",0.0
280,"Burlington, New Jersey",0.0172972972972973
281,"Burnet, Texas",0.0
282,"Burnett, Wisconsin",0.0
283,"Burt, Nebraska",0.0
284,"Butler county, Pennsylvania",0.0
285,"Butler, Alabama",0.0
286,"Butler, Kansas",0.0
287,"Butler, Kentucky",0.0
288,"Butler, Missouri",0.0
289,"Butler, Nebraska",0.0
290,"Butler, Ohio",0.0
291,"Butler, Pennsylvania",0.0
292,"Butte, California",0.0013132075471698115
293,"Butte, Idaho",0.0
294,"Butte, South Dakota",0.0
295,"Cabarrus, North Carolina",0.0
296,"Cabell, West Virginia",0.0
297,"Cache, Utah",0.0
298,"Caddo parish, Louisiana",0.0
299,"Caddo, Louisiana",0.0
300,"Caddo, Oklahoma",0.0
301,"Calaveras, California",0.015432098765432098
302,"Calcasieu, Louisiana",0.0
303,"Caldwell, Kentucky",0.0
304,"Caldwell, Louisiana",0.0
305,"Caldwell, Missouri",0.0
306,"Caldwell, North Carolina",0.0
307,"Caldwell, Texas",0.0
308,"Caledonia, Vermont",0.0
309,"Calhoun, Alabama",0.0
310,"Calhoun, Arkansas",0.0
311,"Calhoun, Florida",0.0
312,"Calhoun, Illinois",0.0
313,"Calhoun, Michigan",0.0
314,"Calhoun, South Carolina",0.0
315,"Calhoun, Texas",0.0
316,"Calhoun, West Virginia",0.0
317,"Callahan, Texas",0.0
318,"Callaway, Missouri",0.0
319,"Calloway, Kentucky",0.0
320,"Calumet, Wisconsin",0.0
321,"Calvert, Maryland",0.0
322,"Cambria county, Pennsylvania",0.0
323,"Cambria, Pennsylvania",0.0
324,"Camden, Missouri",0.0
325,"Camden, New Jersey",0.0004060913705583756
326,"Camden, North Carolina",0.0
327,"Cameron, Louisiana",0.0
328,"Cameron, Pennsylvania",0.0
329,"Cameron, Texas",0.0
330,"Camp, Texas",0.0
331,"Campbell, Kentucky",0.0
332,"Campbell, Tennessee",0.0
333,"Campbell, Virginia",0.0
334,"Campbell, Wyoming",0.0
335,"Canadian, Oklahoma",0.0
336,"Cannon, Tennessee",0.0
337,"Canyon, Idaho",0.0011627906976744186
338,"Cape girardeau, Missouri",0.0
339,"Cape may, New Jersey",0.018222222222222223
340,"Carbon county, Pennsylvania",0.0
341,"Carbon, Montana",0.0
342,"Carbon, Pennsylvania",0.030555555555555558
343,"Carbon, Utah",0.0
344,"Carbon, Wyoming",0.0
345,"Caribou, Idaho",0.006666666666666667
346,"Carlisle, Kentucky",0.0
347,"Carlton, Minnesota",0.0
348,"Caroline, Maryland",0.0
349,"Caroline, Virginia",0.0
350,"Carroll, Arkansas",0.0
351,"Carroll, Illinois",0.0
352,"Carroll, Indiana",0.03571428571428571
353,"Carroll, Kentucky",0.0
354,"Carroll, Maryland",0.0
355,"Carroll, Missouri",0.0
356,"Carroll, New Hampshire",1.3610229276895944
357,"Carroll, Ohio",0.0
358,"Carroll, Tennessee",0.0
359,"Carroll, Virginia",0.0
360,"Carson city, Nevada",0.0
361,"Carson, Texas",0.0
362,"Carter, Kentucky",0.0
363,"Carter, Missouri",0.0
364,"Carter, Montana",0.0
365,"Carter, Oklahoma",0.0
366,"Carter, Tennessee",0.0
367,"Carteret, North Carolina",0.0
368,"Carver, Minnesota",0.0
369,"Cascade, Montana",0.0
370,"Casey, Kentucky",0.0
371,"Cass, Illinois",0.0
372,"Cass, Indiana",0.0
373,"Cass, Iowa",0.0
374,"Cass, Michigan",0.0
375,"Cass, Minnesota",0.0
376,"Cass, Missouri",0.0
377,"Cass, Nebraska",0.0
378,"Cass, North Dakota",0.0
379,"Cass, Texas",0.0
380,"Cassia, Idaho",0.0
381,"Castro, Texas",0.0
382,"Caswell, North Carolina",0.2
383,"Catahoula, Louisiana",0.17142857142857143
384,"Catawba, North Carolina",0.0
385,"Catron, New Mexico",0.0
386,"Cattaraugus, New York",0.010236220472440945
387,"Cavalier, North Dakota",0.0
388,"Cayuga county, New York",0.0
389,"Cayuga, New York",0.0
390,"Cecil, Maryland",0.0
391,"Cedar, Missouri",0.0
392,"Cedar, Nebraska",0.0
393,"Centre county, Pennsylvania",0.0
394,"Centre, Pennsylvania",0.0
395,"Chambers, Alabama",0.013333333333333334
396,"Chambers, Texas",0.0
397,"Champaign, Illinois",0.0
398,"Champaign, Ohio",0.0
399,"Chariton, Missouri",0.0
400,"Charles city, Virginia",0.0
401,"Charles mix, South Dakota",0.0
402,"Charles, Maryland",0.005633802816901409
403,"Charleston county, South Carolina",0.0
404,"Charleston, South Carolina",0.0
405,"Charlevoix, Michigan",0.0
406,"Charlotte, Florida",0.006060606060606061
407,"Charlotte, Virginia",0.0
408,"Chase, Kansas",0.0
409,"Chase, Nebraska",0.0
410,"Chatham, North Carolina",0.0
411,"Chautauqua, Kansas",0.0
412,"Chautauqua, New York",0.008695652173913044
413,"Chaves, New Mexico",0.021538461538461538
414,"Cheatham, Tennessee",0.0
415,"Cheboygan, Michigan",0.0
416,"Chelan, Washington",0.0
417,"Chemung, New York",0.0
418,"Chenango, New York",0.4356687898089172
419,"Cherokee, Alabama",0.0
420,"Cherokee, Kansas",0.0
421,"Cherokee, North Carolina",0.0
422,"Cherokee, Oklahoma",0.0
423,"Cherokee, South Carolina",0.0
424,"Cherokee, Texas",0.0076086956521739125
425,"Cherry, Nebraska",0.0
426,"Chesapeake city, Virginia",0.0
427,"Chesapeake, Virginia",0.0
428,"Cheshire, New Hampshire",0.013615023474178404
429,"Chester county, Pennsylvania",0.0
430,"Chester, Pennsylvania",0.0048543689320388345
431,"Chester, South Carolina",0.0
432,"Chester, Tennessee",0.0
433,"Chesterfield, South Carolina",0.0
434,"Chesterfield, Virginia",0.0
435,"Cheyenne, Kansas",0.0
436,"Cheyenne, Nebraska",0.0
437,"Chicot, Arkansas",0.0
438,"Chilton, Alabama",0.0
439,"Chippewa, Michigan",0.0
440,"Chippewa, Minnesota",0.0
441,"Chippewa, Wisconsin",0.0
442,"Chisago, Minnesota",0.0
443,"Chittenden, Vermont",0.07317073170731707
444,"Choctaw, Alabama",0.0
445,"Choctaw, Oklahoma",0.0
446,"Chouteau, Montana",0.0
447,"Chowan, North Carolina",0.0
448,"Christian, Illinois",0.0
449,"Christian, Kentucky",0.0
450,"Christian, Missouri",0.0
451,"Churchill, Nevada",0.0
452,"Cibola, New Mexico",0.0
453,"Cimarron, Oklahoma",0.0
454,"Citrus county, Florida",0.0
455,"Citrus, Florida",0.04191919191919191
456,"Clackamas, Oregon",0.0
457,"Claiborne, Louisiana",0.03773584905660377
458,"Claiborne, Tennessee",0.0
459,"Clallam, Washington",0.0
460,"Clare, Michigan",0.0
461,"Clarendon, South Carolina",0.0
462,"Clarion, Pennsylvania",0.0
463,"Clark, Arkansas",0.0
464,"Clark, Idaho",0.0
465,"Clark, Illinois",0.0
466,"Clark, Indiana",0.016666666666666666
467,"Clark, Kansas",0.0
468,"Clark, Kentucky",0.0
469,"Clark, Missouri",0.0
470,"Clark, Nevada",0.00056657223796034
471,"Clark, Ohio",0.0
472,"Clark, South Dakota",0.0
473,"Clark, Washington",0.0
474,"Clark, Wisconsin",0.0
475,"Clarke, Alabama",0.0
476,"Clarke, Virginia",0.0
477,"Clatsop, Oregon",0.0
478,"Clay, Alabama",0.03333333333333333
479,"Clay, Arkansas",0.0
480,"Clay, Florida",0.033636363636363645
481,"Clay, Illinois",0.0
482,"Clay, Indiana",0.0
483,"Clay, Kansas",0.0
484,"Clay, Kentucky",0.03333333333333333
485,"Clay, Minnesota",0.03375
486,"Clay, Missouri",0.0
487,"Clay, Nebraska",0.0
488,"Clay, North Carolina",0.0
489,"Clay, South Dakota",0.0
490,"Clay, Tennessee",0.0
491,"Clay, Texas",0.0
492,"Clay, West Virginia",0.0
493,"Clearfield county, Pennsylvania",0.0
494,"Clearfield, Pennsylvania",0.0
495,"Clearwater, Idaho",0.0
496,"Clearwater, Minnesota",0.0
497,"Cleburne, Alabama",0.0
498,"Cleburne, Arkansas",0.0
499,"Clermont, Ohio",0.0
500,"Cleveland, Arkansas",0.0
501,"Cleveland, North Carolina",0.0
502,"Cleveland, Oklahoma",0.0
503,"Clinton, Illinois",0.0
504,"Clinton, Indiana",0.049999999999999996
505,"Clinton, Iowa",0.0
506,"Clinton, Kentucky",0.0
507,"Clinton, Michigan",0.0
508,"Clinton, Missouri",0.0
509,"Clinton, New York",0.0
510,"Clinton, Ohio",0.0
511,"Clinton, Pennsylvania",0.0
512,"Cloud, Kansas",0.0
513,"Coal, Oklahoma",0.0
514,"Cochise, Arizona",0.0
515,"Cochran, Texas",0.0
516,"Cocke, Tennessee",0.0
517,"Coconino, Arizona",0.0
518,"Codington, South Dakota",0.0
519,"Coffee, Alabama",0.0
520,"Coffee, Tennessee",0.0
521,"Coffey, Kansas",0.0
522,"Coke, Texas",0.0
523,"Colbert, Alabama",0.0
524,"Cole, Missouri",0.0
525,"Coleman, Texas",0.0
526,"Coles, Illinois",0.0
527,"Colfax, Nebraska",0.0
528,"Colfax, New Mexico",0.0
529,"Colleton, South Carolina",0.0
530,"Collier, Florida",0.01111111111111111
531,"Collin, Texas",0.0
532,"Collingsworth, Texas",0.0
533,"Colorado, Texas",0.0
534,"Columbia county, Pennsylvania",0.0
535,"Columbia, Arkansas",0.0
536,"Columbia, Florida",0.006896551724137932
537,"Columbia, New York",0.0
538,"Columbia, Oregon",0.0
539,"Columbia, Pennsylvania",0.0
540,"Columbia, Washington",0.0
541,"Columbia, Wisconsin",0.0
542,"Columbiana, Ohio",0.0
543,"Columbus county, North Carolina",0.0
544,"Columbus, North Carolina",0.0
545,"Colusa, California",0.0
546,"Comal, Texas",0.0004356435643564356
547,"Comanche, Kansas",0.0
548,"Comanche, Oklahoma",0.0
549,"Comanche, Texas",0.0
550,"Concho, Texas",0.0
551,"Concordia, Louisiana",0.0
552,"Conecuh, Alabama",0.0
553,"Contra costa, California",0.0
554,"Converse, Wyoming",0.021621621621621623
555,"Conway, Arkansas",0.0
556,"Cook, Illinois",0.0
557,"Cook, Minnesota",0.034375
558,"Cooke, Texas",0.0
559,"Cooper, Missouri",0.0
560,"Coos, New Hampshire",0.0
561,"Coos, Oregon",0.0
562,"Coosa, Alabama",0.0
563,"Corson, South Dakota",0.0
564,"Cortland, New York",0.0
565,"Coryell, Texas",0.0
566,"Coshocton, Ohio",0.0
567,"Cottle, Texas",0.0
568,"Cotton, Oklahoma",0.0
569,"Cottonwood county, Minnesota",0.0
570,"Cottonwood, Minnesota",0.0
571,"Covington, Alabama",0.005454545454545454
572,"Covington, Virginia",0.0
573,"Cowley, Kansas",0.0
574,"Cowlitz, Washington",0.0
575,"Craig, Oklahoma",0.0
576,"Craig, Virginia",0.0
577,"Craighead, Arkansas",0.0
578,"Crane, Texas",0.0
579,"Craven, North Carolina",0.0
580,"Crawford county, Pennsylvania",0.0
581,"Crawford, Arkansas",0.0
582,"Crawford, Illinois",0.0
583,"Crawford, Indiana",0.0
584,"Crawford, Kansas",0.0
585,"Crawford, Michigan",0.0
586,"Crawford, Missouri",0.0
587,"Crawford, Ohio",0.0
588,"Crawford, Pennsylvania",0.0
589,"Crawford, Wisconsin",0.0
590,"Creek, Oklahoma",0.0
591,"Crenshaw, Alabama",0.0
592,"Crittenden, Arkansas",0.0
593,"Crittenden, Kentucky",0.0
594,"Crockett, Tennessee",0.0
595,"Crockett, Texas",0.0
596,"Crook, Oregon",0.0
597,"Crook, Wyoming",0.0
598,"Crosby, Texas",0.0
599,"Cross, Arkansas",0.0
600,"Crow wing, Minnesota",0.0
601,"Culberson, Texas",0.0
602,"Cullman, Alabama",0.0
603,"Culpeper, Virginia",0.06722689075630252
604,"Cumberland, Illinois",0.0
605,"Cumberland, Kentucky",0.0
606,"Cumberland, Maine",0.0
607,"Cumberland, New Jersey",0.013231441048034937
608,"Cumberland, North Carolina",0.03125
609,"Cumberland, Pennsylvania",0.0
610,"Cumberland, Tennessee",0.0
611,"Cumberland, Virginia",0.0
612,"Cuming, Nebraska",0.0
613,"Currituck, North Carolina",0.0
614,"Curry, New Mexico",0.0
615,"Curry, Oregon",0.0
616,"Custer, Idaho",0.0
617,"Custer, Montana",0.0
618,"Custer, Nebraska",0.0
619,"Custer, Oklahoma",0.0
620,"Custer, South Dakota",0.0
621,"Cuyahoga, Ohio",0.0
622,"Dade, Florida",0.0
623,"Dade, Missouri",0.0
624,"Daggett, Utah",0.0
625,"Dakota, Minnesota",0.0
626,"Dakota, Nebraska",0.0
627,"Dale, Alabama",0.0022666666666666664
628,"Dallam, Texas",0.0
629,"Dallas, Alabama",0.0
630,"Dallas, Arkansas",0.0
631,"Dallas, Missouri",0.0
632,"Dallas, Texas",0.0
633,"Dane, Wisconsin",0.0
634,"Daniels, Montana",0.0
635,"Danville, Virginia",0.0
636,"Dare, North Carolina",0.0
637,"Darke, Ohio",0.0
638,"Darlington, South Carolina",0.0
639,"Dauphin county, Pennsylvania",0.0
640,"Dauphin, Pennsylvania",0.0
641,"Davidson, North Carolina",0.0
642,"Davidson, Tennessee",0.0
643,"Davie, North Carolina",0.0
644,"Daviess, Indiana",0.02
645,"Daviess, Kentucky",0.0
646,"Daviess, Missouri",0.0
647,"Davis, Utah",0.0
648,"Dawes, Nebraska",0.0
649,"Dawson, Montana",0.0
650,"Dawson, Nebraska",0.0
651,"Dawson, Texas",0.0
652,"De baca, New Mexico",0.0
653,"De kalb, Indiana",0.025
654,"De kalb, Missouri",0.0
655,"De soto, Florida",0.006666666666666667
656,"De soto, Louisiana",0.0
657,"De witt, Illinois",0.0
658,"Deaf smith, Texas",0.0
659,"Dearborn, Indiana",0.0
660,"Decatur, Indiana",0.0
661,"Decatur, Kansas",0.0
662,"Decatur, Tennessee",0.0
663,"Deer lodge, Montana",0.0
664,"Defiance, Ohio",0.0
665,"Dekalb, Alabama",0.0
666,"Dekalb, Illinois",0.049019607843137254
667,"Dekalb, Indiana",0.0
668,"Dekalb, Missouri",0.0
669,"Dekalb, Tennessee",0.0
670,"Del norte county, California",0.0
671,"Del norte, California",0.0
672,"Delaware, Indiana",0.0
673,"Delaware, New York",0.0
674,"Delaware, Ohio",0.0
675,"Delaware, Oklahoma",0.0
676,"Delaware, Pennsylvania",0.003333333333333333
677,"Delta, Michigan",0.0
678,"Delta, Texas",0.0
679,"Denali, Alaska",0.0
680,"Dent, Missouri",0.0
681,"Denton, Texas",0.0012282608695652175
682,"Deschutes, Oregon",0.0
683,"Desha, Arkansas",0.0
684,"Desoto, Florida",0.0
685,"Deuel, Nebraska",0.0
686,"Dewey, Oklahoma",0.0
687,"Dewey, South Dakota",0.0
688,"Dewitt, Texas",0.0
689,"Dickens, Texas",0.0
690,"Dickenson, Virginia",0.0
691,"Dickey, North Dakota",0.0
692,"Dickinson, Kansas",0.0
693,"Dickinson, Michigan",0.0
694,"Dickson, Tennessee",0.0
695,"Dillingham, Alaska",0.0
696,"Dillon, South Carolina",0.3111111111111111
697,"Dimmit, Texas",0.0
698,"Dinwiddie, Virginia",0.10869565217391304
699,"District of columbia, District of Columbia",0.0
700,"Divide, North Dakota",0.0
701,"Dixie, Florida",0.008333333333333333
702,"Dixon, Nebraska",0.0
703,"Doddridge, West Virginia",0.0
704,"Dodge, Minnesota",0.0
705,"Dodge, Nebraska",0.0
706,"Dodge, Wisconsin",0.0
707,"Dona ana, New Mexico",0.027326732673267323
708,"Doniphan, Kansas",0.0
709,"Donley, Texas",0.0
710,"Door, Wisconsin",0.0
711,"Dorchester, Maryland",0.0
712,"Dorchester, South Carolina",0.0
713,"Douglas, Illinois",0.0
714,"Douglas, Kansas",0.0
715,"Douglas, Minnesota",0.0
716,"Douglas, Missouri",0.0
717,"Douglas, Nebraska",0.0
718,"Douglas, Nevada",0.0
719,"Douglas, Oregon",0.0
720,"Douglas, South Dakota",0.0
721,"Douglas, Washington",0.0
722,"Douglas, Wisconsin",0.0
723,"Drew, Arkansas",0.0
724,"Du page, Illinois",0.0
725,"Dubois, Indiana",0.0
726,"Duchesne, Utah",0.0
727,"Dukes, Massachusetts",0.0
728,"Dundy, Nebraska",0.0
729,"Dunklin, Missouri",0.0
730,"Dunn, North Dakota",0.0
731,"Dunn, Wisconsin",0.0
732,"Dupage, Illinois",0.0
733,"Duplin, North Carolina",0.0
734,"Durham, North Carolina",0.0
735,"Dutchess, New York",0.0035714285714285718
736,"Duval county, Florida",0.0
737,"Duval, Florida",0.01013824884792627
738,"Duval, Texas",0.0
739,"Dyer, Tennessee",0.0
740,"East baton rouge parish, Louisiana",0.0
741,"East baton rouge, Louisiana",0.0
742,"East carroll, Louisiana",0.0
743,"East feliciana, Louisiana",0.0
744,"Eastland, Texas",0.0
745,"Eaton, Michigan",0.0
746,"Eau claire, Wisconsin",0.036086956521739134
747,"Ector, Texas",0.0
748,"Eddy, New Mexico",0.003733333333333333
749,"Eddy, North Dakota",0.0
750,"Edgar, Illinois",0.06842105263157895
751,"Edgecombe, North Carolina",0.0
752,"Edgefield, South Carolina",0.0
753,"Edmonson, Kentucky",0.0
754,"Edwards, Illinois",0.0
755,"Edwards, Kansas",0.0
756,"Edwards, Texas",0.0
757,"Effingham, Illinois",0.0
758,"El dorado, California",0.0
759,"El paso, Texas",0.0
760,"Elk, Kansas",0.0
761,"Elk, Pennsylvania",0.0
762,"Elkhart, Indiana",0.0
763,"Elko, Nevada",0.02666666666666667
764,"Elliott, Kentucky",0.0
765,"Ellis, Kansas",0.0
766,"Ellis, Oklahoma",0.0
767,"Ellis, Texas",0.0
768,"Ellsworth, Kansas",0.0
769,"Elmore, Alabama",0.006666666666666666
770,"Elmore, Idaho",0.034210526315789476
771,"Emery, Utah",0.0
772,"Emmet, Iowa",0.0
773,"Emmet, Michigan",0.0
774,"Emmons, North Dakota",0.0
775,"Erath, Texas",0.0
776,"Erie county, Pennsylvania",0.0
777,"Erie, New York",0.003245614035087719
778,"Erie, Ohio",0.0
779,"Erie, Pennsylvania",0.0
780,"Escambia, Alabama",0.047563636363636363
781,"Escambia, Florida",0.0026490066225165563
782,"Esmeralda, Nevada",0.0
783,"Essex county, New York",0.0
784,"Essex, Massachusetts",0.0
785,"Essex, New Jersey",0.0
786,"Essex, New York",0.0
787,"Essex, Vermont",0.0
788,"Essex, Virginia",0.0
789,"Estill, Kentucky",0.0
790,"Etowah, Alabama",0.0
791,"Eureka, Nevada",0.0
792,"Evangeline parish, Louisiana",0.0
793,"Evangeline, Louisiana",0.0
794,"Fairbanks north star, Alaska",0.0
795,"Fairfax, Virginia",0.0
796,"Fairfield, Connecticut",0.0038910505836575876
797,"Fairfield, Ohio",0.0
798,"Fairfield, South Carolina",0.0
799,"Fall river, South Dakota",0.0
800,"Fallon, Montana",0.0
801,"Falls, Texas",0.0
802,"Fannin, Texas",0.0
803,"Faribault, Minnesota",0.0
804,"Faulk, South Dakota",0.0
805,"Fauquier, Virginia",0.0
806,"Fayette, Alabama",0.0
807,"Fayette, Illinois",0.0
808,"Fayette, Indiana",0.0
809,"Fayette, Kentucky",0.0
810,"Fayette, Ohio",0.0
811,"Fayette, Pennsylvania",0.02121212121212121
812,"Fayette, Tennessee",0.0
813,"Fayette, Texas",0.0
814,"Fayette, West Virginia",0.0
815,"Fentress, Tennessee",0.0
816,"Fergus, Montana",0.0
817,"Ferry, Washington",0.0
818,"Fillmore, Minnesota",0.0
819,"Fillmore, Nebraska",0.0
820,"Finney, Kansas",0.0
821,"Fisher, Texas",0.0
822,"Flagler, Florida",0.016666666666666666
823,"Flathead, Montana",0.0
824,"Fleming, Kentucky",0.0
825,"Florence, South Carolina",0.0
826,"Florence, Wisconsin",0.0
827,"Floyd, Indiana",0.0
828,"Floyd, Kentucky",0.0
829,"Floyd, Texas",0.0
830,"Floyd, Virginia",0.0
831,"Fluvanna, Virginia",0.0
832,"Foard, Texas",0.0
833,"Fond du lac, Wisconsin",0.016071428571428573
834,"Ford, Illinois",0.08533333333333333
835,"Ford, Kansas",0.0
836,"Forest, Pennsylvania",0.0
837,"Forest, Wisconsin",0.0
838,"Forsyth, North Carolina",0.0
839,"Fort bend county, Texas",0.0
840,"Fort bend, Texas",0.0
841,"Foster, North Dakota",0.0
842,"Fountain, Indiana",0.0
843,"Franklin county, Missouri",0.0
844,"Franklin county, New York",0.0
845,"Franklin county, Ohio",0.0
846,"Franklin county, Pennsylvania",0.0
847,"Franklin, Alabama",0.0
848,"Franklin, Arkansas",0.0
849,"Franklin, Florida",0.006666666666666667
850,"Franklin, Idaho",0.0
851,"Franklin, Illinois",0.0
852,"Franklin, Indiana",0.0
853,"Franklin, Kansas",0.0
854,"Franklin, Kentucky",0.0
855,"Franklin, Louisiana",0.0
856,"Franklin, Maine",0.0
857,"Franklin, Massachusetts",0.0
858,"Franklin, Missouri",0.0
859,"Franklin, Nebraska",0.0
860,"Franklin, New York",0.0
861,"Franklin, North Carolina",0.003703703703703704
862,"Franklin, Ohio",0.012621359223300972
863,"Franklin, Pennsylvania",0.0
864,"Franklin, Tennessee",0.0
865,"Franklin, Texas",0.0
866,"Franklin, Vermont",0.08333333333333333
867,"Franklin, Virginia",0.008695652173913044
868,"Franklin, Washington",0.0
869,"Frederick, Maryland",0.0211864406779661
870,"Frederick, Virginia",0.0
871,"Freeborn, Minnesota",0.0
872,"Freestone, Texas",0.0
873,"Fremont, Idaho",0.0
874,"Fremont, Iowa",0.0
875,"Fremont, Wyoming",0.0
876,"Fresno, California",0.0040078636959370905
877,"Frio, Texas",0.0
878,"Frontier, Nebraska",0.0
879,"Fulton, Arkansas",0.0
880,"Fulton, Illinois",0.03571428571428571
881,"Fulton, Indiana",0.0
882,"Fulton, Kentucky",0.0
883,"Fulton, New York",0.006493506493506494
884,"Fulton, Ohio",0.0
885,"Fulton, Pennsylvania",0.0
886,"Furnas, Nebraska",0.0
887,"Gadsden, Florida",0.0044444444444444444
888,"Gage, Nebraska",0.0
889,"Gaines, Texas",0.0
890,"Galax, Virginia",0.0
891,"Gallatin, Illinois",0.0
892,"Gallatin, Kentucky",0.0
893,"Gallatin, Montana",0.0003217391304347826
894,"Gallia, Ohio",0.0
895,"Galveston, Texas",0.0
896,"Garden, Nebraska",0.0
897,"Garfield, Montana",0.0
898,"Garfield, Nebraska",0.0
899,"Garfield, Oklahoma",0.0
900,"Garfield, Utah",0.0
901,"Garfield, Washington",0.0
902,"Garland, Arkansas",0.0
903,"Garrard, Kentucky",0.0
904,"Garrett, Maryland",0.0
905,"Garvin, Oklahoma",0.0
906,"Garza, Texas",0.0
907,"Gasconade, Missouri",0.0
908,"Gaston, North Carolina",0.0
909,"Gates, North Carolina",0.0
910,"Geary, Kansas",0.0
911,"Geauga, Ohio",0.004808510638297872
912,"Gem, Idaho",0.0
913,"Genesee, Michigan",0.0
914,"Genesee, New York",0.0
915,"Geneva, Alabama",0.0
916,"Gentry, Missouri",0.0
917,"Georgetown, South Carolina",0.0
918,"Gibson, Indiana",0.0
919,"Gibson, Tennessee",0.0
920,"Gila, Arizona",0.0
921,"Gilchrist, Florida",0.04000000000000001
922,"Giles, Tennessee",0.0
923,"Giles, Virginia",0.0
924,"Gillespie, Texas",0.002
925,"Gilliam, Oregon",0.0
926,"Gilmer, West Virginia",0.0
927,"Glacier, Montana",0.0
928,"Glades, Florida",0.07222222222222223
929,"Gladwin, Michigan",0.0
930,"Glasscock, Texas",0.0
931,"Glenn, California",0.0010666666666666667
932,"Gloucester, New Jersey",0.017346938775510204
933,"Gloucester, Virginia",0.0
934,"Gogebic, Michigan",0.0
935,"Golden valley, Montana",0.0
936,"Golden valley, North Dakota",0.0
937,"Goliad, Texas",0.0
938,"Gonzales, Texas",0.0
939,"Goochland, Virginia",0.0
940,"Goodhue, Minnesota",0.0
941,"Gooding, Idaho",0.0
942,"Goshen, Wyoming",0.0
943,"Gosper, Nebraska",0.0
944,"Gove, Kansas",0.0
945,"Grady, Oklahoma",0.0
946,"Grafton, New Hampshire",0.012307692307692308
947,"Graham county, Arizona",0.0
948,"Graham, Arizona",0.0
949,"Graham, Kansas",0.0
950,"Graham, North Carolina",0.0
951,"Grand forks, North Dakota",0.0
952,"Grand isle, Vermont",0.0
953,"Grand traverse, Michigan",0.0
954,"Grand, Utah",0.0
955,"Granite, Montana",0.0
956,"Grant, Arkansas",0.0
957,"Grant, Indiana",0.0
958,"Grant, Kansas",0.0
959,"Grant, Kentucky",0.0
960,"Grant, Louisiana",0.0
961,"Grant, Minnesota",0.0
962,"Grant, Nebraska",0.0
963,"Grant, New Mexico",0.03575757575757576
964,"Grant, North Dakota",0.0
965,"Grant, Oklahoma",0.0
966,"Grant, Oregon",0.0
967,"Grant, South Dakota",0.0
968,"Grant, Washington",0.0037558685446009393
969,"Grant, West Virginia",0.0
970,"Grant, Wisconsin",0.007311827956989248
971,"Granville, North Carolina",0.0
972,"Gratiot, Michigan",0.0
973,"Graves, Kentucky",0.0
974,"Gray, Kansas",0.0
975,"Gray, Texas",0.0
976,"Grays harbor, Washington",0.0
977,"Grayson, Kentucky",0.0
978,"Grayson, Texas",0.0
979,"Grayson, Virginia",0.0
980,"Greeley, Kansas",0.0
981,"Greeley, Nebraska",0.0
982,"Green lake, Wisconsin",0.0
983,"Green, Kentucky",0.0
984,"Green, Wisconsin",0.0
985,"Greenbrier, West Virginia",0.0
986,"Greene, Alabama",0.0
987,"Greene, Arkansas",0.0
988,"Greene, Illinois",0.0
989,"Greene, Indiana",0.0
990,"Greene, Missouri",0.0
991,"Greene, New York",0.0
992,"Greene, North Carolina",0.0
993,"Greene, Ohio",0.0
994,"Greene, Pennsylvania",0.0
995,"Greene, Tennessee",0.0
996,"Greene, Virginia",0.0
997,"Greenlee, Arizona",0.0
998,"Greensville, Virginia",0.0
999,"Greenup, Kentucky",0.0
1000,"Greenville, South Carolina",0.0
1001,"Greenwood, Kansas",0.0
1002,"Greenwood, South Carolina",0.0
1003,"Greer, Oklahoma",0.0
1004,"Gregg, Texas",0.0
1005,"Gregory, South Dakota",0.0
1006,"Griggs, North Dakota",0.0
1007,"Grimes, Texas",0.0
1008,"Grundy, Illinois",0.037037037037037035
1009,"Grundy, Missouri",0.0
1010,"Grundy, Tennessee",0.0
1011,"Guadalupe, New Mexico",0.0
1012,"Guadalupe, Texas",0.020656249999999998
1013,"Guernsey, Ohio",0.0
1014,"Guilford, North Carolina",0.0
1015,"Guillford, North Carolina",0.0
1016,"Gulf, Florida",0.0
1017,"Haines, Alaska",0.03785714285714286
1018,"Hale, Alabama",0.07142857142857142
1019,"Hale, Texas",0.0
1020,"Halifax, North Carolina",0.0
1021,"Halifax, Virginia",0.0
1022,"Hall, Nebraska",0.0
1023,"Hall, Texas",0.0
1024,"Hamblen, Tennessee",0.0
1025,"Hamilton, Florida",0.0
1026,"Hamilton, Indiana",0.0
1027,"Hamilton, Iowa",0.0
1028,"Hamilton, Kansas",0.0
1029,"Hamilton, Nebraska",0.0
1030,"Hamilton, New York",0.0
1031,"Hamilton, Ohio",0.0
1032,"Hamilton, Tennessee",0.0
1033,"Hamilton, Texas",0.0
1034,"Hamlin, South Dakota",0.0
1035,"Hampden, Massachusetts",0.0
1036,"Hampshire, Massachusetts",0.0
1037,"Hampshire, West Virginia",0.0
1038,"Hampton, South Carolina",0.0
1039,"Hancock, Illinois",0.05555555555555555
1040,"Hancock, Indiana",0.0
1041,"Hancock, Kentucky",0.0
1042,"Hancock, Maine",0.0
1043,"Hancock, Ohio",0.0
1044,"Hancock, Tennessee",0.0
1045,"Hancock, West Virginia",0.0
1046,"Hanover, Virginia",0.027777777777777776
1047,"Hansford, Texas",0.0
1048,"Hardee, Florida",0.01875
1049,"Hardeman, Tennessee",0.0
1050,"Hardeman, Texas",0.0
1051,"Hardin, Illinois",0.0
1052,"Hardin, Kentucky",0.0
1053,"Hardin, Ohio",0.0
1054,"Hardin, Tennessee",0.0
1055,"Hardin, Texas",0.0
1056,"Harding, New Mexico",0.0
1057,"Harding, South Dakota",0.0
1058,"Hardy, West Virginia",0.0
1059,"Harford, Maryland",0.015151515151515152
1060,"Harlan, Kentucky",0.0
1061,"Harlan, Nebraska",0.0
1062,"Harmon, Oklahoma",0.0
1063,"Harnett, North Carolina",0.0
1064,"Harney, Oregon",0.0
1065,"Harper, Kansas",0.0
1066,"Harper, Oklahoma",0.0
1067,"Harris, Texas",0.0
1068,"Harrison, Indiana",0.0
1069,"Harrison, Kentucky",0.0
1070,"Harrison, Missouri",0.0
1071,"Harrison, Ohio",0.0
1072,"Harrison, Texas",0.0
1073,"Harrison, West Virginia",0.0
1074,"Harrisonburg, Virginia",0.0
1075,"Hart, Kentucky",0.0
1076,"Hartford, Connecticut",0.01851038575667656
1077,"Hartley, Texas",0.0
1078,"Harvey, Kansas",0.0
1079,"Haskell, Kansas",0.0
1080,"Haskell, Oklahoma",0.0
1081,"Haskell, Texas",0.0
1082,"Hawaii, Hawaii",0.0
1083,"Hawkins, Tennessee",0.0
1084,"Hayes, Nebraska",0.0
1085,"Hays, Texas",0.0
1086,"Haywood, North Carolina",0.0
1087,"Haywood, Tennessee",0.0
1088,"Hemphill, Texas",0.0
1089,"Hempstead, Arkansas",0.0
1090,"Henderson, Illinois",0.0018421052631578945
1091,"Henderson, Kentucky",0.0
1092,"Henderson, North Carolina",0.0
1093,"Henderson, Tennessee",0.0
1094,"Henderson, Texas",0.0016
1095,"Hendricks, Indiana",0.0
1096,"Hendry, Florida",0.011627906976744186
1097,"Hennepin, Minnesota",0.0
1098,"Henrico, Virginia",0.0
1099,"Henry, Alabama",0.0
1100,"Henry, Illinois",0.011699999999999999
1101,"Henry, Indiana",0.0
1102,"Henry, Kentucky",0.0
1103,"Henry, Missouri",0.0
1104,"Henry, Ohio",0.0
1105,"Henry, Tennessee",0.0
1106,"Henry, Virginia",0.0
1107,"Herkimer, New York",0.02526315789473684
1108,"Hernando, Florida",0.03175675675675676
1109,"Hertford, North Carolina",0.0
1110,"Hickman, Kentucky",0.0
1111,"Hickman, Tennessee",0.0
1112,"Hickory, Missouri",0.0
1113,"Hidalgo, New Mexico",0.0
1114,"Hidalgo, Texas",0.00968
1115,"Highland, Ohio",0.0
1116,"Highland, Virginia",0.0
1117,"Highlands, Florida",0.0017543859649122807
1118,"Hill, Montana",0.0
1119,"Hill, Texas",0.0
1120,"Hills, Florida",0.037147102526003
1121,"Hills, New Hampshire",0.0
1122,"Hillsborough county, Florida",0.0
1123,"Hillsborough county, New Hampshire",0.0
1124,"Hillsborough, Florida",0.051020408163265314
1125,"Hillsborough, New Hampshire",0.0
1126,"Hillsdale, Michigan",0.0
1127,"Hitchcock, Nebraska",0.0
1128,"Hocking, Ohio",0.0
1129,"Hockley, Texas",0.0
1130,"Hodgeman, Kansas",0.0
1131,"Hoke, North Carolina",0.12058823529411763
1132,"Holmes, Florida",0.0029411764705882353
1133,"Holmes, Ohio",0.0
1134,"Holt, Missouri",0.0
1135,"Holt, Nebraska",0.0
1136,"Honolulu, Hawaii",0.0
1137,"Hood river, Oregon",0.0
1138,"Hood, Texas",0.0
1139,"Hooker, Nebraska",0.0
1140,"Hoonah-angoon, Alaska",0.0
1141,"Hopewell, Virginia",0.0
1142,"Hopkins, Kentucky",0.0
1143,"Hopkins, Texas",0.0
1144,"Horry, South Carolina",0.0
1145,"Hot spring, Arkansas",0.0
1146,"Hot springs, Wyoming",0.0
1147,"Houghton, Michigan",0.0
1148,"Houston, Alabama",0.0
1149,"Houston, Minnesota",0.0
1150,"Houston, Texas",0.0
1151,"Howard, Arkansas",0.0
1152,"Howard, Indiana",0.0
1153,"Howard, Maryland",0.016666666666666666
1154,"Howard, Missouri",0.0
1155,"Howard, Nebraska",0.0
1156,"Howard, Texas",0.0
1157,"Howell, Missouri",0.0
1158,"Hubbard, Minnesota",0.0
1159,"Hudson, New Jersey",0.0
1160,"Hudspeth, Texas",0.0
1161,"Hughes, Oklahoma",0.0
1162,"Hughes, South Dakota",0.0
1163,"Humboldt, California",0.0
1164,"Humboldt, Nevada",0.0
1165,"Humphreys, Tennessee",0.0
1166,"Hunt, Texas",0.0
1167,"Hunterdon, New Jersey",0.011139601139601139
1168,"Huntingdon, Pennsylvania",0.0
1169,"Huntington, Indiana",0.0
1170,"Huron, Michigan",0.0
1171,"Huron, Ohio",0.0
1172,"Hutchinson, South Dakota",0.0
1173,"Hutchinson, Texas",0.0
1174,"Hyde, North Carolina",0.0
1175,"Iberia parish, Louisiana",0.0
1176,"Iberia, Louisiana",0.0
1177,"Iberville, Louisiana",0.0
1178,"Idaho, Idaho",0.0
1179,"Imperial, California",0.0
1180,"Independence, Arkansas",0.0
1181,"Indian river, Florida",0.0
1182,"Indiana, Pennsylvania",0.0
1183,"Ingham, Michigan",0.0
1184,"Inyo, California",0.0
1185,"Ionia, Michigan",0.0
1186,"Iosco, Michigan",0.0
1187,"Iowa, Iowa",0.0
1188,"Iowa, Wisconsin",0.023148148148148147
1189,"Iredell, North Carolina",0.0
1190,"Irion, Texas",0.0
1191,"Iron, Michigan",0.0
1192,"Iron, Missouri",0.0
1193,"Iron, Utah",0.0
1194,"Iron, Wisconsin",0.0
1195,"Iroquois, Illinois",0.03858974358974359
1196,"Isabella, Michigan",0.0
1197,"Isanti, Minnesota",0.0
1198,"Island, Washington",0.0
1199,"Isle of wight, Virginia",0.0
1200,"Itasca, Minnesota",0.0
1201,"Izard, Arkansas",0.0
1202,"Jack, Texas",0.0
1203,"Jackson county, Florida",0.0
1204,"Jackson, Alabama",0.0
1205,"Jackson, Arkansas",0.0
1206,"Jackson, Florida",0.0
1207,"Jackson, Illinois",0.0
1208,"Jackson, Indiana",0.0
1209,"Jackson, Kansas",0.0
1210,"Jackson, Kentucky",0.0
1211,"Jackson, Louisiana",0.057692307692307696
1212,"Jackson, Michigan",0.0
1213,"Jackson, Minnesota",0.0
1214,"Jackson, Missouri",0.0
1215,"Jackson, North Carolina",0.0
1216,"Jackson, Ohio",0.0
1217,"Jackson, Oklahoma",0.0
1218,"Jackson, Oregon",0.0
1219,"Jackson, South Dakota",0.0
1220,"Jackson, Texas",0.0
1221,"Jackson, West Virginia",0.0
1222,"Jackson, Wisconsin",0.0030000000000000005
1223,"James (city), Virginia",0.0
1224,"James city, Virginia",0.0
1225,"Jasper county, Missouri",0.0
1226,"Jasper, Illinois",0.0
1227,"Jasper, Indiana",0.02142857142857143
1228,"Jasper, Missouri",0.0
1229,"Jasper, South Carolina",0.0
1230,"Jasper, Texas",0.0
1231,"Jay, Indiana",0.0
1232,"Jeff davis, Texas",0.04783333333333333
1233,"Jefferson county, Florida",0.0
1234,"Jefferson county, Pennsylvania",0.0
1235,"Jefferson davis, Louisiana",0.0
1236,"Jefferson, Alabama",0.0
1237,"Jefferson, Arkansas",0.0
1238,"Jefferson, Florida",0.041666666666666664
1239,"Jefferson, Idaho",0.0
1240,"Jefferson, Indiana",0.0
1241,"Jefferson, Kansas",0.0
1242,"Jefferson, Kentucky",0.0
1243,"Jefferson, Louisiana",0.0
1244,"Jefferson, Missouri",0.0
1245,"Jefferson, Montana",0.0
1246,"Jefferson, Nebraska",0.0
1247,"Jefferson, New York",0.0
1248,"Jefferson, Ohio",0.0
1249,"Jefferson, Oklahoma",0.0
1250,"Jefferson, Oregon",0.0
1251,"Jefferson, Pennsylvania",0.0
1252,"Jefferson, Tennessee",0.0
1253,"Jefferson, Texas",0.0
1254,"Jefferson, Washington",0.0
1255,"Jefferson, West Virginia",0.0
1256,"Jefferson, Wisconsin",0.0
1257,"Jennings, Indiana",0.0
1258,"Jerome, Idaho",0.0
1259,"Jersey, Illinois",0.0
1260,"Jessamine, Kentucky",0.0
1261,"Jewell, Kansas",0.0
1262,"Jim hogg, Texas",0.0
1263,"Jim wells, Texas",0.0
1264,"Jo daviess, Illinois",0.0
1265,"Johnson, Arkansas",0.0
1266,"Johnson, Illinois",0.0
1267,"Johnson, Indiana",0.0
1268,"Johnson, Iowa",0.0
1269,"Johnson, Kansas",0.0
1270,"Johnson, Kentucky",0.0
1271,"Johnson, Missouri",0.0
1272,"Johnson, Nebraska",0.0
1273,"Johnson, Tennessee",0.0
1274,"Johnson, Texas",0.0
1275,"Johnson, Wyoming",0.0
1276,"Johnston, North Carolina",0.0
1277,"Johnston, Oklahoma",0.0
1278,"Jones, Iowa",0.0
1279,"Jones, North Carolina",0.0
1280,"Jones, Texas",0.0
1281,"Josephine, Oregon",0.0
1282,"Juab, Utah",0.0
1283,"Judith basin, Montana",0.0
1284,"Juneau city and, Alaska",0.1175
1285,"Juneau, Alaska",0.0
1286,"Juneau, Wisconsin",0.04218181818181818
1287,"Juniata, Pennsylvania",0.0
1288,"Kalamazoo, Michigan",0.0
1289,"Kalkaska, Michigan",0.0
1290,"Kanabec, Minnesota",0.0
1291,"Kanawha, West Virginia",0.0
1292,"Kandiyohi, Minnesota",0.030000000000000002
1293,"Kane, Illinois",0.0
1294,"Kane, Utah",0.0
1295,"Kankakee, Illinois",0.029411764705882353
1296,"Karnes, Texas",0.0
1297,"Kauai, Hawaii",0.0
1298,"Kaufman, Texas",0.0
1299,"Kay, Oklahoma",0.0
1300,"Kearney, Nebraska",0.0
1301,"Kearny, Kansas",0.0
1302,"Keith, Nebraska",0.0
1303,"Kenai peninsula, Alaska",0.0
1304,"Kendall, Illinois",0.0
1305,"Kendall, Texas",0.001069767441860465
1306,"Kenedy, Texas",0.0
1307,"Kennebec, Maine",0.0
1308,"Kenosha, Wisconsin",0.0
1309,"Kent, Maryland",0.0
1310,"Kent, Michigan",0.0
1311,"Kent, Rhode Island",0.06842105263157895
1312,"Kent, Texas",0.0
1313,"Kenton, Kentucky",0.0
1314,"Kern, California",0.0029628893306825697
1315,"Kerr, Texas",0.0003121019108280255
1316,"Kershaw, South Carolina",0.0
1317,"Ketchikan gateway, Alaska",0.0
1318,"Kewaunee, Wisconsin",0.0
1319,"Keweenaw, Michigan",0.0
1320,"Keya paha, Nebraska",0.0
1321,"Kidder, North Dakota",0.0
1322,"Kimball, Nebraska",0.0
1323,"Kimble, Texas",0.0
1324,"King and queen, Virginia",0.0
1325,"King george, Virginia",0.0
1326,"King william, Virginia",0.0
1327,"King, Texas",0.0
1328,"King, Washington",0.0
1329,"Kingfisher, Oklahoma",0.0
1330,"Kingman, Kansas",0.0
1331,"Kings, California",6.285714285714285e-05
1332,"Kingsbury, South Dakota",0.0
1333,"Kinney, Texas",0.0
1334,"Kiowa, Kansas",0.0
1335,"Kiowa, Oklahoma",0.0
1336,"Kitsap, Washington",0.002077922077922078
1337,"Kittitas, Washington",0.0
1338,"Kittson, Minnesota",0.0
1339,"Klamath, Oregon",0.0
1340,"Kleberg, Texas",0.0
1341,"Klickitat, Washington",0.0
1342,"Knott, Kentucky",0.0
1343,"Knox, Illinois",0.0
1344,"Knox, Indiana",0.0
1345,"Knox, Kentucky",0.008333333333333333
1346,"Knox, Maine",0.05172413793103448
1347,"Knox, Nebraska",0.0
1348,"Knox, Ohio",0.0
1349,"Knox, Tennessee",0.0
1350,"Knox, Texas",0.0
1351,"Kodiak island, Alaska",0.0
1352,"Koochiching county, Minnesota",0.0
1353,"Koochiching, Minnesota",0.0
1354,"Kootenai, Idaho",0.0
1355,"Kosciusko, Indiana",0.005357142857142858
1356,"La crosse, Wisconsin",0.010676691729323307
1357,"La grange, Indiana",0.0
1358,"La paz, Arizona",0.0
1359,"La porte, Indiana",0.0
1360,"La salle, Illinois",0.0
1361,"La salle, Louisiana",0.0
1362,"La salle, Texas",0.0
1363,"Labette, Kansas",0.0
1364,"Lac qui parle, Minnesota",0.0
1365,"Lackawanna, Pennsylvania",0.0
1366,"Laclede, Missouri",0.0
1367,"Lafayette parish, Louisiana",0.0
1368,"Lafayette, Arkansas",0.0
1369,"Lafayette, Florida",0.0
1370,"Lafayette, Louisiana",0.0
1371,"Lafayette, Missouri",0.0
1372,"Lafayette, Wisconsin",0.0
1373,"Lafourche, Louisiana",0.0
1374,"Lagrange, Indiana",0.0
1375,"Lake and peninsula, Alaska",0.0
1376,"Lake of the woods, Minnesota",0.0
1377,"Lake, California",0.0
1378,"Lake, Florida",0.026801801801801795
1379,"Lake, Illinois",0.00663716814159292
1380,"Lake, Indiana",0.0
1381,"Lake, Michigan",0.0
1382,"Lake, Minnesota",0.18
1383,"Lake, Montana",0.0
1384,"Lake, Ohio",0.0
1385,"Lake, Oregon",0.0
1386,"Lake, South Dakota",0.0
1387,"Lake, Tennessee",0.0
1388,"Lamar, Alabama",0.060000000000000005
1389,"Lamar, Texas",0.0
1390,"Lamb, Texas",0.0
1391,"Lamoille, Vermont",0.0
1392,"Lamoure, North Dakota",0.0
1393,"Lampasas, Texas",0.0
1394,"Lancaster county, Pennsylvania",0.0
1395,"Lancaster, Nebraska",0.0
1396,"Lancaster, Pennsylvania",0.0
1397,"Lancaster, South Carolina",0.0
1398,"Lancaster, Virginia",0.054400000000000004
1399,"Lander, Nevada",0.0
1400,"Lane, Kansas",0.0
1401,"Lane, Oregon",0.0009811320754716981
1402,"Langlade, Wisconsin",0.0
1403,"Lapeer, Michigan",0.0
1404,"Laporte, Indiana",0.027083333333333334
1405,"Laramie, Wyoming",0.0
1406,"Larue, Kentucky",0.0
1407,"Lasalle, Illinois",0.0
1408,"Lassen, California",0.0
1409,"Latah, Idaho",0.0
1410,"Latimer, Oklahoma",0.0
1411,"Lauderdale, Alabama",0.0
1412,"Lauderdale, Tennessee",0.0
1413,"Laurel, Kentucky",0.0
1414,"Laurens, South Carolina",0.10967741935483871
1415,"Lavaca, Texas",0.0
1416,"Lawrence county, Arkansas",0.0
1417,"Lawrence, Alabama",0.0
1418,"Lawrence, Arkansas",0.0
1419,"Lawrence, Illinois",0.0
1420,"Lawrence, Indiana",0.0
1421,"Lawrence, Kentucky",0.0
1422,"Lawrence, Missouri",0.0
1423,"Lawrence, Ohio",0.0
1424,"Lawrence, Pennsylvania",0.0
1425,"Lawrence, South Dakota",0.0
1426,"Lawrence, Tennessee",0.0
1427,"Le flore, Oklahoma",0.0
1428,"Le sueur, Minnesota",0.0
1429,"Lea, New Mexico",0.004952380952380953
1430,"Leavenworth, Kansas",0.0
1431,"Lebanon, Pennsylvania",0.0
1432,"Lee county, South Carolina",0.0
1433,"Lee, Alabama",0.02121212121212121
1434,"Lee, Arkansas",0.0
1435,"Lee, Florida",0.05060240963855422
1436,"Lee, Illinois",0.0
1437,"Lee, Kentucky",0.0
1438,"Lee, North Carolina",0.0
1439,"Lee, South Carolina",0.0
1440,"Lee, Texas",0.0
1441,"Lee, Virginia",0.0
1442,"Leelanau, Michigan",0.0
1443,"Lehigh, Pennsylvania",0.0
1444,"Lemhi, Idaho",0.04
1445,"Lenawee, Michigan",0.0
1446,"Lenoir, North Carolina",0.0
1447,"Leon, Florida",0.004166666666666667
1448,"Leon, Texas",0.0
1449,"Leslie, Kentucky",0.0
1450,"Letcher, Kentucky",0.0
1451,"Levy county, Florida",0.0
1452,"Levy, Florida",0.014285714285714287
1453,"Lewis and clark, Montana",0.0
1454,"Lewis county, Washington",0.0
1455,"Lewis, Idaho",0.0
1456,"Lewis, Kentucky",0.0
1457,"Lewis, Missouri",0.0
1458,"Lewis, New York",0.0
1459,"Lewis, Tennessee",0.0
1460,"Lewis, Washington",0.0
1461,"Lewis, West Virginia",0.0
1462,"Lexington county, South Carolina",0.0
1463,"Lexington, South Carolina",0.0
1464,"Liberty, Florida",0.0
1465,"Liberty, Montana",0.0
1466,"Liberty, Texas",0.0
1467,"Licking, Ohio",0.010948905109489052
1468,"Limestone, Alabama",0.0
1469,"Limestone, Texas",0.0
1470,"Lincoln parish, Louisiana",0.0
1471,"Lincoln, Arkansas",0.0
1472,"Lincoln, Idaho",0.0
1473,"Lincoln, Kansas",0.0
1474,"Lincoln, Kentucky",0.0
1475,"Lincoln, Louisiana",0.0
1476,"Lincoln, Maine",0.013924050632911394
1477,"Lincoln, Missouri",0.0
1478,"Lincoln, Montana",0.0
1479,"Lincoln, Nebraska",0.0
1480,"Lincoln, Nevada",0.0
1481,"Lincoln, New Mexico",0.009900990099009901
1482,"Lincoln, North Carolina",0.0
1483,"Lincoln, Oklahoma",0.0
1484,"Lincoln, Oregon",0.0
1485,"Lincoln, South Dakota",0.0
1486,"Lincoln, Tennessee",0.0
1487,"Lincoln, Washington",0.0
1488,"Lincoln, West Virginia",0.0
1489,"Lincoln, Wisconsin",0.0
1490,"Lincoln, Wyoming",0.0
1491,"Linn county, Oregon",0.0
1492,"Linn, Kansas",0.0
1493,"Linn, Missouri",0.0
1494,"Linn, Oregon",0.0
1495,"Lipscomb, Texas",0.0
1496,"Litchfield, Connecticut",0.003783132530120482
1497,"Little river, Arkansas",0.0
1498,"Live oak, Texas",0.0
1499,"Livingston county, New York",0.0
1500,"Livingston parish, Louisiana",0.0
1501,"Livingston, Illinois",0.0
1502,"Livingston, Kentucky",0.0
1503,"Livingston, Louisiana",0.0
1504,"Livingston, Michigan",0.0
1505,"Livingston, Missouri",0.0
1506,"Livingston, New York",0.0
1507,"Llano, Texas",0.3037037037037037
1508,"Logan, Arkansas",0.0
1509,"Logan, Illinois",0.0
1510,"Logan, Kansas",0.0
1511,"Logan, Nebraska",0.0
1512,"Logan, North Dakota",0.0
1513,"Logan, Ohio",0.0
1514,"Logan, Oklahoma",0.0
1515,"Logan, West Virginia",0.0
1516,"Lonoke, Arkansas",0.0
1517,"Lorain, Ohio",0.0
1518,"Los alamos, New Mexico",0.0
1519,"Los angeles county, California",0.0
1520,"Los angeles, California",0.003824282786885246
1521,"Loudon, Tennessee",0.0
1522,"Loudoun, Virginia",0.0
1523,"Louisa, Virginia",0.0
1524,"Loup, Nebraska",0.0
1525,"Love, Oklahoma",0.0
1526,"Loving, Texas",0.0
1527,"Lowndes, Alabama",0.0
1528,"Lubbock, Texas",0.0
1529,"Lucas, Ohio",0.0
1530,"Luce, Michigan",0.0
1531,"Luna, New Mexico",0.03666666666666667
1532,"Lunenburg, Virginia",0.0
1533,"Luzerne county, Pennsylvania",0.0
1534,"Luzerne, Pennsylvania",0.0184375
1535,"Lycoming county, Pennsylvania",0.0
1536,"Lycoming, Pennsylvania",0.0
1537,"Lyman, South Dakota",0.0
1538,"Lynchburg, Virginia",0.0
1539,"Lynn, Texas",0.0
1540,"Lyon, Kansas",0.0
1541,"Lyon, Kentucky",0.0
1542,"Lyon, Minnesota",0.0
1543,"Lyon, Nevada",0.0
1544,"Mackinac, Michigan",0.0
1545,"Macomb, Michigan",0.0
1546,"Macon, Alabama",0.013333333333333334
1547,"Macon, Illinois",0.0
1548,"Macon, Missouri",0.0
1549,"Macon, North Carolina",0.0
1550,"Macon, Tennessee",0.0
1551,"Macoupin, Illinois",0.0
1552,"Madera county, California",0.0
1553,"Madera, California",0.0330188679245283
1554,"Madison, Alabama",0.041666666666666664
1555,"Madison, Florida",0.0
1556,"Madison, Idaho",0.0
1557,"Madison, Illinois",0.043859649122807015
1558,"Madison, Indiana",0.0
1559,"Madison, Kentucky",0.0
1560,"Madison, Louisiana",0.0
1561,"Madison, Missouri",0.0
1562,"Madison, Montana",0.0
1563,"Madison, Nebraska",0.0
1564,"Madison, New York",0.04854368932038835
1565,"Madison, North Carolina",0.0
1566,"Madison, Ohio",0.012345679012345678
1567,"Madison, Tennessee",0.25
1568,"Madison, Texas",0.0
1569,"Madison, Virginia",0.012727272727272728
1570,"Magoffin, Kentucky",0.0
1571,"Mahnomen, Minnesota",0.0
1572,"Mahoning, Ohio",0.0
1573,"Major, Oklahoma",0.0
1574,"Malheur, Oregon",0.0
1575,"Manassas, Virginia",0.0
1576,"Manatee county, Florida",0.016666666666666666
1577,"Manatee, Florida",0.006000000000000001
1578,"Manistee, Michigan",0.0
1579,"Manitowoc, Wisconsin",0.0
1580,"Marathon, Wisconsin",0.0005891472868217054
1581,"Marengo, Alabama",0.0
1582,"Maricopa, Arizona",0.005035971223021583
1583,"Maries county, Missouri",0.0
1584,"Maries, Missouri",0.0
1585,"Marin, California",0.0
1586,"Marinette, Wisconsin",0.0
1587,"Marion county, Florida",0.0
1588,"Marion county, Missouri",0.0
1589,"Marion, Alabama",0.0
1590,"Marion, Arkansas",0.0
1591,"Marion, Florida",0.00909090909090909
1592,"Marion, Illinois",0.0
1593,"Marion, Indiana",0.0
1594,"Marion, Kansas",0.0
1595,"Marion, Kentucky",0.0
1596,"Marion, Missouri",0.0
1597,"Marion, Ohio",0.0
1598,"Marion, Oregon",0.0
1599,"Marion, South Carolina",0.0
1600,"Marion, Tennessee",0.0
1601,"Marion, Texas",0.0
1602,"Marion, West Virginia",0.0
1603,"Mariposa, California",0.0
1604,"Marlboro, South Carolina",0.0
1605,"Marquette, Michigan",0.0
1606,"Marquette, Wisconsin",0.0
1607,"Marshall, Alabama",0.0
1608,"Marshall, Illinois",0.0
1609,"Marshall, Indiana",0.0
1610,"Marshall, Kansas",0.0
1611,"Marshall, Kentucky",0.0
1612,"Marshall, Minnesota",0.0
1613,"Marshall, Oklahoma",0.0633913043478261
1614,"Marshall, South Dakota",0.0
1615,"Marshall, Tennessee",0.0
1616,"Marshall, West Virginia",0.48125
1617,"Martin county, Florida",0.0
1618,"Martin, Florida",0.0014492753623188406
1619,"Martin, Indiana",0.0
1620,"Martin, Kentucky",0.0
1621,"Martin, Minnesota",0.0
1622,"Martin, North Carolina",0.0
1623,"Martin, Texas",0.0
1624,"Martinsville, Virginia",0.0
1625,"Mason, Illinois",0.0
1626,"Mason, Kentucky",0.0
1627,"Mason, Michigan",0.0
1628,"Mason, Texas",0.0
1629,"Mason, Washington",0.0
1630,"Mason, West Virginia",0.0
1631,"Massac, Illinois",0.0
1632,"Matagorda, Texas",0.0
1633,"Matanuska-susitna borough, Alaska",0.0
1634,"Matanuska-susitna, Alaska",0.021556179775280897
1635,"Mathews, Virginia",0.0
1636,"Maui, Hawaii",0.0
1637,"Maury, Tennessee",0.0
1638,"Maverick, Texas",0.0
1639,"Mayes, Oklahoma",0.0
1640,"Mcclain, Oklahoma",0.016428571428571428
1641,"Mccone, Montana",0.0
1642,"Mccook, South Dakota",0.0
1643,"Mccormick, South Carolina",0.0
1644,"Mccracken, Kentucky",0.0
1645,"Mccreary, Kentucky",0.0
1646,"Mcculloch, Texas",0.0
1647,"Mccurtain, Oklahoma",0.0
1648,"Mcdonald, Missouri",0.0
1649,"Mcdonough, Illinois",0.625
1650,"Mcdowell, North Carolina",0.0
1651,"Mcdowell, West Virginia",0.0
1652,"Mchenry, Illinois",0.010869565217391304
1653,"Mchenry, North Dakota",0.0
1654,"Mcintosh, North Dakota",0.0
1655,"Mcintosh, Oklahoma",0.0
1656,"Mckean, Pennsylvania",0.0
1657,"Mckenzie, North Dakota",0.0
1658,"Mckinley, New Mexico",0.07289473684210526
1659,"Mclean, Illinois",0.028985507246376812
1660,"Mclean, Kentucky",0.0
1661,"Mclean, North Dakota",0.0
1662,"Mclennan, Texas",0.0
1663,"Mcleod, Minnesota",0.0
1664,"Mcminn, Tennessee",0.0
1665,"Mcmullen, Texas",0.0
1666,"Mcnairy, Tennessee",0.0
1667,"Mcpherson, Kansas",0.0
1668,"Mcpherson, Nebraska",0.0
1669,"Meade, Kansas",0.0
1670,"Meade, Kentucky",0.0
1671,"Meade, South Dakota",0.0
1672,"Meagher, Montana",0.0
1673,"Mecklenburg, North Carolina",0.0
1674,"Mecklenburg, Virginia",0.0
1675,"Mecosta, Michigan",0.0
1676,"Medina, Ohio",0.0
1677,"Medina, Texas",0.001096153846153846
1678,"Meeker, Minnesota",0.0
1679,"Meigs, Ohio",0.0
1680,"Meigs, Tennessee",0.0
1681,"Menard, Illinois",0.13999999999999999
1682,"Menard, Texas",0.0
1683,"Mendocino, California",0.0
1684,"Menifee, Kentucky",0.0
1685,"Menominee, Michigan",0.0
1686,"Menominee, Wisconsin",0.0
1687,"Merced, California",0.0
1688,"Mercer county, Pennsylvania",0.0
1689,"Mercer, Illinois",0.045714285714285714
1690,"Mercer, Kentucky",0.0
1691,"Mercer, Missouri",0.0
1692,"Mercer, New Jersey",0.0004794520547945205
1693,"Mercer, North Dakota",0.0
1694,"Mercer, Ohio",0.0
1695,"Mercer, Pennsylvania",0.0
1696,"Mercer, West Virginia",0.0
1697,"Merrick, Nebraska",0.0
1698,"Merrimack, New Hampshire",0.0
1699,"Miami, Indiana",0.0
1700,"Miami, Kansas",0.0
1701,"Miami, Ohio",0.0
1702,"Miami-dade, Florida",0.07
1703,"Middlesex, Connecticut",0.0
1704,"Middlesex, Massachusetts",0.02882703777335984
1705,"Middlesex, New Jersey",0.013527272727272726
1706,"Middlesex, Virginia",0.0
1707,"Midland, Michigan",0.0
1708,"Midland, Texas",0.0
1709,"Mifflin, Pennsylvania",0.0
1710,"Milam, Texas",0.0
1711,"Millard, Utah",0.014084507042253521
1712,"Mille lacs county, Minnesota",0.0
1713,"Mille lacs, Minnesota",0.0
1714,"Miller, Arkansas",0.0
1715,"Miller, Missouri",0.0
1716,"Mills, Texas",0.0
1717,"Milwaukee, Wisconsin",0.0
1718,"Miner, South Dakota",0.0
1719,"Mineral, Montana",0.0
1720,"Mineral, Nevada",0.0
1721,"Mineral, West Virginia",0.0
1722,"Mingo, West Virginia",0.0
1723,"Minidoka, Idaho",0.0
1724,"Minnehaha, South Dakota",0.0
1725,"Missaukee, Michigan",0.0
1726,"Mississippi, Arkansas",0.0
1727,"Mississippi, Missouri",0.0
1728,"Missoula, Montana",0.0
1729,"Mitchell, Iowa",0.0
1730,"Mitchell, Kansas",0.0
1731,"Mitchell, North Carolina",0.0
1732,"Mitchell, Texas",0.0
1733,"Mobile, Alabama",0.000744186046511628
1734,"Modoc, California",0.0
1735,"Mohave, Arizona",0.0
1736,"Moniteau, Missouri",0.0
1737,"Monmouth, New Jersey",0.0
1738,"Mono, California",0.0
1739,"Monona, Iowa",0.0
1740,"Monongalia, West Virginia",0.0
1741,"Monroe county, Pennsylvania",0.0
1742,"Monroe, Alabama",0.008823529411764706
1743,"Monroe, Arkansas",0.0
1744,"Monroe, Florida",0.0
1745,"Monroe, Illinois",0.25
1746,"Monroe, Indiana",0.0
1747,"Monroe, Kentucky",0.0
1748,"Monroe, Michigan",0.0
1749,"Monroe, Missouri",0.0
1750,"Monroe, New York",0.4669311111111111
1751,"Monroe, Ohio",0.11833333333333333
1752,"Monroe, Pennsylvania",0.0
1753,"Monroe, Tennessee",0.0
1754,"Monroe, West Virginia",0.0
1755,"Monroe, Wisconsin",0.041774193548387094
1756,"Montague, Texas",0.004277777777777778
1757,"Montcalm, Michigan",0.0
1758,"Monterey, California",0.0005761316872427986
1759,"Montgomery county, Pennsylvania",0.0
1760,"Montgomery, Alabama",0.0
1761,"Montgomery, Arkansas",0.0
1762,"Montgomery, Illinois",0.0
1763,"Montgomery, Indiana",0.0
1764,"Montgomery, Kansas",0.0
1765,"Montgomery, Kentucky",0.0
1766,"Montgomery, Maryland",0.0
1767,"Montgomery, Missouri",0.0
1768,"Montgomery, New York",0.0
1769,"Montgomery, North Carolina",0.0
1770,"Montgomery, Ohio",0.0
1771,"Montgomery, Pennsylvania",0.0
1772,"Montgomery, Tennessee",0.0
1773,"Montgomery, Texas",0.0022267206477732796
1774,"Montgomery, Virginia",0.0
1775,"Montmorency, Michigan",0.0
1776,"Montour, Pennsylvania",0.0
1777,"Moody, South Dakota",0.0
1778,"Moore county, Texas",0.0
1779,"Moore, North Carolina",0.0
1780,"Moore, Tennessee",0.0
1781,"Moore, Texas",0.0
1782,"Mora, New Mexico",0.0
1783,"Morehouse, Louisiana",0.0
1784,"Morgan, Alabama",0.0
1785,"Morgan, Illinois",0.0
1786,"Morgan, Indiana",0.0
1787,"Morgan, Kentucky",0.0
1788,"Morgan, Missouri",0.0
1789,"Morgan, Ohio",0.0
1790,"Morgan, Tennessee",0.0
1791,"Morgan, Utah",0.0
1792,"Morgan, West Virginia",0.0
1793,"Morrill, Nebraska",0.0
1794,"Morris, Kansas",0.0
1795,"Morris, New Jersey",0.005046382189239331
1796,"Morris, Texas",0.0
1797,"Morrison, Minnesota",0.0
1798,"Morrow, Ohio",0.0
1799,"Morrow, Oregon",0.0
1800,"Morton, Kansas",0.0
1801,"Morton, North Dakota",0.0
1802,"Motley, Texas",0.0
1803,"Moultrie, Illinois",0.0
1804,"Mountrail, North Dakota",0.0
1805,"Mower, Minnesota",0.0
1806,"Muhlenberg, Kentucky",0.0
1807,"Multnomah county, Oregon",0.0
1808,"Multnomah, Oregon",0.0
1809,"Murray, Minnesota",0.0
1810,"Murray, Oklahoma",0.0
1811,"Muskegon, Michigan",0.0
1812,"Muskingum, Ohio",0.0
1813,"Muskogee, Oklahoma",0.0
1814,"Musselshell, Montana",0.0
1815,"Nacogdoches, Texas",0.0
1816,"Nance, Nebraska",0.0
1817,"Nantucket, Massachusetts",0.0
1818,"Napa, California",0.03671641791044776
1819,"Nash, North Carolina",0.0
1820,"Nassau, Florida",0.006666666666666668
1821,"Nassau, New York",0.244895
1822,"Natchitoches, Louisiana",0.0
1823,"Natrona, Wyoming",0.0
1824,"Navajo, Arizona",0.010743801652892562
1825,"Navarro, Texas",0.0
1826,"Nelson, Kentucky",0.0
1827,"Nelson, North Dakota",0.0
1828,"Nelson, Virginia",0.0
1829,"Nemaha, Kansas",0.0
1830,"Nemaha, Nebraska",0.0
1831,"Neosho, Kansas",0.0
1832,"Ness, Kansas",0.0
1833,"Nevada county, Arkansas",0.0
1834,"Nevada, Arkansas",0.0
1835,"Nevada, California",0.0
1836,"New hanover, North Carolina",0.0
1837,"New haven, Connecticut",0.013190184049079755
1838,"New kent, Virginia",0.0
1839,"New london, Connecticut",0.007481296758104738
1840,"New madrid, Missouri",0.0
1841,"Newaygo, Michigan",0.0
1842,"Newberry, South Carolina",0.0
1843,"Newport news, Virginia",0.0
1844,"Newport, Rhode Island",0.0
1845,"Newton county, Arkansas",0.0
1846,"Newton, Arkansas",0.0
1847,"Newton, Indiana",0.0
1848,"Newton, Missouri",0.0
1849,"Newton, Texas",0.0
1850,"Nez perce, Idaho",0.013846153846153847
1851,"Niagara, New York",0.0
1852,"Nicholas, Kentucky",0.0
1853,"Nicholas, West Virginia",0.0
1854,"Nicollet, Minnesota",0.0
1855,"Niobrara, Wyoming",0.0
1856,"Noble, Indiana",0.0
1857,"Noble, Ohio",0.0
1858,"Noble, Oklahoma",0.0
1859,"Nobles, Minnesota",0.0
1860,"Nodaway, Missouri",0.0
1861,"Nolan, Texas",0.0
1862,"Nome, Alaska",0.0
1863,"Norfolk, Massachusetts",0.0
1864,"Norfolk, Virginia",0.06666666666666667
1865,"Norman, Minnesota",0.0
1866,"North slope, Alaska",0.0
1867,"Northampton county, Pennsylvania",0.0
1868,"Northampton, North Carolina",0.0
1869,"Northampton, Pennsylvania",0.0
1870,"Northampton, Virginia",0.0
1871,"Northumberland, Pennsylvania",0.0
1872,"Northumberland, Virginia",0.03722689075630252
1873,"Northwest arctic borough, Alaska",0.0
1874,"Northwest arctic, Alaska",0.0
1875,"Norton, Kansas",0.0
1876,"Norton, Virginia",0.0
1877,"Nottoway, Virginia",0.0
1878,"Nowata, Oklahoma",0.0
1879,"Nuckolls, Nebraska",0.0
1880,"Nueces, Texas",0.0
1881,"Nye, Nevada",0.03733333333333333
1882,"Oakland, Michigan",0.0
1883,"Obion, Tennessee",0.0
1884,"Ocean, New Jersey",0.0007520891364902508
1885,"Oceana, Michigan",0.0
1886,"Ochiltree, Texas",0.0
1887,"Oconee, South Carolina",0.0
1888,"Oconto, Wisconsin",0.0
1889,"Ogemaw, Michigan",0.0
1890,"Ogle, Illinois",0.0006526315789473684
1891,"Ohio, Indiana",0.0
1892,"Ohio, Kentucky",0.23636363636363636
1893,"Ohio, West Virginia",0.0
1894,"Okaloosa county, Florida",0.0
1895,"Okaloosa, Florida",0.06
1896,"Okanogan, Washington",0.0
1897,"Okeechobee, Florida",0.0
1898,"Okfuskee, Oklahoma",0.0
1899,"Oklahoma, Oklahoma",0.007747603833865815
1900,"Okmulgee, Oklahoma",0.0
1901,"Oldham, Kentucky",0.0
1902,"Oldham, Texas",0.0
1903,"Oliver, North Dakota",0.0
1904,"Olmsted, Minnesota",0.0
1905,"Oneida, Idaho",0.0
1906,"Oneida, New York",0.0
1907,"Oneida, Wisconsin",0.0
1908,"Onondaga, New York",0.029197080291970802
1909,"Onslow, North Carolina",0.0
1910,"Ontario, New York",0.0
1911,"Ontonagon, Michigan",0.0
1912,"Orange, California",0.0
1913,"Orange, Florida",0.016022099447513816
1914,"Orange, New York",0.0
1915,"Orange, North Carolina",0.0
1916,"Orange, Texas",0.0
1917,"Orange, Vermont",0.05
1918,"Orange, Virginia",0.0
1919,"Orangeburg, South Carolina",0.0
1920,"Oregon, Missouri",0.0
1921,"Orleans, Louisiana",0.0
1922,"Orleans, New York",0.0
1923,"Orleans, Vermont",0.0
1924,"Osage, Kansas",0.0
1925,"Osage, Missouri",0.0
1926,"Osage, Oklahoma",0.0
1927,"Osborne, Kansas",0.0
1928,"Osceola, Florida",0.009523809523809525
1929,"Osceola, Michigan",0.0
1930,"Oscoda, Michigan",0.0
1931,"Oswego, New York",0.006535947712418301
1932,"Otero, New Mexico",0.0
1933,"Otoe, Nebraska",0.0
1934,"Otsego, Michigan",0.0
1935,"Otsego, New York",0.0
1936,"Ottawa, Kansas",0.0
1937,"Ottawa, Michigan",0.0
1938,"Ottawa, Ohio",0.0
1939,"Ottawa, Oklahoma",0.0
1940,"Otter tail, Minnesota",0.0
1941,"Ouachita, Arkansas",0.0
1942,"Ouachita, Louisiana",0.0
1943,"Outagamie, Wisconsin",0.0
1944,"Overton, Tennessee",0.0
1945,"Owen, Indiana",0.0
1946,"Owen, Kentucky",0.0
1947,"Owsley, Kentucky",0.0
1948,"Owyhee, Idaho",0.0
1949,"Oxford, Maine",0.0
1950,"Ozark, Missouri",0.0
1951,"Ozaukee, Wisconsin",0.001612781954887218
1952,"Pacific, Washington",0.0
1953,"Page, Virginia",0.0
1954,"Palm beach, Florida",0.05217391304347826
1955,"Palo pinto, Texas",0.0
1956,"Pamlico, North Carolina",0.0
1957,"Panola, Texas",0.0
1958,"Park, Montana",0.0
1959,"Park, Wyoming",0.0
1960,"Parke, Indiana",0.0
1961,"Parker, Texas",0.0
1962,"Parmer, Texas",0.0
1963,"Pasco county, Florida",0.0
1964,"Pasco, Florida",0.043828715365239274
1965,"Pasquotank, North Carolina",0.0
1966,"Passaic, New Jersey",0.015277777777777779
1967,"Patrick, Virginia",0.0
1968,"Paulding, Ohio",0.0
1969,"Pawnee, Kansas",0.0
1970,"Pawnee, Nebraska",0.0
1971,"Pawnee, Oklahoma",0.0
1972,"Payette, Idaho",0.0
1973,"Payne, Oklahoma",0.0
1974,"Pecos, Texas",0.0
1975,"Pembina, North Dakota",0.0
1976,"Pemiscot, Missouri",0.0
1977,"Pend oreille, Washington",0.0
1978,"Pender, North Carolina",0.0
1979,"Pendleton, Kentucky",0.0
1980,"Pendleton, West Virginia",0.0
1981,"Pennington, Minnesota",0.0
1982,"Pennington, South Dakota",0.0392156862745098
1983,"Penobscot, Maine",0.0
1984,"Peoria, Illinois",0.010101010101010102
1985,"Pepin, Wisconsin",0.0
1986,"Perkins, Nebraska",0.0
1987,"Perquimans, North Carolina",0.0
1988,"Perry county, Pennsylvania",0.0
1989,"Perry, Alabama",0.0
1990,"Perry, Arkansas",0.0
1991,"Perry, Illinois",0.0
1992,"Perry, Indiana",0.0
1993,"Perry, Kentucky",0.0
1994,"Perry, Missouri",0.0
1995,"Perry, Ohio",0.0
1996,"Perry, Pennsylvania",0.0
1997,"Perry, Tennessee",0.0
1998,"Pershing, Nevada",0.0
1999,"Person, North Carolina",0.0
2000,"Petersburg, Alaska",0.0
2001,"Petroleum, Montana",0.0
2002,"Pettis, Missouri",0.0
2003,"Phelps, Missouri",0.0
2004,"Phelps, Nebraska",0.0
2005,"Philadelphia, Pennsylvania",0.0
2006,"Phillips, Arkansas",0.0
2007,"Phillips, Kansas",0.0
2008,"Phillips, Montana",0.0
2009,"Piatt, Illinois",0.0
2010,"Pickaway, Ohio",0.0
2011,"Pickens, Alabama",0.0
2012,"Pickens, South Carolina",0.0
2013,"Pierce county, Washington",0.0
2014,"Pierce, Nebraska",0.0
2015,"Pierce, North Dakota",0.0
2016,"Pierce, Washington",0.01076555023923445
2017,"Pierce, Wisconsin",0.0
2018,"Pike, Alabama",0.0
2019,"Pike, Arkansas",0.0
2020,"Pike, Illinois",0.1935483870967742
2021,"Pike, Indiana",0.049999999999999996
2022,"Pike, Kentucky",0.0
2023,"Pike, Missouri",0.0
2024,"Pike, Ohio",0.0
2025,"Pike, Pennsylvania",0.0
2026,"Pima, Arizona",0.0
2027,"Pinal, Arizona",0.0
2028,"Pine, Minnesota",0.0
2029,"Pinellas, Florida",0.018750000000000003
2030,"Pipestone, Minnesota",0.0
2031,"Piscataquis, Maine",0.0
2032,"Pitt, North Carolina",0.0
2033,"Pittsburg, Oklahoma",0.0
2034,"Pittsylvania, Virginia",0.0029411764705882353
2035,"Piute, Utah",0.0
2036,"Placer, California",0.0
2037,"Plaquemines, Louisiana",0.0
2038,"Platte, Missouri",0.0
2039,"Platte, Nebraska",0.0
2040,"Platte, Wyoming",0.0
2041,"Pleasants, West Virginia",0.0
2042,"Plumas, California",0.0
2043,"Plymouth, Massachusetts",0.0035335689045936395
2044,"Pocahontas, West Virginia",0.0
2045,"Poinsett, Arkansas",0.0
2046,"Pointe coupee parish, Louisiana",0.0
2047,"Pointe coupee, Louisiana",0.0
2048,"Polk, Arkansas",0.0
2049,"Polk, Florida",0.04241316270566727
2050,"Polk, Minnesota",0.0
2051,"Polk, Missouri",0.0
2052,"Polk, Nebraska",0.0
2053,"Polk, North Carolina",0.0
2054,"Polk, Oregon",0.0
2055,"Polk, Tennessee",0.0
2056,"Polk, Texas",0.0
2057,"Polk, Wisconsin",0.0
2058,"Pondera, Montana",0.0
2059,"Pontotoc, Oklahoma",0.0
2060,"Pope, Arkansas",0.0
2061,"Pope, Illinois",0.0
2062,"Pope, Minnesota",0.0
2063,"Portage county, Wisconsin",0.0
2064,"Portage, Ohio",0.02441717791411043
2065,"Portage, Wisconsin",0.0
2066,"Porter, Indiana",0.0
2067,"Portsmouth, Virginia",0.0
2068,"Posey, Indiana",0.0
2069,"Pottawatomie, Kansas",0.0
2070,"Pottawatomie, Oklahoma",0.0
2071,"Pottawattamie, Iowa",0.0
2072,"Potter, Pennsylvania",0.0
2073,"Potter, Texas",0.0
2074,"Powder river, Montana",0.0
2075,"Powell, Kentucky",0.0
2076,"Powell, Montana",0.0
2077,"Power, Idaho",0.058823529411764705
2078,"Powhatan, Virginia",0.0
2079,"Prairie, Arkansas",0.0
2080,"Prairie, Montana",0.0
2081,"Pratt, Kansas",0.0
2082,"Preble, Ohio",0.029268292682926828
2083,"Presidio, Texas",0.0
2084,"Presque isle, Michigan",0.0
2085,"Preston, West Virginia",0.0
2086,"Price, Wisconsin",0.00036363636363636367
2087,"Prince edward, Virginia",0.0
2088,"Prince george's, Maryland",0.0
2089,"Prince george, Virginia",0.0
2090,"Prince georges, Maryland",0.0
2091,"Prince of wales-hyder, Alaska",0.0
2092,"Prince william, Virginia",0.0
2093,"Providence, Rhode Island",0.00909090909090909
2094,"Pulaski, Arkansas",0.0
2095,"Pulaski, Illinois",0.0
2096,"Pulaski, Indiana",0.1125
2097,"Pulaski, Kentucky",0.0
2098,"Pulaski, Missouri",0.0
2099,"Pulaski, Virginia",0.0
2100,"Pushmataha, Oklahoma",0.0
2101,"Putnam county, Indiana",0.0
2102,"Putnam, Florida",0.0494949494949495
2103,"Putnam, Illinois",0.0
2104,"Putnam, Indiana",0.0
2105,"Putnam, Missouri",0.0
2106,"Putnam, New York",0.002
2107,"Putnam, Ohio",0.0030000000000000005
2108,"Putnam, Tennessee",0.0
2109,"Putnam, West Virginia",0.0
2110,"Quay, New Mexico",0.0
2111,"Queen anne's, Maryland",0.0
2112,"Racine, Wisconsin",0.0
2113,"Radford, Virginia",0.0
2114,"Rains, Texas",0.0
2115,"Raleigh, West Virginia",0.0
2116,"Ramsey, Minnesota",0.0
2117,"Ramsey, North Dakota",0.0
2118,"Randall, Texas",0.0
2119,"Randolph, Alabama",0.20833333333333334
2120,"Randolph, Arkansas",0.0
2121,"Randolph, Illinois",0.0
2122,"Randolph, Indiana",0.0
2123,"Randolph, Missouri",0.0
2124,"Randolph, North Carolina",0.0
2125,"Randolph, West Virginia",0.0
2126,"Ransom, North Dakota",0.0
2127,"Rapides, Louisiana",0.0
2128,"Rappahannock, Virginia",0.0
2129,"Ravalli, Montana",0.0
2130,"Rawlins, Kansas",0.0
2131,"Ray, Missouri",0.0
2132,"Reagan, Texas",0.0
2133,"Real, Texas",0.0
2134,"Red lake county, Minnesota",0.0
2135,"Red lake, Minnesota",0.0
2136,"Red river, Louisiana",0.0
2137,"Red river, Texas",0.0
2138,"Red willow, Nebraska",0.0
2139,"Redwood, Minnesota",0.0
2140,"Reeves, Texas",0.0
2141,"Refugio, Texas",0.0
2142,"Reno, Kansas",0.0
2143,"Rensselaer, New York",0.0
2144,"Renville, Minnesota",0.0
2145,"Renville, North Dakota",0.0
2146,"Republic, Kansas",0.0
2147,"Reynolds, Missouri",0.0
2148,"Rhea, Tennessee",0.0
2149,"Rice, Kansas",0.0
2150,"Rice, Minnesota",0.0
2151,"Rich, Utah",0.0
2152,"Richardson, Nebraska",0.0
2153,"Richland, Illinois",0.0
2154,"Richland, Louisiana",0.0
2155,"Richland, Montana",0.0
2156,"Richland, North Dakota",0.0
2157,"Richland, Ohio",0.0
2158,"Richland, South Carolina",0.0
2159,"Richland, Wisconsin",0.1172093023255814
2160,"Richmond, North Carolina",0.0
2161,"Richmond, Virginia",0.0
2162,"Riley, Kansas",0.0
2163,"Rio arriba, New Mexico",0.0015384615384615385
2164,"Ripley, Indiana",0.0
2165,"Ripley, Missouri",0.0
2166,"Ritchie, West Virginia",0.0
2167,"Riverside, California",0.0
2168,"Roane, Tennessee",0.0
2169,"Roane, West Virginia",0.0
2170,"Roanoke, Virginia",0.0
2171,"Roberts, South Dakota",0.0
2172,"Roberts, Texas",0.0
2173,"Robertson, Tennessee",0.0
2174,"Robertson, Texas",0.0
2175,"Robeson, North Carolina",0.029850746268656716
2176,"Rock island, Illinois",0.0
2177,"Rock, Minnesota",0.0
2178,"Rock, Nebraska",0.0
2179,"Rock, Wisconsin",0.0
2180,"Rockbridge, Virginia",0.0
2181,"Rockcastle, Kentucky",0.0
2182,"Rockingham, New Hampshire",0.0023014959723820483
2183,"Rockingham, North Carolina",0.0
2184,"Rockingham, Virginia",0.0
2185,"Rockland, New York",0.006172839506172839
2186,"Roger mills, Oklahoma",0.0
2187,"Rogers, Oklahoma",0.0
2188,"Rolette, North Dakota",0.0
2189,"Rooks, Kansas",0.0
2190,"Roosevelt, Montana",0.0
2191,"Roosevelt, New Mexico",0.009393939393939394
2192,"Roscommon, Michigan",0.0
2193,"Roseau, Minnesota",0.0
2194,"Rosebud, Montana",0.0
2195,"Ross, Ohio",0.0
2196,"Rowan county, North Carolina",0.0
2197,"Rowan, Kentucky",0.0
2198,"Rowan, North Carolina",0.0
2199,"Runnels, Texas",0.0
2200,"Rush, Indiana",0.0
2201,"Rush, Kansas",0.0
2202,"Rusk, Texas",0.0
2203,"Rusk, Wisconsin",0.0
2204,"Russell, Alabama",0.0
2205,"Russell, Kansas",0.0
2206,"Russell, Kentucky",0.0
2207,"Russell, Virginia",0.0
2208,"Rutherford, North Carolina",0.0
2209,"Rutherford, Tennessee",0.0
2210,"Rutland, Vermont",0.0
2211,"Sabine, Louisiana",0.015151515151515152
2212,"Sabine, Texas",0.0009375000000000001
2213,"Sacramento county, California",0.0
2214,"Sacramento, California",0.0
2215,"Sagadahoc, Maine",0.0
2216,"Saginaw, Michigan",0.0
2217,"Saint bernard, Louisiana",0.0
2218,"Saint charles, Missouri",0.0
2219,"Saint clair, Michigan",0.0
2220,"Saint francois, Missouri",0.0
2221,"Saint james, Louisiana",0.0
2222,"Saint joseph, Michigan",0.0
2223,"Saint landry, Louisiana",0.0
2224,"Saint lawrence, New York",0.158
2225,"Saint louis, Minnesota",0.0
2226,"Saint louis, Missouri",0.0
2227,"Saint tammany, Louisiana",0.0
2228,"Salem, New Jersey",0.002413793103448276
2229,"Salem, Virginia",0.0
2230,"Saline county, Arkansas",0.0
2231,"Saline, Arkansas",0.0
2232,"Saline, Illinois",0.0
2233,"Saline, Kansas",0.0
2234,"Saline, Missouri",0.0
2235,"Saline, Nebraska",0.0
2236,"Salt lake, Utah",0.0
2237,"Saluda, South Carolina",0.0
2238,"Sampson, North Carolina",0.0
2239,"San augustine, Texas",0.0
2240,"San benito, California",0.0
2241,"San bernardino county, California",0.0
2242,"San bernardino, California",0.0
2243,"San diego county, California",0.0
2244,"San diego, California",0.008359456635318705
2245,"San francisco, California",0.0
2246,"San jacinto, Texas",0.0
2247,"San joaquin, California",0.004708290685772774
2248,"San juan, New Mexico",0.0
2249,"San juan, Utah",0.0
2250,"San juan, Washington",0.0
2251,"San luis obispo, California",0.0
2252,"San mateo, California",0.0
2253,"San miguel, New Mexico",0.0
2254,"San patricio, Texas",0.0
2255,"San saba, Texas",0.0
2256,"Sanborn, South Dakota",0.0
2257,"Sanders, Montana",0.0
2258,"Sandoval, New Mexico",0.8460242424242422
2259,"Sandusky, Ohio",0.0
2260,"Sangamon, Illinois",0.05555555555555555
2261,"Sanilac, Michigan",0.0
2262,"Sanpete, Utah",0.0
2263,"Santa barbara, California",0.0004728132387706856
2264,"Santa clara, California",0.0009633225458468182
2265,"Santa cruz, Arizona",0.0
2266,"Santa cruz, California",0.0
2267,"Santa fe, New Mexico",0.00819672131147541
2268,"Santa rosa county, Florida",0.0
2269,"Santa rosa, Florida",0.0012048192771084338
2270,"Sarasota, Florida",0.018518518518518517
2271,"Saratoga, New York",0.0
2272,"Sargent, North Dakota",0.0
2273,"Sarpy, Nebraska",0.0
2274,"Sauk, Wisconsin",0.012727272727272726
2275,"Saunders, Nebraska",0.0
2276,"Sawyer, Wisconsin",0.0
2277,"Schenectady, New York",0.0
2278,"Schleicher, Texas",0.0
2279,"Schoharie, New York",0.0
2280,"Schoolcraft, Michigan",0.0
2281,"Schuyler, Illinois",0.0
2282,"Schuyler, New York",0.0
2283,"Schuylkill, Pennsylvania",0.013265306122448977
2284,"Scioto, Ohio",0.0
2285,"Scotland, Missouri",0.0
2286,"Scotland, North Carolina",0.0
2287,"Scott, Arkansas",0.0
2288,"Scott, Illinois",0.0
2289,"Scott, Indiana",0.0
2290,"Scott, Iowa",0.0
2291,"Scott, Kansas",0.0
2292,"Scott, Kentucky",0.0
2293,"Scott, Minnesota",0.0
2294,"Scott, Missouri",0.0
2295,"Scott, Tennessee",0.0
2296,"Scott, Virginia",0.0
2297,"Scotts bluff, Nebraska",0.0
2298,"Scurry, Texas",0.0
2299,"Searcy, Arkansas",0.0
2300,"Sebastian, Arkansas",0.0
2301,"Sedgwick, Kansas",0.0
2302,"Seminole county, Florida",0.0
2303,"Seminole, Florida",0.02125984251968504
2304,"Seminole, Oklahoma",0.0
2305,"Seneca, New York",0.0
2306,"Seneca, Ohio",0.0
2307,"Sequoyah, Oklahoma",0.0
2308,"Sevier, Arkansas",0.0
2309,"Sevier, Tennessee",0.0
2310,"Sevier, Utah",0.0
2311,"Seward, Kansas",0.0
2312,"Seward, Nebraska",0.0
2313,"Shackelford, Texas",0.0
2314,"Shannon, Missouri",0.0
2315,"Shannon, South Dakota",0.0
2316,"Sharp county, Arkansas",0.0
2317,"Sharp, Arkansas",0.0
2318,"Shasta, California",0.0
2319,"Shawano, Wisconsin",0.0
2320,"Shawnee, Kansas",0.0
2321,"Sheboygan, Wisconsin",0.011324561403508772
2322,"Shelby, Alabama",0.005172413793103448
2323,"Shelby, Illinois",0.0
2324,"Shelby, Indiana",0.0
2325,"Shelby, Kentucky",0.0
2326,"Shelby, Missouri",0.0
2327,"Shelby, Ohio",0.0
2328,"Shelby, Tennessee",0.0
2329,"Shelby, Texas",0.0008571428571428572
2330,"Shenandoah, Virginia",0.0
2331,"Sherburne, Minnesota",0.0
2332,"Sheridan, Kansas",0.0
2333,"Sheridan, Montana",0.0
2334,"Sheridan, Nebraska",0.0
2335,"Sheridan, North Dakota",0.0
2336,"Sheridan, Wyoming",0.0
2337,"Sherman, Kansas",0.0
2338,"Sherman, Nebraska",0.0
2339,"Sherman, Oregon",0.0
2340,"Sherman, Texas",0.0
2341,"Shiawassee, Michigan",0.0
2342,"Shoshone, Idaho",0.0
2343,"Sibley, Minnesota",0.0
2344,"Sierra, California",0.5769230769230769
2345,"Sierra, New Mexico",0.016923076923076923
2346,"Silver bow, Montana",0.0
2347,"Silverbow, Montana",0.0
2348,"Simpson, Kentucky",0.0
2349,"Sioux, Nebraska",0.0
2350,"Sioux, North Dakota",0.0
2351,"Siskiyou, California",0.0
2352,"Sitka city and, Alaska",0.0
2353,"Skagit, Washington",0.0
2354,"Skagway, Alaska",0.0
2355,"Skamania, Washington",0.0
2356,"Slope, North Dakota",0.0
2357,"Smith, Kansas",0.0
2358,"Smith, Tennessee",0.0
2359,"Smith, Texas",0.0005379310344827586
2360,"Smyth, Virginia",0.0
2361,"Snohomish county, Washington",0.0
2362,"Snohomish, Washington",0.0
2363,"Snyder county, Pennsylvania",0.0
2364,"Snyder, Pennsylvania",0.0
2365,"Socorro, New Mexico",0.0
2366,"Solano, California",8.275862068965516e-05
2367,"Somerset, Maine",0.0
2368,"Somerset, Maryland",0.0
2369,"Somerset, New Jersey",0.019008264462809916
2370,"Somerset, Pennsylvania",0.06060606060606061
2371,"Somervell, Texas",0.0
2372,"Sonoma, California",0.0
2373,"Southampton, Virginia",0.0
2374,"Southeast fairbanks census area, Alaska",0.0
2375,"Southeast fairbanks, Alaska",0.0
2376,"Spartanburg, South Carolina",0.0
2377,"Spencer, Indiana",0.0
2378,"Spink county, South Dakota",0.0
2379,"Spink, South Dakota",0.0
2380,"Spokane, Washington",0.07942238267148015
2381,"Spotsylvania, Virginia",0.0
2382,"St clair, Alabama",0.0
2383,"St helena, Louisiana",0.0
2384,"St joseph, Indiana",0.0
2385,"St landry, Louisiana",0.0
2386,"St lawrence, New York",0.0
2387,"St louis, Missouri",0.0
2388,"St tammany, Louisiana",0.0
2389,"St. bernard, Louisiana",0.0
2390,"St. charles, Louisiana",0.0
2391,"St. charles, Missouri",0.0
2392,"St. clair county, Missouri",0.0
2393,"St. clair, Alabama",0.025
2394,"St. clair, Illinois",0.0
2395,"St. clair, Michigan",0.0
2396,"St. clair, Missouri",0.0
2397,"St. croix, Wisconsin",0.0
2398,"St. francis, Arkansas",0.0
2399,"St. francois, Missouri",0.0
2400,"St. helena, Louisiana",0.0
2401,"St. james, Louisiana",0.0
2402,"St. john the baptist parish, Louisiana",0.0
2403,"St. john the baptist, Louisiana",0.0
2404,"St. johns, Florida",0.016901408450704224
2405,"St. joseph county, Indiana",0.0
2406,"St. joseph, Indiana",0.0
2407,"St. joseph, Michigan",0.0
2408,"St. landry, Louisiana",0.0
2409,"St. lawrence, New York",0.0
2410,"St. louis city, Missouri",0.0
2411,"St. louis, Minnesota",0.008541666666666666
2412,"St. louis, Missouri",0.0
2413,"St. lucie, Florida",0.0
2414,"St. martin parish, Louisiana",0.0
2415,"St. martin, Louisiana",0.0
2416,"St. mary parish, Louisiana",0.0
2417,"St. mary's, Maryland",0.0
2418,"St. mary, Louisiana",0.0
2419,"St. tammany parish, Louisiana",0.0
2420,"St. tammany, Louisiana",0.0
2421,"Stafford, Kansas",0.0
2422,"Stafford, Virginia",0.0
2423,"Stanislaus, California",0.0
2424,"Stanly, North Carolina",0.0
2425,"Stanton, Kansas",0.0
2426,"Stanton, Nebraska",0.0
2427,"Stark, Illinois",0.0
2428,"Stark, North Dakota",0.0
2429,"Stark, Ohio",0.0
2430,"Starke, Indiana",0.0
2431,"Starr, Texas",0.0
2432,"Staunton, Virginia",0.0
2433,"Ste. genevieve, Missouri",0.0
2434,"Stearns, Minnesota",0.0
2435,"Steele, Minnesota",0.0
2436,"Stephens, Oklahoma",0.0
2437,"Stephens, Texas",0.0
2438,"Stephenson, Illinois",0.0
2439,"Sterling, Texas",0.0
2440,"Steuben, Indiana",0.007692307692307693
2441,"Steuben, New York",0.0
2442,"Stevens, Kansas",0.0
2443,"Stevens, Minnesota",0.0
2444,"Stevens, Washington",0.0
2445,"Stewart, Tennessee",0.0
2446,"Stillwater, Montana",0.0
2447,"Stoddard, Missouri",0.0
2448,"Stokes, North Carolina",0.0
2449,"Stone, Arkansas",0.0
2450,"Stone, Missouri",0.0
2451,"Stonewall, Texas",0.0
2452,"Storey, Nevada",0.0
2453,"Strafford, New Hampshire",0.0
2454,"Stutsman, North Dakota",0.0
2455,"Sublette, Wyoming",0.0
2456,"Suffolk city, Virginia",0.0
2457,"Suffolk, Massachusetts",0.0
2458,"Suffolk, Virginia",0.0
2459,"Sullivan, Indiana",0.0
2460,"Sullivan, Missouri",0.0
2461,"Sullivan, New Hampshire",0.0
2462,"Sullivan, New York",0.013009259259259257
2463,"Sullivan, Pennsylvania",0.0
2464,"Sullivan, Tennessee",0.0
2465,"Summers, West Virginia",0.0
2466,"Summit, Ohio",0.004132231404958678
2467,"Summit, Utah",0.0
2468,"Sumner, Kansas",0.0
2469,"Sumner, Tennessee",0.0
2470,"Sumter, Alabama",0.0
2471,"Sumter, Florida",0.043689320388349516
2472,"Sumter, South Carolina",0.0
2473,"Surry, North Carolina",0.0
2474,"Surry, Virginia",0.0
2475,"Susquehanna, Pennsylvania",0.0
2476,"Sussex, New Jersey",0.0002314814814814815
2477,"Sussex, Virginia",0.0
2478,"Sutter, California",0.034545454545454546
2479,"Sutton, Texas",0.0
2480,"Suwannee, Florida",0.0125
2481,"Swain, North Carolina",0.0
2482,"Sweet grass, Montana",0.0
2483,"Sweetwater county, Wyoming",0.0
2484,"Sweetwater, Wyoming",0.0
2485,"Swift county, Minnesota",0.0
2486,"Swift, Minnesota",0.032
2487,"Swisher, Texas",0.0
2488,"Switzerland, Indiana",0.0
2489,"Talbot, Maryland",0.0
2490,"Talladega, Alabama",0.05072463768115942
2491,"Tallapoosa, Alabama",0.0
2492,"Taney, Missouri",0.0
2493,"Tangipahoa parish, Louisiana",0.0
2494,"Tangipahoa, Louisiana",0.0
2495,"Taos, New Mexico",0.0
2496,"Tarrant, Texas",0.0
2497,"Taylor, Florida",0.00625
2498,"Taylor, Kentucky",0.0
2499,"Taylor, Texas",0.0
2500,"Taylor, West Virginia",0.0
2501,"Taylor, Wisconsin",0.0
2502,"Tazewell, Illinois",0.02631578947368421
2503,"Tazewell, Virginia",0.0
2504,"Tehama, California",0.0
2505,"Tensas, Louisiana",0.0
2506,"Terrebonne, Louisiana",0.0
2507,"Terrell, Texas",0.0
2508,"Terry, Texas",0.0
2509,"Teton, Idaho",0.0
2510,"Teton, Montana",0.0
2511,"Teton, Wyoming",0.0
2512,"Texas, Missouri",0.0
2513,"Texas, Oklahoma",0.0
2514,"Thayer, Nebraska",0.0
2515,"Thomas, Kansas",0.0
2516,"Thomas, Nebraska",0.0
2517,"Throckmorton, Texas",0.0
2518,"Thurston, Nebraska",0.0
2519,"Thurston, Washington",0.0
2520,"Tillamook county, Oregon",0.0
2521,"Tillamook, Oregon",0.0
2522,"Tillman, Oklahoma",0.0
2523,"Tioga county, Pennsylvania",0.0
2524,"Tioga, New York",0.0
2525,"Tioga, Pennsylvania",0.0
2526,"Tippecanoe, Indiana",0.0
2527,"Tipton, Indiana",0.07777777777777778
2528,"Tipton, Tennessee",0.0
2529,"Titus, Texas",0.0
2530,"Todd, Kentucky",0.0
2531,"Todd, Minnesota",0.0
2532,"Todd, South Dakota",0.0
2533,"Tolland, Connecticut",0.0
2534,"Tom green, Texas",0.0
2535,"Tompkins, New York",0.0
2536,"Tooele, Utah",0.0
2537,"Toole, Montana",0.0
2538,"Torrance, New Mexico",0.0
2539,"Towner, North Dakota",0.0
2540,"Traill, North Dakota",0.0
2541,"Transylvania, North Carolina",0.0
2542,"Traverse, Minnesota",0.0
2543,"Travis, Texas",0.0
2544,"Treasure, Montana",0.0
2545,"Trego, Kansas",0.0
2546,"Trempealeau, Wisconsin",0.007735849056603773
2547,"Trigg, Kentucky",0.0
2548,"Trimble, Kentucky",0.0
2549,"Trinity, California",0.0
2550,"Trinity, Texas",0.0
2551,"Tripp, South Dakota",0.0
2552,"Trousdale, Tennessee",0.0
2553,"Trumbull, Ohio",0.027586206896551724
2554,"Tucker, West Virginia",0.0
2555,"Tulare, California",0.0004306569343065695
2556,"Tulsa, Oklahoma",0.0
2557,"Tuolumne, California",0.0
2558,"Turner, South Dakota",0.0
2559,"Tuscaloosa, Alabama",0.0
2560,"Tuscarawas, Ohio",0.0
2561,"Tuscola, Michigan",0.0
2562,"Twin falls, Idaho",0.0
2563,"Tyler, Texas",0.0
2564,"Tyler, West Virginia",0.0
2565,"Tyrrell, North Carolina",0.0
2566,"Uinta, Wyoming",0.0
2567,"Uintah, Utah",0.0
2568,"Ulster, New York",0.0010695187165775401
2569,"Umatilla, Oregon",0.0
2570,"Union county, Pennsylvania",0.0
2571,"Union parish, Louisiana",0.0
2572,"Union, Arkansas",0.0
2573,"Union, Florida",0.0
2574,"Union, Illinois",0.0
2575,"Union, Indiana",0.0
2576,"Union, Kentucky",0.0
2577,"Union, Louisiana",0.0
2578,"Union, New Jersey",0.0
2579,"Union, New Mexico",0.0
2580,"Union, North Carolina",0.0
2581,"Union, Ohio",0.0
2582,"Union, Oregon",0.0
2583,"Union, Pennsylvania",0.0
2584,"Union, South Carolina",0.0
2585,"Union, South Dakota",0.0
2586,"Union, Tennessee",0.0
2587,"Unknown, South Carolina",0.0
2588,"Upshur, Texas",0.0
2589,"Upshur, West Virginia",0.0
2590,"Upton, Texas",0.0
2591,"Utah, Utah",0.0
2592,"Uvalde, Texas",0.0
2593,"Val verde, Texas",0.0
2594,"Valdez-cordova, Alaska",0.016444444444444446
2595,"Valencia, New Mexico",0.0
2596,"Valley, Idaho",0.0
2597,"Valley, Montana",0.0
2598,"Valley, Nebraska",0.0
2599,"Van buren, Arkansas",0.0
2600,"Van buren, Michigan",0.0
2601,"Van wert, Ohio",0.0
2602,"Van zandt, Texas",0.0038666666666666663
2603,"Vance, North Carolina",0.0
2604,"Vanderburgh, Indiana",0.0
2605,"Venango, Pennsylvania",0.0
2606,"Ventura, California",0.0036106750392464674
2607,"Vermilion, Illinois",0.0
2608,"Vermilion, Louisiana",0.0
2609,"Vermillion county, Indiana",0.0
2610,"Vermillion, Indiana",0.17391304347826086
2611,"Vernon, Louisiana",0.0
2612,"Vernon, Missouri",0.0
2613,"Vernon, Wisconsin",0.0
2614,"Victoria, Texas",0.0
2615,"Vigo, Indiana",0.005263157894736842
2616,"Vilas, Wisconsin",0.0
2617,"Vinton, Ohio",0.0
2618,"Volusia, Florida",0.020812182741116753
2619,"Wabash, Illinois",0.0
2620,"Wabash, Indiana",0.018181818181818184
2621,"Wabasha, Minnesota",0.0
2622,"Wabaunsee, Kansas",0.0
2623,"Wade hampton, Alaska",0.03992307692307692
2624,"Wadena, Minnesota",0.0
2625,"Wagoner, Oklahoma",0.0
2626,"Wahkiakum, Washington",0.0
2627,"Wake, North Carolina",0.0
2628,"Wakulla, Florida",0.0
2629,"Waldo, Maine",0.0
2630,"Walker, Alabama",0.05454545454545454
2631,"Walker, Texas",0.0
2632,"Walla walla, Washington",0.0
2633,"Wallace, Kansas",0.0
2634,"Waller, Texas",0.0
2635,"Wallowa, Oregon",0.0
2636,"Walsh, North Dakota",0.0
2637,"Walton, Florida",0.0
2638,"Walworth, South Dakota",0.0
2639,"Walworth, Wisconsin",0.00393103448275862
2640,"Ward, North Dakota",0.0
2641,"Ward, Texas",0.0
2642,"Warren county, Pennsylvania",0.0
2643,"Warren, Illinois",0.0
2644,"Warren, Indiana",0.0
2645,"Warren, Kentucky",0.0
2646,"Warren, Missouri",0.0
2647,"Warren, New Jersey",0.00497737556561086
2648,"Warren, New York",0.006349206349206349
2649,"Warren, North Carolina",0.0
2650,"Warren, Ohio",0.018918918918918916
2651,"Warren, Pennsylvania",0.0
2652,"Warren, Tennessee",0.0
2653,"Warren, Virginia",0.0
2654,"Warrick, Indiana",0.0
2655,"Wasatch, Utah",0.0
2656,"Wasco, Oregon",0.0
2657,"Waseca, Minnesota",0.0
2658,"Washakie, Wyoming",0.07777777777777778
2659,"Washburn, Wisconsin",0.0
2660,"Washington county, Florida",0.0
2661,"Washington county, Pennsylvania",1.0
2662,"Washington county, Rhode Island",0.0
2663,"Washington parish, Louisiana",0.0
2664,"Washington, Alabama",0.0
2665,"Washington, Arkansas",0.0
2666,"Washington, Florida",0.0
2667,"Washington, Idaho",0.05833333333333333
2668,"Washington, Illinois",0.0
2669,"Washington, Indiana",0.0
2670,"Washington, Kansas",0.0
2671,"Washington, Kentucky",0.0
2672,"Washington, Louisiana",0.027777777777777776
2673,"Washington, Maine",0.0
2674,"Washington, Maryland",0.05263157894736842
2675,"Washington, Minnesota",0.0
2676,"Washington, Missouri",0.0
2677,"Washington, Nebraska",0.0
2678,"Washington, New York",1.9288461538461539
2679,"Washington, North Carolina",0.0
2680,"Washington, Ohio",0.0
2681,"Washington, Oklahoma",0.0
2682,"Washington, Oregon",0.0
2683,"Washington, Pennsylvania",0.0
2684,"Washington, Rhode Island",0.9100649350649351
2685,"Washington, Tennessee",0.0
2686,"Washington, Texas",0.0
2687,"Washington, Utah",0.0
2688,"Washington, Vermont",0.027777777777777776
2689,"Washington, Virginia",0.0
2690,"Washington, Wisconsin",0.0
2691,"Washita, Oklahoma",0.0
2692,"Washoe, Nevada",0.0
2693,"Washtenaw, Michigan",0.0
2694,"Watauga, North Carolina",0.0
2695,"Watonwan, Minnesota",0.0
2696,"Waukesha, Wisconsin",6.575963718820861e-05
2697,"Waupaca, Wisconsin",0.0
2698,"Waushara, Wisconsin",0.0
2699,"Wayne, Illinois",0.0
2700,"Wayne, Indiana",0.0
2701,"Wayne, Kentucky",0.0
2702,"Wayne, Michigan",0.0
2703,"Wayne, Missouri",0.0
2704,"Wayne, Nebraska",0.0
2705,"Wayne, New York",0.0
2706,"Wayne, North Carolina",0.0
2707,"Wayne, Ohio",0.0
2708,"Wayne, Pennsylvania",0.0
2709,"Wayne, Tennessee",0.0
2710,"Wayne, Utah",0.0
2711,"Wayne, West Virginia",0.0
2712,"Waynesboro city, Virginia",0.0
2713,"Weakley, Tennessee",0.0
2714,"Webb county, Texas",0.0
2715,"Webb, Texas",0.0
2716,"Weber, Utah",0.0
2717,"Webster, Kentucky",0.0
2718,"Webster, Louisiana",0.0
2719,"Webster, Missouri",0.0
2720,"Webster, Nebraska",0.0
2721,"Webster, West Virginia",0.0
2722,"Wells, Indiana",0.016666666666666666
2723,"Wells, North Dakota",0.0
2724,"West baton rouge, Louisiana",0.0
2725,"West carroll parish, Louisiana",0.0
2726,"West carroll, Louisiana",0.0
2727,"West feliciana, Louisiana",0.0
2728,"Westchester, New York",0.06628242074927954
2729,"Westmoreland, Pennsylvania",0.0
2730,"Westmoreland, Virginia",0.0
2731,"Weston, Wyoming",0.0
2732,"Wetzel, West Virginia",0.0
2733,"Wexford, Michigan",0.0
2734,"Wharton, Texas",0.0
2735,"Whatcom, Washington",0.0
2736,"Wheatland, Montana",0.0
2737,"Wheeler, Nebraska",0.0
2738,"Wheeler, Oregon",0.0
2739,"Wheeler, Texas",0.0
2740,"White pine, Nevada",0.0
2741,"White, Arkansas",0.0
2742,"White, Illinois",0.0
2743,"White, Indiana",0.0
2744,"White, Tennessee",0.0
2745,"Whiteside, Illinois",0.0
2746,"Whitley, Indiana",0.0
2747,"Whitley, Kentucky",0.03333333333333333
2748,"Whitman, Washington",0.0
2749,"Wibaux, Montana",0.0
2750,"Wichita, Kansas",0.0
2751,"Wichita, Texas",0.0
2752,"Wicomico, Maryland",0.015037593984962405
2753,"Wilbarger, Texas",0.0
2754,"Wilcox, Alabama",0.021739130434782608
2755,"Wilkes, North Carolina",0.0
2756,"Wilkin, Minnesota",0.0
2757,"Will, Illinois",0.02127659574468085
2758,"Willacy county, Texas",0.0
2759,"Willacy, Texas",0.0
2760,"Williams, North Dakota",0.0
2761,"Williams, Ohio",0.0
2762,"Williamsburg, South Carolina",0.0
2763,"Williamson, Illinois",0.0
2764,"Williamson, Texas",0.0
2765,"Wilson, Kansas",0.0
2766,"Wilson, North Carolina",0.0
2767,"Wilson, Tennessee",0.0
2768,"Wilson, Texas",0.00275
2769,"Winchester, Virginia",0.0
2770,"Windham, Connecticut",0.0
2771,"Windham, Vermont",0.0
2772,"Windsor, Vermont",0.0
2773,"Winkler, Texas",0.0
2774,"Winn, Louisiana",0.0
2775,"Winnebago, Illinois",0.00510204081632653
2776,"Winnebago, Wisconsin",0.006756756756756757
2777,"Winneshiek, Iowa",0.0
2778,"Winona, Minnesota",0.0
2779,"Winston, Alabama",0.0
2780,"Wise, Texas",0.0
2781,"Wise, Virginia",0.0
2782,"Wolfe, Kentucky",0.0
2783,"Wood, Ohio",0.0
2784,"Wood, Texas",0.0010735294117647058
2785,"Wood, West Virginia",0.0
2786,"Wood, Wisconsin",0.0
2787,"Woodford, Illinois",0.0
2788,"Woodford, Kentucky",0.0
2789,"Woodruff, Arkansas",0.0
2790,"Woods, Oklahoma",0.0
2791,"Woodson, Kansas",0.0
2792,"Woodward, Oklahoma",0.0
2793,"Worcester, Maryland",0.0
2794,"Worcester, Massachusetts",0.20308550185873606
2795,"Worth, Missouri",0.0
2796,"Wrangell, Alaska",0.101
2797,"Wright, Iowa",0.0
2798,"Wright, Minnesota",0.0
2799,"Wright, Missouri",0.0
2800,"Wyandot, Ohio",0.0
2801,"Wyandotte, Kansas",0.0
2802,"Wyoming, New York",0.0
2803,"Wyoming, Pennsylvania",0.0
2804,"Wyoming, West Virginia",0.014941176470588236
2805,"Wythe, Virginia",0.0
2806,"Yadkin, North Carolina",0.0
2807,"Yakima, Washington",0.001893939393939394
2808,"Yamhill, Oregon",0.0
2809,"Yancey, North Carolina",0.0
2810,"Yankton, South Dakota",0.0
2811,"Yates, New York",0.0
2812,"Yavapai, Arizona",0.011724137931034483
2813,"Yell, Arkansas",0.0
2814,"Yellow medicine county, Minnesota",0.013333333333333334
2815,"Yellow medicine, Minnesota",0.174
2816,"Yellowstone, Montana",0.0
2817,"Yoakum, Texas",0.0
2818,"Yolo, California",0.0
2819,"York county, Pennsylvania",0.0
2820,"York, Maine",0.035708333333333335
2821,"York, Nebraska",0.0
2822,"York, Pennsylvania",0.0
2823,"York, South Carolina",0.0
2824,"York, Virginia",0.0
2825,"Young, Texas",0.0
2826,"Yuba, California",0.0007216494845360826
2827,"Yukon-koyukuk census area, Alaska",0.0
2828,"Yukon-koyukuk, Alaska",0.0
2829,"Yuma county, Arizona",0.0
2830,"Yuma, Arizona",0.0
2831,"Zapata county, Texas",0.0
2832,"Zapata, Texas",0.0
2833,"Zavala, Texas",0.0
