,county,BHC-gamma (lindane)
0,"-, Arizona",0.0
1,"Abbeville, South Carolina",0.0
2,"Acadia, Louisiana",0.0
3,"Accomack, Virginia",0.0
4,"Ada, Idaho",0.0
5,"Adair, Kentucky",0.0
6,"Adair, Missouri",0.0
7,"Adair, Oklahoma",0.0
8,"Adams, Idaho",0.0
9,"Adams, Illinois",0.0005909090909090908
10,"Adams, Indiana",0.0
11,"Adams, Nebraska",0.0
12,"Adams, Ohio",0.0
13,"Adams, Pennsylvania",0.0
14,"Adams, Washington",0.0
15,"Adams, Wisconsin",0.0
16,"Addison, Vermont",0.0
17,"Aiken, South Carolina",0.0
18,"Aitkin, Minnesota",0.0
19,"Alachua, Florida",0.0
20,"Alamance, North Carolina",0.0
21,"Alameda, California",0.0
22,"Albany, New York",0.0
23,"Albany, Wyoming",0.0
24,"Albemarle, Virginia",0.0
25,"Alcona, Michigan",0.0
26,"Alexander, Illinois",0.0
27,"Alexander, North Carolina",0.0
28,"Alfalfa, Oklahoma",0.0
29,"Alger, Michigan",0.0
30,"Allegan, Michigan",0.0
31,"Allegany, Maryland",0.0
32,"Allegany, New York",0.0
33,"Alleghany, North Carolina",0.0
34,"Alleghany, Virginia",0.0
35,"Allegheny county, Pennsylvania",0.0
36,"Allegheny, Pennsylvania",0.0
37,"Allen, Indiana",0.0
38,"Allen, Kansas",0.0
39,"Allen, Kentucky",0.0
40,"Allen, Louisiana",0.0
41,"Allendale, South Carolina",0.0
42,"Alpena, Michigan",0.0
43,"Alpine, California",0.0
44,"American samoa, American Samoa",0.0
45,"Amherst, Virginia",0.0
46,"Anderson, Kansas",0.0
47,"Anderson, Kentucky",0.0
48,"Anderson, South Carolina",0.0
49,"Anderson, Texas",0.0
50,"Andrew, Missouri",0.0
51,"Andrews, Texas",0.0
52,"Androscoggin, Maine",0.0023529411764705885
53,"Angelina, Texas",0.0
54,"Anne arundel, Maryland",0.0
55,"Anoka, Minnesota",0.0
56,"Anson, North Carolina",0.0
57,"Antelope, Nebraska",0.0
58,"Antrim, Michigan",0.0
59,"Apache, Arizona",0.0
60,"Aransas, Texas",0.0
61,"Archer, Texas",0.0
62,"Arenac, Michigan",0.0
63,"Arkansas, Arkansas",0.0
64,"Armstrong county, Pennsylvania",0.0
65,"Armstrong, Pennsylvania",0.0
66,"Armstrong, Texas",0.0
67,"Aroostook, Maine",0.0
68,"Arthur, Nebraska",0.0
69,"Ascension, Louisiana",0.0
70,"Ashe, North Carolina",0.0
71,"Ashland, Wisconsin",0.0
72,"Ashley, Arkansas",0.0
73,"Ashtabula, Ohio",0.0
74,"Asotin, Washington",0.0
75,"Assumption, Louisiana",0.0
76,"Atascosa county, Texas",0.0
77,"Atascosa, Texas",0.0
78,"Atchison, Kansas",0.0
79,"Atchison, Missouri",0.0
80,"Atlantic, New Jersey",0.0
81,"Atoka, Oklahoma",0.0
82,"Audrain, Missouri",0.0
83,"Augusta, Virginia",0.0
84,"Aurora, South Dakota",0.0
85,"Austin, Texas",0.0
86,"Autauga, Alabama",0.0
87,"Avery, North Carolina",0.0
88,"Avoyelles, Louisiana",0.0
89,"Bailey, Texas",0.0
90,"Baker county, Florida",0.0
91,"Baker, Florida",0.0
92,"Baker, Oregon",0.0
93,"Baldwin, Alabama",0.0
94,"Ballard, Kentucky",0.0
95,"Baltimore city, Maryland",0.0
96,"Baltimore, Maryland",0.0
97,"Bamberg, South Carolina",0.0
98,"Bandera, Texas",0.0
99,"Banner, Nebraska",0.0
100,"Bannock, Idaho",0.0
101,"Baraga, Michigan",0.0
102,"Barbour, Alabama",0.0
103,"Barbour, West Virginia",0.0
104,"Barnes, North Dakota",0.0
105,"Barnstable, Massachusetts",0.0
106,"Barnwell, South Carolina",0.0
107,"Barren, Kentucky",0.0
108,"Barron, Wisconsin",0.0
109,"Barry, Michigan",0.0
110,"Barry, Missouri",0.0
111,"Bartholomew, Indiana",0.0
112,"Barton, Missouri",0.0
113,"Bastrop, Texas",0.0
114,"Bates, Missouri",0.0
115,"Bath, Virginia",0.0
116,"Baxter, Arkansas",0.0
117,"Bay, Florida",0.0
118,"Bay, Michigan",0.0
119,"Bayfield, Wisconsin",0.0
120,"Baylor, Texas",0.0
121,"Beadle, South Dakota",0.0
122,"Bear lake, Idaho",0.0
123,"Beaufort, North Carolina",0.0
124,"Beaufort, South Carolina",0.0
125,"Beauregard, Louisiana",0.0
126,"Beaver county, Pennsylvania",0.0
127,"Beaver, Pennsylvania",0.0
128,"Beaver, Utah",0.0
129,"Beaverhead, Montana",0.0
130,"Becker, Minnesota",0.0
131,"Bedford, Pennsylvania",0.0
132,"Bedford, Virginia",0.0
133,"Bee, Texas",0.0
134,"Belknap, New Hampshire",0.0
135,"Bell, Kentucky",0.0
136,"Bell, Texas",0.0
137,"Belmont, Ohio",0.0
138,"Beltrami county, Minnesota",0.0
139,"Beltrami, Minnesota",0.0
140,"Benewah, Idaho",0.0
141,"Bennett, South Dakota",0.0
142,"Bennington, Vermont",0.0
143,"Benson, North Dakota",0.0
144,"Benton county, Arkansas",0.0
145,"Benton, Arkansas",0.0
146,"Benton, Indiana",0.0
147,"Benton, Minnesota",0.0
148,"Benton, Missouri",0.0
149,"Benton, Oregon",0.0
150,"Benton, Washington",0.0
151,"Benzie, Michigan",0.0
152,"Bergen, New Jersey",0.0
153,"Berkeley, South Carolina",0.0
154,"Berkeley, West Virginia",0.0
155,"Berks county, Pennsylvania",0.0
156,"Berks, Pennsylvania",0.0
157,"Berkshire, Massachusetts",0.0
158,"Bernalillo, New Mexico",0.0
159,"Berrien, Michigan",0.0
160,"Bertie, North Carolina",0.0
161,"Bethel, Alaska",0.0
162,"Bexar, Texas",0.0
163,"Bibb, Alabama",0.0
164,"Bienville, Louisiana",0.0
165,"Big horn, Montana",0.0
166,"Big horn, Wyoming",0.0
167,"Big stone, Minnesota",0.0
168,"Bingham, Idaho",0.0
169,"Blackford, Indiana",0.0
170,"Bladen, North Carolina",0.0
171,"Blaine, Idaho",0.0
172,"Blaine, Montana",0.0
173,"Blaine, Nebraska",0.0
174,"Blair, Pennsylvania",0.0
175,"Blanco, Texas",0.0
176,"Bland, Virginia",0.0
177,"Blount, Alabama",0.0
178,"Blue earth, Minnesota",0.0
179,"Boise, Idaho",0.0
180,"Bollinger, Missouri",0.0
181,"Bon homme, South Dakota",0.0
182,"Bond, Illinois",0.0028095238095238095
183,"Bonner, Idaho",0.0
184,"Bonneville, Idaho",0.0
185,"Boone, Arkansas",0.0
186,"Boone, Illinois",0.0
187,"Boone, Indiana",0.0
188,"Boone, Kentucky",0.0
189,"Boone, Missouri",0.0
190,"Boone, Nebraska",0.0
191,"Boone, West Virginia",0.0
192,"Bosque, Texas",0.0
193,"Bossier, Louisiana",0.0
194,"Botetourt, Virginia",0.0
195,"Bottineau, North Dakota",0.0
196,"Boundary, Idaho",0.0
197,"Bourbon, Kansas",0.0
198,"Bourbon, Kentucky",0.0
199,"Bowie, Texas",0.0
200,"Bowman, North Dakota",0.0
201,"Box butte, Nebraska",0.0
202,"Box elder, Utah",0.0
203,"Boyd, Kentucky",0.0
204,"Boyd, Nebraska",0.0
205,"Boyle, Kentucky",0.0
206,"Bracken, Kentucky",0.0
207,"Bradford, Florida",0.0
208,"Bradford, Pennsylvania",0.0
209,"Bradley, Arkansas",0.0
210,"Branch, Michigan",0.0
211,"Braxton, West Virginia",0.0
212,"Brazoria, Texas",0.0
213,"Brazos, Texas",0.0
214,"Breathitt, Kentucky",0.0
215,"Breckinridge, Kentucky",0.0
216,"Brevard, Florida",0.0
217,"Brewster, Texas",0.0
218,"Briscoe, Texas",0.0
219,"Bristol, Massachusetts",0.0
220,"Bristol, Rhode Island",0.0
221,"Bristol, Virginia",0.0
222,"Broadwater, Montana",0.0
223,"Brooke, West Virginia",0.0
224,"Brookings, South Dakota",0.0
225,"Brooks, Texas",0.0
226,"Broome, New York",0.0
227,"Broward county, Florida",0.0
228,"Broward, Florida",0.0
229,"Brown, Illinois",0.0
230,"Brown, Indiana",0.0
231,"Brown, Kansas",0.0
232,"Brown, Minnesota",0.0
233,"Brown, Nebraska",0.0
234,"Brown, Ohio",0.0
235,"Brown, South Dakota",0.0
236,"Brown, Texas",0.0
237,"Brown, Wisconsin",0.0
238,"Brule, South Dakota",0.0
239,"Brunswick, North Carolina",0.0
240,"Brunswick, Virginia",0.0
241,"Buchanan, Virginia",0.0
242,"Buckingham, Virginia",0.0
243,"Bucks county, Pennsylvania",0.0
244,"Bucks, Pennsylvania",0.0
245,"Buena vista, Virginia",0.0
246,"Buffalo, Nebraska",0.0
247,"Buffalo, Wisconsin",0.0
248,"Bullock, Alabama",0.0
249,"Buncombe, North Carolina",0.0
250,"Bureau, Illinois",0.0
251,"Burke, North Carolina",0.0
252,"Burke, North Dakota",0.0
253,"Burleigh, North Dakota",0.0
254,"Burleson, Texas",0.0
255,"Burlington, New Jersey",0.0
256,"Burnet, Texas",0.0
257,"Burnett, Wisconsin",0.0
258,"Burt, Nebraska",0.0
259,"Butler, Alabama",0.0
260,"Butler, Kansas",0.0
261,"Butler, Kentucky",0.0
262,"Butler, Missouri",0.0
263,"Butler, Nebraska",0.0
264,"Butler, Ohio",0.0
265,"Butler, Pennsylvania",0.0
266,"Butte, California",0.0
267,"Butte, Idaho",0.0
268,"Butte, South Dakota",0.0
269,"Cabarrus, North Carolina",0.0
270,"Cabell, West Virginia",0.0
271,"Cache, Utah",0.0
272,"Caddo parish, Louisiana",0.0
273,"Caddo, Louisiana",0.0
274,"Caddo, Oklahoma",0.0
275,"Calaveras, California",0.0
276,"Calcasieu, Louisiana",0.0
277,"Caldwell, Kentucky",0.0
278,"Caldwell, Louisiana",0.0
279,"Caldwell, Missouri",0.0
280,"Caldwell, North Carolina",0.0
281,"Caldwell, Texas",0.0
282,"Caledonia, Vermont",0.0
283,"Calhoun, Alabama",0.0
284,"Calhoun, Arkansas",0.0
285,"Calhoun, Florida",0.0
286,"Calhoun, Illinois",0.0
287,"Calhoun, Michigan",0.0
288,"Calhoun, South Carolina",0.0
289,"Calhoun, Texas",0.0
290,"Calhoun, West Virginia",0.0
291,"Callahan, Texas",0.0
292,"Callaway, Missouri",0.0
293,"Calloway, Kentucky",0.0
294,"Calumet, Wisconsin",0.0
295,"Calvert, Maryland",0.0
296,"Cambria county, Pennsylvania",0.0
297,"Cambria, Pennsylvania",0.0
298,"Camden, Missouri",0.0
299,"Camden, New Jersey",0.0
300,"Camden, North Carolina",0.0
301,"Cameron, Louisiana",0.0
302,"Cameron, Pennsylvania",0.0
303,"Cameron, Texas",0.0012621359223300972
304,"Camp, Texas",0.0
305,"Campbell, Kentucky",0.0
306,"Campbell, Virginia",0.0
307,"Campbell, Wyoming",0.0
308,"Canyon, Idaho",0.0
309,"Cape girardeau, Missouri",0.0
310,"Cape may, New Jersey",0.0
311,"Carbon, Montana",0.0
312,"Carbon, Pennsylvania",0.0
313,"Carbon, Utah",0.0
314,"Carbon, Wyoming",0.0
315,"Caribou, Idaho",0.0
316,"Carlisle, Kentucky",0.0
317,"Carlton, Minnesota",0.0
318,"Caroline, Maryland",0.0
319,"Caroline, Virginia",0.0
320,"Carroll, Arkansas",0.0
321,"Carroll, Illinois",0.0
322,"Carroll, Indiana",0.0
323,"Carroll, Kentucky",0.0
324,"Carroll, Maryland",0.0
325,"Carroll, Missouri",0.0
326,"Carroll, New Hampshire",0.0
327,"Carroll, Virginia",0.0
328,"Carson city, Nevada",0.0
329,"Carson, Texas",0.0
330,"Carter, Kentucky",0.0
331,"Carter, Missouri",0.0
332,"Carter, Montana",0.0
333,"Carteret, North Carolina",0.0
334,"Carver, Minnesota",0.0
335,"Cascade, Montana",0.0
336,"Casey, Kentucky",0.0
337,"Cass, Illinois",0.0
338,"Cass, Indiana",0.0
339,"Cass, Michigan",0.0
340,"Cass, Minnesota",0.0
341,"Cass, Missouri",0.0
342,"Cass, Nebraska",0.0
343,"Cass, North Dakota",0.0
344,"Cass, Texas",0.0
345,"Cassia, Idaho",0.0
346,"Castro, Texas",0.0
347,"Caswell, North Carolina",0.0
348,"Catahoula, Louisiana",0.0
349,"Catawba, North Carolina",0.003125867507886435
350,"Catron, New Mexico",0.0
351,"Cattaraugus, New York",0.0
352,"Cavalier, North Dakota",0.0
353,"Cayuga county, New York",0.0
354,"Cayuga, New York",0.0
355,"Cecil, Maryland",0.0
356,"Cedar, Missouri",0.0
357,"Cedar, Nebraska",0.0
358,"Centre county, Pennsylvania",0.0
359,"Centre, Pennsylvania",0.0
360,"Chambers, Alabama",0.0
361,"Chambers, Texas",0.0
362,"Champaign, Illinois",0.0
363,"Champaign, Ohio",0.0
364,"Chariton, Missouri",0.0
365,"Charles mix, South Dakota",0.0
366,"Charles, Maryland",0.0
367,"Charleston county, South Carolina",0.0
368,"Charleston, South Carolina",0.0
369,"Charlevoix, Michigan",0.0
370,"Charlotte, Florida",0.0
371,"Charlotte, Virginia",0.0
372,"Chase, Nebraska",0.0
373,"Chatham, North Carolina",0.0
374,"Chautauqua, Kansas",0.0
375,"Chautauqua, New York",0.0
376,"Chaves, New Mexico",0.0
377,"Cheboygan, Michigan",0.0
378,"Chelan, Washington",0.0
379,"Chemung, New York",0.0
380,"Chenango, New York",0.0
381,"Cherokee, Alabama",0.0
382,"Cherokee, Kansas",0.0
383,"Cherokee, North Carolina",0.0
384,"Cherokee, Oklahoma",0.0
385,"Cherokee, South Carolina",0.0
386,"Cherokee, Texas",0.0
387,"Cherry, Nebraska",0.0
388,"Chesapeake city, Virginia",0.0
389,"Cheshire, New Hampshire",0.0
390,"Chester county, Pennsylvania",0.0
391,"Chester, Pennsylvania",0.0
392,"Chester, South Carolina",0.0
393,"Chesterfield, South Carolina",0.0
394,"Chesterfield, Virginia",0.0
395,"Cheyenne, Nebraska",0.0
396,"Chicot, Arkansas",0.0
397,"Chilton, Alabama",0.0
398,"Chippewa, Michigan",0.0
399,"Chippewa, Minnesota",0.0
400,"Chippewa, Wisconsin",0.0
401,"Chisago, Minnesota",0.0
402,"Chittenden, Vermont",0.0
403,"Choctaw, Alabama",0.0
404,"Choctaw, Oklahoma",0.0
405,"Chouteau, Montana",0.0
406,"Chowan, North Carolina",0.0
407,"Christian, Illinois",0.0
408,"Christian, Kentucky",0.0
409,"Christian, Missouri",0.0
410,"Churchill, Nevada",0.0
411,"Cibola, New Mexico",0.0
412,"Cimarron, Oklahoma",0.0
413,"Citrus county, Florida",0.0
414,"Citrus, Florida",0.0
415,"Clackamas, Oregon",0.0
416,"Claiborne, Louisiana",0.0
417,"Clallam, Washington",0.0
418,"Clare, Michigan",0.0
419,"Clarendon, South Carolina",0.0
420,"Clarion, Pennsylvania",0.0
421,"Clark county, Nevada",0.0
422,"Clark, Arkansas",0.0
423,"Clark, Illinois",0.0
424,"Clark, Indiana",0.0
425,"Clark, Kentucky",0.0
426,"Clark, Missouri",0.0
427,"Clark, Nevada",0.0
428,"Clark, Ohio",0.0
429,"Clark, South Dakota",0.0
430,"Clark, Washington",0.0
431,"Clark, Wisconsin",0.0
432,"Clarke, Alabama",0.0
433,"Clarke, Virginia",0.0
434,"Clatsop, Oregon",0.0
435,"Clay, Alabama",0.0
436,"Clay, Arkansas",0.0
437,"Clay, Florida",0.0
438,"Clay, Illinois",0.0
439,"Clay, Indiana",0.0
440,"Clay, Kentucky",0.0
441,"Clay, Minnesota",0.0
442,"Clay, Missouri",0.0
443,"Clay, Nebraska",0.0
444,"Clay, North Carolina",0.0
445,"Clay, South Dakota",0.0
446,"Clay, Texas",0.0
447,"Clay, West Virginia",0.0
448,"Clearfield county, Pennsylvania",0.0
449,"Clearfield, Pennsylvania",0.0
450,"Clearwater, Idaho",0.0
451,"Clearwater, Minnesota",0.0
452,"Cleburne, Alabama",0.0
453,"Cleburne, Arkansas",0.0
454,"Clermont, Ohio",0.0
455,"Cleveland, Arkansas",0.0
456,"Cleveland, North Carolina",0.0
457,"Cleveland, Oklahoma",0.0
458,"Clinton, Illinois",0.0
459,"Clinton, Indiana",0.0
460,"Clinton, Iowa",0.0
461,"Clinton, Kentucky",0.0
462,"Clinton, Michigan",0.0
463,"Clinton, Missouri",0.0
464,"Clinton, New York",0.0
465,"Clinton, Ohio",0.0
466,"Clinton, Pennsylvania",0.0
467,"Cochise, Arizona",0.0
468,"Cochran, Texas",0.0
469,"Coconino, Arizona",0.00016949152542372882
470,"Codington, South Dakota",0.0
471,"Coffee, Alabama",0.0
472,"Coffey, Kansas",0.0
473,"Coke, Texas",0.0
474,"Colbert, Alabama",0.0
475,"Cole, Missouri",0.0
476,"Coleman, Texas",0.0
477,"Coles, Illinois",0.0
478,"Colfax, Nebraska",0.0
479,"Colfax, New Mexico",0.0
480,"Colleton, South Carolina",0.0
481,"Collier, Florida",0.0
482,"Collin, Texas",0.0029787234042553193
483,"Collingsworth, Texas",0.0
484,"Colorado, Texas",0.0
485,"Columbia, Arkansas",0.0
486,"Columbia, Florida",0.0
487,"Columbia, New York",0.0
488,"Columbia, Oregon",0.0
489,"Columbia, Pennsylvania",0.0
490,"Columbia, Washington",0.0
491,"Columbia, Wisconsin",0.0
492,"Columbiana, Ohio",0.0
493,"Columbus county, North Carolina",0.0
494,"Columbus, North Carolina",0.0
495,"Colusa, California",0.0
496,"Comal, Texas",0.0
497,"Comanche, Oklahoma",0.0
498,"Comanche, Texas",0.0
499,"Concho, Texas",0.0
500,"Concordia, Louisiana",0.0
501,"Conecuh, Alabama",0.0
502,"Contra costa, California",0.0
503,"Converse, Wyoming",0.0
504,"Conway, Arkansas",0.0
505,"Cook, Illinois",0.0
506,"Cook, Minnesota",0.0
507,"Cooke, Texas",0.0
508,"Cooper, Missouri",0.0
509,"Coos, New Hampshire",0.0
510,"Coos, Oregon",0.0
511,"Coosa, Alabama",0.0
512,"Corson, South Dakota",0.0
513,"Cortland, New York",0.0
514,"Coryell, Texas",0.0
515,"Coshocton, Ohio",0.0
516,"Cottle, Texas",0.0
517,"Cottonwood, Minnesota",0.0
518,"Covington, Alabama",0.0
519,"Covington, Virginia",0.0
520,"Cowley, Kansas",0.0
521,"Cowlitz, Washington",0.0
522,"Craig, Oklahoma",0.0
523,"Craighead, Arkansas",0.0
524,"Crane, Texas",0.0
525,"Craven, North Carolina",0.0
526,"Crawford county, Pennsylvania",0.0
527,"Crawford, Arkansas",0.0
528,"Crawford, Illinois",0.0
529,"Crawford, Indiana",0.0
530,"Crawford, Kansas",0.0
531,"Crawford, Michigan",0.0
532,"Crawford, Missouri",0.0
533,"Crawford, Pennsylvania",0.0
534,"Crawford, Wisconsin",0.0
535,"Creek, Oklahoma",0.0
536,"Crenshaw, Alabama",0.0
537,"Crittenden, Arkansas",0.0
538,"Crittenden, Kentucky",0.0
539,"Crockett, Texas",0.0
540,"Crook, Oregon",0.0
541,"Crook, Wyoming",0.0
542,"Crosby, Texas",0.0
543,"Cross, Arkansas",0.0
544,"Crow wing, Minnesota",0.0
545,"Culberson, Texas",0.0
546,"Cullman, Alabama",0.0
547,"Culpeper, Virginia",0.0
548,"Cumberland county, Pennsylvania",0.0
549,"Cumberland, Illinois",0.0
550,"Cumberland, Kentucky",0.0
551,"Cumberland, Maine",0.0
552,"Cumberland, New Jersey",0.0
553,"Cumberland, North Carolina",0.0002069069069069069
554,"Cumberland, Pennsylvania",0.0
555,"Cumberland, Virginia",0.0
556,"Cuming, Nebraska",0.0
557,"Currituck, North Carolina",0.0
558,"Curry, New Mexico",0.0
559,"Curry, Oregon",0.0
560,"Custer, Idaho",0.0
561,"Custer, Montana",0.0
562,"Custer, Nebraska",0.0
563,"Custer, Oklahoma",0.0
564,"Custer, South Dakota",0.0
565,"Cuyahoga, Ohio",0.0
566,"Dade, Florida",0.0
567,"Dade, Missouri",0.0
568,"Daggett, Utah",0.0
569,"Dakota, Minnesota",0.0
570,"Dakota, Nebraska",0.0
571,"Dale, Alabama",0.0
572,"Dallam, Texas",0.0
573,"Dallas, Alabama",0.0
574,"Dallas, Arkansas",0.0
575,"Dallas, Missouri",0.0
576,"Dallas, Texas",0.002413793103448276
577,"Dane, Wisconsin",0.0
578,"Daniels, Montana",0.0
579,"Danville, Virginia",0.0
580,"Dare, North Carolina",0.0
581,"Darlington, South Carolina",0.0
582,"Dauphin county, Pennsylvania",0.0
583,"Dauphin, Pennsylvania",0.0
584,"Davidson, North Carolina",0.0
585,"Davie, North Carolina",0.0
586,"Daviess, Indiana",0.0
587,"Daviess, Kentucky",0.0
588,"Daviess, Missouri",0.0
589,"Davis, Utah",0.0
590,"Dawes, Nebraska",0.0
591,"Dawson, Montana",0.0
592,"Dawson, Nebraska",0.0
593,"Dawson, Texas",0.0
594,"Day, South Dakota",0.0
595,"De baca, New Mexico",0.0
596,"De kalb, Indiana",0.0
597,"De kalb, Missouri",0.0
598,"De soto, Florida",0.0
599,"De soto, Louisiana",0.0
600,"De witt, Illinois",0.0
601,"Deaf smith, Texas",0.0
602,"Dearborn, Indiana",0.0
603,"Decatur, Indiana",0.0
604,"Deer lodge, Montana",0.0
605,"Defiance, Ohio",0.0
606,"Dekalb, Alabama",0.0
607,"Dekalb, Illinois",0.0
608,"Dekalb, Indiana",0.0
609,"Dekalb, Missouri",0.0
610,"Delaware, Indiana",0.0
611,"Delaware, New York",0.0
612,"Delaware, Ohio",0.0
613,"Delaware, Pennsylvania",0.0
614,"Delta, Michigan",0.0
615,"Delta, Texas",0.0
616,"Dent, Missouri",0.0
617,"Denton, Texas",0.0
618,"Deschutes, Oregon",0.0
619,"Desha, Arkansas",0.0
620,"Desoto, Florida",0.0
621,"Deuel, Nebraska",0.0
622,"Dewey, South Dakota",0.0
623,"Dewitt, Texas",0.0
624,"Dickens, Texas",0.0
625,"Dickey, North Dakota",0.0
626,"Dickinson, Iowa",0.0
627,"Dickinson, Kansas",0.0
628,"Dickinson, Michigan",0.0
629,"Dillon, South Carolina",0.0
630,"Dimmit, Texas",0.0
631,"Dinwiddie, Virginia",0.0
632,"District of columbia, District of Columbia",0.0
633,"Dixie, Florida",0.0
634,"Dixon, Nebraska",0.0
635,"Doddridge, West Virginia",0.0
636,"Dodge, Minnesota",0.0
637,"Dodge, Nebraska",0.0
638,"Dodge, Wisconsin",0.0
639,"Dona ana, New Mexico",0.0036613272311212816
640,"Donley, Texas",0.0
641,"Door, Wisconsin",0.0
642,"Dorchester, Maryland",0.0
643,"Dorchester, South Carolina",0.0
644,"Douglas, Illinois",0.0
645,"Douglas, Kansas",0.0
646,"Douglas, Minnesota",0.0
647,"Douglas, Missouri",0.0
648,"Douglas, Nebraska",0.0
649,"Douglas, Nevada",0.0
650,"Douglas, Oregon",0.0
651,"Douglas, Washington",0.0
652,"Douglas, Wisconsin",0.0
653,"Drew, Arkansas",0.0
654,"Du page, Illinois",0.0
655,"Dubois, Indiana",0.0
656,"Duchesne, Utah",0.0
657,"Dukes, Massachusetts",0.0
658,"Dundy, Nebraska",0.0
659,"Dunklin, Missouri",0.0
660,"Dunn, North Dakota",0.0
661,"Dunn, Wisconsin",0.0
662,"Dupage, Illinois",0.0005163043478260869
663,"Duplin, North Carolina",0.0
664,"Durham, North Carolina",0.0
665,"Dutchess, New York",0.0
666,"Duval county, Florida",0.0
667,"Duval, Florida",0.0
668,"Duval, Texas",0.0
669,"East baton rouge parish, Louisiana",0.0
670,"East baton rouge, Louisiana",0.0
671,"East carroll, Louisiana",0.0
672,"East feliciana, Louisiana",0.0
673,"Eastland, Texas",0.0
674,"Eaton, Michigan",0.0
675,"Eau claire, Wisconsin",0.0
676,"Ector, Texas",0.0
677,"Eddy, New Mexico",0.0
678,"Eddy, North Dakota",0.0
679,"Edgar, Illinois",0.0
680,"Edgecombe, North Carolina",0.0
681,"Edmonson, Kentucky",0.0
682,"Edwards, Illinois",0.0
683,"Edwards, Texas",0.0
684,"Effingham, Illinois",0.0
685,"El dorado, California",0.0
686,"El paso, Texas",0.0
687,"Elk, Kansas",0.0
688,"Elk, Pennsylvania",0.0
689,"Elkhart, Indiana",0.0
690,"Elko, Nevada",0.0
691,"Elliott, Kentucky",0.0
692,"Ellis, Texas",0.0
693,"Ellsworth, Kansas",0.0
694,"Elmore, Alabama",0.0
695,"Elmore, Idaho",0.0
696,"Emery, Utah",0.0
697,"Emmet, Michigan",0.0
698,"Emmons, North Dakota",0.0
699,"Erath, Texas",0.0
700,"Erie county, Pennsylvania",0.0
701,"Erie, New York",0.0
702,"Erie, Ohio",0.0
703,"Erie, Pennsylvania",0.0
704,"Escambia, Alabama",0.0
705,"Escambia, Florida",0.0
706,"Esmeralda, Nevada",0.0
707,"Essex county, New York",0.0
708,"Essex, Massachusetts",0.0
709,"Essex, New Jersey",0.0
710,"Essex, New York",0.0
711,"Essex, Vermont",0.0
712,"Estill, Kentucky",0.0
713,"Etowah, Alabama",0.0
714,"Eureka county, Nevada",0.0
715,"Eureka, Nevada",0.0
716,"Evangeline parish, Louisiana",0.0
717,"Evangeline, Louisiana",0.0
718,"Fairbanks north star, Alaska",0.0
719,"Fairfax, Virginia",0.0
720,"Fairfield, Connecticut",0.0
721,"Fairfield, Ohio",0.0
722,"Fairfield, South Carolina",0.0
723,"Fall river, South Dakota",0.0
724,"Fallon, Montana",0.0
725,"Falls, Texas",0.0
726,"Fannin, Texas",0.0
727,"Faulk, South Dakota",0.0
728,"Fauquier, Virginia",0.0
729,"Fayette, Alabama",0.0
730,"Fayette, Illinois",0.0
731,"Fayette, Indiana",0.0
732,"Fayette, Kentucky",0.0
733,"Fayette, Ohio",0.0
734,"Fayette, Pennsylvania",0.0
735,"Fayette, Texas",0.0
736,"Fayette, West Virginia",0.0
737,"Fergus, Montana",0.0
738,"Ferry, Washington",0.0
739,"Fillmore, Minnesota",0.0
740,"Fillmore, Nebraska",0.0
741,"Finney, Kansas",0.0
742,"Fisher, Texas",0.0
743,"Flagler, Florida",0.0
744,"Flathead, Montana",0.0
745,"Fleming, Kentucky",0.0
746,"Florence, South Carolina",0.0
747,"Florence, Wisconsin",0.0
748,"Floyd, Indiana",0.0
749,"Floyd, Kentucky",0.0
750,"Floyd, Texas",0.0
751,"Fluvanna, Virginia",0.0
752,"Foard, Texas",0.0
753,"Fond du lac, Wisconsin",0.0
754,"Ford, Illinois",0.001142857142857143
755,"Forest, Pennsylvania",0.0
756,"Forest, Wisconsin",0.0
757,"Forsyth, North Carolina",0.0
758,"Fort bend county, Texas",0.0
759,"Fort bend, Texas",0.0
760,"Foster, North Dakota",0.0
761,"Fountain, Indiana",0.0
762,"Franklin county, Missouri",0.0
763,"Franklin county, New York",0.0
764,"Franklin county, Pennsylvania",0.0
765,"Franklin, Alabama",0.0
766,"Franklin, Arkansas",0.0
767,"Franklin, Florida",0.0
768,"Franklin, Idaho",0.0
769,"Franklin, Illinois",0.0
770,"Franklin, Indiana",0.0
771,"Franklin, Kansas",0.0
772,"Franklin, Kentucky",0.0
773,"Franklin, Louisiana",0.0
774,"Franklin, Maine",0.0
775,"Franklin, Massachusetts",0.0
776,"Franklin, Missouri",0.0
777,"Franklin, Nebraska",0.0
778,"Franklin, New York",0.0
779,"Franklin, North Carolina",0.0
780,"Franklin, Ohio",0.0
781,"Franklin, Pennsylvania",0.0
782,"Franklin, Texas",0.0
783,"Franklin, Vermont",0.0
784,"Franklin, Virginia",0.0
785,"Franklin, Washington",0.0
786,"Frederick, Maryland",0.0
787,"Frederick, Virginia",0.0
788,"Freeborn, Minnesota",0.0
789,"Freestone, Texas",0.0
790,"Fremont, Idaho",0.0
791,"Fremont, Wyoming",0.0
792,"Fresno, California",0.0
793,"Frio, Texas",0.0
794,"Frontier, Nebraska",0.0
795,"Fulton, Arkansas",0.0
796,"Fulton, Illinois",0.0
797,"Fulton, Indiana",0.0
798,"Fulton, Kentucky",0.0
799,"Fulton, New York",0.0
800,"Fulton, Ohio",0.0
801,"Fulton, Pennsylvania",0.0
802,"Furnas, Nebraska",0.0
803,"Gadsden, Florida",0.0
804,"Gage, Nebraska",0.0
805,"Gaines, Texas",0.0
806,"Galax, Virginia",0.0
807,"Gallatin, Illinois",0.0
808,"Gallatin, Kentucky",0.0
809,"Gallatin, Montana",0.0
810,"Galveston, Texas",0.0
811,"Garden, Nebraska",0.0
812,"Garfield, Montana",0.0
813,"Garfield, Nebraska",0.0
814,"Garfield, Utah",0.0
815,"Garfield, Washington",0.0
816,"Garland, Arkansas",0.0
817,"Garrard, Kentucky",0.0
818,"Garrett, Maryland",0.0
819,"Garza, Texas",0.0
820,"Gasconade, Missouri",0.0
821,"Gaston, North Carolina",0.0
822,"Gates, North Carolina",0.0
823,"Geary, Kansas",0.0
824,"Geauga, Ohio",0.0
825,"Gem, Idaho",0.0
826,"Genesee, Michigan",0.0
827,"Genesee, New York",0.0
828,"Geneva, Alabama",0.0
829,"Gentry, Missouri",0.0
830,"Georgetown, South Carolina",0.0
831,"Gibson, Indiana",0.0
832,"Gila, Arizona",0.0
833,"Gilchrist, Florida",0.0
834,"Giles, Tennessee",0.0
835,"Giles, Virginia",0.0
836,"Gillespie, Texas",0.0
837,"Gilliam, Oregon",0.0
838,"Gilmer, West Virginia",0.0
839,"Glacier, Montana",0.0
840,"Glades, Florida",0.0
841,"Gladwin, Michigan",0.0
842,"Glasscock, Texas",0.0
843,"Gloucester, New Jersey",0.0
844,"Gogebic, Michigan",0.0
845,"Golden valley, Montana",0.0
846,"Golden valley, North Dakota",0.0
847,"Goliad, Texas",0.0
848,"Gonzales, Texas",0.0
849,"Goochland, Virginia",0.0
850,"Goodhue, Minnesota",0.0
851,"Gooding, Idaho",0.0
852,"Goshen, Wyoming",0.0
853,"Gosper, Nebraska",0.0
854,"Grady, Oklahoma",0.0
855,"Grafton, New Hampshire",0.0
856,"Graham county, Arizona",0.0
857,"Graham, Arizona",0.0
858,"Graham, North Carolina",0.0
859,"Grand forks, North Dakota",0.0
860,"Grand isle, Vermont",0.0
861,"Grand traverse, Michigan",0.0
862,"Grand, Utah",0.0
863,"Granite, Montana",0.0
864,"Grant, Arkansas",0.0
865,"Grant, Indiana",0.0
866,"Grant, Kansas",0.0
867,"Grant, Kentucky",0.0
868,"Grant, Louisiana",0.0
869,"Grant, Minnesota",0.0
870,"Grant, Nebraska",0.0
871,"Grant, New Mexico",0.0
872,"Grant, North Dakota",0.0
873,"Grant, Oklahoma",0.0
874,"Grant, Oregon",0.0
875,"Grant, South Dakota",0.0
876,"Grant, Washington",0.0
877,"Grant, West Virginia",0.0
878,"Grant, Wisconsin",0.0
879,"Granville, North Carolina",0.0
880,"Gratiot, Michigan",0.0
881,"Graves, Kentucky",0.0
882,"Gray, Texas",0.0
883,"Grays harbor, Washington",0.0
884,"Grayson, Kentucky",0.0
885,"Grayson, Texas",0.0
886,"Grayson, Virginia",0.0
887,"Greeley, Nebraska",0.0
888,"Green lake, Wisconsin",0.0
889,"Green, Kentucky",0.0
890,"Green, Wisconsin",0.0
891,"Greenbrier, West Virginia",0.0
892,"Greene, Alabama",0.0
893,"Greene, Arkansas",0.0
894,"Greene, Illinois",0.0
895,"Greene, Indiana",0.0
896,"Greene, Missouri",0.0
897,"Greene, New York",0.0
898,"Greene, North Carolina",0.0
899,"Greene, Ohio",0.0
900,"Greene, Pennsylvania",0.0
901,"Greene, Virginia",0.0
902,"Greenlee, Arizona",0.0
903,"Greensville, Virginia",0.0
904,"Greenup, Kentucky",0.0
905,"Greenville, South Carolina",0.0
906,"Greenwood, Kansas",0.0
907,"Greenwood, South Carolina",0.0
908,"Greer, Oklahoma",0.0
909,"Gregg, Texas",0.0
910,"Gregory, South Dakota",0.0
911,"Griggs, North Dakota",0.0
912,"Grimes, Texas",0.0
913,"Grundy, Illinois",0.0
914,"Grundy, Missouri",0.0
915,"Guadalupe, New Mexico",0.0
916,"Guadalupe, Texas",0.0
917,"Guilford, North Carolina",0.0
918,"Guillford, North Carolina",0.0
919,"Gulf, Florida",0.0
920,"Hale, Alabama",0.0
921,"Hale, Texas",0.0
922,"Halifax, North Carolina",0.0
923,"Halifax, Virginia",0.0
924,"Hall, Nebraska",0.0
925,"Hall, Texas",0.0
926,"Hamilton, Florida",0.0
927,"Hamilton, Indiana",0.0
928,"Hamilton, Nebraska",0.0
929,"Hamilton, New York",0.0
930,"Hamilton, Ohio",0.0
931,"Hamilton, Tennessee",0.0
932,"Hamilton, Texas",0.0
933,"Hamlin, South Dakota",0.0
934,"Hampden, Massachusetts",0.0
935,"Hampshire, Massachusetts",0.0
936,"Hampshire, West Virginia",0.0
937,"Hampton, South Carolina",0.0
938,"Hancock, Illinois",0.0
939,"Hancock, Indiana",0.0
940,"Hancock, Kentucky",0.0
941,"Hancock, Maine",0.0
942,"Hancock, West Virginia",0.0
943,"Hanover, Virginia",0.0
944,"Hansford, Texas",0.0
945,"Hardee, Florida",0.0
946,"Hardeman, Texas",0.0
947,"Hardin, Illinois",0.0
948,"Hardin, Kentucky",0.0
949,"Hardin, Texas",0.0
950,"Harding, New Mexico",0.0
951,"Harding, South Dakota",0.0
952,"Hardy, West Virginia",0.0
953,"Harford county, Maryland",0.0
954,"Harford, Maryland",0.0
955,"Harlan, Kentucky",0.0
956,"Harlan, Nebraska",0.0
957,"Harnett, North Carolina",0.0
958,"Harney, Oregon",0.0
959,"Harris, Texas",0.0
960,"Harrison, Indiana",0.0
961,"Harrison, Kentucky",0.0
962,"Harrison, Missouri",0.0
963,"Harrison, Texas",0.0
964,"Harrison, West Virginia",0.0
965,"Harrisonburg, Virginia",0.0
966,"Hart, Kentucky",0.0
967,"Hartford, Connecticut",0.0
968,"Hartley, Texas",0.0
969,"Haskell, Texas",0.0
970,"Hawaii, Hawaii",0.0
971,"Hawkins, Tennessee",0.0
972,"Hayes, Nebraska",0.0
973,"Hays, Texas",0.0
974,"Haywood, North Carolina",0.0
975,"Hemphill, Texas",0.0
976,"Hempstead, Arkansas",0.0
977,"Henderson, Illinois",0.0
978,"Henderson, Kentucky",0.0
979,"Henderson, North Carolina",0.0
980,"Henderson, Texas",0.0
981,"Hendricks, Indiana",0.0
982,"Hendry, Florida",0.0
983,"Hennepin, Minnesota",0.0
984,"Henrico, Virginia",0.0
985,"Henry, Alabama",0.0
986,"Henry, Illinois",0.0
987,"Henry, Indiana",0.0
988,"Henry, Kentucky",0.0
989,"Henry, Missouri",0.0
990,"Henry, Ohio",0.0
991,"Henry, Virginia",0.0
992,"Herkimer, New York",0.0
993,"Hernando, Florida",0.0
994,"Hertford, North Carolina",0.0
995,"Hickman, Kentucky",0.0
996,"Hickory, Missouri",0.0
997,"Hidalgo, New Mexico",0.0
998,"Hidalgo, Texas",0.0
999,"Highland, Ohio",0.0
1000,"Highlands, Florida",0.0
1001,"Hill, Montana",0.0
1002,"Hill, Texas",0.0
1003,"Hills, Florida",0.0
1004,"Hills, New Hampshire",0.0
1005,"Hillsborough county, Florida",0.0
1006,"Hillsborough county, New Hampshire",0.0
1007,"Hillsborough, Florida",0.0
1008,"Hillsborough, New Hampshire",0.0
1009,"Hillsdale, Michigan",0.0
1010,"Hitchcock, Nebraska",0.0
1011,"Hocking, Ohio",0.0
1012,"Hockley, Texas",0.0
1013,"Hoke, North Carolina",0.0
1014,"Holmes, Florida",0.00041052631578947365
1015,"Holmes, Ohio",0.0
1016,"Holt, Missouri",0.0
1017,"Holt, Nebraska",0.0
1018,"Honolulu, Hawaii",0.0
1019,"Hood river, Oregon",0.0
1020,"Hood, Texas",0.0
1021,"Hooker, Nebraska",0.0
1022,"Hopewell, Virginia",0.0
1023,"Hopkins, Kentucky",0.0
1024,"Hopkins, Texas",0.0
1025,"Horry, South Carolina",0.0
1026,"Hot spring, Arkansas",0.0
1027,"Hot springs, Wyoming",0.0
1028,"Houghton, Michigan",0.0
1029,"Houston, Alabama",0.0
1030,"Houston, Minnesota",0.0
1031,"Houston, Texas",0.0
1032,"Howard, Arkansas",0.0
1033,"Howard, Indiana",0.0
1034,"Howard, Maryland",0.0
1035,"Howard, Missouri",0.0
1036,"Howard, Nebraska",0.0
1037,"Howard, Texas",0.0
1038,"Howell, Missouri",0.0
1039,"Hubbard, Minnesota",0.0
1040,"Hudson, New Jersey",0.0
1041,"Hudspeth, Texas",0.0
1042,"Hughes, Oklahoma",0.0
1043,"Hughes, South Dakota",0.0
1044,"Humboldt, Nevada",0.00025806451612903227
1045,"Hunt, Texas",0.0
1046,"Hunterdon, New Jersey",0.0
1047,"Huntingdon, Pennsylvania",0.0
1048,"Huntington, Indiana",0.0
1049,"Huron, Michigan",0.0
1050,"Huron, Ohio",0.0
1051,"Hutchinson, Texas",0.0
1052,"Hyde, North Carolina",0.0
1053,"Iberia parish, Louisiana",0.0
1054,"Iberia, Louisiana",0.0
1055,"Iberville, Louisiana",0.0
1056,"Idaho, Idaho",0.0
1057,"Imperial, California",0.0
1058,"Independence, Arkansas",0.0
1059,"Indian river, Florida",0.0
1060,"Indiana, Pennsylvania",0.0
1061,"Ingham, Michigan",0.0
1062,"Inyo, California",0.0
1063,"Ionia, Michigan",0.0
1064,"Iosco, Michigan",0.0
1065,"Iowa, Wisconsin",0.0
1066,"Iredell, North Carolina",0.0019197916666666667
1067,"Irion, Texas",0.0
1068,"Iron, Michigan",0.0
1069,"Iron, Missouri",0.0
1070,"Iron, Utah",0.0
1071,"Iron, Wisconsin",0.0
1072,"Iroquois, Illinois",0.0
1073,"Isabella, Michigan",0.0
1074,"Isanti, Minnesota",0.0
1075,"Island, Washington",0.0
1076,"Itasca, Minnesota",0.0
1077,"Izard, Arkansas",0.0
1078,"Jack, Texas",0.0
1079,"Jackson county, Florida",0.0
1080,"Jackson, Alabama",0.0
1081,"Jackson, Arkansas",0.0
1082,"Jackson, Florida",0.0
1083,"Jackson, Illinois",0.0
1084,"Jackson, Indiana",0.0
1085,"Jackson, Kansas",0.0
1086,"Jackson, Kentucky",0.0
1087,"Jackson, Louisiana",0.0
1088,"Jackson, Michigan",0.0
1089,"Jackson, Minnesota",0.0
1090,"Jackson, Missouri",0.0
1091,"Jackson, North Carolina",0.0
1092,"Jackson, Oklahoma",0.0
1093,"Jackson, Oregon",0.0
1094,"Jackson, Texas",0.0
1095,"Jackson, West Virginia",0.0
1096,"Jackson, Wisconsin",0.0
1097,"James city, Virginia",0.0
1098,"Jasper county, Missouri",0.0
1099,"Jasper, Illinois",0.0
1100,"Jasper, Indiana",0.0
1101,"Jasper, Missouri",0.0
1102,"Jasper, South Carolina",0.0
1103,"Jasper, Texas",0.0
1104,"Jay, Indiana",0.0
1105,"Jeff davis, Texas",0.0
1106,"Jefferson county, Florida",0.0
1107,"Jefferson county, Pennsylvania",0.0
1108,"Jefferson davis, Louisiana",0.0
1109,"Jefferson, Alabama",0.0
1110,"Jefferson, Arkansas",0.0
1111,"Jefferson, Florida",0.0
1112,"Jefferson, Idaho",0.0
1113,"Jefferson, Indiana",0.0
1114,"Jefferson, Kansas",0.0
1115,"Jefferson, Kentucky",0.0
1116,"Jefferson, Louisiana",0.0
1117,"Jefferson, Missouri",0.0
1118,"Jefferson, Montana",0.0
1119,"Jefferson, Nebraska",0.0
1120,"Jefferson, New York",0.0
1121,"Jefferson, Oklahoma",0.0
1122,"Jefferson, Oregon",0.0
1123,"Jefferson, Pennsylvania",0.0
1124,"Jefferson, Texas",0.0
1125,"Jefferson, Washington",0.0
1126,"Jefferson, West Virginia",0.0
1127,"Jefferson, Wisconsin",0.0
1128,"Jennings, Indiana",0.002
1129,"Jerauld, South Dakota",0.0
1130,"Jerome, Idaho",0.0
1131,"Jersey, Illinois",0.0
1132,"Jessamine, Kentucky",0.0
1133,"Jim hogg, Texas",0.0
1134,"Jim wells, Texas",0.0
1135,"Jo daviess, Illinois",0.0
1136,"Johnson, Arkansas",0.0
1137,"Johnson, Illinois",0.0
1138,"Johnson, Indiana",0.0
1139,"Johnson, Kansas",0.0
1140,"Johnson, Kentucky",0.0
1141,"Johnson, Missouri",0.0
1142,"Johnson, Nebraska",0.0
1143,"Johnson, Texas",0.0
1144,"Johnson, Wyoming",0.0
1145,"Johnston, North Carolina",0.0
1146,"Johnston, Oklahoma",0.0
1147,"Jones, North Carolina",0.0
1148,"Jones, Texas",0.0
1149,"Josephine, Oregon",0.0
1150,"Juab, Utah",0.0
1151,"Judith basin, Montana",0.0
1152,"Juneau city and, Alaska",0.0
1153,"Juneau, Wisconsin",0.0
1154,"Juniata, Pennsylvania",0.0
1155,"Kalamazoo, Michigan",0.0
1156,"Kalkaska, Michigan",0.0
1157,"Kanabec, Minnesota",0.0
1158,"Kanawha, West Virginia",0.0
1159,"Kandiyohi, Minnesota",0.0
1160,"Kane, Illinois",0.0
1161,"Kane, Utah",0.0
1162,"Kankakee, Illinois",0.0
1163,"Karnes, Texas",0.0
1164,"Kauai, Hawaii",0.0
1165,"Kaufman, Texas",0.0
1166,"Kay, Oklahoma",0.0
1167,"Kearney, Nebraska",0.0
1168,"Keith, Nebraska",0.0
1169,"Kendall, Illinois",0.0
1170,"Kendall, Texas",0.0
1171,"Kenedy, Texas",0.0
1172,"Kennebec, Maine",0.0
1173,"Kenosha, Wisconsin",0.0
1174,"Kent, Maryland",0.0
1175,"Kent, Michigan",0.0
1176,"Kent, Rhode Island",0.0
1177,"Kent, Texas",0.0
1178,"Kenton, Kentucky",0.0
1179,"Kern, California",0.0013993174061433448
1180,"Kerr, Texas",0.0
1181,"Kershaw, South Carolina",0.0
1182,"Ketchikan gateway, Alaska",0.0
1183,"Kewaunee, Wisconsin",0.0
1184,"Keweenaw, Michigan",0.0
1185,"Keya paha, Nebraska",0.0
1186,"Kidder, North Dakota",0.0
1187,"Kimball, Nebraska",0.0
1188,"Kimble, Texas",0.0
1189,"King george, Virginia",0.0
1190,"King william, Virginia",0.0
1191,"King, Texas",0.0
1192,"King, Washington",0.0
1193,"Kings, California",0.0
1194,"Kingsbury, South Dakota",0.0
1195,"Kinney, Texas",0.0
1196,"Kitsap, Washington",0.0
1197,"Kittitas, Washington",0.0
1198,"Kittson, Minnesota",0.0
1199,"Klamath, Oregon",0.0
1200,"Kleberg, Texas",0.0
1201,"Klickitat, Washington",0.0
1202,"Knott, Kentucky",0.0
1203,"Knox, Illinois",0.0
1204,"Knox, Indiana",0.0
1205,"Knox, Kentucky",0.0
1206,"Knox, Maine",0.0
1207,"Knox, Nebraska",0.0
1208,"Knox, Ohio",0.0
1209,"Knox, Tennessee",0.0
1210,"Knox, Texas",0.0
1211,"Koochiching county, Minnesota",0.0
1212,"Koochiching, Minnesota",0.0
1213,"Kootenai, Idaho",0.0
1214,"Kosciusko, Indiana",0.0
1215,"La crosse, Wisconsin",0.0
1216,"La grange, Indiana",0.0
1217,"La paz, Arizona",0.0
1218,"La plata, Colorado",0.0
1219,"La porte, Indiana",0.0
1220,"La salle, Illinois",0.0
1221,"La salle, Louisiana",0.0
1222,"La salle, Texas",0.0
1223,"Labette, Kansas",0.0
1224,"Lac qui parle, Minnesota",0.0
1225,"Lackawanna, Pennsylvania",0.0
1226,"Laclede, Missouri",0.0
1227,"Lafayette parish, Louisiana",0.0
1228,"Lafayette, Arkansas",0.0
1229,"Lafayette, Florida",0.0
1230,"Lafayette, Louisiana",0.0
1231,"Lafayette, Missouri",0.0
1232,"Lafayette, Wisconsin",0.0
1233,"Lafourche, Louisiana",0.0
1234,"Lagrange, Indiana",0.0
1235,"Lake, California",0.0
1236,"Lake, Florida",4.12e-05
1237,"Lake, Illinois",3.3500837520938026e-05
1238,"Lake, Indiana",0.0
1239,"Lake, Michigan",0.0
1240,"Lake, Minnesota",0.0
1241,"Lake, Montana",0.0
1242,"Lake, Oregon",0.0
1243,"Lake, South Dakota",0.0
1244,"Lamar, Alabama",0.0
1245,"Lamar, Texas",0.0
1246,"Lamb, Texas",0.0
1247,"Lamoille, Vermont",0.0
1248,"Lamoure, North Dakota",0.0
1249,"Lampasas, Texas",0.0
1250,"Lancaster county, Pennsylvania",0.0
1251,"Lancaster, Nebraska",0.0
1252,"Lancaster, Pennsylvania",0.0
1253,"Lancaster, South Carolina",0.0
1254,"Lancaster, Virginia",0.0
1255,"Lander, Nevada",0.0
1256,"Lane, Oregon",0.0
1257,"Langlade, Wisconsin",0.0
1258,"Lapeer, Michigan",0.0
1259,"Laporte, Indiana",0.0
1260,"Laramie, Wyoming",0.0
1261,"Larue, Kentucky",0.0
1262,"Lasalle, Illinois",0.0
1263,"Latah, Idaho",0.0
1264,"Lauderdale, Alabama",0.0
1265,"Laurel, Kentucky",0.0
1266,"Laurens, South Carolina",0.0
1267,"Lavaca, Texas",0.0
1268,"Lawrence county, Arkansas",0.0
1269,"Lawrence, Alabama",0.0
1270,"Lawrence, Arkansas",0.0
1271,"Lawrence, Illinois",0.0
1272,"Lawrence, Indiana",0.0
1273,"Lawrence, Kentucky",0.0
1274,"Lawrence, Missouri",0.0
1275,"Lawrence, Ohio",0.0
1276,"Lawrence, Pennsylvania",0.0
1277,"Lawrence, South Dakota",0.0
1278,"Le sueur, Minnesota",0.0
1279,"Lea, New Mexico",0.0
1280,"Leavenworth, Kansas",0.0
1281,"Lebanon county, Pennsylvania",0.0
1282,"Lebanon, Pennsylvania",0.0
1283,"Lee county, South Carolina",0.0
1284,"Lee, Alabama",0.0
1285,"Lee, Arkansas",0.0
1286,"Lee, Florida",0.00042857142857142855
1287,"Lee, Illinois",0.0
1288,"Lee, Kentucky",0.0
1289,"Lee, North Carolina",0.0
1290,"Lee, South Carolina",0.0
1291,"Lee, Texas",0.0
1292,"Lee, Virginia",0.0
1293,"Leelanau, Michigan",0.0
1294,"Lehigh county, Pennsylvania",0.0
1295,"Lehigh, Pennsylvania",0.0
1296,"Lemhi, Idaho",0.0
1297,"Lenawee, Michigan",0.0
1298,"Lenoir, North Carolina",0.0
1299,"Leon, Florida",0.0
1300,"Leon, Texas",0.0
1301,"Leslie, Kentucky",0.0
1302,"Letcher, Kentucky",0.0
1303,"Levy county, Florida",0.0
1304,"Levy, Florida",0.0
1305,"Lewis and clark, Montana",0.0
1306,"Lewis county, Washington",0.0
1307,"Lewis, Idaho",0.0
1308,"Lewis, Kentucky",0.0
1309,"Lewis, Missouri",0.0
1310,"Lewis, New York",0.0
1311,"Lewis, Washington",0.0
1312,"Lewis, West Virginia",0.0
1313,"Lexington county, South Carolina",0.0
1314,"Lexington, South Carolina",0.0
1315,"Liberty, Florida",0.0
1316,"Liberty, Montana",0.0
1317,"Liberty, Texas",0.0
1318,"Licking, Ohio",0.0
1319,"Limestone, Alabama",0.0
1320,"Limestone, Texas",0.0
1321,"Lincoln parish, Louisiana",0.0
1322,"Lincoln, Arkansas",0.0
1323,"Lincoln, Idaho",0.0
1324,"Lincoln, Kentucky",0.0
1325,"Lincoln, Louisiana",0.0
1326,"Lincoln, Maine",0.0
1327,"Lincoln, Minnesota",0.0
1328,"Lincoln, Missouri",0.0
1329,"Lincoln, Montana",0.0
1330,"Lincoln, Nebraska",0.0
1331,"Lincoln, Nevada",0.0
1332,"Lincoln, New Mexico",0.0
1333,"Lincoln, North Carolina",0.0
1334,"Lincoln, Oklahoma",0.0
1335,"Lincoln, Oregon",0.0
1336,"Lincoln, Washington",0.0
1337,"Lincoln, West Virginia",0.0
1338,"Lincoln, Wisconsin",0.0
1339,"Lincoln, Wyoming",0.0
1340,"Linn county, Oregon",0.0
1341,"Linn, Kansas",0.0
1342,"Linn, Missouri",0.0
1343,"Linn, Oregon",0.0
1344,"Lipscomb, Texas",0.0
1345,"Litchfield, Connecticut",0.0
1346,"Little river, Arkansas",0.0
1347,"Live oak, Texas",0.0
1348,"Livingston county, New York",0.0
1349,"Livingston parish, Louisiana",0.0
1350,"Livingston, Illinois",0.0
1351,"Livingston, Kentucky",0.0
1352,"Livingston, Louisiana",0.0
1353,"Livingston, Michigan",0.0
1354,"Livingston, Missouri",0.0
1355,"Livingston, New York",0.0
1356,"Llano, Texas",0.0
1357,"Logan, Arkansas",0.0
1358,"Logan, Illinois",0.0
1359,"Logan, Nebraska",0.0
1360,"Logan, North Dakota",0.0
1361,"Logan, Ohio",0.0
1362,"Logan, West Virginia",0.0
1363,"Lonoke, Arkansas",0.0
1364,"Los alamos, New Mexico",0.0
1365,"Los angeles, California",0.0
1366,"Loudoun, Virginia",0.0
1367,"Louisa, Virginia",0.0
1368,"Loup, Nebraska",0.0
1369,"Love, Oklahoma",0.0
1370,"Loving, Texas",0.0
1371,"Lowndes, Alabama",0.0
1372,"Lubbock, Texas",0.0
1373,"Lucas, Ohio",0.0
1374,"Luce, Michigan",0.0
1375,"Luna, New Mexico",0.0
1376,"Lunenburg, Virginia",0.0
1377,"Luzerne county, Pennsylvania",0.0
1378,"Luzerne, Pennsylvania",0.0
1379,"Lycoming county, Pennsylvania",0.0
1380,"Lycoming, Pennsylvania",0.0
1381,"Lyman, South Dakota",0.0
1382,"Lynchburg, Virginia",0.0
1383,"Lynn, Texas",0.0
1384,"Lyon, Kansas",0.0
1385,"Lyon, Kentucky",0.0
1386,"Lyon, Minnesota",0.0
1387,"Lyon, Nevada",0.0
1388,"Mackinac, Michigan",0.0
1389,"Macomb, Michigan",0.0
1390,"Macon, Alabama",0.0
1391,"Macon, Illinois",0.0
1392,"Macon, Missouri",0.0
1393,"Macon, North Carolina",0.0
1394,"Macoupin, Illinois",0.0
1395,"Madera county, California",0.0
1396,"Madera, California",0.0
1397,"Madison, Alabama",0.0
1398,"Madison, Florida",0.0
1399,"Madison, Idaho",0.0
1400,"Madison, Illinois",0.0
1401,"Madison, Indiana",0.0
1402,"Madison, Kentucky",0.0
1403,"Madison, Louisiana",0.0
1404,"Madison, Missouri",0.0
1405,"Madison, Montana",0.0
1406,"Madison, Nebraska",0.0
1407,"Madison, New York",0.0
1408,"Madison, North Carolina",0.0
1409,"Madison, Ohio",0.0
1410,"Madison, Texas",0.0
1411,"Madison, Virginia",0.0
1412,"Magoffin, Kentucky",0.0
1413,"Mahnomen, Minnesota",0.0
1414,"Malheur, Oregon",0.0
1415,"Manassas, Virginia",0.0
1416,"Manatee county, Florida",0.0
1417,"Manatee, Florida",0.0
1418,"Manistee, Michigan",0.0
1419,"Manitowoc, Wisconsin",0.0
1420,"Marathon, Wisconsin",0.0
1421,"Marengo, Alabama",0.0
1422,"Maricopa, Arizona",0.0
1423,"Maries county, Missouri",0.0
1424,"Maries, Missouri",0.0
1425,"Marin, California",0.0
1426,"Marinette, Wisconsin",0.0
1427,"Marion county, Missouri",0.0
1428,"Marion, Alabama",0.0
1429,"Marion, Arkansas",0.0
1430,"Marion, Florida",6.712962962962962e-06
1431,"Marion, Illinois",0.0
1432,"Marion, Indiana",0.0
1433,"Marion, Kansas",0.0
1434,"Marion, Kentucky",0.0
1435,"Marion, Missouri",0.0
1436,"Marion, Ohio",0.0
1437,"Marion, Oregon",0.0
1438,"Marion, South Carolina",0.0
1439,"Marion, Texas",0.0
1440,"Marion, West Virginia",0.0
1441,"Mariposa, California",0.0
1442,"Marlboro, South Carolina",0.0
1443,"Marquette, Michigan",0.0
1444,"Marquette, Wisconsin",0.0
1445,"Marshall, Alabama",0.0
1446,"Marshall, Illinois",0.0
1447,"Marshall, Indiana",0.0
1448,"Marshall, Kentucky",0.0
1449,"Marshall, Minnesota",0.0
1450,"Marshall, Oklahoma",0.0
1451,"Marshall, West Virginia",0.0
1452,"Martin county, Florida",0.0
1453,"Martin, Florida",0.0
1454,"Martin, Indiana",0.0
1455,"Martin, Kentucky",0.0
1456,"Martin, Minnesota",0.0
1457,"Martin, North Carolina",0.0
1458,"Martin, Texas",0.0
1459,"Martinsville, Virginia",0.0
1460,"Mason, Illinois",0.0
1461,"Mason, Kentucky",0.0
1462,"Mason, Michigan",0.0
1463,"Mason, Texas",0.0
1464,"Mason, Washington",0.0
1465,"Mason, West Virginia",0.0
1466,"Massac, Illinois",0.0
1467,"Matagorda, Texas",0.0
1468,"Maui, Hawaii",0.0
1469,"Maverick, Texas",0.0
1470,"Mayes, Oklahoma",0.0
1471,"Mcclain, Oklahoma",0.0
1472,"Mccone, Montana",0.0
1473,"Mccook, South Dakota",0.0
1474,"Mccormick, South Carolina",0.0
1475,"Mccracken, Kentucky",0.0
1476,"Mccreary, Kentucky",0.0
1477,"Mcculloch, Texas",0.0
1478,"Mcdonald, Missouri",0.0
1479,"Mcdonough, Illinois",0.0
1480,"Mcdowell, North Carolina",0.0
1481,"Mcdowell, West Virginia",0.0
1482,"Mchenry, Illinois",0.0
1483,"Mchenry, North Dakota",0.0
1484,"Mcintosh, North Dakota",0.0
1485,"Mckean county, Pennsylvania",0.0
1486,"Mckean, Pennsylvania",0.0
1487,"Mckenzie, North Dakota",0.0
1488,"Mckinley, New Mexico",0.0
1489,"Mclean, Illinois",0.0
1490,"Mclean, Kentucky",0.0
1491,"Mclean, North Dakota",0.0
1492,"Mclennan, Texas",0.0
1493,"Mcleod, Minnesota",0.0
1494,"Mcmullen, Texas",0.0
1495,"Mcpherson, Nebraska",0.0
1496,"Meade, Kentucky",0.0
1497,"Meade, South Dakota",0.0
1498,"Meagher, Montana",0.0
1499,"Mecklenburg, North Carolina",0.0
1500,"Mecklenburg, Virginia",0.0
1501,"Mecosta, Michigan",0.0
1502,"Medina, Ohio",0.0
1503,"Medina, Texas",0.0
1504,"Meeker, Minnesota",0.0
1505,"Meigs, Ohio",0.0
1506,"Menard, Illinois",0.0
1507,"Menard, Texas",0.0
1508,"Mendocino, California",0.0
1509,"Menifee, Kentucky",0.0
1510,"Menominee, Michigan",0.0
1511,"Merced, California",0.0
1512,"Mercer county, Pennsylvania",0.0
1513,"Mercer, Illinois",0.0
1514,"Mercer, Kentucky",0.0
1515,"Mercer, Missouri",0.0
1516,"Mercer, New Jersey",0.0
1517,"Mercer, North Dakota",0.0
1518,"Mercer, Pennsylvania",0.0
1519,"Mercer, West Virginia",0.0
1520,"Merrick, Nebraska",0.0
1521,"Merrimack, New Hampshire",0.0
1522,"Miami, Indiana",0.0
1523,"Miami, Kansas",0.0
1524,"Miami, Ohio",0.0
1525,"Miami-dade, Florida",0.0
1526,"Middlesex, Connecticut",0.0
1527,"Middlesex, Massachusetts",0.0
1528,"Middlesex, New Jersey",0.0
1529,"Midland, Michigan",0.0
1530,"Midland, Texas",0.0
1531,"Mifflin county, Pennsylvania",0.0
1532,"Mifflin, Pennsylvania",0.0
1533,"Milam, Texas",0.0
1534,"Millard, Utah",0.0
1535,"Mille lacs county, Minnesota",0.0
1536,"Mille lacs, Minnesota",0.0
1537,"Miller, Arkansas",0.0
1538,"Miller, Missouri",0.0
1539,"Mills, Texas",0.0
1540,"Milwaukee, Wisconsin",0.0
1541,"Miner, South Dakota",0.0
1542,"Mineral, Montana",0.0
1543,"Mineral, Nevada",0.0
1544,"Mineral, West Virginia",0.0
1545,"Mingo, West Virginia",0.0
1546,"Minidoka, Idaho",0.0
1547,"Minnehaha, South Dakota",0.0
1548,"Missaukee, Michigan",0.0
1549,"Mississippi, Arkansas",0.0
1550,"Mississippi, Missouri",0.0
1551,"Missoula, Montana",0.0
1552,"Mitchell, Kansas",0.0
1553,"Mitchell, North Carolina",0.0
1554,"Mitchell, Texas",0.0
1555,"Mobile, Alabama",0.0
1556,"Modoc, California",0.0
1557,"Mohave, Arizona",0.0
1558,"Moniteau, Missouri",0.0
1559,"Monmouth, New Jersey",0.0
1560,"Mono, California",0.0
1561,"Monongalia, West Virginia",0.0
1562,"Monroe county, Pennsylvania",0.0
1563,"Monroe, Alabama",0.0
1564,"Monroe, Arkansas",0.0
1565,"Monroe, Florida",0.0
1566,"Monroe, Illinois",0.0
1567,"Monroe, Indiana",0.0
1568,"Monroe, Kentucky",0.0
1569,"Monroe, Michigan",0.0
1570,"Monroe, Missouri",0.0
1571,"Monroe, New York",0.0
1572,"Monroe, Ohio",0.0
1573,"Monroe, Pennsylvania",0.0
1574,"Monroe, West Virginia",0.0
1575,"Monroe, Wisconsin",0.0
1576,"Montague, Texas",0.0
1577,"Montcalm, Michigan",0.0
1578,"Monterey, California",0.0
1579,"Montgomery county, Pennsylvania",0.0
1580,"Montgomery, Alabama",0.0
1581,"Montgomery, Arkansas",0.0
1582,"Montgomery, Illinois",0.0
1583,"Montgomery, Indiana",0.0
1584,"Montgomery, Kansas",0.0
1585,"Montgomery, Kentucky",0.0
1586,"Montgomery, Maryland",0.0
1587,"Montgomery, Missouri",0.0
1588,"Montgomery, New York",0.0
1589,"Montgomery, North Carolina",0.0
1590,"Montgomery, Ohio",0.0
1591,"Montgomery, Pennsylvania",0.0
1592,"Montgomery, Texas",0.0
1593,"Montgomery, Virginia",0.0
1594,"Montmorency, Michigan",0.0
1595,"Montour, Pennsylvania",0.0
1596,"Moody, South Dakota",0.0
1597,"Moore county, Texas",0.0
1598,"Moore, North Carolina",0.0027922535211267613
1599,"Moore, Texas",0.0
1600,"Mora, New Mexico",0.0
1601,"Morehouse, Louisiana",0.0
1602,"Morgan, Alabama",0.0
1603,"Morgan, Illinois",0.0
1604,"Morgan, Indiana",0.0
1605,"Morgan, Kentucky",0.0
1606,"Morgan, Missouri",0.0
1607,"Morgan, Ohio",0.0
1608,"Morgan, Utah",0.0
1609,"Morgan, West Virginia",0.0
1610,"Morrill, Nebraska",0.0
1611,"Morris, Kansas",0.0
1612,"Morris, New Jersey",0.0
1613,"Morris, Texas",0.0
1614,"Morrison, Minnesota",0.0
1615,"Morrow, Ohio",0.0
1616,"Morrow, Oregon",0.0
1617,"Morton, North Dakota",0.0
1618,"Motley, Texas",0.0
1619,"Moultrie, Illinois",0.0
1620,"Mountrail, North Dakota",0.0
1621,"Mower, Minnesota",0.0
1622,"Muhlenberg, Kentucky",0.0
1623,"Multnomah county, Oregon",0.0
1624,"Multnomah, Oregon",0.0
1625,"Murray, Minnesota",0.0
1626,"Muskegon, Michigan",0.0
1627,"Muskingum, Ohio",0.0
1628,"Musselshell, Montana",0.0
1629,"Nacogdoches, Texas",0.0
1630,"Nance, Nebraska",0.0
1631,"Nantucket, Massachusetts",0.0
1632,"Napa, California",0.0
1633,"Nash, North Carolina",0.0
1634,"Nassau, Florida",0.0
1635,"Nassau, New York",0.0
1636,"Natchitoches, Louisiana",0.0
1637,"Natrona, Wyoming",0.0
1638,"Navajo, Arizona",0.0
1639,"Navarro, Texas",0.0
1640,"Nelson, Kentucky",0.0018181818181818182
1641,"Nelson, North Dakota",0.0
1642,"Nelson, Virginia",0.0
1643,"Nemaha, Nebraska",0.0
1644,"Neosho, Kansas",0.0
1645,"Nevada county, Arkansas",0.0
1646,"Nevada, Arkansas",0.0
1647,"Nevada, California",0.0
1648,"New hanover, North Carolina",0.0
1649,"New haven, Connecticut",0.0
1650,"New london, Connecticut",0.0
1651,"New madrid, Missouri",0.0
1652,"Newaygo, Michigan",0.0
1653,"Newberry, South Carolina",0.0
1654,"Newport, Rhode Island",0.0
1655,"Newton county, Arkansas",0.0
1656,"Newton, Arkansas",0.0
1657,"Newton, Indiana",0.0
1658,"Newton, Missouri",0.0
1659,"Newton, Texas",0.0
1660,"Nez perce, Idaho",0.0
1661,"Niagara, New York",0.0
1662,"Nicholas, Kentucky",0.0
1663,"Nicholas, West Virginia",0.0
1664,"Nicollet, Minnesota",0.0
1665,"Niobrara, Wyoming",0.0
1666,"Noble, Indiana",0.0
1667,"Nobles, Minnesota",0.0
1668,"Nodaway, Missouri",0.0
1669,"Nolan, Texas",0.0
1670,"Norfolk, Massachusetts",0.0
1671,"Norfolk, Virginia",0.0
1672,"North slope, Alaska",0.0
1673,"Northampton county, Pennsylvania",0.0
1674,"Northampton, North Carolina",0.0
1675,"Northampton, Pennsylvania",0.0
1676,"Northampton, Virginia",0.0
1677,"Northumberland, Pennsylvania",0.0
1678,"Northumberland, Virginia",0.0
1679,"Norton, Kansas",0.0
1680,"Nottoway, Virginia",0.0
1681,"Nuckolls, Nebraska",0.0
1682,"Nueces, Texas",0.0
1683,"Nye, Nevada",0.0
1684,"Oakland, Michigan",0.0
1685,"Ocean, New Jersey",0.0
1686,"Oceana, Michigan",0.0
1687,"Ochiltree, Texas",0.0
1688,"Oconee, South Carolina",0.0
1689,"Oconto, Wisconsin",0.0
1690,"Ogemaw, Michigan",0.0
1691,"Ogle, Illinois",0.0
1692,"Ohio, Indiana",0.0
1693,"Ohio, Kentucky",0.0
1694,"Ohio, West Virginia",0.0
1695,"Okaloosa county, Florida",0.0
1696,"Okaloosa, Florida",0.0
1697,"Okanogan, Washington",0.0
1698,"Okeechobee, Florida",0.0
1699,"Oklahoma, Oklahoma",0.0
1700,"Oldham, Kentucky",0.0
1701,"Oldham, Texas",0.0
1702,"Olmsted, Minnesota",0.0
1703,"Oneida, Idaho",0.0
1704,"Oneida, New York",0.0
1705,"Oneida, Wisconsin",0.0
1706,"Onondaga, New York",0.0
1707,"Onslow, North Carolina",0.0
1708,"Ontario, New York",0.0
1709,"Ontonagon, Michigan",0.0
1710,"Orange, California",0.0
1711,"Orange, Florida",0.0
1712,"Orange, New York",0.0
1713,"Orange, North Carolina",0.0
1714,"Orange, Texas",0.0
1715,"Orange, Vermont",0.0
1716,"Orange, Virginia",0.0
1717,"Orangeburg, South Carolina",0.0
1718,"Oregon, Missouri",0.0
1719,"Orleans, Louisiana",0.0
1720,"Orleans, New York",0.0
1721,"Orleans, Vermont",0.0
1722,"Osage, Kansas",0.0
1723,"Osage, Missouri",0.0
1724,"Osage, Oklahoma",0.0
1725,"Osceola, Florida",0.0
1726,"Osceola, Michigan",0.0
1727,"Oscoda, Michigan",0.0
1728,"Oswego, New York",0.0
1729,"Otero county, New Mexico",0.0
1730,"Otero, New Mexico",0.0
1731,"Otoe, Nebraska",0.0
1732,"Otsego, Michigan",0.0
1733,"Otsego, New York",0.0
1734,"Ottawa, Michigan",0.0
1735,"Otter tail, Minnesota",0.0
1736,"Ouachita, Arkansas",0.0
1737,"Ouachita, Louisiana",0.0
1738,"Outagamie, Wisconsin",0.0
1739,"Owen, Indiana",0.0
1740,"Owen, Kentucky",0.0
1741,"Owsley, Kentucky",0.0
1742,"Owyhee, Idaho",0.0
1743,"Oxford, Maine",0.0
1744,"Ozark, Missouri",0.0
1745,"Ozaukee, Wisconsin",0.0
1746,"Pacific, Washington",0.0
1747,"Page, Virginia",0.0
1748,"Palm beach, Florida",0.0
1749,"Palo pinto, Texas",0.0
1750,"Pamlico, North Carolina",0.0
1751,"Panola, Texas",0.0
1752,"Park, Montana",0.0
1753,"Park, Wyoming",0.0
1754,"Parke, Indiana",0.0
1755,"Parker, Texas",0.0
1756,"Parmer, Texas",0.0
1757,"Pasco county, Florida",0.0
1758,"Pasco, Florida",0.0
1759,"Pasquotank, North Carolina",0.0
1760,"Passaic, New Jersey",0.0
1761,"Patrick, Virginia",0.0
1762,"Pawnee, Nebraska",0.0
1763,"Payette, Idaho",0.0
1764,"Payne, Oklahoma",0.0
1765,"Pecos, Texas",0.0
1766,"Pembina, North Dakota",0.0
1767,"Pemiscot, Missouri",0.0
1768,"Pend oreille, Washington",0.0
1769,"Pender, North Carolina",0.0
1770,"Pendleton, Kentucky",0.0
1771,"Pendleton, West Virginia",0.0
1772,"Pennington, Minnesota",0.0
1773,"Pennington, South Dakota",0.0
1774,"Penobscot, Maine",0.0
1775,"Peoria, Illinois",0.0
1776,"Pepin, Wisconsin",0.0
1777,"Perkins, Nebraska",0.0
1778,"Perquimans, North Carolina",0.0
1779,"Perry county, Pennsylvania",0.0
1780,"Perry, Alabama",0.0
1781,"Perry, Arkansas",0.0
1782,"Perry, Illinois",0.0
1783,"Perry, Indiana",0.0
1784,"Perry, Kentucky",0.0
1785,"Perry, Missouri",0.0
1786,"Perry, Pennsylvania",0.0
1787,"Pershing, Nevada",0.0
1788,"Person, North Carolina",0.0
1789,"Petroleum, Montana",0.0
1790,"Pettis, Missouri",0.0
1791,"Phelps, Missouri",0.0
1792,"Phelps, Nebraska",0.0
1793,"Philadelphia, Pennsylvania",0.00028571428571428574
1794,"Phillips, Arkansas",0.0
1795,"Phillips, Kansas",0.0
1796,"Phillips, Montana",0.0
1797,"Piatt, Illinois",0.0
1798,"Pickaway, Ohio",0.0
1799,"Pickens, Alabama",0.0
1800,"Pickens, South Carolina",0.0
1801,"Pierce county, Washington",0.0
1802,"Pierce, Nebraska",0.0
1803,"Pierce, North Dakota",0.0
1804,"Pierce, Washington",0.0
1805,"Pierce, Wisconsin",0.0
1806,"Pike, Alabama",0.054400000000000004
1807,"Pike, Arkansas",0.0
1808,"Pike, Illinois",0.0
1809,"Pike, Indiana",0.0
1810,"Pike, Kentucky",0.0
1811,"Pike, Missouri",0.0
1812,"Pike, Ohio",0.0
1813,"Pike, Pennsylvania",0.0
1814,"Pima, Arizona",0.0
1815,"Pinal, Arizona",0.0
1816,"Pine, Minnesota",0.0
1817,"Pinellas, Florida",0.0
1818,"Pipestone, Minnesota",0.0
1819,"Piscataquis, Maine",0.0
1820,"Pitt, North Carolina",0.0
1821,"Pittsburg, Oklahoma",0.0
1822,"Pittsylvania, Virginia",0.0
1823,"Piute, Utah",0.0
1824,"Placer, California",0.0
1825,"Plaquemines, Louisiana",0.0
1826,"Platte, Missouri",0.0
1827,"Platte, Nebraska",0.0
1828,"Platte, Wyoming",0.0
1829,"Pleasants, West Virginia",0.0
1830,"Plymouth, Massachusetts",0.0
1831,"Pocahontas, West Virginia",0.0
1832,"Poinsett, Arkansas",0.0
1833,"Pointe coupee parish, Louisiana",0.0
1834,"Pointe coupee, Louisiana",0.0
1835,"Polk, Arkansas",0.0
1836,"Polk, Florida",0.0
1837,"Polk, Minnesota",0.0
1838,"Polk, Missouri",0.0
1839,"Polk, Nebraska",0.0
1840,"Polk, North Carolina",0.0
1841,"Polk, Oregon",0.0
1842,"Polk, Texas",0.0
1843,"Polk, Wisconsin",0.0
1844,"Pondera, Montana",0.0
1845,"Pontotoc, Oklahoma",0.0
1846,"Pope, Arkansas",0.0
1847,"Pope, Illinois",0.0
1848,"Pope, Minnesota",0.0
1849,"Portage county, Wisconsin",0.0
1850,"Portage, Wisconsin",0.0
1851,"Porter, Indiana",0.0
1852,"Portsmouth, Virginia",0.0
1853,"Posey, Indiana",0.0
1854,"Potter, Pennsylvania",0.0
1855,"Potter, Texas",0.0
1856,"Powder river, Montana",0.0
1857,"Powell, Kentucky",0.0
1858,"Powell, Montana",0.0
1859,"Power, Idaho",0.0
1860,"Prairie, Arkansas",0.0
1861,"Prairie, Montana",0.0
1862,"Preble, Ohio",0.0
1863,"Presidio, Texas",0.0
1864,"Presque isle, Michigan",0.0
1865,"Preston, West Virginia",0.0
1866,"Price, Wisconsin",0.0
1867,"Prince george's, Maryland",0.0
1868,"Prince george, Virginia",0.0
1869,"Prince georges, Maryland",0.0
1870,"Prince william, Virginia",0.0
1871,"Providence, Rhode Island",0.0
1872,"Pulaski, Arkansas",0.0
1873,"Pulaski, Illinois",0.0
1874,"Pulaski, Indiana",0.0
1875,"Pulaski, Kentucky",0.0
1876,"Pulaski, Missouri",0.0
1877,"Pulaski, Virginia",0.0
1878,"Putnam county, Indiana",0.0
1879,"Putnam, Florida",4.8529411764705885e-05
1880,"Putnam, Illinois",0.0004237288135593221
1881,"Putnam, Indiana",0.0
1882,"Putnam, Missouri",0.0
1883,"Putnam, New York",0.005988023952095809
1884,"Putnam, Ohio",0.0
1885,"Putnam, Tennessee",0.0
1886,"Putnam, West Virginia",0.0
1887,"Quay, New Mexico",0.0
1888,"Queen anne's, Maryland",0.0
1889,"Racine, Wisconsin",0.0
1890,"Radford, Virginia",0.0
1891,"Rains, Texas",0.0
1892,"Raleigh, West Virginia",0.0
1893,"Ramsey, Minnesota",0.0
1894,"Ramsey, North Dakota",0.0
1895,"Randall, Texas",0.0
1896,"Randolph, Alabama",0.0
1897,"Randolph, Arkansas",0.0
1898,"Randolph, Illinois",0.0
1899,"Randolph, Indiana",0.0
1900,"Randolph, Missouri",0.0
1901,"Randolph, North Carolina",0.0
1902,"Randolph, West Virginia",0.0
1903,"Ransom, North Dakota",0.0
1904,"Rapides, Louisiana",0.0
1905,"Ravalli, Montana",0.0
1906,"Ray, Missouri",0.0
1907,"Reagan, Texas",0.0
1908,"Real, Texas",0.0
1909,"Red lake, Minnesota",0.0
1910,"Red river, Louisiana",0.0
1911,"Red river, Texas",0.0
1912,"Red willow, Nebraska",0.0
1913,"Redwood, Minnesota",0.0
1914,"Reeves, Texas",0.0
1915,"Refugio, Texas",0.0
1916,"Rensselaer, New York",0.0
1917,"Renville, Minnesota",0.0
1918,"Reynolds, Missouri",0.0
1919,"Rice, Minnesota",0.0
1920,"Rich, Utah",0.0
1921,"Richardson, Nebraska",0.0
1922,"Richland, Illinois",0.0
1923,"Richland, Louisiana",0.0
1924,"Richland, Montana",0.0
1925,"Richland, North Dakota",0.0
1926,"Richland, Ohio",0.0
1927,"Richland, South Carolina",0.0
1928,"Richland, Wisconsin",0.0
1929,"Richmond, North Carolina",0.0
1930,"Richmond, Virginia",0.0
1931,"Riley, Kansas",0.0
1932,"Rio arriba, New Mexico",0.0
1933,"Ripley, Indiana",0.0
1934,"Ripley, Missouri",0.0
1935,"Ritchie, West Virginia",0.0
1936,"Riverside, California",0.0
1937,"Roane, West Virginia",0.0
1938,"Roanoke, Virginia",0.0
1939,"Roberts, South Dakota",0.0
1940,"Roberts, Texas",0.0
1941,"Robertson, Texas",0.0
1942,"Robeson, North Carolina",0.0
1943,"Rock island, Illinois",0.0
1944,"Rock, Minnesota",0.0
1945,"Rock, Nebraska",0.0
1946,"Rock, Wisconsin",0.0
1947,"Rockbridge, Virginia",0.0
1948,"Rockcastle, Kentucky",0.0
1949,"Rockingham, New Hampshire",0.0
1950,"Rockingham, North Carolina",0.0
1951,"Rockingham, Virginia",0.0
1952,"Rockland, New York",0.0
1953,"Rolette, North Dakota",0.0
1954,"Roosevelt, Montana",0.0
1955,"Roosevelt, New Mexico",0.0
1956,"Roscommon, Michigan",0.0
1957,"Roseau, Minnesota",0.0
1958,"Rosebud, Montana",0.0
1959,"Ross, Ohio",0.0
1960,"Rowan county, North Carolina",0.0
1961,"Rowan, Kentucky",0.0
1962,"Rowan, North Carolina",0.0
1963,"Runnels, Texas",0.0
1964,"Rush, Indiana",0.0
1965,"Rusk, Texas",0.0
1966,"Rusk, Wisconsin",0.0
1967,"Russell, Alabama",0.0
1968,"Russell, Kansas",0.0
1969,"Russell, Kentucky",0.0
1970,"Russell, Virginia",0.0
1971,"Rutherford, North Carolina",0.0
1972,"Rutland, Vermont",0.0
1973,"Sabine, Louisiana",0.0
1974,"Sabine, Texas",0.0
1975,"Sacramento county, California",0.0
1976,"Sacramento, California",0.0
1977,"Sagadahoc, Maine",0.0
1978,"Saginaw, Michigan",0.0
1979,"Saint bernard, Louisiana",0.0
1980,"Saint charles, Missouri",0.0
1981,"Saint clair, Michigan",0.0
1982,"Saint francois, Missouri",0.0
1983,"Saint james, Louisiana",0.0
1984,"Saint joseph, Michigan",0.0
1985,"Saint landry, Louisiana",0.0
1986,"Saint lawrence, New York",0.0
1987,"Saint louis, Minnesota",0.0
1988,"Saint louis, Missouri",0.0
1989,"Saint marys, Maryland",0.0
1990,"Saint tammany, Louisiana",0.0
1991,"Salem, New Jersey",0.0
1992,"Salem, Virginia",0.0
1993,"Saline county, Arkansas",0.0
1994,"Saline, Arkansas",0.0
1995,"Saline, Illinois",0.0
1996,"Saline, Kansas",0.0
1997,"Saline, Missouri",0.0
1998,"Saline, Nebraska",0.0
1999,"Salt lake, Utah",0.0
2000,"Saluda, South Carolina",0.0
2001,"Sampson, North Carolina",0.0
2002,"San augustine, Texas",0.0
2003,"San benito, California",0.0
2004,"San bernardino county, California",0.0
2005,"San bernardino, California",0.0
2006,"San diego county, California",0.0
2007,"San diego, California",0.0
2008,"San francisco, California",0.0
2009,"San jacinto, Texas",0.0
2010,"San joaquin, California",0.0
2011,"San juan, New Mexico",0.0
2012,"San juan, Utah",0.0
2013,"San juan, Washington",0.0
2014,"San luis obispo, California",0.0
2015,"San mateo, California",0.0
2016,"San miguel, New Mexico",0.0
2017,"San patricio, Texas",0.0
2018,"San saba, Texas",0.0
2019,"Sanborn, South Dakota",0.0
2020,"Sanders, Montana",0.0
2021,"Sandoval, New Mexico",0.0
2022,"Sandusky, Ohio",0.0
2023,"Sangamon, Illinois",0.0
2024,"Sanilac, Michigan",0.0
2025,"Sanpete, Utah",0.0
2026,"Santa barbara, California",0.0
2027,"Santa clara, California",0.0
2028,"Santa cruz, Arizona",0.0
2029,"Santa cruz, California",0.0
2030,"Santa fe, New Mexico",0.0
2031,"Santa rosa county, Florida",0.0
2032,"Santa rosa, Florida",0.0
2033,"Sarasota, Florida",5.151515151515152e-05
2034,"Saratoga, New York",0.0
2035,"Sargent, North Dakota",0.0
2036,"Sarpy, Nebraska",0.0
2037,"Sauk, Wisconsin",0.0
2038,"Saunders, Nebraska",0.0
2039,"Sawyer, Wisconsin",0.0
2040,"Schenectady, New York",0.0
2041,"Schleicher, Texas",0.0
2042,"Schoharie, New York",0.0
2043,"Schoolcraft, Michigan",0.0
2044,"Schuyler, Illinois",0.0
2045,"Schuyler, New York",0.0
2046,"Schuylkill, Pennsylvania",0.0
2047,"Scotland, Missouri",0.0
2048,"Scotland, North Carolina",0.0
2049,"Scott, Arkansas",0.0
2050,"Scott, Illinois",0.0
2051,"Scott, Indiana",0.0
2052,"Scott, Iowa",0.0
2053,"Scott, Kentucky",0.0
2054,"Scott, Minnesota",0.0
2055,"Scott, Missouri",0.0
2056,"Scott, Virginia",0.0
2057,"Scotts bluff, Nebraska",0.0
2058,"Scurry, Texas",0.0
2059,"Searcy, Arkansas",0.0
2060,"Sebastian, Arkansas",0.0
2061,"Sedgwick, Kansas",0.0
2062,"Seminole county, Florida",0.0
2063,"Seminole, Florida",0.0015
2064,"Seneca, New York",0.0
2065,"Seneca, Ohio",0.0
2066,"Sevier, Arkansas",0.0
2067,"Sevier, Utah",0.0
2068,"Seward, Nebraska",0.0
2069,"Shackelford, Texas",0.0
2070,"Shannon, Missouri",0.0
2071,"Shannon, South Dakota",0.0
2072,"Sharp county, Arkansas",0.0
2073,"Sharp, Arkansas",0.0
2074,"Shasta, California",0.0
2075,"Shawano, Wisconsin",0.0
2076,"Shawnee, Kansas",0.0
2077,"Sheboygan, Wisconsin",0.0
2078,"Shelby, Alabama",0.0
2079,"Shelby, Illinois",0.0
2080,"Shelby, Indiana",0.0
2081,"Shelby, Kentucky",0.0
2082,"Shelby, Missouri",0.0
2083,"Shelby, Ohio",0.0
2084,"Shelby, Tennessee",0.0
2085,"Shelby, Texas",0.0
2086,"Shenandoah, Virginia",0.0
2087,"Sherburne, Minnesota",0.0
2088,"Sheridan, Montana",0.0
2089,"Sheridan, Nebraska",0.0
2090,"Sheridan, North Dakota",0.0
2091,"Sheridan, Wyoming",0.0
2092,"Sherman, Nebraska",0.0
2093,"Sherman, Oregon",0.0
2094,"Sherman, Texas",0.0
2095,"Shiawassee, Michigan",0.0
2096,"Shoshone, Idaho",0.0
2097,"Sibley, Minnesota",0.0
2098,"Sierra, New Mexico",0.0
2099,"Silver bow, Montana",0.0
2100,"Silverbow, Montana",0.0
2101,"Simpson, Kentucky",0.0
2102,"Sioux, Nebraska",0.0
2103,"Sioux, North Dakota",0.0
2104,"Siskiyou, California",0.0
2105,"Skagit, Washington",0.0
2106,"Skamania, Washington",0.0
2107,"Slope, North Dakota",0.0
2108,"Smith, Texas",0.0
2109,"Smyth, Virginia",0.0
2110,"Snohomish, Washington",0.0
2111,"Snyder county, Pennsylvania",0.0
2112,"Snyder, Pennsylvania",0.0
2113,"Socorro, New Mexico",0.0
2114,"Solano, California",0.0
2115,"Somerset county, Pennsylvania",0.0
2116,"Somerset, Maine",0.0
2117,"Somerset, Maryland",0.0
2118,"Somerset, New Jersey",0.0
2119,"Somerset, Pennsylvania",0.0
2120,"Somervell, Texas",0.0
2121,"Sonoma, California",0.0
2122,"Southampton, Virginia",0.0
2123,"Southeast fairbanks, Alaska",0.0
2124,"Spartanburg, South Carolina",0.0
2125,"Spencer, Indiana",0.0
2126,"Spink county, South Dakota",0.0
2127,"Spokane, Washington",0.0
2128,"Spotsylvania, Virginia",0.0
2129,"St clair, Alabama",0.0
2130,"St helena, Louisiana",0.0
2131,"St joseph, Indiana",0.0
2132,"St landry, Louisiana",0.0
2133,"St lawrence, New York",0.0
2134,"St louis, Missouri",0.0
2135,"St mary's, Maryland",0.0
2136,"St tammany, Louisiana",0.0
2137,"St. bernard, Louisiana",0.0
2138,"St. charles, Louisiana",0.0
2139,"St. charles, Missouri",0.0
2140,"St. clair county, Missouri",0.0
2141,"St. clair, Alabama",0.0
2142,"St. clair, Illinois",0.0
2143,"St. clair, Michigan",0.0
2144,"St. clair, Missouri",0.0
2145,"St. croix, Wisconsin",0.0
2146,"St. francis, Arkansas",0.0
2147,"St. francois, Missouri",0.0
2148,"St. helena, Louisiana",0.0
2149,"St. james, Louisiana",0.0
2150,"St. john the baptist parish, Louisiana",0.0
2151,"St. john the baptist, Louisiana",0.0
2152,"St. johns, Florida",0.0
2153,"St. joseph county, Indiana",0.0
2154,"St. joseph, Indiana",0.0
2155,"St. joseph, Michigan",0.0
2156,"St. landry, Louisiana",0.0
2157,"St. lawrence, New York",0.0
2158,"St. louis city, Missouri",0.0
2159,"St. louis, Minnesota",0.0
2160,"St. louis, Missouri",0.0
2161,"St. lucie, Florida",0.0
2162,"St. martin parish, Louisiana",0.0
2163,"St. martin, Louisiana",0.0
2164,"St. mary parish, Louisiana",0.0
2165,"St. mary's county, Maryland",0.0
2166,"St. mary's, Maryland",0.0
2167,"St. mary, Louisiana",0.0
2168,"St. tammany parish, Louisiana",0.0
2169,"St. tammany, Louisiana",0.0
2170,"Stafford, Virginia",0.0
2171,"Stanislaus, California",0.0
2172,"Stanly, North Carolina",0.0
2173,"Stanton, Nebraska",0.0
2174,"Stark, Illinois",0.0
2175,"Stark, North Dakota",0.0
2176,"Stark, Ohio",0.0
2177,"Starke, Indiana",0.0
2178,"Starr, Texas",0.0
2179,"Staunton, Virginia",0.0
2180,"Ste. genevieve, Missouri",0.0
2181,"Stearns, Minnesota",0.0
2182,"Steele, Minnesota",0.0
2183,"Stephens, Texas",0.0
2184,"Stephenson, Illinois",0.0
2185,"Sterling, Texas",0.0
2186,"Steuben, Indiana",0.0
2187,"Steuben, New York",0.0
2188,"Stevens, Minnesota",0.0
2189,"Stevens, Washington",0.0
2190,"Stillwater, Montana",0.0
2191,"Stoddard, Missouri",0.0
2192,"Stokes, North Carolina",0.0
2193,"Stone, Arkansas",0.0
2194,"Stone, Missouri",0.0
2195,"Stonewall, Texas",0.0
2196,"Storey, Nevada",0.0
2197,"Strafford, New Hampshire",0.0
2198,"Stutsman, North Dakota",0.0
2199,"Sublette, Wyoming",0.0
2200,"Suffolk city, Virginia",0.0
2201,"Suffolk, Massachusetts",0.0
2202,"Sullivan, Indiana",0.0
2203,"Sullivan, Missouri",0.0
2204,"Sullivan, New Hampshire",0.0
2205,"Sullivan, New York",0.0
2206,"Sullivan, Pennsylvania",0.0
2207,"Summers, West Virginia",0.0
2208,"Summit, Ohio",0.0
2209,"Summit, Utah",0.0
2210,"Sumner, Kansas",0.0
2211,"Sumter, Alabama",0.0
2212,"Sumter, Florida",0.0
2213,"Sumter, South Carolina",0.0
2214,"Surry, North Carolina",0.0
2215,"Surry, Virginia",0.0
2216,"Susquehanna, Pennsylvania",0.0
2217,"Sussex, New Jersey",0.0
2218,"Sutter, California",0.0
2219,"Sutton, Texas",0.0
2220,"Suwannee, Florida",0.0
2221,"Swain, North Carolina",0.0
2222,"Sweet grass, Montana",0.0
2223,"Sweetwater county, Wyoming",0.0
2224,"Sweetwater, Wyoming",0.0
2225,"Swift county, Minnesota",0.0
2226,"Swift, Minnesota",0.0
2227,"Swisher, Texas",0.0
2228,"Switzerland, Indiana",0.0
2229,"Talbot, Maryland",0.0
2230,"Talladega, Alabama",0.0
2231,"Tallapoosa, Alabama",0.0
2232,"Taney, Missouri",0.0
2233,"Tangipahoa parish, Louisiana",0.0
2234,"Tangipahoa, Louisiana",0.0
2235,"Taos, New Mexico",0.0
2236,"Tarrant, Texas",0.0
2237,"Taylor, Florida",0.0
2238,"Taylor, Kentucky",0.0
2239,"Taylor, Texas",0.0
2240,"Taylor, West Virginia",0.0
2241,"Taylor, Wisconsin",0.0
2242,"Tazewell, Illinois",0.0
2243,"Tazewell, Virginia",0.0
2244,"Tensas, Louisiana",0.0
2245,"Terrebonne, Louisiana",0.0
2246,"Terrell, Texas",0.0
2247,"Terry, Texas",0.0
2248,"Teton, Idaho",0.0
2249,"Teton, Montana",0.0
2250,"Teton, Wyoming",0.0
2251,"Texas, Missouri",0.0
2252,"Texas, Oklahoma",0.0
2253,"Thayer, Nebraska",0.0
2254,"Thomas, Nebraska",0.0
2255,"Throckmorton, Texas",0.0
2256,"Thurston, Nebraska",0.0
2257,"Thurston, Washington",0.0
2258,"Tillamook county, Oregon",0.0
2259,"Tillamook, Oregon",0.0
2260,"Tillman, Oklahoma",0.0
2261,"Tioga county, Pennsylvania",0.0
2262,"Tioga, New York",0.0
2263,"Tioga, Pennsylvania",0.0
2264,"Tippecanoe, Indiana",0.0
2265,"Tipton, Indiana",0.0
2266,"Titus, Texas",0.0
2267,"Todd, Kentucky",0.0
2268,"Todd, Minnesota",0.0
2269,"Todd, South Dakota",0.0
2270,"Tolland, Connecticut",0.0
2271,"Tom green, Texas",0.0
2272,"Tompkins, New York",0.0
2273,"Tooele, Utah",0.0
2274,"Toole, Montana",0.0
2275,"Torrance, New Mexico",0.0
2276,"Towner, North Dakota",0.0
2277,"Traill, North Dakota",0.0
2278,"Transylvania, North Carolina",0.0
2279,"Traverse, Minnesota",0.0
2280,"Travis, Texas",0.0
2281,"Treasure, Montana",0.0
2282,"Trempealeau, Wisconsin",0.0
2283,"Trigg, Kentucky",0.0
2284,"Trimble, Kentucky",0.0
2285,"Trinity, Texas",0.0
2286,"Tripp, South Dakota",0.0
2287,"Trumbull, Ohio",0.0
2288,"Tucker, West Virginia",0.0
2289,"Tulare, California",0.0
2290,"Turner, South Dakota",0.0
2291,"Tuscaloosa, Alabama",0.0
2292,"Tuscarawas, Ohio",0.0
2293,"Tuscola, Michigan",0.0
2294,"Twin falls, Idaho",0.0
2295,"Tyler, Texas",0.0
2296,"Tyler, West Virginia",0.0
2297,"Tyrrell, North Carolina",0.0
2298,"Uinta, Wyoming",0.0
2299,"Uintah, Utah",0.0
2300,"Ulster, New York",0.0
2301,"Umatilla, Oregon",0.0
2302,"Union county, Pennsylvania",0.0
2303,"Union parish, Louisiana",0.0
2304,"Union, Arkansas",0.0
2305,"Union, Florida",0.0
2306,"Union, Illinois",0.0
2307,"Union, Indiana",0.0
2308,"Union, Kentucky",0.0
2309,"Union, Louisiana",0.0
2310,"Union, New Mexico",0.0
2311,"Union, North Carolina",0.0
2312,"Union, Oregon",0.0
2313,"Union, Pennsylvania",0.0
2314,"Union, South Carolina",0.0
2315,"Union, South Dakota",0.0
2316,"Unknown, South Carolina",0.0
2317,"Upshur, Texas",0.0
2318,"Upshur, West Virginia",0.0
2319,"Upton, Texas",0.0
2320,"Utah, Utah",0.0
2321,"Uvalde, Texas",0.0
2322,"Val verde, Texas",0.0
2323,"Valencia, New Mexico",0.0
2324,"Valley, Idaho",0.0
2325,"Valley, Montana",0.0
2326,"Valley, Nebraska",0.0
2327,"Van buren, Arkansas",0.0
2328,"Van buren, Michigan",0.0
2329,"Van wert, Ohio",0.0
2330,"Van zandt, Texas",0.0
2331,"Vance, North Carolina",0.0
2332,"Vanderburgh, Indiana",0.0
2333,"Venango county, Pennsylvania",0.0
2334,"Venango, Pennsylvania",0.0
2335,"Ventura, California",0.0
2336,"Vermilion, Illinois",0.0
2337,"Vermilion, Louisiana",0.0
2338,"Vermillion county, Indiana",0.0
2339,"Vermillion, Indiana",0.0
2340,"Vernon, Louisiana",0.0
2341,"Vernon, Missouri",0.0
2342,"Vernon, Wisconsin",0.0
2343,"Victoria, Texas",0.0
2344,"Vigo, Indiana",0.0
2345,"Vilas, Wisconsin",0.0
2346,"Volusia, Florida",0.0
2347,"Wabash, Illinois",0.0
2348,"Wabash, Indiana",0.0
2349,"Wabasha, Minnesota",0.0
2350,"Wabaunsee, Kansas",0.0
2351,"Wadena, Minnesota",0.0
2352,"Wahkiakum, Washington",0.0
2353,"Wake, North Carolina",0.0
2354,"Wakulla, Florida",0.0
2355,"Waldo, Maine",0.0
2356,"Walker, Alabama",0.0
2357,"Walker, Texas",0.0
2358,"Walla walla, Washington",0.0
2359,"Waller, Texas",0.0
2360,"Wallowa, Oregon",0.0
2361,"Walsh, North Dakota",0.0
2362,"Walton, Florida",0.0
2363,"Walworth, South Dakota",0.0
2364,"Walworth, Wisconsin",0.0
2365,"Ward, North Dakota",0.0
2366,"Ward, Texas",0.0
2367,"Warren county, Pennsylvania",0.0
2368,"Warren, Illinois",0.0
2369,"Warren, Indiana",0.0
2370,"Warren, Kentucky",0.0
2371,"Warren, Missouri",0.0
2372,"Warren, New Jersey",0.0
2373,"Warren, New York",0.0
2374,"Warren, North Carolina",0.0
2375,"Warren, Ohio",0.0
2376,"Warren, Pennsylvania",0.0
2377,"Warren, Virginia",0.0
2378,"Warrick, Indiana",0.0
2379,"Wasatch, Utah",0.0
2380,"Wasco, Oregon",0.0
2381,"Waseca, Minnesota",0.0
2382,"Washakie, Wyoming",0.0
2383,"Washburn, Wisconsin",0.0
2384,"Washington county, Rhode Island",0.0
2385,"Washington parish, Louisiana",0.0
2386,"Washington, Alabama",0.0
2387,"Washington, Arkansas",0.0
2388,"Washington, Florida",0.0
2389,"Washington, Idaho",0.0
2390,"Washington, Illinois",0.0
2391,"Washington, Indiana",0.0
2392,"Washington, Kentucky",0.0
2393,"Washington, Louisiana",0.0
2394,"Washington, Maine",0.0
2395,"Washington, Maryland",0.0
2396,"Washington, Minnesota",0.0
2397,"Washington, Missouri",0.0
2398,"Washington, Nebraska",0.0
2399,"Washington, New York",0.0
2400,"Washington, North Carolina",0.0
2401,"Washington, Ohio",0.0
2402,"Washington, Oklahoma",0.0
2403,"Washington, Oregon",0.0
2404,"Washington, Pennsylvania",0.0
2405,"Washington, Rhode Island",0.0
2406,"Washington, Texas",0.0
2407,"Washington, Utah",0.0
2408,"Washington, Vermont",0.0
2409,"Washington, Virginia",0.0
2410,"Washington, Wisconsin",0.0
2411,"Washita, Oklahoma",0.0
2412,"Washoe, Nevada",0.0
2413,"Washtenaw, Michigan",0.0
2414,"Watauga, North Carolina",0.0
2415,"Watonwan, Minnesota",0.0
2416,"Waukesha, Wisconsin",0.0
2417,"Waupaca, Wisconsin",0.0
2418,"Waushara, Wisconsin",0.0
2419,"Wayne, Illinois",0.0
2420,"Wayne, Indiana",0.0
2421,"Wayne, Kentucky",0.0
2422,"Wayne, Michigan",0.0
2423,"Wayne, Missouri",0.0
2424,"Wayne, Nebraska",0.0
2425,"Wayne, New York",0.0
2426,"Wayne, North Carolina",0.0
2427,"Wayne, Ohio",0.0
2428,"Wayne, Pennsylvania",0.0
2429,"Wayne, Utah",0.0
2430,"Wayne, West Virginia",0.0
2431,"Waynesboro city, Virginia",0.0
2432,"Webb county, Texas",0.0
2433,"Webb, Texas",0.0
2434,"Weber, Utah",0.0
2435,"Webster, Kentucky",0.0
2436,"Webster, Louisiana",0.0
2437,"Webster, Missouri",0.0
2438,"Webster, Nebraska",0.0
2439,"Webster, West Virginia",0.0
2440,"Wells, Indiana",0.0
2441,"Wells, North Dakota",0.0
2442,"West baton rouge, Louisiana",0.0
2443,"West carroll parish, Louisiana",0.0
2444,"West carroll, Louisiana",0.0
2445,"West feliciana, Louisiana",0.0
2446,"Westchester, New York",0.0
2447,"Westmoreland, Pennsylvania",0.0
2448,"Westmoreland, Virginia",0.0
2449,"Weston, Wyoming",0.0
2450,"Wetzel, West Virginia",0.0
2451,"Wexford, Michigan",0.0
2452,"Wharton, Texas",0.0
2453,"Whatcom, Washington",0.0
2454,"Wheatland, Montana",0.0
2455,"Wheeler, Nebraska",0.0
2456,"Wheeler, Oregon",0.0
2457,"Wheeler, Texas",0.0
2458,"White pine, Nevada",0.0
2459,"White, Arkansas",0.0
2460,"White, Illinois",0.0
2461,"White, Indiana",0.0
2462,"Whiteside, Illinois",0.0
2463,"Whitley, Indiana",0.0
2464,"Whitley, Kentucky",0.0
2465,"Whitman, Washington",0.0
2466,"Wibaux, Montana",0.0
2467,"Wichita, Texas",0.0
2468,"Wicomico, Maryland",0.0
2469,"Wilbarger, Texas",0.0
2470,"Wilcox, Alabama",0.0
2471,"Wilkes, North Carolina",0.0
2472,"Will, Illinois",0.00017057902973395932
2473,"Willacy county, Texas",0.0
2474,"Willacy, Texas",0.0
2475,"Williams, North Dakota",0.0
2476,"Williamsburg, South Carolina",0.0
2477,"Williamson, Illinois",0.0
2478,"Williamson, Texas",0.0
2479,"Wilson, Kansas",0.0
2480,"Wilson, North Carolina",0.0
2481,"Wilson, Texas",0.0
2482,"Winchester, Virginia",0.0
2483,"Windham, Connecticut",0.0
2484,"Windham, Vermont",0.0
2485,"Windsor, Vermont",0.0
2486,"Winkler, Texas",0.0
2487,"Winn, Louisiana",0.0
2488,"Winnebago, Illinois",0.0
2489,"Winnebago, Wisconsin",0.0
2490,"Winona, Minnesota",0.0
2491,"Winston, Alabama",0.0
2492,"Wise, Texas",0.0
2493,"Wolfe, Kentucky",0.0
2494,"Wood, Ohio",0.0
2495,"Wood, Texas",0.0
2496,"Wood, West Virginia",0.0
2497,"Wood, Wisconsin",0.0
2498,"Woodford, Illinois",0.0
2499,"Woodford, Kentucky",0.0
2500,"Woodruff, Arkansas",0.0
2501,"Woods, Oklahoma",0.0
2502,"Woodson, Kansas",0.0
2503,"Worcester, Maryland",0.0
2504,"Worcester, Massachusetts",0.0
2505,"Worth, Missouri",0.0
2506,"Wright, Minnesota",0.0
2507,"Wright, Missouri",0.0
2508,"Wyandot, Ohio",0.0
2509,"Wyandotte, Kansas",0.0
2510,"Wyoming, New York",0.0
2511,"Wyoming, Pennsylvania",0.0
2512,"Wyoming, West Virginia",0.0
2513,"Wythe, Virginia",0.0
2514,"Yadkin, North Carolina",0.0
2515,"Yakima, Washington",0.0
2516,"Yakutat, Alaska",0.0
2517,"Yamhill, Oregon",0.0
2518,"Yancey, North Carolina",0.0
2519,"Yankton, South Dakota",0.0
2520,"Yates, New York",0.0
2521,"Yavapai, Arizona",0.0
2522,"Yell, Arkansas",0.0
2523,"Yellow medicine county, Minnesota",0.0
2524,"Yellow medicine, Minnesota",0.0
2525,"Yellowstone, Montana",0.0
2526,"Yoakum, Texas",0.0
2527,"Yolo, California",0.0
2528,"York county, Pennsylvania",0.0
2529,"York, Maine",0.0
2530,"York, Nebraska",0.0
2531,"York, Pennsylvania",0.0
2532,"York, South Carolina",0.0
2533,"Young, Texas",0.0
2534,"Yuba, California",0.0
2535,"Yukon-koyukuk, Alaska",0.0
2536,"Yuma county, Arizona",0.0
2537,"Yuma, Arizona",0.0
2538,"Zapata county, Texas",0.0
2539,"Zapata, Texas",0.0
2540,"Zavala, Texas",0.0
