,county,bromoform
0,"-, Arizona",9.35
1,"Abbeville, South Carolina",0.10222222222222221
2,"Acadia, Louisiana",6.218979591836735
3,"Accomack, Virginia",2.03542600896861
4,"Ada, Idaho",13.837012987012985
5,"Adair, Iowa",0.015
6,"Adair, Missouri",0.0
7,"Adair, Oklahoma",1.4372173913043478
8,"Adams, Idaho",0.0
9,"Adams, Illinois",0.8999999999999999
10,"Adams, Indiana",0.5777777777777778
11,"Adams, Iowa",0.10316546762589927
12,"Adams, Nebraska",0.04970873786407766
13,"Adams, North Dakota",0.0
14,"Adams, Ohio",2.208260869565217
15,"Adams, Washington",1.9473423728813561
16,"Addison, Vermont",0.04666666666666667
17,"Aiken, South Carolina",0.041781946072684636
18,"Aitkin, Minnesota",0.0
19,"Alamance, North Carolina",0.13512676056338027
20,"Alameda, California",0.5874698795180724
21,"Albany, New York",0.39663865546218485
22,"Albemarle, Virginia",0.11333333333333334
23,"Aleutians east borough, Alaska",1.2716666666666667
24,"Aleutians east, Alaska",1.4063265306122452
25,"Aleutians west census area, Alaska",1.3609638554216867
26,"Aleutians west, Alaska",18.4203125
27,"Alexander, Illinois",0.5723577235772357
28,"Alexander, North Carolina",0.0
29,"Alfalfa, Oklahoma",1.5788571428571425
30,"Allamakee county, Iowa",0.0
31,"Allamakee, Iowa",0.3173913043478261
32,"Allegan, Michigan",1.123076923076923
33,"Allegany, New York",9.647966101694918
34,"Alleghany, North Carolina",0.0
35,"Alleghany, Virginia",0.02
36,"Allegheny county, Pennsylvania",7.861428571428571
37,"Allegheny, Pennsylvania",3.9144578313253016
38,"Allen, Indiana",0.0
39,"Allen, Kansas",0.43302631578947376
40,"Allen, Louisiana",0.096875
41,"Allen, Ohio",0.9040928270042191
42,"Allendale, South Carolina",0.0
43,"Alpena, Michigan",0.0
44,"Amador, California",0.0
45,"Amelia, Virginia",0.11199999999999999
46,"American samoa, American Samoa",0.0
47,"Amherst, Virginia",0.0
48,"Anchorage municipality, Alaska",0.0
49,"Anchorage, Alaska",0.004253731343283581
50,"Anderson, Kansas",1.0999999999999999
51,"Anderson, South Carolina",0.03808943089430894
52,"Anderson, Texas",3.9345112781954894
53,"Andrew, Missouri",0.3826984126984128
54,"Andrews, Texas",2.381818181818182
55,"Androscoggin, Maine",0.008021390374331552
56,"Angelina, Texas",11.121886792452823
57,"Anoka, Minnesota",0.007586206896551725
58,"Anson, North Carolina",0.06666666666666667
59,"Antelope, Nebraska",0.0
60,"Antrim, Michigan",0.0
61,"Apache, Arizona",17.432592592592588
62,"Appanoose, Iowa",0.0
63,"Appomattox, Virginia",0.10666666666666667
64,"Aransas, Texas",34.934266666666666
65,"Archer, Texas",4.870660377358492
66,"Arenac, Michigan",0.0
67,"Arkansas, Arkansas",0.6310416666666666
68,"Arlington, Virginia",0.0
69,"Armstrong, Pennsylvania",6.228571428571429
70,"Armstrong, Texas",0.5
71,"Aroostook, Maine",0.041063515509601176
72,"Arthur, Nebraska",0.0
73,"Ascension, Louisiana",0.5669327731092436
74,"Ashe, North Carolina",0.0
75,"Ashland, Ohio",2.437841726618705
76,"Ashley, Arkansas",4.063478260869565
77,"Ashtabula, Ohio",0.3936513157894736
78,"Asotin, Washington",0.46699999999999997
79,"Assumption, Louisiana",0.0812987012987013
80,"Atascosa county, Texas",2.6812500000000004
81,"Atascosa, Texas",6.380652173913042
82,"Atchison, Kansas",0.1530097087378641
83,"Atchison, Missouri",7.4375
84,"Athens, Ohio",2.5316346153846156
85,"Atlantic, New Jersey",0.22071979286536242
86,"Atoka, Oklahoma",0.0793103448275862
87,"Audrain, Missouri",0.47803149606299206
88,"Audubon, Iowa",1.095
89,"Auglaize, Ohio",0.5213333333333333
90,"Augusta, Virginia",0.0
91,"Austin, Texas",0.871
92,"Autauga, Alabama",0.0
93,"Avery, North Carolina",0.0859375
94,"Avoyelles, Louisiana",4.0160409999999995
95,"B, Oklahoma",8.556538461538459
96,"Bailey, Texas",4.031363636363636
97,"Baldwin, Alabama",0.015416666666666667
98,"Bamberg, South Carolina",0.0
99,"Bandera, Texas",3.9677702702702704
100,"Banner, Nebraska",0.0
101,"Baraga, Michigan",0.0
102,"Barber, Kansas",2.7035
103,"Barbour, Alabama",0.2545945945945946
104,"Barbour, West Virginia",0.0
105,"Barnes, North Dakota",3.7752941176470594
106,"Barnwell, South Carolina",0.1390909090909091
107,"Barry, Michigan",0.10909090909090909
108,"Barry, Missouri",0.037816901408450704
109,"Bartholomew, Indiana",0.0
110,"Barton, Kansas",5.347419354838709
111,"Barton, Missouri",0.10422413793103448
112,"Bastrop, Texas",9.496475770925104
113,"Bates, Missouri",0.17515662650602412
114,"Bath, Virginia",0.0
115,"Baxter, Arkansas",0.05256880733944955
116,"Bay, Michigan",0.6018987341772152
117,"Baylor, Texas",3.1199999999999997
118,"Beaufort, North Carolina",3.508181818181818
119,"Beaufort, South Carolina",0.4166734902763563
120,"Beauregard, Louisiana",0.22491228070175442
121,"Beaver county, Pennsylvania",0.0
122,"Beaver, Oklahoma",0.7666666666666667
123,"Beaver, Pennsylvania",2.6644444444444444
124,"Beaver, Utah",1.5750000000000002
125,"Beaverhead, Montana",1.0727272727272725
126,"Becker, Minnesota",0.0
127,"Beckham, Oklahoma",1.5113207547169811
128,"Bedford, Virginia",0.042721518987341764
129,"Bee, Texas",14.009187817258873
130,"Bell, Texas",5.753501400560224
131,"Belmont, Ohio",7.279040404040403
132,"Beltrami, Minnesota",0.13846153846153847
133,"Benewah, Idaho",0.0
134,"Bennington, Vermont",0.04836166924265843
135,"Benson, North Dakota",0.521764705882353
136,"Benton county, Arkansas",0.0
137,"Benton, Arkansas",0.08918976545842215
138,"Benton, Indiana",0.0
139,"Benton, Iowa",0.05309090909090909
140,"Benton, Minnesota",0.0
141,"Benton, Missouri",0.005686274509803921
142,"Benton, Washington",1.2857219251336893
143,"Benzie, Michigan",0.48333333333333334
144,"Bergen, New Jersey",0.9937643693107941
145,"Berkeley, South Carolina",2.297709251101322
146,"Berkeley, West Virginia",0.3848837209302325
147,"Berks, Pennsylvania",0.10434782608695654
148,"Bernalillo, New Mexico",3.577370517928287
149,"Berrien, Michigan",0.465979381443299
150,"Bertie, North Carolina",7.324390243902439
151,"Bethel census area, Alaska",0.0
152,"Bethel, Alaska",1.7121182266009858
153,"Bexar, Texas",2.2817161716171612
154,"Bibb, Alabama",0.0
155,"Bienville, Louisiana",0.10206896551724137
156,"Big horn, Montana",0.168125
157,"Billings, North Dakota",0.0
158,"Bingham, Idaho",2.2
159,"Black hawk, Iowa",0.5968292682926828
160,"Blackford, Indiana",0.0
161,"Bladen, North Carolina",2.1193798449612404
162,"Blaine, Montana",0.3333333333333333
163,"Blaine, Nebraska",0.0
164,"Blaine, Oklahoma",3.3701923076923075
165,"Blair, Pennsylvania",1.2885714285714285
166,"Blanco, Texas",3.757627118644068
167,"Bland, Virginia",0.0
168,"Blount, Alabama",0.03013888888888889
169,"Blue earth, Minnesota",0.0
170,"Boise, Idaho",0.0
171,"Bollinger, Missouri",0.08290322580645162
172,"Bond, Illinois",0.0
173,"Bonner, Idaho",0.0
174,"Bonneville, Idaho",0.041264499999999996
175,"Boone, Arkansas",0.007352941176470588
176,"Boone, Illinois",0.31227272727272726
177,"Boone, Indiana",0.0
178,"Boone, Iowa",0.7800862068965515
179,"Boone, Missouri",1.39709219858156
180,"Boone, Nebraska",0.0
181,"Boone, West Virginia",4.3005376344086015
182,"Bosque, Texas",2.067487684729065
183,"Bossier, Louisiana",2.6634039999999994
184,"Botetourt, Virginia",0.07560975609756099
185,"Bottineau, North Dakota",2.3689361702127663
186,"Boundary, Idaho",0.9400000000000001
187,"Bourbon, Kansas",0.05508474576271186
188,"Bowie, Texas",0.15893587994542974
189,"Bowman, North Dakota",3.8559375
190,"Box butte, Nebraska",1.2410204081632654
191,"Box elder, Utah",0.9645833333333332
192,"Boyd, Nebraska",0.08421052631578947
193,"Bradford, Pennsylvania",375.0
194,"Bradley, Arkansas",9.09086956521739
195,"Branch, Michigan",0.5944444444444446
196,"Braxton, West Virginia",0.0
197,"Brazoria, Texas",9.050284615384621
198,"Brazos, Texas",16.48290598290598
199,"Bremer, Iowa",0.4136666666666666
200,"Brewster, Texas",1.9434782608695647
201,"Briscoe, Texas",6.03245283018868
202,"Bristol bay, Alaska",0.0
203,"Bristol, Virginia",0.0
204,"Broadwater, Montana",0.0
205,"Brooke, West Virginia",3.0656020942408397
206,"Brooks, Texas",1.0236
207,"Broome, New York",1.5903243243243252
208,"Brown, Illinois",1.6571428571428573
209,"Brown, Indiana",0.0
210,"Brown, Kansas",1.0976470588235294
211,"Brown, Minnesota",0.0
212,"Brown, Nebraska",0.0
213,"Brown, Ohio",0.8422999999999997
214,"Brown, Texas",6.846280991735535
215,"Brunswick, North Carolina",1.8884848484848487
216,"Brunswick, Virginia",0.07547169811320754
217,"Bryan, Oklahoma",0.33289473684210524
218,"Buchanan, Iowa",0.3333333333333333
219,"Buchanan, Virginia",0.05616438356164384
220,"Buckingham, Virginia",0.0
221,"Bucks, Pennsylvania",0.6580952380952381
222,"Buena vista, Iowa",1.0940594059405941
223,"Buena vista, Virginia",0.0
224,"Buffalo, Nebraska",3.4690857142857126
225,"Bullock, Alabama",0.0
226,"Buncombe, North Carolina",0.0
227,"Bureau, Illinois",0.30333333333333334
228,"Burke, North Carolina",0.011560693641618497
229,"Burke, North Dakota",20.197058823529414
230,"Burleigh, North Dakota",0.14685863874345553
231,"Burleson, Texas",15.379500000000002
232,"Burlington, New Jersey",0.3271677074041036
233,"Burnet, Texas",2.3673652694610805
234,"Burt, Nebraska",0.8510000000000001
235,"Butler county, Pennsylvania",0.0
236,"Butler, Alabama",1.6653999999999995
237,"Butler, Iowa",0.15250000000000002
238,"Butler, Kansas",0.5528057553956836
239,"Butler, Missouri",0.14949044585987262
240,"Butler, Nebraska",0.34785714285714286
241,"Butler, Ohio",4.026806282722513
242,"Butler, Pennsylvania",6.319999999999999
243,"Butte, California",0.0
244,"Butte, Idaho",1.2666666666666666
245,"Cabarrus, North Carolina",0.17046263345195725
246,"Cabell, West Virginia",1.226190476190476
247,"Cache, Utah",0.07435897435897436
248,"Caddo parish, Louisiana",14.0
249,"Caddo, Louisiana",7.380000000000003
250,"Caddo, Oklahoma",1.3623809523809522
251,"Calaveras, California",0.0
252,"Calcasieu, Louisiana",2.118090909090909
253,"Caldwell, Louisiana",1.4122173913043479
254,"Caldwell, Missouri",0.19161702127659572
255,"Caldwell, North Carolina",0.0
256,"Caldwell, Texas",3.3766990291262124
257,"Caledonia, Vermont",0.04268595041322315
258,"Calhoun, Alabama",0.041666666666666664
259,"Calhoun, Arkansas",2.180967741935484
260,"Calhoun, Illinois",0.795625
261,"Calhoun, Iowa",2.533333333333333
262,"Calhoun, Michigan",1.2093023255813953
263,"Calhoun, South Carolina",0.39466666666666667
264,"Calhoun, Texas",13.021825000000012
265,"Calhoun, West Virginia",0.30439560439560437
266,"Callahan, Texas",20.709589041095885
267,"Callaway, Missouri",0.4921917808219178
268,"Cambria, Pennsylvania",0.3841666666666667
269,"Camden, Missouri",0.13228782287822877
270,"Camden, New Jersey",0.9148010849909586
271,"Camden, North Carolina",8.825000000000001
272,"Cameron, Louisiana",8.902083333333335
273,"Cameron, Texas",11.791428571428579
274,"Camp, Texas",4.649375
275,"Campbell, Virginia",0.13210714285714284
276,"Canadian, Oklahoma",7.397316017316015
277,"Canyon, Idaho",0.25
278,"Cape girardeau, Missouri",0.35846153846153855
279,"Cape may, New Jersey",3.478524798154551
280,"Carbon, Montana",0.0
281,"Carbon, Pennsylvania",0.0
282,"Carbon, Utah",0.06470588235294118
283,"Carlton, Minnesota",0.0
284,"Caroline, Virginia",2.421118012422361
285,"Carroll, Arkansas",0.029293478260869563
286,"Carroll, Illinois",0.0
287,"Carroll, Indiana",9.377777777777778
288,"Carroll, Iowa",1.5294117647058818
289,"Carroll, Missouri",2.114705882352941
290,"Carroll, Ohio",0.44676923076923075
291,"Carroll, Virginia",0.04177215189873417
292,"Carson city, Nevada",0.3425995807127882
293,"Carson, Texas",0.33421052631578946
294,"Carter, Missouri",0.10083333333333333
295,"Carter, Montana",0.0
296,"Carter, Oklahoma",4.484403292181071
297,"Carteret, North Carolina",0.6930513595166163
298,"Carver, Minnesota",0.01320754716981132
299,"Cascade, Montana",0.2530575539568345
300,"Cass, Illinois",0.8859684999999999
301,"Cass, Indiana",0.0
302,"Cass, Iowa",0.2778260869565218
303,"Cass, Michigan",0.0
304,"Cass, Minnesota",0.0
305,"Cass, Missouri",0.060278330019880706
306,"Cass, Nebraska",0.22605357142857138
307,"Cass, North Dakota",1.0397826086956523
308,"Cass, Texas",23.566853146853152
309,"Castro, Texas",1.2395
310,"Caswell, North Carolina",0.21627906976744188
311,"Catahoula, Louisiana",3.4271999999999996
312,"Catawba, North Carolina",0.0708838821490468
313,"Catron, New Mexico",3.8726111111111106
314,"Cattaraugus, New York",0.8774671052631575
315,"Cavalier, North Dakota",0.5259090909090909
316,"Cayuga county, New York",0.0
317,"Cayuga, New York",0.31779661016949157
318,"Cedar, Iowa",2.119545454545454
319,"Cedar, Missouri",0.28555555555555556
320,"Cedar, Nebraska",0.4840780141843972
321,"Cerro gordo, Iowa",0.023076923076923075
322,"Chambers, Alabama",0.0
323,"Chambers, Texas",7.3085790884718485
324,"Champaign, Illinois",0.0
325,"Champaign, Ohio",0.2278321678321678
326,"Chariton, Missouri",2.147254901960785
327,"Charles city, Virginia",0.2692307692307692
328,"Charleston county, South Carolina",3.5409375
329,"Charleston, South Carolina",2.4184313725490196
330,"Charlevoix, Michigan",0.12647058823529414
331,"Charlotte, Virginia",0.022058823529411766
332,"Chase, Kansas",12.008333333333333
333,"Chase, Nebraska",0.0
334,"Chatham, North Carolina",8.092484076433124
335,"Chautauqua, Kansas",0.43866666666666665
336,"Chautauqua, New York",1.0353504273504275
337,"Chaves, New Mexico",1.4173333333333331
338,"Cheboygan, Michigan",0.06
339,"Chelan, Washington",0.10218579234972676
340,"Chemung, New York",1.064980079681275
341,"Chenango, New York",0.8064573991031394
342,"Cherokee, Alabama",0.0
343,"Cherokee, Iowa",1.103846153846154
344,"Cherokee, Kansas",5.9635
345,"Cherokee, North Carolina",0.024096385542168676
346,"Cherokee, Oklahoma",0.16081370449678803
347,"Cherokee, South Carolina",0.07403061224489796
348,"Cherokee, Texas",2.0413461538461526
349,"Cherry, Nebraska",0.016486486486486485
350,"Chesapeake city, Virginia",4.91
351,"Chesapeake, Virginia",0.4875
352,"Chester, Pennsylvania",0.0
353,"Chester, South Carolina",0.3329310344827587
354,"Chesterfield, South Carolina",0.050377358490566036
355,"Chesterfield, Virginia",0.051351351351351354
356,"Cheyenne, Kansas",1.02
357,"Cheyenne, Nebraska",0.8756756756756756
358,"Chickasaw, Iowa",0.182
359,"Chicot, Arkansas",3.8894545454545453
360,"Childress, Texas",1.1774999999999998
361,"Chilton, Alabama",0.0
362,"Chippewa, Michigan",0.0
363,"Chippewa, Minnesota",0.0
364,"Chisago, Minnesota",0.0
365,"Chittenden, Vermont",0.02752293577981651
366,"Choctaw, Alabama",5.804375
367,"Choctaw, Oklahoma",0.10222222222222221
368,"Chouteau, Montana",0.10333333333333335
369,"Chowan, North Carolina",14.233333333333333
370,"Christian, Illinois",1.394281609195403
371,"Christian, Missouri",0.004478527607361963
372,"Churchill, Nevada",0.5932203389830508
373,"Cibola, New Mexico",3.585185185185185
374,"Cimarron, Oklahoma",0.39285714285714285
375,"Claiborne, Louisiana",3.5820588235294117
376,"Clallam, Washington",0.14574712643678162
377,"Clare, Michigan",0.0
378,"Clarendon, South Carolina",0.0
379,"Clarion, Pennsylvania",0.76
380,"Clark county, Nevada",0.0
381,"Clark, Arkansas",0.42488262910798114
382,"Clark, Idaho",0.0
383,"Clark, Illinois",0.2416666666666667
384,"Clark, Indiana",0.33571428571428574
385,"Clark, Kansas",4.533333333333333
386,"Clark, Missouri",0.0892063492063492
387,"Clark, Nevada",2.338853573648229
388,"Clark, Ohio",0.41828402366863904
389,"Clark, Washington",0.24556473829201106
390,"Clarke, Alabama",0.0
391,"Clarke, Iowa",0.005555555555555556
392,"Clarke, Virginia",0.07943262411347518
393,"Clay, Alabama",0.0
394,"Clay, Arkansas",2.997931034482758
395,"Clay, Illinois",0.04402985074626866
396,"Clay, Indiana",0.0
397,"Clay, Iowa",1.1125
398,"Clay, Kansas",2.311111111111112
399,"Clay, Missouri",0.7202242152466369
400,"Clay, Nebraska",0.0423728813559322
401,"Clay, North Carolina",0.04666666666666666
402,"Clay, Texas",21.91748691099477
403,"Clay, West Virginia",0.0023529411764705885
404,"Clayton, Iowa",0.13818181818181816
405,"Cleburne, Alabama",0.0
406,"Cleburne, Arkansas",0.08771812080536912
407,"Clermont, Ohio",1.9149244060475161
408,"Cleveland, Arkansas",0.027000000000000003
409,"Cleveland, North Carolina",0.030612244897959183
410,"Cleveland, Oklahoma",0.26409506398537475
411,"Clinton, Illinois",0.08146408839779007
412,"Clinton, Indiana",0.0
413,"Clinton, Iowa",19.158192771084334
414,"Clinton, Michigan",0.584090909090909
415,"Clinton, Missouri",0.0819704433497537
416,"Clinton, New York",2.347465437788019
417,"Clinton, Ohio",0.3296078431372549
418,"Cloud, Kansas",3.579333333333333
419,"Coal, Oklahoma",0.46764705882352936
420,"Cochise, Arizona",0.21428571428571427
421,"Cochran, Texas",9.525599999999999
422,"Coconino, Arizona",0.9264
423,"Coffee, Alabama",0.029140625
424,"Coffey, Kansas",0.4102083333333333
425,"Coke, Texas",187.1816279069768
426,"Colbert, Alabama",0.05777777777777778
427,"Cole, Missouri",0.5322881355932202
428,"Coleman, Texas",14.380909090909084
429,"Coles, Illinois",0.0
430,"Colfax, Nebraska",0.02382352941176471
431,"Colfax, New Mexico",0.09815450643776823
432,"Colleton, South Carolina",1.0873333333333335
433,"Collin, Texas",2.009762824048536
434,"Collingsworth, Texas",4.986206896551723
435,"Colonial heights city, Virginia",0.21875
436,"Colorado, Texas",1.2535211267605633
437,"Columbia, Arkansas",3.1033333333333326
438,"Columbia, New York",0.165
439,"Columbia, Washington",0.32999999999999996
440,"Columbiana, Ohio",0.9887642585551327
441,"Columbus county, North Carolina",0.3076923076923077
442,"Columbus, North Carolina",0.8769194312796209
443,"Colusa, California",0.0
444,"Comal, Texas",2.4813669064748187
445,"Comanche, Kansas",0.3828571428571429
446,"Comanche, Oklahoma",2.9480597014925385
447,"Comanche, Texas",21.204848484848483
448,"Concho, Texas",31.589795918367347
449,"Concordia, Louisiana",0.4032876712328767
450,"Conecuh, Alabama",0.0
451,"Contra costa, California",3.554237288135593
452,"Conway, Arkansas",0.05517241379310345
453,"Cook, Illinois",0.029350705754614556
454,"Cooke, Texas",4.4609852216748775
455,"Cooper, Missouri",2.585847457627119
456,"Coosa, Alabama",0.0
457,"Cortland, New York",1.1613461538461538
458,"Coryell, Texas",6.044981412639406
459,"Coshocton, Ohio",3.214583333333333
460,"Cottle, Texas",1.2166666666666666
461,"Cotton, Oklahoma",6.43457831325301
462,"Cottonwood, Minnesota",0.15384615384615385
463,"Covington, Alabama",1.6594915254237286
464,"Covington, Virginia",0.005
465,"Cowley, Kansas",1.4211538461538462
466,"Cowlitz, Washington",0.19834482758620692
467,"Craig, Oklahoma",0.12204301075268818
468,"Craig, Virginia",0.0
469,"Craighead, Arkansas",1.463949579831933
470,"Crane, Texas",4.7112
471,"Craven, North Carolina",6.47767441860465
472,"Crawford, Arkansas",0.032926829268292684
473,"Crawford, Illinois",5.9750000000000005
474,"Crawford, Indiana",0.55
475,"Crawford, Iowa",2.168095238095238
476,"Crawford, Kansas",1.8856287425149696
477,"Crawford, Missouri",0.019333333333333334
478,"Crawford, Ohio",0.39413284132841336
479,"Creek, Oklahoma",2.446901408450704
480,"Crenshaw, Alabama",0.16820512820512823
481,"Crittenden, Arkansas",0.010833333333333334
482,"Crockett, Texas",3.095
483,"Crosby, Texas",2.5174074074074078
484,"Cross, Arkansas",1.6752380952380956
485,"Crow wing, Minnesota",0.0
486,"Culberson, Texas",2.218125
487,"Cullman, Alabama",0.0
488,"Culpeper, Virginia",0.1796966666666667
489,"Cumberland, Illinois",0.12380952380952381
490,"Cumberland, Maine",0.26053412462908004
491,"Cumberland, New Jersey",0.4092851652574944
492,"Cumberland, North Carolina",0.9660792951541851
493,"Cumberland, Pennsylvania",0.0
494,"Cumberland, Virginia",0.06666666666666667
495,"Cuming, Nebraska",0.4002631578947369
496,"Currituck, North Carolina",10.03111111111111
497,"Curry, New Mexico",5.077812500000001
498,"Custer, Montana",0.0
499,"Custer, Nebraska",0.008666666666666666
500,"Custer, Oklahoma",0.6375486381322959
501,"Cuyahoga, Ohio",0.3560882572924457
502,"Dade, Florida",0.65
503,"Dade, Missouri",0.0
504,"Daggett, Utah",1.2666666666666666
505,"Dakota, Minnesota",0.015384615384615384
506,"Dakota, Nebraska",1.0117492447129903
507,"Dale, Alabama",0.2590957446808511
508,"Dallam, Texas",0.12307692307692308
509,"Dallas, Alabama",0.0
510,"Dallas, Arkansas",5.214418604651163
511,"Dallas, Iowa",0.5848159509202449
512,"Dallas, Missouri",0.0
513,"Dallas, Texas",0.8511207289293845
514,"Daniels, Montana",0.14307692307692307
515,"Danville, Virginia",1.7455445544554453
516,"Dare, North Carolina",14.572623762376239
517,"Darke, Ohio",0.15155172413793103
518,"Darlington, South Carolina",0.5757142857142856
519,"Dauphin county, Pennsylvania",0.0
520,"Dauphin, Pennsylvania",0.0
521,"Davidson, North Carolina",0.019230769230769232
522,"Davie, North Carolina",0.4885057471264368
523,"Daviess, Indiana",0.09999999999999999
524,"Daviess, Missouri",0.14688442211055278
525,"Davis, Iowa",0.0
526,"Davis, Utah",0.731578947368421
527,"Dawes, Nebraska",0.3867254901960785
528,"Dawson, Montana",0.426056338028169
529,"Dawson, Nebraska",0.0
530,"Dawson, Texas",8.054054054054054
531,"De baca, New Mexico",1.29
532,"De kalb, Indiana",0.0
533,"De kalb, Missouri",0.8125
534,"De soto, Louisiana",6.432442748091602
535,"De witt, Illinois",0.0
536,"Deaf smith, Texas",4.371666666666666
537,"Dearborn, Indiana",0.6625
538,"Decatur, Indiana",0.47777777777777775
539,"Decatur, Iowa",0.011788079470198675
540,"Decatur, Kansas",8.12
541,"Deer lodge, Montana",0.20380952380952383
542,"Defiance, Ohio",1.9974568965517245
543,"Dekalb, Alabama",0.0
544,"Dekalb, Illinois",0.03508771929824561
545,"Dekalb, Indiana",0.0
546,"Dekalb, Missouri",0.03823529411764706
547,"Del norte county, California",0.0
548,"Delaware, Indiana",0.0
549,"Delaware, Iowa",0.1175
550,"Delaware, New York",1.440817391304348
551,"Delaware, Ohio",0.2822263450834878
552,"Delaware, Oklahoma",0.40276288659793813
553,"Delaware, Pennsylvania",0.0
554,"Delta, Texas",4.694067796610169
555,"Dent, Missouri",0.022799999999999997
556,"Denton, Texas",1.8916945107398566
557,"Des moines, Iowa",0.012446043165467626
558,"Desha, Arkansas",0.1798901098901099
559,"Deuel, Nebraska",0.0
560,"Dewey, Oklahoma",0.32896551724137935
561,"Dewitt, Texas",3.5914814814814813
562,"Dickens, Texas",3.173529411764706
563,"Dickenson, Virginia",0.02
564,"Dickey, North Dakota",12.254210526315786
565,"Dickinson, Iowa",0.19268774703557315
566,"Dickinson, Kansas",4.595208333333334
567,"Dickinson, Michigan",0.0
568,"Dillingham, Alaska",0.0977777777777778
569,"Dillon, South Carolina",0.11607843137254902
570,"Dimmit, Texas",7.730454545454546
571,"Dinwiddie, Virginia",0.04318181818181818
572,"Divide, North Dakota",19.665555555555557
573,"Dixon, Nebraska",0.06152542372881356
574,"Doddridge, West Virginia",1.7551724137931037
575,"Dodge, Minnesota",0.0
576,"Dodge, Nebraska",0.0793448275862069
577,"Dona ana, New Mexico",4.658573170731711
578,"Doniphan, Kansas",0.4242857142857143
579,"Donley, Texas",1.1004761904761904
580,"Dorchester, South Carolina",4.220476190476191
581,"Douglas, Illinois",15.99469026548673
582,"Douglas, Kansas",0.1734319526627219
583,"Douglas, Minnesota",0.0
584,"Douglas, Missouri",0.0
585,"Douglas, Nebraska",0.33066136363636356
586,"Douglas, Nevada",0.19023157894736847
587,"Douglas, Washington",0.7527472527472527
588,"Drew, Arkansas",0.051881188118811886
589,"Du page, Illinois",0.0
590,"Dubois, Indiana",0.0
591,"Dubuque, Iowa",0.11618055555555556
592,"Duchesne, Utah",0.225
593,"Dundy, Nebraska",0.0
594,"Dunklin, Missouri",0.4577966101694915
595,"Dunn, North Dakota",0.0
596,"Dupage, Illinois",0.07172256097560975
597,"Duplin, North Carolina",0.1533980582524272
598,"Durham, North Carolina",0.4629906542056075
599,"Dutchess, New York",0.33833207784055247
600,"Duval, Texas",3.4184615384615387
601,"East baton rouge parish, Louisiana",2.6999999999999997
602,"East baton rouge, Louisiana",0.046875
603,"East carroll, Louisiana",1.7316666666666667
604,"East feliciana, Louisiana",0.15368421052631578
605,"Eastland, Texas",12.22018018018019
606,"Eaton, Michigan",1.4749999999999996
607,"Ector, Texas",31.28777227722774
608,"Eddy, New Mexico",1.9817460317460314
609,"Eddy, North Dakota",0.0
610,"Edgar, Illinois",0.32083333333333336
611,"Edgecombe, North Carolina",0.00819672131147541
612,"Edwards, Illinois",0.831388888888889
613,"Edwards, Kansas",3.3400000000000003
614,"Edwards, Texas",1.5627272727272727
615,"Effingham, Illinois",0.005248618784530387
616,"El dorado, California",0.0
617,"El paso, Texas",8.601611185086549
618,"Elk, Kansas",0.5104395604395605
619,"Elkhart, Indiana",0.027737226277372264
620,"Elko, Nevada",3.7397080291970815
621,"Ellis, Kansas",17.483478260869564
622,"Ellis, Oklahoma",0.5653061224489796
623,"Ellis, Texas",3.6073761713520764
624,"Ellsworth, Kansas",13.23829268292683
625,"Elmore, Alabama",0.0
626,"Elmore, Idaho",1.6693769230769233
627,"Emery, Utah",0.0
628,"Emmet, Iowa",1.27
629,"Emmet, Michigan",0.0
630,"Emmons, North Dakota",0.07416666666666667
631,"Erath, Texas",9.830538922155686
632,"Erie county, Pennsylvania",0.0
633,"Erie, New York",1.016418397626113
634,"Erie, Ohio",0.20766859344894018
635,"Erie, Pennsylvania",0.03529411764705882
636,"Escambia, Alabama",0.08166666666666667
637,"Escambia, Florida",0.23872727272727273
638,"Esmeralda, Nevada",1.8133333333333332
639,"Essex county, New York",0.0
640,"Essex, New Jersey",1.2039548112705993
641,"Essex, New York",0.03718232044198895
642,"Essex, Vermont",0.007954545454545454
643,"Essex, Virginia",0.1690322580645161
644,"Etowah, Alabama",0.0
645,"Eureka county, Nevada",0.12222222222222223
646,"Eureka, Nevada",26.34556701030928
647,"Evangeline parish, Louisiana",1.87
648,"Evangeline, Louisiana",1.891086956521739
649,"Fairbanks north star, Alaska",0.0
650,"Fairfax, Virginia",0.09338842975206611
651,"Fairfield, Connecticut",1.2723783119366285
652,"Fairfield, Ohio",2.1654705882352934
653,"Fairfield, South Carolina",0.5651785714285714
654,"Fallon, Montana",0.059333333333333335
655,"Falls, Texas",4.479527559055118
656,"Fannin, Texas",3.828566176470587
657,"Faribault, Minnesota",0.0
658,"Faulkner, Arkansas",0.015248226950354613
659,"Fauquier, Virginia",0.1282051282051282
660,"Fayette, Alabama",0.0
661,"Fayette, Illinois",0.0038461538461538464
662,"Fayette, Indiana",0.0
663,"Fayette, Iowa",0.14782608695652175
664,"Fayette, Kentucky",0.0
665,"Fayette, Ohio",0.095625
666,"Fayette, Pennsylvania",0.21
667,"Fayette, Texas",18.068949771689503
668,"Fayette, West Virginia",0.9929777777777778
669,"Fergus, Montana",0.09148936170212765
670,"Ferry, Washington",0.0
671,"Fillmore, Minnesota",0.0
672,"Fillmore, Nebraska",0.31799999999999995
673,"Finney, Kansas",2.8311111111111105
674,"Fisher, Texas",29.460194174757287
675,"Flathead, Montana",0.012732142857142859
676,"Florence, South Carolina",0.430464480874317
677,"Floyd, Indiana",2.55
678,"Floyd, Iowa",0.0895
679,"Floyd, Texas",1.7000000000000004
680,"Floyd, Virginia",0.0
681,"Fluvanna, Virginia",0.08469387755102041
682,"Foard, Texas",2.862307692307692
683,"Ford, Illinois",0.0
684,"Ford, Kansas",3.1365
685,"Forsyth, North Carolina",0.20139534883720936
686,"Fort bend county, Texas",0.0
687,"Fort bend, Texas",0.714396671289875
688,"Foster, North Dakota",9.42342857142857
689,"Fountain, Indiana",0.10263157894736843
690,"Franklin county, Missouri",0.0037209302325581397
691,"Franklin county, New York",0.0
692,"Franklin county, Ohio",0.16
693,"Franklin, Alabama",0.0
694,"Franklin, Arkansas",0.0
695,"Franklin, Idaho",0.0
696,"Franklin, Illinois",0.0062499999999999995
697,"Franklin, Indiana",0.0
698,"Franklin, Iowa",0.02727272727272727
699,"Franklin, Kansas",0.24699421965317922
700,"Franklin, Louisiana",2.268125
701,"Franklin, Maine",0.04036697247706422
702,"Franklin, Missouri",0.09170454545454543
703,"Franklin, Nebraska",0.019799999999999998
704,"Franklin, New York",0.7921428571428573
705,"Franklin, North Carolina",0.06836158192090395
706,"Franklin, Ohio",0.8638094768015792
707,"Franklin, Pennsylvania",0.06999999999999999
708,"Franklin, Texas",0.11727272727272729
709,"Franklin, Vermont",0.174375
710,"Franklin, Virginia",0.12958579881656807
711,"Franklin, Washington",2.2641441441441437
712,"Frederick, Virginia",0.18273381294964033
713,"Fredericksburg, Virginia",0.01855670103092783
714,"Freeborn, Minnesota",0.0
715,"Freestone, Texas",3.8164341085271327
716,"Fremont, Idaho",0.2357142857142857
717,"Fremont, Iowa",1.1653846153846152
718,"Fremont, Wyoming",3.72
719,"Fresno, California",1.5881366459627326
720,"Frio, Texas",0.9695
721,"Frontier, Nebraska",0.02368421052631579
722,"Fulton, Arkansas",0.0
723,"Fulton, Illinois",0.5695015576323985
724,"Fulton, Indiana",0.0
725,"Fulton, New York",0.036175298804780875
726,"Fulton, Ohio",1.050692464358451
727,"Furnas, Nebraska",0.08068965517241379
728,"Gage, Nebraska",0.6716440677966102
729,"Gaines, Texas",12.100571428571428
730,"Galax, Virginia",0.02142857142857143
731,"Gallatin, Illinois",0.045454545454545456
732,"Gallatin, Montana",0.11955654101995568
733,"Gallia, Ohio",10.395652173913044
734,"Galveston, Texas",6.9129698253043905
735,"Garden, Nebraska",0.0
736,"Garfield, Montana",0.0
737,"Garfield, Nebraska",0.0
738,"Garfield, Oklahoma",2.8381065088757387
739,"Garfield, Utah",0.65
740,"Garfield, Washington",0.6992307692307692
741,"Garland, Arkansas",0.05555555555555555
742,"Garvin, Oklahoma",0.8982882882882881
743,"Garza, Texas",14.14186440677966
744,"Gasconade, Missouri",0.06657894736842106
745,"Gaston, North Carolina",0.12533466533466533
746,"Gates, North Carolina",9.5
747,"Geary, Kansas",4.213936170212767
748,"Geauga, Ohio",1.2480546075085328
749,"Gem, Idaho",0.0
750,"Genesee, Michigan",1.8969696969696968
751,"Genesee, New York",2.6291891891891885
752,"Geneva, Alabama",1.3760465116279068
753,"Gentry, Missouri",0.3052358490566037
754,"Georgetown, South Carolina",2.7618055555555556
755,"Gibson, Indiana",0.2
756,"Gila, Arizona",2.034
757,"Giles, Virginia",0.010526315789473684
758,"Gillespie, Texas",4.616551724137931
759,"Gilmer, West Virginia",0.11000000000000001
760,"Glacier, Montana",0.025441176470588234
761,"Gladwin, Michigan",2.8363636363636364
762,"Glasscock, Texas",1.565
763,"Glenn, California",0.0
764,"Gloucester, New Jersey",0.6864293628808859
765,"Gloucester, Virginia",5.341726618705037
766,"Gogebic, Michigan",0.0
767,"Golden valley, Montana",0.42666666666666664
768,"Golden valley, North Dakota",0.0
769,"Goliad, Texas",4.342857142857143
770,"Gonzales, Texas",3.5589285714285723
771,"Goochland, Virginia",0.20708661417322835
772,"Gosper, Nebraska",0.08230769230769232
773,"Gove, Kansas",5.495
774,"Grady, Oklahoma",0.7869387755102036
775,"Graham, Arizona",0.0
776,"Graham, Kansas",3.841111111111111
777,"Graham, North Carolina",0.0392156862745098
778,"Grand forks, North Dakota",0.08924812030075187
779,"Grand isle, Vermont",0.04232365145228216
780,"Grand traverse, Michigan",0.0
781,"Grand, Utah",0.0
782,"Granite, Montana",0.03222222222222222
783,"Grant, Arkansas",0.3984
784,"Grant, Indiana",0.19285714285714287
785,"Grant, Kansas",1.1466666666666667
786,"Grant, Louisiana",0.7628571428571428
787,"Grant, Nebraska",0.0
788,"Grant, New Mexico",6.097142857142854
789,"Grant, North Dakota",0.0
790,"Grant, Oklahoma",5.113918918918917
791,"Grant, Washington",2.859527559055118
792,"Grant, West Virginia",0.0
793,"Granville, North Carolina",0.2410441767068273
794,"Gratiot, Michigan",8.736
795,"Gray, Kansas",1.0833333333333333
796,"Gray, Texas",3.0573885350318473
797,"Grays harbor, Washington",0.41726618705035984
798,"Grayson, Texas",7.789772985244033
799,"Grayson, Virginia",0.01680672268907563
800,"Greeley, Kansas",5.125
801,"Greeley, Nebraska",0.0
802,"Greenbrier, West Virginia",0.4037419354838709
803,"Greene, Alabama",0.24222222222222226
804,"Greene, Arkansas",0.11695652173913043
805,"Greene, Illinois",0.2742857142857143
806,"Greene, Indiana",0.0
807,"Greene, Iowa",0.0
808,"Greene, Missouri",0.041495535714285714
809,"Greene, New York",0.7054151624548737
810,"Greene, North Carolina",2.9704545454545452
811,"Greene, Ohio",1.5292964824120605
812,"Greene, Pennsylvania",0.0
813,"Greene, Virginia",0.024242424242424242
814,"Greenlee, Arizona",0.0
815,"Greensville, Virginia",0.34438202247191013
816,"Greenville, South Carolina",0.027965367965367968
817,"Greenwood, Kansas",0.31798076923076923
818,"Greenwood, South Carolina",0.08899082568807339
819,"Greer, Oklahoma",2.1999999999999993
820,"Gregg, Texas",1.1247317744154062
821,"Griggs, North Dakota",0.9896666666666667
822,"Grimes, Texas",22.78039215686273
823,"Grundy, Illinois",2.3496
824,"Grundy, Iowa",0.1105263157894737
825,"Grundy, Missouri",0.14794117647058824
826,"Guadalupe, New Mexico",1.0971428571428572
827,"Guadalupe, Texas",1.8509898107714684
828,"Guernsey, Ohio",2.5227192982456135
829,"Guilford, North Carolina",0.18136652977412732
830,"Guillford, North Carolina",0.0
831,"Guthrie, Iowa",0.30383116883116884
832,"Haines, Alaska",0.0596774193548387
833,"Hale, Alabama",0.0
834,"Hale, Texas",4.007172995780591
835,"Halifax, North Carolina",0.03076923076923077
836,"Halifax, Virginia",2.481566820276498
837,"Hall, Nebraska",4.0062937062937065
838,"Hall, Texas",2.111754385964912
839,"Hamilton, Illinois",0.1275
840,"Hamilton, Indiana",0.3
841,"Hamilton, Iowa",2.6688888888888886
842,"Hamilton, Kansas",1.3616666666666666
843,"Hamilton, Nebraska",0.0
844,"Hamilton, New York",0.03529411764705882
845,"Hamilton, Ohio",6.231349162011175
846,"Hamilton, Texas",16.5202
847,"Hampshire, West Virginia",0.07142857142857142
848,"Hampton city, Virginia",0.12613636363636363
849,"Hampton, South Carolina",0.15292682926829268
850,"Hancock, Illinois",0.1428133704735376
851,"Hancock, Indiana",0.0
852,"Hancock, Iowa",0.05
853,"Hancock, Maine",0.2627811860940695
854,"Hancock, Ohio",0.30453074433656946
855,"Hancock, West Virginia",3.01953125
856,"Hanover, Virginia",0.0851945080091533
857,"Hansford, Texas",1.1634782608695653
858,"Hardeman, Texas",2.816283185840708
859,"Hardin, Illinois",0.10391304347826087
860,"Hardin, Iowa",0.308
861,"Hardin, Ohio",1.3913793103448275
862,"Hardin, Texas",6.239506172839507
863,"Harding, New Mexico",6.324999999999999
864,"Hardy, West Virginia",0.013970588235294117
865,"Harlan, Nebraska",0.08041666666666666
866,"Harmon, Oklahoma",3.225
867,"Harnett, North Carolina",3.0268965517241386
868,"Harper, Kansas",3.7222222222222223
869,"Harper, Oklahoma",0.15
870,"Harris, Texas",0.891780535415505
871,"Harrison, Indiana",0.575
872,"Harrison, Iowa",1.1713636363636362
873,"Harrison, Missouri",0.10093137254901959
874,"Harrison, Ohio",3.4334848484848486
875,"Harrison, Texas",4.094674922600619
876,"Harrison, West Virginia",0.03696682464454976
877,"Harrisonburg, Virginia",0.17254901960784316
878,"Hartford, Connecticut",0.5997364191578259
879,"Hartley, Texas",0.0
880,"Harvey, Kansas",3.141875
881,"Haskell, Kansas",0.6683333333333333
882,"Haskell, Oklahoma",0.5542222222222223
883,"Haskell, Texas",19.337107438016528
884,"Hawaii, Hawaii",2.500231481481481
885,"Hayes, Nebraska",0.0
886,"Hays, Texas",2.4183288409703496
887,"Haywood, North Carolina",0.0
888,"Hemphill, Texas",2.475
889,"Hempstead, Arkansas",17.066666666666666
890,"Henderson, Illinois",0.3026666666666667
891,"Henderson, North Carolina",0.5005291005291005
892,"Henderson, Texas",2.7773551263001472
893,"Hendricks, Indiana",0.309375
894,"Hennepin, Minnesota",0.08039548022598872
895,"Henrico, Virginia",0.1490566037735849
896,"Henry, Alabama",0.17113207547169812
897,"Henry, Illinois",2.5817796610169506
898,"Henry, Indiana",0.0
899,"Henry, Iowa",2.0019607843137255
900,"Henry, Missouri",0.30785488958990537
901,"Henry, Ohio",3.6914925373134344
902,"Henry, Virginia",0.4293768545994065
903,"Herkimer, New York",0.17668995633187776
904,"Hertford, North Carolina",11.440298507462687
905,"Hettinger, North Dakota",0.0
906,"Hickory, Missouri",0.03112903225806452
907,"Hidalgo, New Mexico",2.937857142857143
908,"Hidalgo, Texas",10.393377010125066
909,"Highland, Ohio",0.3404081632653061
910,"Highland, Virginia",0.05333333333333334
911,"Hill, Montana",0.6463120567375886
912,"Hill, Texas",2.929072681704262
913,"Hillsdale, Michigan",0.26296296296296295
914,"Hitchcock, Nebraska",0.1375
915,"Hocking, Ohio",0.9457812499999999
916,"Hockley, Texas",6.501933333333334
917,"Hodgeman, Kansas",2.55
918,"Hoke, North Carolina",0.2653061224489796
919,"Holmes, Ohio",0.3602890173410404
920,"Holt, Missouri",4.437
921,"Holt, Nebraska",0.0
922,"Honolulu county, Hawaii",0.775
923,"Honolulu, Hawaii",1.2427659574468086
924,"Hood, Texas",5.213459552495698
925,"Hooker, Nebraska",0.0
926,"Hoonah-angoon, Alaska",0.0
927,"Hopewell, Virginia",0.41458333333333336
928,"Hopkins, Texas",10.263568464730302
929,"Horry, South Carolina",2.096533333333334
930,"Hot spring, Arkansas",0.08316831683168316
931,"Houston, Alabama",0.15793650793650796
932,"Houston, Minnesota",0.0
933,"Houston, Texas",1.1571384615384617
934,"Howard, Arkansas",0.009090909090909092
935,"Howard, Indiana",0.0
936,"Howard, Iowa",0.0
937,"Howard, Missouri",1.3452272727272727
938,"Howard, Nebraska",0.0
939,"Howard, Texas",34.64742857142856
940,"Howell, Missouri",0.20633093525179855
941,"Hubbard, Minnesota",0.0
942,"Hudson, New Jersey",0.06102690582959642
943,"Hudspeth, Texas",4.4925
944,"Hughes, Oklahoma",0.46830409356725144
945,"Humboldt, California",0.29090909090909095
946,"Humboldt, Iowa",0.6100000000000001
947,"Humboldt, Nevada",0.9678125000000001
948,"Hunt, Texas",1.5741449603624011
949,"Hunterdon, New Jersey",0.4701767415083477
950,"Huntington, Indiana",0.0
951,"Huron, Michigan",0.24158415841584158
952,"Huron, Ohio",0.7862531645569621
953,"Hutchinson, Texas",2.6801408450704227
954,"Hyde, North Carolina",9.89090909090909
955,"Iberia parish, Louisiana",0.0
956,"Iberia, Louisiana",1.5575
957,"Iberville parish, Louisiana",0.0
958,"Iberville, Louisiana",0.4472631578947369
959,"Ida, Iowa",2.78
960,"Imperial, California",4.401818181818183
961,"Independence, Arkansas",2.0735245901639345
962,"Indiana, Pennsylvania",0.0
963,"Ingham, Michigan",0.04565217391304347
964,"Inyo, California",0.0
965,"Ionia, Michigan",0.25853658536585367
966,"Iosco, Michigan",0.027777777777777776
967,"Iowa, Iowa",0.08774193548387098
968,"Iredell, North Carolina",0.03682539682539683
969,"Irion, Texas",7.92
970,"Iron, Missouri",0.28764705882352937
971,"Iron, Utah",0.08
972,"Iroquois, Illinois",0.4131147540983606
973,"Isabella, Michigan",8.992592592592594
974,"Isanti, Minnesota",0.0
975,"Island, Washington",5.904032258064518
976,"Isle of wight, Virginia",0.4355072463768116
977,"Itasca, Minnesota",0.0
978,"Izard, Arkansas",0.1837951807228916
979,"Jack, Texas",2.3153225806451605
980,"Jackson, Alabama",0.0
981,"Jackson, Arkansas",2.465151515151515
982,"Jackson, Illinois",0.006095551894563427
983,"Jackson, Indiana",0.0
984,"Jackson, Iowa",0.5704347826086957
985,"Jackson, Kansas",1.5352112676056335
986,"Jackson, Louisiana",9.440140845070424
987,"Jackson, Michigan",3.2399224806201583
988,"Jackson, Minnesota",0.18
989,"Jackson, Missouri",0.5879681274900399
990,"Jackson, North Carolina",0.014545454545454545
991,"Jackson, Ohio",0.2142622950819672
992,"Jackson, Oklahoma",21.695483870967735
993,"Jackson, Texas",6.106734693877552
994,"Jackson, West Virginia",1.2772151898734176
995,"James (city), Virginia",2.909166666666667
996,"James city, Virginia",2.079333333333334
997,"Jasper county, Missouri",0.0
998,"Jasper, Illinois",0.6184090909090909
999,"Jasper, Indiana",0.07749999999999999
1000,"Jasper, Iowa",1.7246391752577312
1001,"Jasper, Missouri",0.004372759856630824
1002,"Jasper, South Carolina",0.31
1003,"Jasper, Texas",0.3417391304347826
1004,"Jay, Indiana",0.0
1005,"Jeff davis, Texas",0.725
1006,"Jefferson davis, Louisiana",4.834117647058823
1007,"Jefferson, Alabama",0.016610169491525422
1008,"Jefferson, Arkansas",0.0878095238095238
1009,"Jefferson, Idaho",0.0
1010,"Jefferson, Illinois",0.005128205128205128
1011,"Jefferson, Indiana",0.6285714285714284
1012,"Jefferson, Iowa",0.0
1013,"Jefferson, Kansas",1.4258928571428575
1014,"Jefferson, Louisiana",0.23754545454545456
1015,"Jefferson, Missouri",1.2651446945337619
1016,"Jefferson, Montana",0.6251376146788991
1017,"Jefferson, Nebraska",2.206851851851851
1018,"Jefferson, New York",0.7205815279361462
1019,"Jefferson, Ohio",4.519923954372622
1020,"Jefferson, Oklahoma",6.692666666666666
1021,"Jefferson, Pennsylvania",12.25
1022,"Jefferson, Texas",1.3037656903765693
1023,"Jefferson, Washington",0.7611764705882352
1024,"Jefferson, West Virginia",0.12672535211267608
1025,"Jennings, Indiana",0.0
1026,"Jersey, Illinois",3.9323353293413184
1027,"Jewell, Kansas",10.049999999999999
1028,"Jim hogg, Texas",28.266666666666666
1029,"Jim wells, Texas",10.13388535031847
1030,"Jo daviess, Illinois",0.19705882352941173
1031,"Johnson, Arkansas",1.2914285714285718
1032,"Johnson, Illinois",0.004608294930875576
1033,"Johnson, Indiana",0.0
1034,"Johnson, Iowa",1.0627345844504026
1035,"Johnson, Kansas",0.4602666666666667
1036,"Johnson, Missouri",0.25651162790697674
1037,"Johnson, Nebraska",0.0
1038,"Johnson, Texas",2.5525123152709366
1039,"Johnston, North Carolina",0.13122324159021406
1040,"Johnston, Oklahoma",0.2581564245810057
1041,"Jones, Iowa",0.2285714285714286
1042,"Jones, North Carolina",0.2916666666666667
1043,"Jones, Texas",26.32942446043165
1044,"Josephine, Oregon",0.0
1045,"Juab, Utah",0.0
1046,"Judith basin, Montana",0.0
1047,"Juneau city and, Alaska",0.0
1048,"Juneau, Alaska",0.0
1049,"Kalamazoo, Michigan",0.19354838709677422
1050,"Kalkaska, Michigan",1.9000000000000001
1051,"Kanawha, West Virginia",0.9116292134831461
1052,"Kandiyohi, Minnesota",0.0
1053,"Kane, Illinois",0.7479564032697541
1054,"Kane, Utah",0.2777777777777778
1055,"Kankakee, Illinois",0.13958188153310105
1056,"Karnes, Texas",24.665188679245286
1057,"Kauai, Hawaii",1.1317647058823528
1058,"Kaufman, Texas",1.3568299711815561
1059,"Kay, Oklahoma",11.556287128712865
1060,"Kearney, Nebraska",4.4228
1061,"Kearny, Kansas",6.3500000000000005
1062,"Keith, Nebraska",0.0
1063,"Kenai peninsula, Alaska",0.07381188118811881
1064,"Kendall, Illinois",0.6590909090909091
1065,"Kendall, Texas",2.555899581589959
1066,"Kenedy, Texas",3.9922222222222223
1067,"Kennebec, Maine",0.01003584229390681
1068,"Kent, Michigan",3.1865384615384613
1069,"Kent, Texas",7.9946153846153845
1070,"Keokuk, Iowa",2.6023999999999994
1071,"Kern, California",1.0209103260869568
1072,"Kerr, Texas",1.6633189655172413
1073,"Kershaw, South Carolina",0.30293413173652695
1074,"Ketchikan gateway, Alaska",0.030891089108910887
1075,"Keya paha, Nebraska",0.0
1076,"Kidder, North Dakota",0.445
1077,"Kimball, Nebraska",0.7688888888888888
1078,"Kimble, Texas",2.654871794871795
1079,"King and queen, Virginia",0.0
1080,"King george, Virginia",0.002173913043478261
1081,"King william, Virginia",0.28888888888888886
1082,"King, Texas",11.56
1083,"King, Washington",0.11852098600932699
1084,"Kingfisher, Oklahoma",9.451654676258993
1085,"Kingman, Kansas",3.1133333333333333
1086,"Kings, California",5.790000000000001
1087,"Kinney, Texas",3.1249999999999996
1088,"Kiowa, Kansas",4.266
1089,"Kiowa, Oklahoma",21.299000000000003
1090,"Kitsap, Washington",0.037495908346972175
1091,"Kittitas, Washington",0.07191011235955055
1092,"Kittson, Minnesota",0.0
1093,"Kleberg, Texas",7.344669811320758
1094,"Klickitat, Washington",1.341627906976744
1095,"Knox, Illinois",3.7
1096,"Knox, Indiana",0.22727272727272727
1097,"Knox, Maine",0.16886792452830188
1098,"Knox, Nebraska",0.25122950819672135
1099,"Knox, Ohio",0.5828813559322034
1100,"Knox, Texas",18.537553191489362
1101,"Kodiak island, Alaska",0.010869565217391304
1102,"Koochiching, Minnesota",0.0
1103,"Kootenai, Idaho",0.0
1104,"Kosciusko, Indiana",0.015827338129496403
1105,"Kossuth, Iowa",0.7444444444444446
1106,"La grange, Indiana",0.0
1107,"La paz, Arizona",2.7
1108,"La porte, Indiana",0.0
1109,"La salle, Illinois",0.2
1110,"La salle, Louisiana",8.089677419354837
1111,"La salle, Texas",11.384090909090908
1112,"Labette, Kansas",0.15085185185185185
1113,"Lac qui parle, Minnesota",0.07142857142857142
1114,"Lackawanna, Pennsylvania",0.6
1115,"Laclede, Missouri",0.0
1116,"Lafayette parish, Louisiana",0.6000000000000001
1117,"Lafayette, Arkansas",10.02477272727273
1118,"Lafayette, Louisiana",1.8419259259259262
1119,"Lafayette, Missouri",0.73009375
1120,"Lafourche, Louisiana",0.01388157894736842
1121,"Lagrange, Indiana",0.0
1122,"Lake and peninsula, Alaska",0.06578947368421052
1123,"Lake, California",0.0
1124,"Lake, Illinois",0.20768595041322319
1125,"Lake, Indiana",0.7553571428571428
1126,"Lake, Montana",0.007103825136612022
1127,"Lake, Ohio",0.029062499999999995
1128,"Lamar, Alabama",0.051153846153846154
1129,"Lamar, Texas",0.0
1130,"Lamb, Texas",2.988378378378379
1131,"Lamoille, Vermont",0.24177215189873413
1132,"Lamoure, North Dakota",14.517826086956518
1133,"Lampasas, Texas",4.898507462686568
1134,"Lancaster, Nebraska",0.23495652173913045
1135,"Lancaster, Pennsylvania",0.030833333333333334
1136,"Lancaster, South Carolina",0.9400000000000002
1137,"Lancaster, Virginia",1.2208055555555555
1138,"Lander, Nevada",0.46088235294117647
1139,"Lane, Kansas",6.825
1140,"Lane, Oregon",0.0
1141,"Lapeer, Michigan",0.7843749999999999
1142,"Laporte, Indiana",0.0
1143,"Lasalle, Illinois",1.9283710407239822
1144,"Latimer, Oklahoma",1.2380645161290325
1145,"Lauderdale, Alabama",0.0
1146,"Laurens, South Carolina",0.13023880597014925
1147,"Lavaca, Texas",31.73859649122807
1148,"Lawrence county, Arkansas",1.0173333333333334
1149,"Lawrence, Alabama",0.0
1150,"Lawrence, Arkansas",0.4085555555555555
1151,"Lawrence, Illinois",0.6333333333333333
1152,"Lawrence, Indiana",0.11875
1153,"Lawrence, Missouri",0.016
1154,"Lawrence, Ohio",1.5604697986577178
1155,"Lawrence, Pennsylvania",0.0
1156,"Le flore, Oklahoma",0.0
1157,"Le sueur, Minnesota",0.0
1158,"Lea, New Mexico",4.106037037037036
1159,"Leavenworth, Kansas",0.37189075630252105
1160,"Lee county, South Carolina",0.0
1161,"Lee, Alabama",0.0
1162,"Lee, Arkansas",10.171428571428573
1163,"Lee, Illinois",0.0
1164,"Lee, Iowa",0.02705336426914153
1165,"Lee, North Carolina",2.247872340425532
1166,"Lee, South Carolina",0.0
1167,"Lee, Texas",14.413513513513518
1168,"Lee, Virginia",0.01926605504587156
1169,"Leelanau, Michigan",0.0
1170,"Lehigh, Pennsylvania",0.8666666666666667
1171,"Lemhi, Idaho",0.0
1172,"Lenawee, Michigan",0.4758064516129033
1173,"Lenoir, North Carolina",0.14054054054054055
1174,"Leon, Texas",1.6956666666666664
1175,"Lewis and clark, Montana",0.12516778523489935
1176,"Lewis county, Washington",0.25
1177,"Lewis, Missouri",0.3458823529411764
1178,"Lewis, New York",1.1226190476190474
1179,"Lewis, Washington",0.15934426229508192
1180,"Lewis, West Virginia",0.05755395683453238
1181,"Lexington county, South Carolina",0.8064285714285714
1182,"Lexington, South Carolina",0.9622894168466523
1183,"Liberty, Montana",0.09014925373134329
1184,"Liberty, Texas",1.930503144654087
1185,"Licking, Ohio",1.5780160857908843
1186,"Limestone, Alabama",0.0
1187,"Limestone, Texas",2.5993832599118942
1188,"Lincoln parish, Louisiana",70.10000000000001
1189,"Lincoln, Arkansas",0.1616346153846154
1190,"Lincoln, Kansas",14.456249999999999
1191,"Lincoln, Louisiana",3.0820731707317077
1192,"Lincoln, Maine",0.12378378378378378
1193,"Lincoln, Minnesota",1.2499999999999998
1194,"Lincoln, Missouri",0.7568032786885246
1195,"Lincoln, Montana",0.042777777777777776
1196,"Lincoln, Nebraska",0.0
1197,"Lincoln, Nevada",0.0
1198,"Lincoln, New Mexico",1.2185874439461886
1199,"Lincoln, North Carolina",0.0
1200,"Lincoln, Oklahoma",1.9887072243345998
1201,"Lincoln, Washington",2.289380555555556
1202,"Lincoln, West Virginia",1.7875581395348838
1203,"Linn, Iowa",0.02709677419354839
1204,"Linn, Kansas",0.08900000000000001
1205,"Linn, Missouri",0.13917404129793515
1206,"Linn, Oregon",0.0
1207,"Lipscomb, Texas",0.1956521739130435
1208,"Litchfield, Connecticut",0.11572809278350513
1209,"Little river, Arkansas",0.7842045454545457
1210,"Live oak, Texas",3.908936170212766
1211,"Livingston county, New York",0.0
1212,"Livingston parish, Louisiana",0.0
1213,"Livingston, Illinois",1.0139333333333334
1214,"Livingston, Louisiana",0.1901219512195122
1215,"Livingston, Michigan",0.6341772151898735
1216,"Livingston, Missouri",5.4292
1217,"Livingston, New York",0.3406613756613756
1218,"Llano, Texas",3.6875536480686693
1219,"Logan, Arkansas",0.12218749999999998
1220,"Logan, Illinois",0.5153333333333333
1221,"Logan, Kansas",3.44
1222,"Logan, Nebraska",0.0
1223,"Logan, North Dakota",3.7266666666666666
1224,"Logan, Ohio",0.8048721804511275
1225,"Logan, Oklahoma",2.267614678899082
1226,"Logan, West Virginia",0.25044
1227,"Lonoke, Arkansas",2.5381456953642383
1228,"Lorain, Ohio",0.356
1229,"Los alamos, New Mexico",0.854
1230,"Los angeles, California",0.25554629866569195
1231,"Loudoun, Virginia",0.22318435754189947
1232,"Louisa, Iowa",0.2008695652173913
1233,"Louisa, Virginia",0.0
1234,"Loup, Nebraska",0.0
1235,"Love, Oklahoma",0.6673076923076923
1236,"Loving, Texas",7.0
1237,"Lowndes, Alabama",0.0
1238,"Lubbock, Texas",4.086166134185307
1239,"Lucas, Iowa",0.005673758865248227
1240,"Lucas, Ohio",2.5144949698189096
1241,"Luna, New Mexico",0.9511379310344827
1242,"Lunenburg, Virginia",0.022033898305084745
1243,"Luzerne county, Pennsylvania",0.0
1244,"Luzerne, Pennsylvania",0.13333333333333333
1245,"Lynchburg, Virginia",0.0
1246,"Lynn, Texas",15.924024390243899
1247,"Lyon, Iowa",1.5409090909090908
1248,"Lyon, Kansas",0.06638709677419355
1249,"Lyon, Minnesota",0.9588235294117647
1250,"Lyon, Nevada",1.2676325088339218
1251,"Macomb, Michigan",0.8972222222222223
1252,"Macon, Alabama",0.046538461538461535
1253,"Macon, Illinois",0.12500000000000003
1254,"Macon, Missouri",0.0
1255,"Macon, North Carolina",0.006711409395973154
1256,"Macoupin, Illinois",0.05423390081421169
1257,"Madera, California",0.17500000000000002
1258,"Madison, Alabama",0.03875
1259,"Madison, Idaho",0.0
1260,"Madison, Illinois",1.1663414634146334
1261,"Madison, Indiana",0.4105263157894737
1262,"Madison, Iowa",0.3070588235294117
1263,"Madison, Louisiana",6.021428571428572
1264,"Madison, Missouri",0.01394160583941606
1265,"Madison, Montana",0.05
1266,"Madison, Nebraska",0.7428571428571427
1267,"Madison, New York",0.27033333333333337
1268,"Madison, North Carolina",0.07272727272727272
1269,"Madison, Ohio",0.3057446808510638
1270,"Madison, Texas",0.27071428571428574
1271,"Madison, Virginia",0.11538461538461539
1272,"Mahaska, Iowa",1.048448275862069
1273,"Mahnomen, Minnesota",0.0
1274,"Mahoning, Ohio",0.09518595041322309
1275,"Major, Oklahoma",0.5163157894736842
1276,"Malheur, Oregon",0.0
1277,"Manassas, Virginia",0.0
1278,"Manatee, Florida",0.4641176470588236
1279,"Manistee, Michigan",6.4750000000000005
1280,"Marengo, Alabama",1.1243181818181816
1281,"Maricopa, Arizona",2.3176699029126206
1282,"Maries county, Missouri",0.0
1283,"Maries, Missouri",0.0
1284,"Marin, California",0.4115384615384615
1285,"Marion county, Missouri",0.7501960784313727
1286,"Marion, Alabama",0.0
1287,"Marion, Arkansas",7.838144329896907
1288,"Marion, Illinois",0.009142857142857142
1289,"Marion, Indiana",0.1140625
1290,"Marion, Iowa",0.5408450704225352
1291,"Marion, Kansas",0.3568807339449542
1292,"Marion, Missouri",1.21
1293,"Marion, Ohio",0.4070161290322581
1294,"Marion, Oregon",0.0
1295,"Marion, South Carolina",1.1050943396226416
1296,"Marion, Texas",10.618391959798995
1297,"Marion, West Virginia",3.0238970588235308
1298,"Mariposa, California",0.038461538461538464
1299,"Marlboro, South Carolina",0.09545112781954887
1300,"Marquette, Michigan",0.0
1301,"Marshall, Alabama",0.0
1302,"Marshall, Illinois",1.68
1303,"Marshall, Indiana",0.0
1304,"Marshall, Iowa",2.54625
1305,"Marshall, Kansas",1.5455
1306,"Marshall, Minnesota",0.045454545454545456
1307,"Marshall, Oklahoma",0.13639004149377595
1308,"Marshall, West Virginia",3.190816326530612
1309,"Martin, Florida",0.0
1310,"Martin, Indiana",0.11666666666666665
1311,"Martin, North Carolina",14.90952380952381
1312,"Martin, Texas",79.22217821782175
1313,"Martinsville, Virginia",0.01320754716981132
1314,"Mason, Illinois",0.19583333333333333
1315,"Mason, Michigan",0.0
1316,"Mason, Texas",0.22000000000000003
1317,"Mason, Washington",0.01639344262295082
1318,"Mason, West Virginia",1.09672131147541
1319,"Massac, Illinois",2.8222222222222224
1320,"Matagorda, Texas",20.831782945736435
1321,"Matanuska-susitna borough, Alaska",0.0
1322,"Matanuska-susitna, Alaska",0.8545991561181434
1323,"Mathews, Virginia",0.5890909090909091
1324,"Maui, Hawaii",2.3314201183431944
1325,"Maverick, Texas",9.56086206896551
1326,"Mayes, Oklahoma",0.6652469135802469
1327,"Mcclain, Oklahoma",15.161931818181813
1328,"Mccone, Montana",3.725
1329,"Mccormick, South Carolina",0.14333333333333334
1330,"Mcculloch, Texas",58.940540540540546
1331,"Mccurtain, Oklahoma",0.37403846153846143
1332,"Mcdonald, Missouri",0.5010714285714285
1333,"Mcdonough, Illinois",2.9705613305613303
1334,"Mcdowell, North Carolina",0.0049180327868852455
1335,"Mcdowell, West Virginia",6.632847682119208
1336,"Mchenry, Illinois",0.2132173913043478
1337,"Mchenry, North Dakota",3.9024358974358964
1338,"Mcintosh, North Dakota",0.0
1339,"Mcintosh, Oklahoma",2.3269186046511625
1340,"Mckenzie, North Dakota",0.59
1341,"Mckinley, New Mexico",2.632857142857143
1342,"Mclean, Illinois",0.36058064516129035
1343,"Mclean, North Dakota",0.14151724137931035
1344,"Mclennan, Texas",3.388011417697434
1345,"Mcleod, Minnesota",0.0
1346,"Mcmullen, Texas",7.000000000000001
1347,"Mcpherson, Kansas",1.8609999999999995
1348,"Mcpherson, Nebraska",0.0
1349,"Meade, Kansas",3.8000000000000003
1350,"Meagher, Montana",2.482790697674418
1351,"Mecklenburg, North Carolina",0.19610902255639098
1352,"Mecklenburg, Virginia",0.3072874493927126
1353,"Mecosta, Michigan",0.0
1354,"Medina, Ohio",0.24561111111111109
1355,"Medina, Texas",1.1688461538461534
1356,"Meeker, Minnesota",0.0
1357,"Meigs, Ohio",2.1464285714285714
1358,"Menard, Illinois",1.7957142857142858
1359,"Menard, Texas",7.958000000000001
1360,"Mendocino, California",1.6475
1361,"Menominee, Michigan",0.0
1362,"Merced, California",1.8092307692307694
1363,"Mercer, Illinois",0.028620689655172414
1364,"Mercer, Missouri",1.1371428571428572
1365,"Mercer, New Jersey",0.5312872154115591
1366,"Mercer, North Dakota",4.825393258426964
1367,"Mercer, Ohio",1.1167699115044245
1368,"Mercer, Pennsylvania",0.0
1369,"Mercer, West Virginia",0.49412371134020616
1370,"Merrick, Nebraska",0.1356140350877193
1371,"Miami, Indiana",0.0
1372,"Miami, Kansas",0.1696511627906977
1373,"Miami, Ohio",0.5327761194029851
1374,"Middlesex, Connecticut",0.04884010840108401
1375,"Middlesex, New Jersey",0.41510785398230093
1376,"Middlesex, Virginia",1.056041666666667
1377,"Midland, Michigan",0.24090909090909093
1378,"Midland, Texas",27.13101449275365
1379,"Milam, Texas",3.843478260869564
1380,"Millard, Utah",0.40499999999999997
1381,"Miller, Arkansas",0.5684699453551914
1382,"Miller, Missouri",0.0171830985915493
1383,"Mills, Iowa",3.936923076923077
1384,"Mills, Texas",19.078787878787878
1385,"Mineral, Montana",0.0
1386,"Mineral, Nevada",7.733506493506494
1387,"Mineral, West Virginia",0.1530680272108844
1388,"Mingo, West Virginia",0.633125
1389,"Missaukee, Michigan",0.0
1390,"Mississippi, Arkansas",0.01263157894736842
1391,"Mississippi, Missouri",0.08105263157894738
1392,"Missoula, Montana",0.23134948096885802
1393,"Mitchell, Iowa",0.44272727272727275
1394,"Mitchell, Kansas",9.916847826086956
1395,"Mitchell, North Carolina",0.0
1396,"Mitchell, Texas",3.3185714285714276
1397,"Mobile, Alabama",0.24221374045801528
1398,"Modoc, California",0.1825
1399,"Mohave, Arizona",2.4592
1400,"Moniteau, Missouri",0.0
1401,"Monmouth, New Jersey",0.512802270947533
1402,"Mono, California",0.09714285714285716
1403,"Monona, Iowa",0.21538461538461537
1404,"Monongalia, West Virginia",0.6848484848484848
1405,"Monroe, Alabama",1.1551020408163266
1406,"Monroe, Arkansas",28.568787878787877
1407,"Monroe, Illinois",0.7197247706422017
1408,"Monroe, Indiana",0.0
1409,"Monroe, Iowa",0.0
1410,"Monroe, Michigan",0.47073170731707314
1411,"Monroe, Missouri",0.007586206896551724
1412,"Monroe, New York",2.625384615384615
1413,"Monroe, Ohio",0.6403030303030303
1414,"Monroe, West Virginia",0.039850746268656714
1415,"Montague, Texas",4.037848101265822
1416,"Montcalm, Michigan",0.4379310344827586
1417,"Monterey, California",0.04932652113330236
1418,"Montgomery, Alabama",0.20586206896551723
1419,"Montgomery, Arkansas",0.010632911392405063
1420,"Montgomery, Illinois",0.24967302452316079
1421,"Montgomery, Indiana",0.0
1422,"Montgomery, Iowa",0.42454545454545456
1423,"Montgomery, Kansas",1.1197499999999998
1424,"Montgomery, Missouri",0.27962686567164186
1425,"Montgomery, New York",0.15470119521912354
1426,"Montgomery, North Carolina",0.0
1427,"Montgomery, Ohio",1.521418749999999
1428,"Montgomery, Pennsylvania",0.625
1429,"Montgomery, Texas",0.3692375886524826
1430,"Montgomery, Virginia",0.006791569086651053
1431,"Montmorency, Michigan",0.0
1432,"Moore county, Texas",0.0
1433,"Moore, North Carolina",0.45839243498817966
1434,"Moore, Texas",0.10273972602739725
1435,"Mora, New Mexico",0.4332758620689655
1436,"Morehouse, Louisiana",31.5925806451613
1437,"Morgan, Alabama",0.0
1438,"Morgan, Illinois",1.4063803680981593
1439,"Morgan, Indiana",0.02727272727272727
1440,"Morgan, Missouri",0.0067073170731707325
1441,"Morgan, Ohio",3.5014814814814814
1442,"Morgan, Utah",0.3
1443,"Morgan, West Virginia",0.7123076923076922
1444,"Morrill, Nebraska",0.8458333333333333
1445,"Morris, Kansas",0.8839393939393939
1446,"Morris, New Jersey",0.7162959579812731
1447,"Morris, Texas",4.044347826086956
1448,"Morrison, Minnesota",0.0
1449,"Morrow, Ohio",0.5249999999999999
1450,"Morton, Kansas",3.921666666666667
1451,"Morton, North Dakota",0.24827956989247307
1452,"Motley, Texas",14.211290322580645
1453,"Moultrie, Illinois",3.951612903225807
1454,"Mountrail, North Dakota",0.6141666666666664
1455,"Mower, Minnesota",0.0
1456,"Murray, Minnesota",0.0
1457,"Murray, Oklahoma",0.9936708860759493
1458,"Muscatine, Iowa",0.13999999999999999
1459,"Muskegon, Michigan",0.0
1460,"Muskingum, Ohio",1.2075892857142858
1461,"Muskogee, Oklahoma",1.394512195121951
1462,"Musselshell, Montana",1.6885294117647058
1463,"Nacogdoches, Texas",3.4703200000000005
1464,"Nance, Nebraska",0.0
1465,"Napa, California",0.1910179640718563
1466,"Nash, North Carolina",0.11946902654867259
1467,"Nassau, New York",0.07717339667458431
1468,"Natchitoches, Louisiana",1.402127659574468
1469,"Navajo, Arizona",0.325
1470,"Navarro, Texas",0.5019893048128344
1471,"Nelson, North Dakota",0.9492307692307693
1472,"Nelson, Virginia",0.0
1473,"Nemaha, Kansas",1.9941176470588236
1474,"Nemaha, Nebraska",1.6366666666666667
1475,"Neosho, Kansas",0.4239669421487604
1476,"Ness, Kansas",26.88918918918919
1477,"Nevada county, Arkansas",0.0
1478,"Nevada, Arkansas",0.11604651162790698
1479,"Nevada, California",0.0
1480,"New hanover, North Carolina",1.6652895148669806
1481,"New haven, Connecticut",0.05321412721893488
1482,"New kent, Virginia",0.5154471544715447
1483,"New london, Connecticut",0.32861671469740633
1484,"New madrid, Missouri",0.7351724137931034
1485,"New york, New York",0.0
1486,"Newaygo, Michigan",0.45999999999999996
1487,"Newberry, South Carolina",0.26179153094462543
1488,"Newport news city, Virginia",0.08867924528301888
1489,"Newport news, Virginia",0.10098039215686275
1490,"Newport, Rhode Island",0.0
1491,"Newton county, Arkansas",0.0
1492,"Newton, Arkansas",0.2008
1493,"Newton, Indiana",0.0
1494,"Newton, Missouri",0.009859154929577464
1495,"Newton, Texas",1.232
1496,"Niagara, New York",0.3004822695035463
1497,"Nicholas, West Virginia",0.006134969325153374
1498,"Nicollet, Minnesota",0.0
1499,"Noble, Indiana",0.0
1500,"Noble, Ohio",0.002824858757062147
1501,"Noble, Oklahoma",8.14263157894737
1502,"Nobles, Minnesota",0.5536842105263158
1503,"Nodaway, Missouri",0.8308823529411762
1504,"Nolan, Texas",9.369836065573772
1505,"Nome, Alaska",3.3509139784946242
1506,"Norfolk city, Virginia",0.0
1507,"Norfolk, Virginia",0.0
1508,"North slope, Alaska",2.058256880733945
1509,"Northampton, North Carolina",0.24691358024691357
1510,"Northampton, Pennsylvania",0.0
1511,"Northampton, Virginia",9.81720430107527
1512,"Northumberland, Pennsylvania",0.045000000000000005
1513,"Northumberland, Virginia",0.3284568965517241
1514,"Northwest arctic borough, Alaska",0.0
1515,"Northwest arctic, Alaska",0.1559848484848485
1516,"Norton, Kansas",13.965000000000002
1517,"Norton, Virginia",0.0
1518,"Nottoway, Virginia",0.5132530120481928
1519,"Nowata, Oklahoma",2.8965420560747663
1520,"Nuckolls, Nebraska",1.755909090909091
1521,"Nueces, Texas",18.553643122676597
1522,"Nye, Nevada",5.306007326007325
1523,"O'brien, Iowa",0.33809523809523806
1524,"Oakland, Michigan",1.4519713261648746
1525,"Obrien, Iowa",0.0
1526,"Ocean, New Jersey",0.2806955775010735
1527,"Oceana, Michigan",0.0
1528,"Ochiltree, Texas",0.7000000000000001
1529,"Oconee, South Carolina",0.06679525222551928
1530,"Ogemaw, Michigan",0.0
1531,"Ogle, Illinois",0.049999999999999996
1532,"Ohio, Indiana",1.0
1533,"Ohio, West Virginia",4.5976608187134484
1534,"Okanogan, Washington",0.38022727272727264
1535,"Okfuskee, Oklahoma",1.1830909090909094
1536,"Oklahoma, Oklahoma",0.9420135934550037
1537,"Okmulgee, Oklahoma",0.4505179282868526
1538,"Oldham, Texas",2.3299999999999996
1539,"Oliver, North Dakota",0.05
1540,"Olmsted, Minnesota",0.020454545454545454
1541,"Oneida, New York",0.31928118393234656
1542,"Onondaga, New York",0.4593260473588341
1543,"Onslow, North Carolina",5.469767441860465
1544,"Ontario county, New York",0.0
1545,"Ontario, New York",2.14611344537815
1546,"Orange, California",2.7426639999999987
1547,"Orange, Indiana",0.0
1548,"Orange, New York",0.113940329218107
1549,"Orange, North Carolina",0.2591164658634539
1550,"Orange, Texas",10.865185185185172
1551,"Orange, Vermont",0.2413793103448276
1552,"Orange, Virginia",0.02463855421686747
1553,"Orangeburg, South Carolina",0.3181578947368422
1554,"Oregon, Missouri",0.0
1555,"Orleans, Louisiana",0.13865546218487396
1556,"Orleans, New York",1.2302173913043477
1557,"Orleans, Vermont",0.035424354243542434
1558,"Osage, Kansas",0.244344262295082
1559,"Osage, Missouri",0.0
1560,"Osage, Oklahoma",0.576376306620209
1561,"Osborne, Kansas",12.179444444444448
1562,"Osceola, Iowa",0.5407407407407406
1563,"Osceola, Michigan",3.466666666666667
1564,"Oscoda, Michigan",0.0
1565,"Oswego, New York",1.2293664596273288
1566,"Otero, New Mexico",2.4202287822878237
1567,"Otoe, Nebraska",0.8600000000000002
1568,"Otsego, Michigan",0.24
1569,"Otsego, New York",0.08945544554455445
1570,"Ottawa, Kansas",2.235384615384615
1571,"Ottawa, Michigan",0.14500000000000002
1572,"Ottawa, Ohio",0.8375786163522013
1573,"Ottawa, Oklahoma",0.4404999999999999
1574,"Otter tail, Minnesota",0.029411764705882353
1575,"Ouachita, Arkansas",3.431507246376811
1576,"Ouachita, Louisiana",15.407027027027025
1577,"Owen, Indiana",0.19999999999999998
1578,"Owen, Kentucky",0.0
1579,"Owyhee, Idaho",4.771428571428571
1580,"Oxford, Maine",0.03110047846889952
1581,"Ozark, Missouri",0.0
1582,"Pacific, Washington",0.623531746031746
1583,"Page, Iowa",0.7091666666666666
1584,"Page, Virginia",0.0460093896713615
1585,"Palm beach, Florida",0.0
1586,"Palo alto, Iowa",1.1666666666666667
1587,"Palo pinto, Texas",7.492952548330406
1588,"Pamlico, North Carolina",0.2542372881355932
1589,"Panola, Texas",13.293324937027698
1590,"Park, Montana",0.22142857142857145
1591,"Parke, Indiana",0.0
1592,"Parker, Texas",4.037924773022051
1593,"Parmer, Texas",1.582428571428571
1594,"Pasquotank, North Carolina",3.577777777777778
1595,"Passaic, New Jersey",0.27080358667805293
1596,"Patrick, Virginia",0.07261904761904761
1597,"Paulding, Ohio",1.8277192982456136
1598,"Pawnee, Kansas",7.504
1599,"Pawnee, Nebraska",0.0
1600,"Pawnee, Oklahoma",2.7082027649769587
1601,"Payette, Idaho",0.0
1602,"Payne, Oklahoma",1.1238461538461542
1603,"Pecos, Texas",1.7829411764705883
1604,"Pembina, North Dakota",0.10027777777777777
1605,"Pemiscot, Missouri",0.024583333333333332
1606,"Pend oreille, Washington",0.11745098039215685
1607,"Pender, North Carolina",4.739634146341463
1608,"Pendleton, West Virginia",0.04207920792079208
1609,"Pennington, Minnesota",0.0
1610,"Penobscot, Maine",0.059813084112149535
1611,"Peoria, Illinois",2.007128099173556
1612,"Perkins, Nebraska",0.03051282051282051
1613,"Perquimans, North Carolina",5.8462499999999995
1614,"Perry county, Arkansas",0.0
1615,"Perry, Alabama",0.0
1616,"Perry, Arkansas",0.8646938775510205
1617,"Perry, Illinois",0.0
1618,"Perry, Indiana",0.62
1619,"Perry, Missouri",0.06697986577181209
1620,"Perry, Ohio",0.8596437659033082
1621,"Perry, Pennsylvania",0.0
1622,"Pershing, Nevada",0.1906060606060606
1623,"Person, North Carolina",1.0128169014084507
1624,"Petersburg, Alaska",0.0
1625,"Petersburg, Virginia",0.27149999999999996
1626,"Petroleum, Montana",3.1999999999999997
1627,"Pettis, Missouri",0.05898477157360406
1628,"Phelps, Missouri",0.0
1629,"Phelps, Nebraska",0.0
1630,"Phillips, Arkansas",1.0795744680851063
1631,"Phillips, Kansas",4.213125
1632,"Phillips, Montana",0.28888888888888886
1633,"Piatt, Illinois",0.0
1634,"Pickaway, Ohio",1.529239130434783
1635,"Pickens, Alabama",0.07245283018867925
1636,"Pickens, South Carolina",0.11922118380062306
1637,"Pierce, Nebraska",0.0
1638,"Pierce, North Dakota",0.434
1639,"Pierce, Washington",0.07709174841315634
1640,"Pike, Alabama",0.14393442622950822
1641,"Pike, Arkansas",0.008536585365853657
1642,"Pike, Illinois",0.28121428571428575
1643,"Pike, Indiana",0.0
1644,"Pike, Missouri",0.1399074074074074
1645,"Pike, Ohio",2.4102272727272727
1646,"Pike, Pennsylvania",9.133333333333333
1647,"Pima, Arizona",0.2442424242424242
1648,"Pinal, Arizona",4.650000000000001
1649,"Pine, Minnesota",0.0
1650,"Pinellas, Florida",22.0
1651,"Pipestone, Minnesota",0.5
1652,"Piscataquis, Maine",0.0
1653,"Pitt, North Carolina",1.3855978260869566
1654,"Pittsburg, Oklahoma",0.3204761904761905
1655,"Pittsylvania, Virginia",0.49010152284263964
1656,"Piute, Utah",0.0
1657,"Placer, California",0.013253012048192772
1658,"Plaquemines, Louisiana",0.8988829787234042
1659,"Platte, Missouri",0.9638636363636366
1660,"Platte, Nebraska",0.08947368421052632
1661,"Pleasants, West Virginia",1.7333333333333334
1662,"Plumas, California",0.0
1663,"Plymouth, Iowa",0.9000000000000001
1664,"Pocahontas, Iowa",0.26153846153846155
1665,"Pocahontas, West Virginia",0.11965811965811965
1666,"Poinsett, Arkansas",0.7604225352112677
1667,"Pointe coupee parish, Louisiana",0.0
1668,"Pointe coupee, Louisiana",0.0
1669,"Polk, Arkansas",0.014864864864864866
1670,"Polk, Iowa",1.3514121258633893
1671,"Polk, Minnesota",0.0
1672,"Polk, Missouri",0.023857142857142855
1673,"Polk, Nebraska",0.0
1674,"Polk, North Carolina",0.0
1675,"Polk, Texas",5.439650145772592
1676,"Pondera, Montana",0.6422340425531915
1677,"Pontotoc, Oklahoma",0.10576923076923077
1678,"Pope, Arkansas",0.005882352941176471
1679,"Pope, Illinois",0.5671641791044776
1680,"Portage, Ohio",1.1044770408163265
1681,"Porter, Indiana",0.075
1682,"Portsmouth, Virginia",0.0
1683,"Posey, Indiana",0.0
1684,"Pottawatomie, Kansas",1.5690163934426227
1685,"Pottawatomie, Oklahoma",1.858396501457725
1686,"Pottawattamie, Iowa",0.5278846153846152
1687,"Potter, Texas",6.531005291005295
1688,"Powder river, Montana",0.0
1689,"Powell, Montana",0.05263157894736842
1690,"Poweshiek, Iowa",0.11578125
1691,"Powhatan, Virginia",34.31399999999999
1692,"Prairie, Arkansas",4.196000000000001
1693,"Prairie, Montana",0.0
1694,"Pratt, Kansas",2.7449999999999997
1695,"Preble, Ohio",5.585811965811965
1696,"Presidio, Texas",0.6823529411764706
1697,"Presque isle, Michigan",0.14444444444444446
1698,"Preston, West Virginia",0.5581730769230769
1699,"Prince edward, Virginia",0.08333333333333333
1700,"Prince george, Virginia",0.26
1701,"Prince of wales-hyder, Alaska",0.0
1702,"Prince william, Virginia",0.21040723981900453
1703,"Providence, Rhode Island",0.65
1704,"Pulaski, Arkansas",0.38747747747747746
1705,"Pulaski, Illinois",1.9688888888888887
1706,"Pulaski, Indiana",0.0
1707,"Pulaski, Missouri",0.026574585635359117
1708,"Pulaski, Virginia",0.015447154471544714
1709,"Pushmataha, Oklahoma",0.05788461538461538
1710,"Putnam county, Indiana",0.0
1711,"Putnam, Illinois",0.846875
1712,"Putnam, Indiana",0.0
1713,"Putnam, Missouri",0.0
1714,"Putnam, New York",0.5962956521739129
1715,"Putnam, Ohio",7.796232415902139
1716,"Putnam, West Virginia",0.039200000000000006
1717,"Quay, New Mexico",7.466363636363636
1718,"Radford, Virginia",0.0
1719,"Rains, Texas",0.0
1720,"Raleigh, West Virginia",0.4116509433962264
1721,"Ramsey, Minnesota",0.0
1722,"Ramsey, North Dakota",0.0
1723,"Randall, Texas",3.0854404145077714
1724,"Randolph, Alabama",0.0
1725,"Randolph, Arkansas",0.18149253731343282
1726,"Randolph, Illinois",0.06515007898894155
1727,"Randolph, Indiana",0.0
1728,"Randolph, Missouri",0.0
1729,"Randolph, North Carolina",0.26277456647398845
1730,"Randolph, West Virginia",0.3015151515151515
1731,"Ransom, North Dakota",8.814358974358976
1732,"Rapides, Louisiana",2.288307692307692
1733,"Rappahannock, Virginia",0.22083333333333335
1734,"Ravalli, Montana",0.05340782122905028
1735,"Rawlins, Kansas",19.73235294117647
1736,"Ray, Missouri",0.5911764705882353
1737,"Reagan, Texas",0.0
1738,"Real, Texas",2.588048780487804
1739,"Red river, Louisiana",3.8833928571428564
1740,"Red river, Texas",8.020034364261166
1741,"Red willow, Nebraska",4.105806451612903
1742,"Redwood, Minnesota",0.0
1743,"Reeves, Texas",1.2519999999999998
1744,"Refugio, Texas",4.18483870967742
1745,"Reno, Kansas",2.9680851063829783
1746,"Rensselaer, New York",0.0885578947368421
1747,"Renville, Minnesota",0.0
1748,"Renville, North Dakota",2.897222222222222
1749,"Republic, Kansas",5.690625
1750,"Reynolds, Missouri",0.4783333333333333
1751,"Rice, Kansas",2.5212499999999998
1752,"Rice, Minnesota",0.0
1753,"Rich, Utah",1.4000000000000001
1754,"Richardson, Nebraska",0.6447916666666667
1755,"Richland, Illinois",0.17468354430379748
1756,"Richland, Louisiana",4.090909090909092
1757,"Richland, Montana",2.3477319587628864
1758,"Richland, North Dakota",0.1279310344827586
1759,"Richland, Ohio",0.25401360544217677
1760,"Richland, South Carolina",1.3181303116147312
1761,"Richmond, North Carolina",0.0
1762,"Richmond, Virginia",0.09682539682539681
1763,"Riley, Kansas",2.5569230769230766
1764,"Ringgold, Iowa",0.03214285714285715
1765,"Rio arriba, New Mexico",1.0148356807511731
1766,"Ripley, Indiana",0.14285714285714285
1767,"Ripley, Missouri",0.02608695652173913
1768,"Ritchie, West Virginia",0.04
1769,"Riverside, California",0.8413420316868592
1770,"Roane, West Virginia",0.005333333333333334
1771,"Roanoke, Virginia",0.06176470588235293
1772,"Roberts, Texas",0.0
1773,"Robertson, Texas",2.9338235294117654
1774,"Robeson, North Carolina",0.05130434782608695
1775,"Rock island, Illinois",0.010074074074074074
1776,"Rock, Minnesota",0.5823529411764707
1777,"Rock, Nebraska",0.0
1778,"Rockbridge, Virginia",0.012643678160919542
1779,"Rockingham, North Carolina",0.050955414012738856
1780,"Rockingham, Virginia",0.11065573770491802
1781,"Rockland, New York",1.14383
1782,"Rockwall, Texas",1.7741854636591492
1783,"Roger mills, Oklahoma",9.279687500000001
1784,"Rogers, Oklahoma",0.5932394366197183
1785,"Rolette, North Dakota",4.138823529411765
1786,"Rooks, Kansas",11.611333333333333
1787,"Roosevelt, Montana",0.48241379310344834
1788,"Roosevelt, New Mexico",4.4225
1789,"Roseau, Minnesota",0.0
1790,"Rosebud, Montana",0.5892156862745098
1791,"Ross, Ohio",1.043170731707317
1792,"Rowan county, North Carolina",0.0
1793,"Rowan, North Carolina",0.05545023696682464
1794,"Runnels, Texas",75.65895953757226
1795,"Rush, Indiana",0.0
1796,"Rush, Kansas",8.442222222222222
1797,"Rusk, Texas",0.8461824324324322
1798,"Russell, Alabama",0.0
1799,"Russell, Kansas",10.986538461538462
1800,"Russell, Virginia",0.08452830188679246
1801,"Rutherford, North Carolina",0.0
1802,"Rutland, Vermont",0.6433051869722556
1803,"Sabine, Louisiana",1.750376569037656
1804,"Sabine, Texas",0.7244533333333331
1805,"Sac, Iowa",1.221875
1806,"Sacramento county, California",0.0
1807,"Sacramento, California",0.014032258064516127
1808,"Sagadahoc, Maine",0.7558139534883721
1809,"Saginaw, Michigan",0.34461538461538466
1810,"Saint bernard, Louisiana",0.4842857142857143
1811,"Saint charles, Missouri",0.7683673469387755
1812,"Saint clair, Michigan",0.41851851851851857
1813,"Saint francois, Missouri",0.128944099378882
1814,"Saint james, Louisiana",0.034210526315789476
1815,"Saint joseph, Michigan",2.969230769230769
1816,"Saint landry, Louisiana",0.6666666666666666
1817,"Saint lawrence, New York",0.7780689655172414
1818,"Saint louis, Missouri",0.9637777777777777
1819,"Saint tammany, Louisiana",0.0
1820,"Sainte genevieve, Missouri",0.0
1821,"Salem, New Jersey",4.977463768115943
1822,"Salem, Virginia",0.07142857142857142
1823,"Saline county, Arkansas",7.467157894736845
1824,"Saline, Arkansas",1.0266666666666668
1825,"Saline, Illinois",0.14409836065573772
1826,"Saline, Kansas",6.281885245901639
1827,"Saline, Missouri",2.954565217391304
1828,"Saline, Nebraska",0.26835064935064934
1829,"Salt lake, Utah",0.6357229729729729
1830,"Saluda, South Carolina",0.06
1831,"Sampson, North Carolina",1.519191919191919
1832,"San augustine, Texas",2.093584905660378
1833,"San benito, California",7.05
1834,"San bernardino county, California",1.8800000000000001
1835,"San bernardino, California",0.17898512221041446
1836,"San diego county, California",0.9833333333333333
1837,"San diego, California",5.424615506329112
1838,"San francisco, California",0.0
1839,"San jacinto, Texas",0.5653333333333334
1840,"San joaquin, California",0.2697346600331675
1841,"San juan, New Mexico",0.23709205020920482
1842,"San juan, Utah",0.12307692307692308
1843,"San juan, Washington",10.693034825870638
1844,"San luis obispo, California",1.4280769230769232
1845,"San mateo, California",1.0746951219512197
1846,"San miguel, New Mexico",0.8186409266409264
1847,"San patricio, Texas",13.846990291262122
1848,"San saba, Texas",1.1619047619047618
1849,"Sanders, Montana",0.05357142857142857
1850,"Sandoval, New Mexico",14.27497757847533
1851,"Sandusky, Ohio",1.8656060606060603
1852,"Sangamon, Illinois",0.5692065217391306
1853,"Sanilac, Michigan",0.8191489361702129
1854,"Sanpete, Utah",1.6916666666666667
1855,"Santa barbara, California",2.0742857142857143
1856,"Santa clara, California",4.8420588235294115
1857,"Santa cruz, Arizona",2.9272727272727277
1858,"Santa cruz, California",0.3131004366812227
1859,"Santa fe, New Mexico",1.230560538116592
1860,"Santa rosa, Florida",0.06749999999999999
1861,"Saratoga, New York",0.18957307060755332
1862,"Sargent, North Dakota",1.915
1863,"Sarpy, Nebraska",0.5664188034188036
1864,"Saunders, Nebraska",0.2527350427350427
1865,"Schenectady, New York",0.39531249999999996
1866,"Schleicher, Texas",0.635
1867,"Schoharie, New York",0.26757317073170733
1868,"Schuyler, Illinois",0.3333333333333333
1869,"Schuyler, New York",6.5501503759398485
1870,"Scioto, Ohio",2.1156617647058815
1871,"Scotland, Missouri",0.0
1872,"Scotland, North Carolina",0.125
1873,"Scott, Arkansas",0.03125
1874,"Scott, Illinois",1.3555172413793104
1875,"Scott, Indiana",0.0
1876,"Scott, Iowa",0.0074866310160427805
1877,"Scott, Kansas",7.6
1878,"Scott, Minnesota",0.26571428571428574
1879,"Scott, Missouri",0.36828025477707
1880,"Scott, Virginia",0.07216494845360825
1881,"Scotts bluff, Nebraska",2.2996491228070184
1882,"Scurry, Texas",12.396880733944956
1883,"Searcy, Arkansas",0.4124999999999999
1884,"Sebastian, Arkansas",0.09234299516908215
1885,"Sedgwick, Kansas",3.025652173913045
1886,"Seminole, Oklahoma",4.529244444444444
1887,"Seneca, New York",4.135299401197604
1888,"Seneca, Ohio",0.5925762711864406
1889,"Sequoyah, Oklahoma",0.08084870848708488
1890,"Sevier, Arkansas",0.028484848484848484
1891,"Sevier, Utah",0.45999999999999996
1892,"Seward, Kansas",1.31125
1893,"Seward, Nebraska",0.46896363636363636
1894,"Shackelford, Texas",42.76608247422679
1895,"Shannon, Missouri",0.049999999999999996
1896,"Sharp county, Arkansas",0.0
1897,"Sharp, Arkansas",0.0
1898,"Shasta, California",4.475
1899,"Shawnee, Kansas",0.3202970297029703
1900,"Shelby, Alabama",0.016024844720496895
1901,"Shelby, Illinois",0.4272499999999999
1902,"Shelby, Indiana",0.0
1903,"Shelby, Iowa",3.461764705882353
1904,"Shelby, Missouri",0.03852941176470588
1905,"Shelby, Ohio",1.1647058823529408
1906,"Shelby, Texas",2.94480198019802
1907,"Shenandoah, Virginia",0.1385321100917431
1908,"Sherburne, Minnesota",0.12648648648648647
1909,"Sheridan, Kansas",1.3
1910,"Sheridan, Montana",0.0
1911,"Sheridan, Nebraska",0.0
1912,"Sheridan, North Dakota",0.64
1913,"Sherman, Kansas",3.203333333333333
1914,"Sherman, Nebraska",0.0
1915,"Sherman, Texas",1.7538095238095242
1916,"Shiawassee, Michigan",1.9903225806451617
1917,"Shoshone, Idaho",0.0
1918,"Sibley, Minnesota",0.0
1919,"Sierra, California",0.0
1920,"Sierra, New Mexico",5.000705882352942
1921,"Silver bow, Montana",2.734666666666667
1922,"Silverbow, Montana",0.016666666666666666
1923,"Sioux, Iowa",0.34600000000000003
1924,"Sioux, Nebraska",0.0
1925,"Sioux, North Dakota",33.76515151515152
1926,"Siskiyou, California",0.155
1927,"Sitka city and, Alaska",0.0
1928,"Skagit, Washington",0.1262466487935657
1929,"Skamania, Washington",0.0
1930,"Slope, North Dakota",0.0
1931,"Smith, Kansas",25.11875
1932,"Smith, Texas",1.0840099009900992
1933,"Smyth, Virginia",0.030563798219584565
1934,"Snohomish county, Washington",0.02857142857142857
1935,"Snohomish, Washington",0.1610026385224275
1936,"Socorro, New Mexico",4.712083333333333
1937,"Solano, California",0.28295454545454546
1938,"Somerset, Maine",0.012222222222222223
1939,"Somerset, New Jersey",0.8010376862401403
1940,"Somerset, Pennsylvania",0.0
1941,"Somervell, Texas",0.77984375
1942,"Sonoma, California",0.03205479452054794
1943,"Southampton, Virginia",0.4266666666666667
1944,"Southeast fairbanks census area, Alaska",0.0
1945,"Southeast fairbanks, Alaska",0.0
1946,"Spartanburg, South Carolina",0.10470689655172412
1947,"Spencer, Indiana",0.0
1948,"Spokane, Washington",0.2965450793650795
1949,"Spotsylvania, Virginia",0.007954545454545454
1950,"St clair, Alabama",0.0
1951,"St clair, Illinois",0.0
1952,"St helena, Louisiana",0.0
1953,"St john the baptist, Louisiana",0.0
1954,"St joseph, Indiana",0.09166666666666667
1955,"St landry, Louisiana",2.6014285714285714
1956,"St lawrence, New York",1.25
1957,"St louis, Missouri",0.0
1958,"St lucie, Florida",0.36
1959,"St tammany, Louisiana",0.0563157894736842
1960,"St. bernard, Louisiana",0.0
1961,"St. charles, Louisiana",0.220328947368421
1962,"St. charles, Missouri",0.7646534653465346
1963,"St. clair county, Missouri",0.0
1964,"St. clair, Alabama",0.0
1965,"St. clair, Illinois",0.020039100684261974
1966,"St. clair, Michigan",0.58
1967,"St. clair, Missouri",0.0
1968,"St. francis, Arkansas",3.098461538461538
1969,"St. francois, Missouri",0.2548484848484849
1970,"St. helena, Louisiana",0.0
1971,"St. james, Louisiana",0.14227642276422764
1972,"St. john the baptist parish, Louisiana",2.3956521739130436
1973,"St. john the baptist, Louisiana",0.07433121019108281
1974,"St. joseph county, Indiana",0.0
1975,"St. joseph, Indiana",0.020754716981132078
1976,"St. joseph, Michigan",0.5499999999999999
1977,"St. landry, Louisiana",1.8954901960784314
1978,"St. lawrence, New York",0.6497782705099778
1979,"St. louis city, Missouri",0.0
1980,"St. louis, Minnesota",0.6540540540540543
1981,"St. louis, Missouri",3.1573333333333333
1982,"St. lucie, Florida",0.0
1983,"St. martin parish, Louisiana",0.0
1984,"St. martin, Louisiana",1.7104444444444444
1985,"St. mary parish, Louisiana",0.19090909090909092
1986,"St. mary, Louisiana",0.6491928251121075
1987,"St. tammany parish, Louisiana",0.05692307692307692
1988,"St. tammany, Louisiana",0.1912972972972973
1989,"Stafford, Kansas",4.825
1990,"Stafford, Virginia",0.0
1991,"Stanislaus, California",0.7027027027027027
1992,"Stanly, North Carolina",0.06808510638297872
1993,"Stanton, Kansas",2.675
1994,"Stanton, Nebraska",2.4
1995,"Stark, Illinois",7.388888888888889
1996,"Stark, North Dakota",0.0
1997,"Stark, Ohio",2.400817051509769
1998,"Starke, Indiana",0.0
1999,"Starr, Texas",7.388539823008849
2000,"Ste. genevieve, Missouri",3.7628571428571433
2001,"Stearns, Minnesota",0.014285714285714287
2002,"Steele, Minnesota",0.0
2003,"Steele, North Dakota",1.5225
2004,"Stephens, Oklahoma",4.638888888888887
2005,"Stephens, Texas",28.582031249999993
2006,"Stephenson, Illinois",0.32567164179104485
2007,"Sterling, Texas",1.48
2008,"Steuben, Indiana",0.0
2009,"Steuben, New York",2.144986376021799
2010,"Stevens, Kansas",1.7249999999999999
2011,"Stevens, Minnesota",0.0
2012,"Stevens, Washington",0.04575757575757576
2013,"Stillwater, Montana",3.021428571428572
2014,"Stoddard, Missouri",2.412352941176471
2015,"Stokes, North Carolina",0.11282051282051282
2016,"Stone, Arkansas",1.7146987951807229
2017,"Stone, Missouri",0.39513698630136995
2018,"Stonewall, Texas",7.07
2019,"Storey, Nevada",1.4287179487179487
2020,"Story, Iowa",0.95140625
2021,"Stutsman, North Dakota",0.13714285714285715
2022,"Suffolk, New York",0.4402898550724639
2023,"Suffolk, Virginia",0.0
2024,"Sullivan, Indiana",0.5333333333333333
2025,"Sullivan, Missouri",0.4752475247524752
2026,"Sullivan, New York",0.38720698254364067
2027,"Summers, West Virginia",0.0
2028,"Summit, Ohio",1.2769358669833728
2029,"Summit, Utah",0.16285714285714287
2030,"Sumner, Kansas",4.765967741935485
2031,"Sumter, Alabama",0.0986
2032,"Sumter, South Carolina",0.047615384615384615
2033,"Surry, North Carolina",0.2022988505747126
2034,"Surry, Virginia",0.20454545454545456
2035,"Susquehanna, Pennsylvania",0.0
2036,"Sussex, New Jersey",0.4426672391584373
2037,"Sussex, Virginia",0.04647887323943662
2038,"Sutter, California",1.25
2039,"Sutton, Texas",1.3492307692307692
2040,"Swain, North Carolina",0.0
2041,"Sweet grass, Montana",0.0
2042,"Sweetwater, Wyoming",17.7
2043,"Swift, Minnesota",0.0
2044,"Swisher, Texas",3.7443181818181825
2045,"Switzerland, Indiana",0.0
2046,"Talladega, Alabama",0.003941176470588235
2047,"Tallapoosa, Alabama",0.0
2048,"Tama, Iowa",0.24104166666666668
2049,"Taney, Missouri",3.7345312500000003
2050,"Tangipahoa parish, Louisiana",0.0
2051,"Tangipahoa, Louisiana",0.11578947368421054
2052,"Taos, New Mexico",2.5123489932885907
2053,"Tarrant, Texas",1.7740219780219741
2054,"Taylor, Iowa",0.09604166666666668
2055,"Taylor, Texas",26.957768052516396
2056,"Taylor, West Virginia",0.0
2057,"Tazewell, Illinois",1.2671764705882356
2058,"Tazewell, Virginia",0.0011160714285714285
2059,"Tensas, Louisiana",0.016213592233009708
2060,"Terrebonne, Louisiana",0.4324768211920531
2061,"Terrell, Texas",0.7666666666666666
2062,"Terry, Texas",7.018249999999999
2063,"Teton, Idaho",0.0
2064,"Teton, Montana",0.24192982456140352
2065,"Texas, Missouri",0.011333333333333334
2066,"Texas, Oklahoma",0.5212903225806451
2067,"Thayer, Nebraska",0.0
2068,"Thomas, Kansas",1.7833333333333332
2069,"Thomas, Nebraska",0.0
2070,"Throckmorton, Texas",11.94
2071,"Thurston, Nebraska",1.1291176470588236
2072,"Thurston, Washington",0.298005657708628
2073,"Tillman, Oklahoma",29.55194285714288
2074,"Tioga, New York",0.6818666666666666
2075,"Tippecanoe, Indiana",1.3323529411764707
2076,"Tipton, Indiana",0.18
2077,"Titus, Texas",2.3336434108527144
2078,"Todd, Minnesota",0.0
2079,"Tolland, Connecticut",0.17449739389426655
2080,"Tom green, Texas",23.16902985074628
2081,"Tompkins, New York",0.8465624999999999
2082,"Tooele, Utah",1.4352941176470595
2083,"Toole, Montana",0.5905084745762712
2084,"Torrance, New Mexico",3.1629629629629625
2085,"Towner, North Dakota",8.546666666666665
2086,"Traill, North Dakota",3.307894736842105
2087,"Transylvania, North Carolina",0.0
2088,"Travis, Texas",3.0769488188976393
2089,"Treasure, Montana",0.0
2090,"Trego, Kansas",9.1
2091,"Trinity, California",0.0
2092,"Trinity, Texas",15.21688073394495
2093,"Trumbull, Ohio",1.448648648648649
2094,"Tucker, West Virginia",0.04230769230769231
2095,"Tulare, California",0.0
2096,"Tulsa, Oklahoma",0.5171684587813619
2097,"Tuolumne, California",0.15833333333333333
2098,"Tuscaloosa, Alabama",0.04145833333333334
2099,"Tuscarawas, Ohio",1.1940579710144925
2100,"Tuscola, Michigan",1.526470588235294
2101,"Tyler, Texas",0.026373626373626374
2102,"Tyler, West Virginia",7.607228915662652
2103,"Tyrrell, North Carolina",14.651219512195123
2104,"Uintah, Utah",0.0
2105,"Ulster, New York",0.4055465116279071
2106,"Union parish, Louisiana",27.645263157894735
2107,"Union, Arkansas",15.654240150093814
2108,"Union, Illinois",0.126497461928934
2109,"Union, Indiana",0.0
2110,"Union, Iowa",0.02589285714285714
2111,"Union, Louisiana",99.22056603773586
2112,"Union, New Jersey",0.3735458715596329
2113,"Union, New Mexico",1.4785714285714284
2114,"Union, North Carolina",0.38768115942028986
2115,"Union, Ohio",3.3924806201550393
2116,"Union, South Carolina",5.538212927756655
2117,"Unknown, South Carolina",0.0
2118,"Upshur, Texas",9.282815126050417
2119,"Upshur, West Virginia",0.020731707317073172
2120,"Upton, Texas",10.200000000000001
2121,"Utah, Utah",0.27380952380952384
2122,"Uvalde, Texas",1.3061111111111114
2123,"Val verde, Texas",2.358227848101266
2124,"Valdez-cordova, Alaska",0.012594594594594595
2125,"Valencia, New Mexico",0.626031746031746
2126,"Valley, Idaho",0.0
2127,"Valley, Montana",0.028461538461538458
2128,"Valley, Nebraska",0.0
2129,"Van buren, Arkansas",0.04716981132075472
2130,"Van buren, Iowa",0.024576271186440683
2131,"Van buren, Michigan",0.017333333333333333
2132,"Van wert, Ohio",0.892747252747253
2133,"Van zandt, Texas",4.206708074534163
2134,"Vance, North Carolina",0.05
2135,"Venango, Pennsylvania",13.459999999999999
2136,"Ventura, California",4.900000000000001
2137,"Vermilion, Illinois",0.11513698630136988
2138,"Vermilion, Louisiana",16.66315789473684
2139,"Vermillion county, Indiana",1.1333333333333335
2140,"Vermillion, Indiana",0.59
2141,"Vernon, Louisiana",0.6156250000000001
2142,"Vernon, Missouri",2.286060606060606
2143,"Victoria, Texas",2.6085217391304347
2144,"Vigo, Indiana",0.51
2145,"Vinton, Ohio",0.2776190476190476
2146,"Virginia beach city, Virginia",0.0
2147,"Virginia beach, Virginia",0.0
2148,"Wabash, Illinois",0.15476190476190477
2149,"Wabash, Indiana",0.0
2150,"Wabasha, Minnesota",0.0
2151,"Wabaunsee, Kansas",0.5635211267605634
2152,"Wade hampton, Alaska",0.8192523364485981
2153,"Wagoner, Oklahoma",0.5654770318021202
2154,"Wahkiakum, Washington",0.026521739130434784
2155,"Wake, North Carolina",0.4480745658835546
2156,"Waldo, Maine",0.1910569105691057
2157,"Walker, Alabama",0.0
2158,"Walker, Texas",8.49807547169811
2159,"Walla walla, Washington",1.6371538461538455
2160,"Wallace, Kansas",4.718333333333334
2161,"Waller, Texas",0.36771653543307087
2162,"Walsh, North Dakota",2.2944
2163,"Wapello, Iowa",0.013636363636363636
2164,"Ward, North Dakota",19.149197860962566
2165,"Ward, Texas",3.6828571428571424
2166,"Warren, Illinois",0.612
2167,"Warren, Indiana",0.04285714285714286
2168,"Warren, Iowa",0.7663265306122445
2169,"Warren, Missouri",0.8277906976744187
2170,"Warren, New Jersey",0.31645743834526663
2171,"Warren, New York",0.009610705596107055
2172,"Warren, North Carolina",0.0
2173,"Warren, Ohio",3.5618385650224207
2174,"Warren, Virginia",0.30583941605839426
2175,"Warrick, Indiana",1.8999999999999997
2176,"Wasatch, Utah",0.02727272727272727
2177,"Waseca, Minnesota",0.0
2178,"Washington county, Arkansas",0.009302325581395349
2179,"Washington parish, Louisiana",0.0
2180,"Washington, Alabama",0.0
2181,"Washington, Arkansas",0.0
2182,"Washington, Idaho",0.0
2183,"Washington, Illinois",0.022777777777777775
2184,"Washington, Indiana",1.86
2185,"Washington, Iowa",1.2559999999999998
2186,"Washington, Kansas",1.1172222222222221
2187,"Washington, Louisiana",0.10555555555555556
2188,"Washington, Maine",0.3553305785123967
2189,"Washington, Minnesota",0.034210526315789476
2190,"Washington, Missouri",0.015357142857142857
2191,"Washington, Nebraska",0.4257094594594596
2192,"Washington, New York",0.08719298245614036
2193,"Washington, North Carolina",30.956521739130434
2194,"Washington, Ohio",2.6916438356164383
2195,"Washington, Oklahoma",0.4884057971014492
2196,"Washington, Pennsylvania",4.0225
2197,"Washington, Rhode Island",0.0
2198,"Washington, Texas",5.684431137724553
2199,"Washington, Utah",1.916129032258064
2200,"Washington, Vermont",0.07636574074074075
2201,"Washington, Virginia",0.002797202797202797
2202,"Washita, Oklahoma",1.8357142857142856
2203,"Washoe, Nevada",0.31114942528735656
2204,"Washtenaw, Michigan",1.2142857142857142
2205,"Watauga, North Carolina",0.3065116279069768
2206,"Watonwan, Minnesota",0.6454545454545454
2207,"Wayne, Illinois",0.017885985748218525
2208,"Wayne, Indiana",0.0
2209,"Wayne, Iowa",0.0
2210,"Wayne, Michigan",0.0
2211,"Wayne, Missouri",0.03964788732394366
2212,"Wayne, Nebraska",0.0
2213,"Wayne, New York",0.49217636684303373
2214,"Wayne, North Carolina",0.0877094972067039
2215,"Wayne, Ohio",1.1674659863945582
2216,"Wayne, Utah",0.0
2217,"Wayne, West Virginia",2.081176470588235
2218,"Waynesboro city, Virginia",0.0
2219,"Webb county, Texas",6.224210526315789
2220,"Webb, Texas",6.105927272727272
2221,"Weber, Utah",0.025609756097560978
2222,"Webster, Iowa",5.782352941176472
2223,"Webster, Louisiana",5.03047619047619
2224,"Webster, Missouri",0.0526829268292683
2225,"Webster, Nebraska",0.0
2226,"Webster, West Virginia",0.16642857142857143
2227,"Wells, Indiana",0.0
2228,"Wells, North Dakota",0.7480769230769229
2229,"West baton rouge, Louisiana",2.1166666666666667
2230,"West carroll parish, Louisiana",9.057500000000001
2231,"West carroll, Louisiana",3.6833333333333336
2232,"West feliciana, Louisiana",1.2
2233,"Westchester, New York",0.17601683937823837
2234,"Westmoreland, Pennsylvania",1.3909090909090909
2235,"Westmoreland, Virginia",0.029464285714285714
2236,"Wetzel, West Virginia",2.7833333333333323
2237,"Wexford, Michigan",5.7
2238,"Wharton, Texas",0.7706666666666665
2239,"Whatcom, Washington",1.344810379241517
2240,"Wheatland, Montana",0.17500000000000002
2241,"Wheeler, Nebraska",0.0
2242,"Wheeler, Texas",1.7592592592592593
2243,"White pine, Nevada",0.23489795918367345
2244,"White, Arkansas",2.94668049792531
2245,"White, Illinois",0.3874509803921568
2246,"White, Indiana",0.0
2247,"Whiteside, Illinois",1.5360975609756098
2248,"Whitley, Indiana",0.0
2249,"Whitman, Washington",1.7575824175824175
2250,"Wibaux, Montana",0.0
2251,"Wichita, Kansas",22.0
2252,"Wichita, Texas",2.479351145038168
2253,"Wilbarger, Texas",3.940217391304349
2254,"Wilcox, Alabama",2.6100000000000003
2255,"Wilkes, North Carolina",0.0
2256,"Will, Illinois",1.1761224489795918
2257,"Willacy county, Texas",6.441923076923076
2258,"Willacy, Texas",4.830408163265305
2259,"Williams, North Dakota",0.11774193548387095
2260,"Williams, Ohio",1.1617355371900826
2261,"Williamsburg, South Carolina",7.306956521739131
2262,"Williamson, Illinois",0.15862542955326456
2263,"Williamson, Texas",2.7145971563981024
2264,"Wilson, Kansas",0.5818897637795276
2265,"Wilson, North Carolina",0.23190184049079754
2266,"Wilson, Texas",2.2385869565217393
2267,"Winchester, Virginia",0.014093959731543622
2268,"Windham, Connecticut",0.05218401486988848
2269,"Windham, Vermont",0.1926123936816525
2270,"Windsor, Vermont",0.26004962779156315
2271,"Winkler, Texas",3.384615384615384
2272,"Winn, Louisiana",48.156511627906966
2273,"Winnebago, Illinois",0.21518987341772153
2274,"Winnebago, Iowa",0.03571428571428571
2275,"Winneshiek, Iowa",0.03875
2276,"Winona, Minnesota",0.0
2277,"Winston, Alabama",0.0
2278,"Wirt, West Virginia",0.0
2279,"Wise, Texas",1.8112681912681907
2280,"Wise, Virginia",0.10365853658536588
2281,"Wood, Ohio",3.960535987748845
2282,"Wood, Texas",5.517083333333335
2283,"Wood, West Virginia",1.513868613138686
2284,"Woodbury, Iowa",0.8122222222222222
2285,"Woodford, Illinois",0.09516129032258065
2286,"Woodruff, Arkansas",2.07
2287,"Woods, Oklahoma",1.0138095238095237
2288,"Woodson, Kansas",0.2368
2289,"Woodward, Oklahoma",0.6270886075949367
2290,"Worth, Iowa",0.0945
2291,"Worth, Missouri",0.0
2292,"Wrangell, Alaska",0.0
2293,"Wright, Iowa",0.0
2294,"Wright, Minnesota",0.0
2295,"Wright, Missouri",0.0
2296,"Wyandot, Ohio",0.08637681159420289
2297,"Wyandotte, Kansas",0.3433333333333333
2298,"Wyoming, New York",0.6679918032786886
2299,"Wyoming, Pennsylvania",4.949999999999999
2300,"Wyoming, West Virginia",1.7970852017937218
2301,"Wythe, Virginia",0.023888888888888887
2302,"Yadkin, North Carolina",0.005813953488372093
2303,"Yakima, Washington",0.5684897025171624
2304,"Yakutat, Alaska",0.0
2305,"Yancey, North Carolina",0.006385542168674699
2306,"Yates, New York",0.7525837320574165
2307,"Yavapai, Arizona",0.0
2308,"Yell, Arkansas",0.3480681818181818
2309,"Yellow medicine, Minnesota",0.0
2310,"Yellowstone, Montana",0.6076582278481013
2311,"Yoakum, Texas",44.576666666666675
2312,"Yolo, California",0.0
2313,"York, Maine",0.14180451127819552
2314,"York, Nebraska",0.036533333333333334
2315,"York, Pennsylvania",0.0
2316,"York, South Carolina",0.7045762711864407
2317,"York, Virginia",0.6985772357723579
2318,"Young, Texas",8.776479999999996
2319,"Yuba, California",0.0
2320,"Yukon-koyukuk census area, Alaska",0.0
2321,"Yukon-koyukuk, Alaska",0.012198275862068966
2322,"Yuma, Arizona",4.9760869565217405
2323,"Zapata county, Texas",4.992608695652175
2324,"Zapata, Texas",4.365128205128206
2325,"Zavala, Texas",1.4842857142857142
