,county,carbofuran
0,"-, Arizona",0.0
1,"Abbeville, South Carolina",0.0
2,"Acadia, Louisiana",0.0
3,"Accomack, Virginia",0.0
4,"Ada, Idaho",0.0
5,"Adair, Kentucky",0.0
6,"Adair, Missouri",0.0
7,"Adair, Oklahoma",0.0
8,"Adams, Idaho",0.0
9,"Adams, Illinois",0.0
10,"Adams, Indiana",0.0
11,"Adams, Nebraska",0.0
12,"Adams, Ohio",0.0
13,"Adams, Pennsylvania",0.0
14,"Adams, Washington",0.0
15,"Adams, Wisconsin",0.0
16,"Addison, Vermont",0.0
17,"Aiken, South Carolina",0.0
18,"Aitkin, Minnesota",0.0
19,"Alachua, Florida",0.0
20,"Alamance, North Carolina",0.0
21,"Alameda, California",0.0
22,"Albany, New York",0.0
23,"Albany, Wyoming",0.0
24,"Albemarle, Virginia",0.0
25,"Alcona, Michigan",0.0
26,"Alexander, Illinois",0.0
27,"Alexander, North Carolina",0.0
28,"Alger, Michigan",0.0
29,"Allegan, Michigan",0.0
30,"Allegany, Maryland",0.0
31,"Allegany, New York",0.0
32,"Alleghany, North Carolina",0.0
33,"Alleghany, Virginia",0.0
34,"Allegheny county, Pennsylvania",0.0
35,"Allegheny, Pennsylvania",0.0
36,"Allen, Indiana",0.0
37,"Allen, Kansas",0.0
38,"Allen, Kentucky",0.0
39,"Allen, Louisiana",0.0
40,"Allendale, South Carolina",0.0
41,"Alpena, Michigan",0.0
42,"Alpine, California",0.0
43,"American samoa, American Samoa",0.0
44,"Amherst, Virginia",0.0
45,"Anderson, Kansas",0.0
46,"Anderson, Kentucky",0.0
47,"Anderson, South Carolina",0.0
48,"Anderson, Texas",0.0
49,"Andrew, Missouri",0.0
50,"Andrews, Texas",0.0
51,"Androscoggin, Maine",0.0
52,"Angelina, Texas",0.0
53,"Anne arundel, Maryland",0.0
54,"Anoka, Minnesota",0.0
55,"Anson, North Carolina",0.0
56,"Antelope, Nebraska",0.0
57,"Antrim, Michigan",0.0
58,"Apache, Arizona",0.0
59,"Archer, Texas",0.0
60,"Arenac, Michigan",0.0
61,"Arkansas, Arkansas",0.0
62,"Armstrong county, Pennsylvania",0.0
63,"Armstrong, Pennsylvania",0.0
64,"Aroostook, Maine",0.0
65,"Arthur, Nebraska",0.0
66,"Ascension, Louisiana",0.0
67,"Ashe, North Carolina",0.0
68,"Ashland, Wisconsin",0.0
69,"Ashley, Arkansas",0.0
70,"Asotin, Washington",0.0
71,"Assumption, Louisiana",0.0
72,"Atascosa, Texas",0.0
73,"Atchison, Kansas",0.0
74,"Atchison, Missouri",0.0
75,"Atlantic, New Jersey",0.0
76,"Audrain, Missouri",0.0
77,"Augusta, Virginia",0.0
78,"Aurora, South Dakota",0.0
79,"Austin, Texas",0.0
80,"Autauga, Alabama",0.0
81,"Avery, North Carolina",0.0
82,"Avoyelles, Louisiana",0.0
83,"B, Oklahoma",0.0
84,"Bailey, Texas",0.0
85,"Baker county, Florida",0.0
86,"Baker, Florida",0.0
87,"Baker, Oregon",0.0
88,"Baldwin, Alabama",0.0
89,"Ballard, Kentucky",0.0
90,"Baltimore city, Maryland",0.0
91,"Baltimore, Maryland",0.0
92,"Bamberg, South Carolina",0.0
93,"Bandera, Texas",0.0
94,"Banner, Nebraska",0.0
95,"Bannock, Idaho",0.0
96,"Baraga, Michigan",0.0
97,"Barbour, Alabama",0.0
98,"Barbour, West Virginia",0.0
99,"Barnstable, Massachusetts",0.0
100,"Barnwell, South Carolina",0.0
101,"Barren, Kentucky",0.0
102,"Barron, Wisconsin",0.0
103,"Barry, Michigan",0.0
104,"Barry, Missouri",0.0
105,"Bartholomew, Indiana",0.0
106,"Barton, Missouri",0.0
107,"Bastrop, Texas",0.0
108,"Bates, Missouri",0.0
109,"Bath, Virginia",0.0
110,"Baxter, Arkansas",0.0
111,"Bay, Florida",0.0
112,"Bay, Michigan",0.0
113,"Bayfield, Wisconsin",0.0
114,"Baylor, Texas",0.0
115,"Beadle, South Dakota",0.0
116,"Bear lake, Idaho",0.0
117,"Beaufort, North Carolina",0.0
118,"Beaufort, South Carolina",0.0
119,"Beauregard, Louisiana",0.0
120,"Beaver county, Pennsylvania",0.0
121,"Beaver, Oklahoma",0.0
122,"Beaver, Pennsylvania",0.0
123,"Beaver, Utah",0.0
124,"Beaverhead, Montana",0.0
125,"Becker, Minnesota",0.0
126,"Bedford, Pennsylvania",0.0
127,"Bedford, Virginia",0.0
128,"Bee, Texas",0.0
129,"Belknap, New Hampshire",0.0
130,"Bell, Kentucky",0.0
131,"Bell, Texas",0.0
132,"Belmont, Ohio",0.0
133,"Beltrami county, Minnesota",0.0
134,"Beltrami, Minnesota",0.0
135,"Benewah, Idaho",0.0
136,"Bennett, South Dakota",0.0
137,"Bennington, Vermont",0.0
138,"Benton county, Arkansas",0.0
139,"Benton, Arkansas",0.0
140,"Benton, Indiana",0.0
141,"Benton, Minnesota",0.0
142,"Benton, Missouri",0.0
143,"Benton, Oregon",0.0
144,"Benton, Washington",0.0
145,"Benzie, Michigan",0.0
146,"Bergen, New Jersey",0.0
147,"Berkeley, South Carolina",0.0
148,"Berkeley, West Virginia",0.0
149,"Berks county, Pennsylvania",0.0
150,"Berks, Pennsylvania",0.0
151,"Berkshire, Massachusetts",0.0
152,"Bernalillo, New Mexico",0.0
153,"Berrien, Michigan",0.0
154,"Bertie, North Carolina",0.0
155,"Bexar, Texas",0.0
156,"Bibb, Alabama",0.0
157,"Bienville, Louisiana",0.0
158,"Big horn, Montana",0.0
159,"Big horn, Wyoming",0.0
160,"Big stone, Minnesota",0.0
161,"Bingham, Idaho",0.0
162,"Blackford, Indiana",0.0
163,"Bladen, North Carolina",0.0
164,"Blaine, Idaho",0.0
165,"Blaine, Montana",0.0
166,"Blaine, Nebraska",0.0
167,"Blaine, Oklahoma",0.0
168,"Blair, Pennsylvania",0.0
169,"Blanco, Texas",0.0
170,"Bland, Virginia",0.0
171,"Blount, Alabama",0.0
172,"Blue earth, Minnesota",0.0
173,"Boise, Idaho",0.0
174,"Bollinger, Missouri",0.0
175,"Bon homme, South Dakota",0.0
176,"Bond, Illinois",0.0
177,"Bonner, Idaho",0.0
178,"Bonneville, Idaho",0.0
179,"Boone, Arkansas",0.0
180,"Boone, Illinois",0.0
181,"Boone, Indiana",0.0
182,"Boone, Kentucky",0.060000000000000005
183,"Boone, Missouri",0.0
184,"Boone, Nebraska",0.0
185,"Boone, West Virginia",0.0
186,"Bosque, Texas",0.0
187,"Bossier, Louisiana",0.0
188,"Botetourt, Virginia",0.0
189,"Boundary, Idaho",0.0
190,"Bourbon, Kansas",0.0
191,"Bourbon, Kentucky",0.0
192,"Bowie, Texas",0.0
193,"Box butte, Nebraska",0.0
194,"Box elder, Utah",0.0
195,"Boyd, Kentucky",0.0
196,"Boyd, Nebraska",0.0
197,"Boyle, Kentucky",0.0
198,"Bracken, Kentucky",0.0
199,"Bradford, Florida",0.0
200,"Bradford, Pennsylvania",0.0
201,"Bradley, Arkansas",0.0
202,"Branch, Michigan",0.0
203,"Braxton, West Virginia",0.0
204,"Brazoria, Texas",0.0
205,"Brazos, Texas",0.0
206,"Breathitt, Kentucky",0.0
207,"Breckinridge, Kentucky",0.0
208,"Brevard, Florida",0.0
209,"Brewster, Texas",0.0
210,"Briscoe, Texas",0.0
211,"Bristol, Massachusetts",0.0
212,"Bristol, Rhode Island",0.0
213,"Bristol, Virginia",0.0
214,"Broadwater, Montana",0.0
215,"Brooke, West Virginia",0.0
216,"Brookings, South Dakota",0.0
217,"Brooks, Texas",0.0
218,"Broome, New York",0.0
219,"Broward county, Florida",0.0
220,"Broward, Florida",0.0
221,"Brown, Illinois",0.0
222,"Brown, Indiana",0.0
223,"Brown, Kansas",0.0
224,"Brown, Minnesota",0.0
225,"Brown, Nebraska",0.0
226,"Brown, Ohio",0.0
227,"Brown, South Dakota",0.0
228,"Brown, Texas",0.0
229,"Brown, Wisconsin",0.0
230,"Brule, South Dakota",0.0
231,"Brunswick, North Carolina",0.0
232,"Brunswick, Virginia",0.0
233,"Bryan, Oklahoma",0.0
234,"Buchanan, Virginia",0.0
235,"Buckingham, Virginia",0.0
236,"Bucks county, Pennsylvania",0.0
237,"Bucks, Pennsylvania",0.0
238,"Buena vista, Virginia",0.0
239,"Buffalo, Nebraska",0.0
240,"Buffalo, Wisconsin",0.0
241,"Bullock, Alabama",0.0
242,"Buncombe, North Carolina",0.0
243,"Bureau, Illinois",0.0
244,"Burke, North Carolina",0.0
245,"Burleson, Texas",0.0
246,"Burlington, New Jersey",0.0
247,"Burnet, Texas",0.0
248,"Burnett, Wisconsin",0.0
249,"Burt, Nebraska",0.0
250,"Butler, Alabama",0.0
251,"Butler, Kansas",0.0
252,"Butler, Kentucky",0.0
253,"Butler, Missouri",0.0
254,"Butler, Nebraska",0.0
255,"Butler, Ohio",0.0
256,"Butler, Pennsylvania",0.0
257,"Butte, California",0.0
258,"Butte, Idaho",0.0
259,"Butte, South Dakota",0.0
260,"Cabarrus, North Carolina",0.0
261,"Cabell, West Virginia",0.0
262,"Cache, Utah",0.0
263,"Caddo parish, Louisiana",0.0
264,"Caddo, Louisiana",0.0
265,"Caddo, Oklahoma",0.0
266,"Calaveras, California",0.0
267,"Calcasieu, Louisiana",0.0
268,"Caldwell, Kentucky",0.0
269,"Caldwell, Louisiana",0.0
270,"Caldwell, Missouri",0.0
271,"Caldwell, North Carolina",0.0
272,"Caldwell, Texas",0.0
273,"Caledonia, Vermont",0.0
274,"Calhoun, Alabama",0.0
275,"Calhoun, Arkansas",0.0
276,"Calhoun, Florida",0.0
277,"Calhoun, Illinois",0.0
278,"Calhoun, Michigan",0.0
279,"Calhoun, South Carolina",0.0
280,"Calhoun, Texas",0.0
281,"Calhoun, West Virginia",0.0
282,"Callahan, Texas",0.0
283,"Callaway, Missouri",0.0
284,"Calloway, Kentucky",0.0
285,"Calumet, Wisconsin",0.0
286,"Calvert, Maryland",0.0
287,"Cambria county, Pennsylvania",0.0
288,"Cambria, Pennsylvania",0.0
289,"Camden, Missouri",0.0
290,"Camden, New Jersey",0.0
291,"Camden, North Carolina",0.0
292,"Cameron, Louisiana",0.0
293,"Cameron, Pennsylvania",0.0
294,"Cameron, Texas",0.0
295,"Camp, Texas",0.0
296,"Campbell, Kentucky",0.0
297,"Campbell, Virginia",0.0
298,"Campbell, Wyoming",0.0
299,"Canadian, Oklahoma",0.0
300,"Canyon, Idaho",0.0
301,"Cape girardeau, Missouri",0.0
302,"Cape may, New Jersey",0.0
303,"Carbon, Montana",0.0
304,"Carbon, Pennsylvania",0.0
305,"Carbon, Utah",0.0
306,"Carbon, Wyoming",0.0
307,"Caribou, Idaho",0.0
308,"Carlisle, Kentucky",0.0
309,"Carlton, Minnesota",0.0
310,"Caroline, Maryland",0.0
311,"Caroline, Virginia",0.0
312,"Carroll, Arkansas",0.0
313,"Carroll, Illinois",0.0
314,"Carroll, Indiana",0.0
315,"Carroll, Kentucky",0.0
316,"Carroll, Maryland",0.0
317,"Carroll, Missouri",0.0
318,"Carroll, New Hampshire",0.0
319,"Carroll, Virginia",0.0
320,"Carson city, Nevada",0.0
321,"Carson, Texas",0.0
322,"Carter, Kentucky",0.0
323,"Carter, Missouri",0.0
324,"Carter, Montana",0.0
325,"Carteret, North Carolina",0.0
326,"Carver, Minnesota",0.0
327,"Cascade, Montana",0.0
328,"Casey, Kentucky",0.0
329,"Cass, Illinois",0.0
330,"Cass, Indiana",0.0
331,"Cass, Michigan",0.0
332,"Cass, Minnesota",0.0
333,"Cass, Missouri",0.0
334,"Cass, Nebraska",0.0
335,"Cass, North Dakota",0.0
336,"Cass, Texas",0.0
337,"Cassia, Idaho",0.0
338,"Castro, Texas",0.0
339,"Caswell, North Carolina",0.0
340,"Catahoula, Louisiana",0.0
341,"Catawba, North Carolina",0.0
342,"Catron, New Mexico",0.0
343,"Cattaraugus, New York",0.0
344,"Cayuga county, New York",0.0
345,"Cayuga, New York",0.0
346,"Cecil, Maryland",0.0
347,"Cedar, Missouri",0.0
348,"Cedar, Nebraska",0.0
349,"Centre county, Pennsylvania",0.0
350,"Centre, Pennsylvania",0.0
351,"Chambers, Alabama",0.0
352,"Chambers, Texas",0.0
353,"Champaign, Illinois",0.0
354,"Champaign, Ohio",0.0
355,"Chariton, Missouri",0.0
356,"Charles mix, South Dakota",0.0
357,"Charles, Maryland",0.0
358,"Charleston county, South Carolina",0.0
359,"Charleston, South Carolina",0.0
360,"Charlevoix, Michigan",0.0
361,"Charlotte, Florida",0.0
362,"Charlotte, Virginia",0.0
363,"Chase, Nebraska",0.0
364,"Chatham, North Carolina",0.0
365,"Chautauqua, Kansas",0.0
366,"Chautauqua, New York",0.0
367,"Chaves, New Mexico",0.0
368,"Cheboygan, Michigan",0.0
369,"Chelan, Washington",0.0
370,"Chemung, New York",0.0
371,"Chenango, New York",0.0
372,"Cherokee, Alabama",0.0
373,"Cherokee, Kansas",0.0
374,"Cherokee, North Carolina",0.0
375,"Cherokee, Oklahoma",0.0
376,"Cherokee, South Carolina",0.0
377,"Cherokee, Texas",0.0
378,"Cherry, Nebraska",0.0
379,"Chesapeake city, Virginia",0.0
380,"Cheshire, New Hampshire",0.0
381,"Chester county, Pennsylvania",0.0
382,"Chester, Pennsylvania",0.0
383,"Chester, South Carolina",0.0
384,"Chesterfield, South Carolina",0.0
385,"Cheyenne, Nebraska",0.0
386,"Chicot, Arkansas",0.0
387,"Chilton, Alabama",0.0
388,"Chippewa, Michigan",0.0
389,"Chippewa, Minnesota",0.0
390,"Chippewa, Wisconsin",0.0
391,"Chisago, Minnesota",0.0
392,"Chittenden, Vermont",0.0
393,"Choctaw, Alabama",0.0
394,"Choctaw, Oklahoma",0.0
395,"Chouteau, Montana",0.0
396,"Chowan, North Carolina",0.0
397,"Christian, Illinois",0.0
398,"Christian, Kentucky",0.0
399,"Christian, Missouri",0.0
400,"Churchill, Nevada",0.0
401,"Cibola, New Mexico",0.0
402,"Cimarron, Oklahoma",0.0
403,"Citrus county, Florida",0.0
404,"Citrus, Florida",0.0
405,"Clackamas, Oregon",0.0
406,"Claiborne, Louisiana",0.0
407,"Clallam, Washington",0.0
408,"Clare, Michigan",0.0
409,"Clarendon, South Carolina",0.0
410,"Clarion, Pennsylvania",0.0
411,"Clark county, Nevada",0.0
412,"Clark, Arkansas",0.0
413,"Clark, Illinois",0.0
414,"Clark, Indiana",0.0
415,"Clark, Kentucky",0.0
416,"Clark, Missouri",0.0
417,"Clark, Nevada",0.0
418,"Clark, Ohio",0.0
419,"Clark, South Dakota",0.0
420,"Clark, Washington",0.0
421,"Clark, Wisconsin",0.0
422,"Clarke, Alabama",0.0
423,"Clarke, Virginia",0.0
424,"Clatsop, Oregon",0.0
425,"Clay, Alabama",0.0
426,"Clay, Arkansas",0.0
427,"Clay, Florida",0.0
428,"Clay, Illinois",0.0
429,"Clay, Indiana",0.0
430,"Clay, Kentucky",0.0
431,"Clay, Minnesota",0.0
432,"Clay, Missouri",0.0
433,"Clay, Nebraska",0.0
434,"Clay, North Carolina",0.0
435,"Clay, South Dakota",0.0
436,"Clay, Texas",0.0
437,"Clay, West Virginia",0.0
438,"Clearfield county, Pennsylvania",0.0
439,"Clearfield, Pennsylvania",0.0
440,"Clearwater, Idaho",0.0
441,"Clearwater, Minnesota",0.0
442,"Cleburne, Alabama",0.0
443,"Cleburne, Arkansas",0.0
444,"Clermont, Ohio",0.0
445,"Cleveland, Arkansas",0.0
446,"Cleveland, North Carolina",0.0
447,"Cleveland, Oklahoma",0.0
448,"Clinton, Illinois",0.0
449,"Clinton, Indiana",0.0
450,"Clinton, Iowa",0.0
451,"Clinton, Kentucky",0.0
452,"Clinton, Michigan",0.0
453,"Clinton, Missouri",0.0
454,"Clinton, New York",0.0
455,"Clinton, Pennsylvania",0.0
456,"Cochise, Arizona",0.0
457,"Cochran, Texas",0.0
458,"Coconino, Arizona",0.0
459,"Codington, South Dakota",0.0
460,"Coffee, Alabama",0.0
461,"Coffey, Kansas",0.0
462,"Coke, Texas",0.0
463,"Colbert, Alabama",0.0
464,"Cole, Missouri",0.0
465,"Coleman, Texas",0.0
466,"Coles, Illinois",0.0
467,"Colfax, Nebraska",0.0
468,"Colfax, New Mexico",0.0
469,"Colleton, South Carolina",0.0
470,"Collier, Florida",0.0
471,"Collin, Texas",0.0
472,"Collingsworth, Texas",0.0
473,"Colorado, Texas",0.0
474,"Columbia, Arkansas",0.0
475,"Columbia, Florida",0.0
476,"Columbia, New York",0.0
477,"Columbia, Oregon",0.0
478,"Columbia, Pennsylvania",0.0
479,"Columbia, Wisconsin",0.03424657534246575
480,"Columbiana, Ohio",0.0
481,"Columbus county, North Carolina",0.0
482,"Columbus, North Carolina",0.0
483,"Colusa, California",0.0
484,"Comal, Texas",0.0
485,"Comanche, Oklahoma",0.0
486,"Comanche, Texas",0.0
487,"Concho, Texas",0.0
488,"Concordia, Louisiana",0.0
489,"Conecuh, Alabama",0.0
490,"Contra costa, California",0.0
491,"Converse, Wyoming",0.0
492,"Conway, Arkansas",0.0
493,"Cook, Illinois",0.0
494,"Cook, Minnesota",0.0
495,"Cooke, Texas",0.0
496,"Cooper, Missouri",0.0
497,"Coos, New Hampshire",0.0
498,"Coos, Oregon",0.0
499,"Coosa, Alabama",0.0
500,"Cortland, New York",0.0
501,"Coryell, Texas",0.0
502,"Coshocton, Ohio",0.0
503,"Cottle, Texas",0.0
504,"Cottonwood, Minnesota",0.0
505,"Covington, Alabama",0.0
506,"Covington, Virginia",0.0
507,"Cowley, Kansas",0.0
508,"Cowlitz, Washington",0.0
509,"Craighead, Arkansas",0.0
510,"Crane, Texas",0.0
511,"Craven, North Carolina",0.0
512,"Crawford county, Pennsylvania",0.0
513,"Crawford, Arkansas",0.0
514,"Crawford, Illinois",0.0
515,"Crawford, Indiana",0.0
516,"Crawford, Kansas",0.0
517,"Crawford, Michigan",0.0
518,"Crawford, Missouri",0.0
519,"Crawford, Pennsylvania",0.0
520,"Crawford, Wisconsin",0.0
521,"Creek, Oklahoma",0.0
522,"Crenshaw, Alabama",0.0
523,"Crittenden, Arkansas",0.0
524,"Crittenden, Kentucky",0.0
525,"Crockett, Texas",0.0
526,"Crook, Oregon",0.0
527,"Crook, Wyoming",0.0
528,"Crosby, Texas",0.0
529,"Cross, Arkansas",0.0
530,"Crow wing, Minnesota",0.0
531,"Culberson, Texas",0.0
532,"Cullman, Alabama",0.0
533,"Culpeper, Virginia",0.0
534,"Cumberland county, Pennsylvania",0.0
535,"Cumberland, Illinois",0.0
536,"Cumberland, Kentucky",0.0
537,"Cumberland, Maine",0.0
538,"Cumberland, New Jersey",0.0
539,"Cumberland, North Carolina",0.0
540,"Cumberland, Pennsylvania",0.0
541,"Cumberland, Virginia",0.0
542,"Cuming, Nebraska",0.0
543,"Currituck, North Carolina",0.0
544,"Curry, New Mexico",0.0
545,"Curry, Oregon",0.0
546,"Custer, Idaho",0.0
547,"Custer, Montana",0.0
548,"Custer, Nebraska",0.0
549,"Custer, Oklahoma",0.0
550,"Custer, South Dakota",0.0
551,"Cuyahoga, Ohio",0.0
552,"Dade, Florida",0.0
553,"Dade, Missouri",0.0
554,"Daggett, Utah",0.0
555,"Dakota, Minnesota",0.0
556,"Dakota, Nebraska",0.0
557,"Dale, Alabama",0.0
558,"Dallam, Texas",0.0
559,"Dallas, Alabama",0.0
560,"Dallas, Arkansas",0.0
561,"Dallas, Missouri",0.0
562,"Dallas, Texas",0.0
563,"Dane, Wisconsin",0.0
564,"Daniels, Montana",0.0
565,"Danville, Virginia",0.0
566,"Dare, North Carolina",0.0
567,"Darlington, South Carolina",0.0
568,"Dauphin county, Pennsylvania",0.0
569,"Dauphin, Pennsylvania",0.0
570,"Davidson, North Carolina",0.0
571,"Davie, North Carolina",0.0
572,"Daviess, Indiana",0.0
573,"Daviess, Kentucky",0.0
574,"Daviess, Missouri",0.0
575,"Davis, Utah",0.0
576,"Dawes, Nebraska",0.0
577,"Dawson, Montana",0.0
578,"Dawson, Nebraska",0.0
579,"Dawson, Texas",0.0
580,"Day, South Dakota",0.0
581,"De baca, New Mexico",0.0
582,"De kalb, Indiana",0.0
583,"De kalb, Missouri",0.0
584,"De soto, Florida",0.0
585,"De soto, Louisiana",0.0
586,"De witt, Illinois",0.0
587,"Deaf smith, Texas",0.0
588,"Dearborn, Indiana",0.0
589,"Decatur, Indiana",0.0
590,"Deer lodge, Montana",0.0
591,"Defiance, Ohio",0.0
592,"Dekalb, Alabama",0.0
593,"Dekalb, Illinois",0.0
594,"Dekalb, Indiana",0.0
595,"Dekalb, Missouri",0.0
596,"Delaware, Indiana",0.0
597,"Delaware, New York",0.0
598,"Delaware, Ohio",0.0
599,"Delaware, Pennsylvania",0.0
600,"Delta, Michigan",0.0
601,"Delta, Texas",0.0
602,"Dent, Missouri",0.0
603,"Denton, Texas",0.0
604,"Deschutes, Oregon",0.0
605,"Desha, Arkansas",0.0
606,"Desoto, Florida",0.0
607,"Deuel, Nebraska",0.0
608,"Dewey, Oklahoma",0.0
609,"Dewey, South Dakota",0.0
610,"Dewitt, Texas",0.0
611,"Dickey, North Dakota",0.0
612,"Dickinson, Kansas",0.0
613,"Dickinson, Michigan",0.0
614,"Dickson, Tennessee",0.0
615,"Dillon, South Carolina",0.0
616,"Dimmit, Texas",0.0
617,"Dinwiddie, Virginia",0.0
618,"District of columbia, District of Columbia",0.0
619,"Dixie, Florida",0.0
620,"Dixon, Nebraska",0.0
621,"Doddridge, West Virginia",0.0
622,"Dodge, Minnesota",0.0
623,"Dodge, Nebraska",0.0
624,"Dodge, Wisconsin",0.0
625,"Dona ana, New Mexico",0.08775981524249422
626,"Donley, Texas",0.0
627,"Door, Wisconsin",0.0
628,"Dorchester, Maryland",0.0
629,"Dorchester, South Carolina",0.0
630,"Douglas, Illinois",0.0
631,"Douglas, Kansas",0.0
632,"Douglas, Minnesota",0.0
633,"Douglas, Missouri",0.0
634,"Douglas, Nebraska",0.0
635,"Douglas, Nevada",0.0
636,"Douglas, Oregon",0.0
637,"Douglas, Washington",0.0
638,"Douglas, Wisconsin",0.0
639,"Drew, Arkansas",0.0
640,"Du page, Illinois",0.0
641,"Dubois, Indiana",0.0
642,"Duchesne, Utah",0.0
643,"Dukes, Massachusetts",0.0
644,"Dundy, Nebraska",0.0
645,"Dunklin, Missouri",0.0
646,"Dunn, Wisconsin",0.0
647,"Dupage, Illinois",0.0
648,"Duplin, North Carolina",0.0
649,"Durham, North Carolina",0.0
650,"Dutchess, New York",0.0
651,"Duval county, Florida",0.0
652,"Duval, Florida",0.0
653,"Duval, Texas",0.0
654,"East baton rouge parish, Louisiana",0.0
655,"East baton rouge, Louisiana",0.0
656,"East carroll, Louisiana",0.0
657,"East feliciana, Louisiana",0.0
658,"Eastland, Texas",0.0
659,"Eaton, Michigan",0.0
660,"Eau claire, Wisconsin",0.0
661,"Ector, Texas",0.0
662,"Eddy, New Mexico",0.0
663,"Edgar, Illinois",0.0
664,"Edgecombe, North Carolina",0.0
665,"Edmonson, Kentucky",0.0
666,"Edwards, Illinois",0.0
667,"Effingham, Illinois",0.0
668,"El dorado, California",0.0
669,"El paso, Texas",0.0
670,"Elk, Kansas",0.0
671,"Elk, Pennsylvania",0.0
672,"Elkhart, Indiana",0.0
673,"Elko, Nevada",0.0
674,"Elliott, Kentucky",0.0
675,"Ellis, Oklahoma",0.0
676,"Ellis, Texas",0.0
677,"Ellsworth, Kansas",0.0
678,"Elmore, Alabama",0.0
679,"Elmore, Idaho",0.0
680,"Emery, Utah",0.0
681,"Emmet, Michigan",0.0
682,"Erath, Texas",0.0
683,"Erie county, Pennsylvania",0.0
684,"Erie, New York",0.0
685,"Erie, Ohio",0.0
686,"Erie, Pennsylvania",0.0
687,"Escambia, Alabama",0.0
688,"Escambia, Florida",0.0
689,"Esmeralda, Nevada",0.0
690,"Essex county, New York",0.0
691,"Essex, Massachusetts",0.0
692,"Essex, New Jersey",0.0
693,"Essex, New York",0.0
694,"Essex, Vermont",0.0
695,"Estill, Kentucky",0.0
696,"Etowah, Alabama",0.0
697,"Eureka county, Nevada",0.0
698,"Eureka, Nevada",0.0
699,"Evangeline parish, Louisiana",0.0
700,"Evangeline, Louisiana",0.0
701,"Fairbanks north star, Alaska",0.0
702,"Fairfax, Virginia",0.0
703,"Fairfield, Connecticut",0.0
704,"Fairfield, Ohio",0.0
705,"Fairfield, South Carolina",0.0
706,"Fall river, South Dakota",0.0
707,"Fallon, Montana",0.0
708,"Falls, Texas",0.0
709,"Fannin, Texas",0.0
710,"Faulk, South Dakota",0.0
711,"Fauquier, Virginia",0.0
712,"Fayette, Alabama",0.0
713,"Fayette, Illinois",0.0
714,"Fayette, Indiana",0.0
715,"Fayette, Kentucky",0.0
716,"Fayette, Pennsylvania",0.0
717,"Fayette, Texas",0.0
718,"Fayette, West Virginia",0.0
719,"Fergus, Montana",0.0
720,"Ferry, Washington",0.0
721,"Fillmore, Minnesota",0.0
722,"Fillmore, Nebraska",0.0
723,"Finney, Kansas",0.0
724,"Fisher, Texas",0.0
725,"Flagler, Florida",0.0
726,"Flathead, Montana",0.0
727,"Fleming, Kentucky",0.0
728,"Florence, South Carolina",0.0
729,"Florence, Wisconsin",0.0
730,"Floyd, Indiana",0.0
731,"Floyd, Kentucky",0.0
732,"Floyd, Texas",0.0
733,"Fluvanna, Virginia",0.0
734,"Fond du lac, Wisconsin",0.0
735,"Ford, Illinois",0.0
736,"Forest, Pennsylvania",0.0
737,"Forest, Wisconsin",0.0
738,"Forsyth, North Carolina",0.0
739,"Fort bend, Texas",0.0
740,"Fountain, Indiana",0.0
741,"Franklin county, Missouri",0.0
742,"Franklin county, New York",0.0
743,"Franklin county, Pennsylvania",0.0
744,"Franklin, Alabama",0.0
745,"Franklin, Arkansas",0.0
746,"Franklin, Florida",0.0
747,"Franklin, Idaho",0.0
748,"Franklin, Illinois",0.0
749,"Franklin, Indiana",0.0
750,"Franklin, Kansas",0.0
751,"Franklin, Kentucky",0.0
752,"Franklin, Louisiana",0.0
753,"Franklin, Maine",0.0
754,"Franklin, Massachusetts",0.0
755,"Franklin, Missouri",0.0
756,"Franklin, Nebraska",0.0
757,"Franklin, New York",0.0
758,"Franklin, North Carolina",0.0
759,"Franklin, Ohio",0.0
760,"Franklin, Pennsylvania",0.0
761,"Franklin, Texas",0.0
762,"Franklin, Vermont",0.0
763,"Franklin, Virginia",0.0
764,"Franklin, Washington",0.0
765,"Frederick, Maryland",0.0
766,"Frederick, Virginia",0.0
767,"Freeborn, Minnesota",0.0
768,"Freestone, Texas",0.0
769,"Fremont, Idaho",0.0
770,"Fremont, Wyoming",0.0
771,"Fresno, California",0.0
772,"Frio, Texas",0.0
773,"Frontier, Nebraska",0.0
774,"Fulton, Arkansas",0.0
775,"Fulton, Illinois",0.0
776,"Fulton, Indiana",0.0
777,"Fulton, Kentucky",0.0
778,"Fulton, New York",0.0
779,"Fulton, Ohio",0.0
780,"Fulton, Pennsylvania",0.0
781,"Furnas, Nebraska",0.0
782,"Gadsden, Florida",0.0
783,"Gage, Nebraska",0.0
784,"Gaines, Texas",0.0
785,"Galax, Virginia",0.0
786,"Gallatin, Illinois",0.0
787,"Gallatin, Kentucky",0.0
788,"Gallatin, Montana",0.0
789,"Galveston, Texas",0.0
790,"Garden, Nebraska",0.0
791,"Garfield, Montana",0.0
792,"Garfield, Nebraska",0.0
793,"Garfield, Oklahoma",0.0
794,"Garfield, Utah",0.0
795,"Garland, Arkansas",0.0
796,"Garrard, Kentucky",0.0
797,"Garrett, Maryland",0.0
798,"Garvin, Oklahoma",0.0
799,"Garza, Texas",0.0
800,"Gasconade, Missouri",0.0
801,"Gaston, North Carolina",0.0
802,"Gates, North Carolina",0.0
803,"Geary, Kansas",0.0
804,"Geauga, Ohio",0.0
805,"Gem, Idaho",0.0
806,"Genesee, Michigan",0.0
807,"Genesee, New York",0.0
808,"Geneva, Alabama",0.0
809,"Gentry, Missouri",0.0
810,"Georgetown, South Carolina",0.0
811,"Gibson, Indiana",0.0
812,"Gila, Arizona",0.0
813,"Gilchrist, Florida",0.0
814,"Giles, Tennessee",0.0
815,"Giles, Virginia",0.0
816,"Gillespie, Texas",0.0
817,"Gilliam, Oregon",0.0
818,"Gilmer, West Virginia",0.0
819,"Glacier, Montana",0.0
820,"Glades, Florida",0.0
821,"Gladwin, Michigan",0.0
822,"Glenn, California",0.0
823,"Gloucester, New Jersey",0.0
824,"Gogebic, Michigan",0.0
825,"Golden valley, Montana",0.0
826,"Goliad, Texas",0.0
827,"Gonzales, Texas",0.0
828,"Goodhue, Minnesota",0.0
829,"Gooding, Idaho",0.0
830,"Goshen, Wyoming",0.0
831,"Gosper, Nebraska",0.0
832,"Grady, Oklahoma",0.0
833,"Grafton, New Hampshire",0.0
834,"Graham county, Arizona",0.0
835,"Graham, Arizona",0.0
836,"Graham, North Carolina",0.0
837,"Grand isle, Vermont",0.0
838,"Grand traverse, Michigan",0.0
839,"Grand, Utah",0.0
840,"Granite, Montana",0.0
841,"Grant, Arkansas",0.0
842,"Grant, Indiana",0.0
843,"Grant, Kansas",0.0
844,"Grant, Kentucky",0.0
845,"Grant, Louisiana",0.0
846,"Grant, Minnesota",0.0
847,"Grant, Nebraska",0.0
848,"Grant, New Mexico",0.0
849,"Grant, North Dakota",0.0
850,"Grant, Oklahoma",0.0
851,"Grant, Oregon",0.0
852,"Grant, South Dakota",0.0
853,"Grant, Washington",0.0
854,"Grant, West Virginia",0.0
855,"Grant, Wisconsin",0.0
856,"Granville, North Carolina",0.0
857,"Gratiot, Michigan",0.0
858,"Graves, Kentucky",0.0
859,"Gray, Texas",0.0
860,"Grays harbor, Washington",0.0
861,"Grayson, Kentucky",0.0
862,"Grayson, Texas",0.0
863,"Grayson, Virginia",0.0
864,"Greeley, Nebraska",0.0
865,"Green lake, Wisconsin",0.0
866,"Green, Kentucky",0.0
867,"Green, Wisconsin",0.0
868,"Greenbrier, West Virginia",0.0
869,"Greene, Alabama",0.0
870,"Greene, Arkansas",0.0
871,"Greene, Illinois",0.0
872,"Greene, Indiana",0.0
873,"Greene, Missouri",0.0
874,"Greene, New York",0.0
875,"Greene, North Carolina",0.0
876,"Greene, Ohio",0.0
877,"Greene, Pennsylvania",0.0
878,"Greene, Virginia",0.0
879,"Greenlee, Arizona",0.0
880,"Greensville, Virginia",0.0
881,"Greenup, Kentucky",0.0
882,"Greenville, South Carolina",0.0
883,"Greenwood, Kansas",0.0
884,"Greenwood, South Carolina",0.0
885,"Greer, Oklahoma",0.0
886,"Gregg, Texas",0.0
887,"Gregory, South Dakota",0.0
888,"Grimes, Texas",0.0
889,"Grundy, Illinois",0.0
890,"Grundy, Missouri",0.0
891,"Guadalupe, New Mexico",0.0
892,"Guadalupe, Texas",0.0
893,"Guilford, North Carolina",0.0
894,"Guillford, North Carolina",0.0
895,"Gulf, Florida",0.0
896,"Hale, Alabama",0.0
897,"Hale, Texas",0.0
898,"Halifax, North Carolina",0.0
899,"Halifax, Virginia",0.0
900,"Hall, Nebraska",0.0
901,"Hall, Texas",0.0
902,"Hamilton, Florida",0.0
903,"Hamilton, Indiana",0.0
904,"Hamilton, Nebraska",0.0
905,"Hamilton, New York",0.0
906,"Hamilton, Ohio",0.2222222222222222
907,"Hamilton, Tennessee",0.0
908,"Hamilton, Texas",0.0
909,"Hamlin, South Dakota",0.0
910,"Hampden, Massachusetts",0.0
911,"Hampshire, Massachusetts",0.0
912,"Hampshire, West Virginia",0.0
913,"Hampton, South Carolina",0.0
914,"Hancock, Illinois",0.0
915,"Hancock, Indiana",0.0
916,"Hancock, Kentucky",0.0
917,"Hancock, Maine",0.0
918,"Hancock, West Virginia",0.0
919,"Hanover, Virginia",0.0
920,"Hansford, Texas",0.0
921,"Hardee, Florida",0.0
922,"Hardeman, Texas",0.0
923,"Hardin, Illinois",0.0
924,"Hardin, Kentucky",0.0
925,"Hardin, Texas",0.0
926,"Harding, New Mexico",0.0
927,"Hardy, West Virginia",0.0
928,"Harford county, Maryland",0.0
929,"Harford, Maryland",0.0
930,"Harlan, Kentucky",0.0
931,"Harlan, Nebraska",0.0
932,"Harnett, North Carolina",0.0
933,"Harney, Oregon",0.0
934,"Harper, Oklahoma",0.0
935,"Harris, Texas",0.0
936,"Harrison, Indiana",0.0
937,"Harrison, Kentucky",0.0
938,"Harrison, Missouri",0.0
939,"Harrison, Texas",0.0
940,"Harrison, West Virginia",0.0
941,"Harrisonburg, Virginia",0.0
942,"Hart, Kentucky",0.0
943,"Hartford, Connecticut",0.0
944,"Haskell, Texas",0.0
945,"Hawaii, Hawaii",0.0
946,"Hawkins, Tennessee",0.0
947,"Hayes, Nebraska",0.0
948,"Hays, Texas",0.0
949,"Haywood, North Carolina",0.0
950,"Hemphill, Texas",0.0
951,"Hempstead, Arkansas",0.0
952,"Henderson, Illinois",0.0
953,"Henderson, Kentucky",0.0
954,"Henderson, North Carolina",0.0
955,"Henderson, Texas",0.0
956,"Hendricks, Indiana",0.0
957,"Hendry, Florida",0.0
958,"Hennepin, Minnesota",0.0
959,"Henrico, Virginia",0.0
960,"Henry, Alabama",0.0
961,"Henry, Illinois",0.0
962,"Henry, Indiana",0.0
963,"Henry, Kentucky",0.0
964,"Henry, Missouri",0.0
965,"Henry, Ohio",0.0
966,"Henry, Virginia",0.0
967,"Herkimer, New York",0.0
968,"Hernando, Florida",0.0
969,"Hertford, North Carolina",0.0
970,"Hickman, Kentucky",0.0
971,"Hickory, Missouri",0.0
972,"Hidalgo, New Mexico",0.0
973,"Hidalgo, Texas",0.0
974,"Highland, Ohio",0.0
975,"Highlands, Florida",0.0
976,"Hill, Montana",0.0
977,"Hill, Texas",0.0
978,"Hills, Florida",0.0
979,"Hills, New Hampshire",0.0
980,"Hillsborough county, Florida",0.0
981,"Hillsborough county, New Hampshire",0.0
982,"Hillsborough, Florida",0.0
983,"Hillsborough, New Hampshire",0.0
984,"Hillsdale, Michigan",0.0
985,"Hitchcock, Nebraska",0.0
986,"Hocking, Ohio",0.0
987,"Hockley, Texas",0.0
988,"Hoke, North Carolina",0.0
989,"Holmes, Florida",0.0
990,"Holmes, Ohio",0.0
991,"Holt, Missouri",0.0
992,"Holt, Nebraska",0.0
993,"Honolulu, Hawaii",0.0
994,"Hood river, Oregon",0.0
995,"Hood, Texas",0.0
996,"Hooker, Nebraska",0.0
997,"Hopewell, Virginia",0.0
998,"Hopkins, Kentucky",0.0
999,"Hopkins, Texas",0.0
1000,"Horry, South Carolina",0.0
1001,"Hot spring, Arkansas",0.0
1002,"Hot springs, Wyoming",0.0
1003,"Houghton, Michigan",0.0
1004,"Houston, Alabama",0.0
1005,"Houston, Minnesota",0.0
1006,"Houston, Texas",0.0
1007,"Howard, Arkansas",0.0
1008,"Howard, Indiana",0.0
1009,"Howard, Maryland",0.0
1010,"Howard, Missouri",0.0
1011,"Howard, Nebraska",0.0
1012,"Howard, Texas",0.0
1013,"Howell, Missouri",0.0
1014,"Hubbard, Minnesota",0.0
1015,"Hudson, New Jersey",0.0
1016,"Hughes, Oklahoma",0.0
1017,"Hughes, South Dakota",0.0
1018,"Humboldt, Nevada",0.0
1019,"Hunt, Texas",0.0
1020,"Hunterdon, New Jersey",0.0
1021,"Huntingdon, Pennsylvania",0.0
1022,"Huntington, Indiana",0.0
1023,"Huron, Michigan",0.0
1024,"Huron, Ohio",0.0
1025,"Hutchinson, Texas",0.0
1026,"Hyde, North Carolina",0.0
1027,"Iberia parish, Louisiana",0.0
1028,"Iberia, Louisiana",0.0
1029,"Iberville, Louisiana",0.0
1030,"Idaho, Idaho",0.0
1031,"Imperial, California",0.0
1032,"Independence, Arkansas",0.0
1033,"Indian river, Florida",0.0
1034,"Indiana, Pennsylvania",0.0
1035,"Ingham, Michigan",0.0
1036,"Inyo, California",0.0
1037,"Ionia, Michigan",0.0
1038,"Iosco, Michigan",0.0
1039,"Iowa, Wisconsin",0.0
1040,"Iredell, North Carolina",0.0
1041,"Iron, Michigan",0.0
1042,"Iron, Missouri",0.0
1043,"Iron, Utah",0.0
1044,"Iron, Wisconsin",0.0
1045,"Iroquois, Illinois",0.0
1046,"Isabella, Michigan",0.0
1047,"Isanti, Minnesota",0.0
1048,"Island, Washington",0.0
1049,"Itasca, Minnesota",0.0
1050,"Izard, Arkansas",0.0
1051,"Jack, Texas",0.0
1052,"Jackson county, Florida",0.0
1053,"Jackson, Alabama",0.0
1054,"Jackson, Arkansas",0.0
1055,"Jackson, Florida",0.0
1056,"Jackson, Illinois",0.0
1057,"Jackson, Indiana",0.0
1058,"Jackson, Kansas",0.0
1059,"Jackson, Kentucky",0.0
1060,"Jackson, Louisiana",0.0
1061,"Jackson, Michigan",0.0
1062,"Jackson, Minnesota",0.0
1063,"Jackson, Missouri",0.0
1064,"Jackson, North Carolina",0.001702127659574468
1065,"Jackson, Oregon",0.0
1066,"Jackson, Texas",0.0
1067,"Jackson, West Virginia",0.0
1068,"Jackson, Wisconsin",0.0
1069,"James city, Virginia",0.0
1070,"Jasper county, Missouri",0.0
1071,"Jasper, Illinois",0.0
1072,"Jasper, Indiana",0.0
1073,"Jasper, Missouri",0.0
1074,"Jasper, South Carolina",0.0
1075,"Jasper, Texas",0.0
1076,"Jay, Indiana",0.0
1077,"Jefferson county, Florida",0.0
1078,"Jefferson county, Pennsylvania",0.0
1079,"Jefferson davis, Louisiana",0.0
1080,"Jefferson, Alabama",0.0
1081,"Jefferson, Arkansas",0.0
1082,"Jefferson, Florida",0.0
1083,"Jefferson, Idaho",0.0
1084,"Jefferson, Indiana",0.0
1085,"Jefferson, Kansas",0.0
1086,"Jefferson, Kentucky",0.0
1087,"Jefferson, Louisiana",0.0
1088,"Jefferson, Missouri",0.0
1089,"Jefferson, Montana",0.0
1090,"Jefferson, Nebraska",0.0
1091,"Jefferson, New York",0.0
1092,"Jefferson, Oklahoma",0.0
1093,"Jefferson, Oregon",0.0
1094,"Jefferson, Pennsylvania",0.0
1095,"Jefferson, Texas",0.0
1096,"Jefferson, Washington",0.0
1097,"Jefferson, West Virginia",0.0
1098,"Jefferson, Wisconsin",0.0
1099,"Jennings, Indiana",0.0
1100,"Jerome, Idaho",0.0
1101,"Jersey, Illinois",0.0
1102,"Jessamine, Kentucky",0.0
1103,"Jim hogg, Texas",0.0
1104,"Jim wells, Texas",0.0
1105,"Jo daviess, Illinois",0.0
1106,"Johnson, Arkansas",0.0
1107,"Johnson, Illinois",0.0
1108,"Johnson, Indiana",0.0
1109,"Johnson, Kansas",0.0
1110,"Johnson, Kentucky",0.0
1111,"Johnson, Missouri",0.0
1112,"Johnson, Nebraska",0.0
1113,"Johnson, Texas",0.0
1114,"Johnson, Wyoming",0.0
1115,"Johnston, North Carolina",0.0
1116,"Jones, North Carolina",0.0
1117,"Jones, Texas",0.0
1118,"Josephine, Oregon",0.0
1119,"Juab, Utah",0.0
1120,"Judith basin, Montana",0.0
1121,"Juneau city and, Alaska",0.0
1122,"Juneau, Wisconsin",0.0
1123,"Juniata, Pennsylvania",0.0
1124,"Kalamazoo, Michigan",0.0
1125,"Kalkaska, Michigan",0.0
1126,"Kanabec, Minnesota",0.0
1127,"Kanawha, West Virginia",0.0
1128,"Kandiyohi, Minnesota",0.0
1129,"Kane, Illinois",0.0
1130,"Kane, Utah",0.0
1131,"Kankakee, Illinois",0.0
1132,"Karnes, Texas",0.0
1133,"Kauai, Hawaii",0.0
1134,"Kaufman, Texas",0.0
1135,"Kay, Oklahoma",0.0
1136,"Kearney, Nebraska",0.0
1137,"Keith, Nebraska",0.0
1138,"Kendall, Illinois",0.0
1139,"Kendall, Texas",0.0
1140,"Kennebec, Maine",0.0
1141,"Kenosha, Wisconsin",0.0
1142,"Kent, Maryland",0.0
1143,"Kent, Michigan",0.0
1144,"Kent, Rhode Island",0.0
1145,"Kent, Texas",0.0
1146,"Kenton, Kentucky",0.0
1147,"Kern, California",0.0
1148,"Kerr, Texas",0.0
1149,"Kershaw, South Carolina",0.0
1150,"Ketchikan gateway, Alaska",0.0
1151,"Kewaunee, Wisconsin",0.0
1152,"Keweenaw, Michigan",0.0
1153,"Keya paha, Nebraska",0.0
1154,"Kimball, Nebraska",0.0
1155,"Kimble, Texas",0.0
1156,"King george, Virginia",0.0
1157,"King william, Virginia",0.0
1158,"King, Texas",0.0
1159,"King, Washington",0.0
1160,"Kingfisher, Oklahoma",0.0
1161,"Kings, California",0.0
1162,"Kingsbury, South Dakota",0.0
1163,"Kitsap, Washington",0.0
1164,"Kittitas, Washington",0.0
1165,"Kittson, Minnesota",0.0
1166,"Klamath, Oregon",0.0
1167,"Kleberg, Texas",0.0
1168,"Klickitat, Washington",0.0
1169,"Knott, Kentucky",0.0
1170,"Knox, Illinois",0.0
1171,"Knox, Indiana",0.0
1172,"Knox, Kentucky",0.0
1173,"Knox, Maine",0.0
1174,"Knox, Nebraska",0.0
1175,"Knox, Ohio",0.0
1176,"Knox, Tennessee",0.0
1177,"Knox, Texas",0.0
1178,"Koochiching county, Minnesota",0.0
1179,"Koochiching, Minnesota",0.0
1180,"Kootenai, Idaho",0.0
1181,"Kosciusko, Indiana",0.0
1182,"La crosse, Wisconsin",0.0
1183,"La grange, Indiana",0.0
1184,"La paz, Arizona",0.0
1185,"La plata, Colorado",0.0
1186,"La porte, Indiana",0.0
1187,"La salle, Illinois",0.0
1188,"La salle, Louisiana",0.0
1189,"La salle, Texas",0.0
1190,"Labette, Kansas",0.0
1191,"Lac qui parle, Minnesota",0.0
1192,"Lackawanna, Pennsylvania",0.0
1193,"Laclede, Missouri",0.0
1194,"Lafayette parish, Louisiana",0.0
1195,"Lafayette, Arkansas",0.0
1196,"Lafayette, Florida",0.0
1197,"Lafayette, Louisiana",0.0
1198,"Lafayette, Missouri",0.0
1199,"Lafayette, Wisconsin",0.0
1200,"Lafourche, Louisiana",0.0
1201,"Lagrange, Indiana",0.0
1202,"Lake, California",0.0
1203,"Lake, Florida",0.0
1204,"Lake, Illinois",0.0
1205,"Lake, Indiana",0.0
1206,"Lake, Michigan",0.0
1207,"Lake, Minnesota",0.0
1208,"Lake, Montana",0.0
1209,"Lake, Oregon",0.0
1210,"Lake, South Dakota",0.0
1211,"Lamar, Alabama",0.0
1212,"Lamar, Texas",0.0
1213,"Lamb, Texas",0.0
1214,"Lamoille, Vermont",0.0
1215,"Lamoure, North Dakota",0.0
1216,"Lampasas, Texas",0.0
1217,"Lancaster county, Pennsylvania",0.0
1218,"Lancaster, Nebraska",0.0
1219,"Lancaster, Pennsylvania",0.0
1220,"Lancaster, South Carolina",0.0
1221,"Lancaster, Virginia",0.0
1222,"Lander, Nevada",0.0
1223,"Lane, Oregon",0.0
1224,"Langlade, Wisconsin",0.0
1225,"Lapeer, Michigan",0.0
1226,"Laporte, Indiana",0.0
1227,"Laramie, Wyoming",0.0
1228,"Larue, Kentucky",0.0
1229,"Lasalle, Illinois",0.0
1230,"Latah, Idaho",0.0
1231,"Lauderdale, Alabama",0.0
1232,"Laurel, Kentucky",0.0
1233,"Laurens, South Carolina",0.0
1234,"Lavaca, Texas",0.0
1235,"Lawrence county, Arkansas",0.0
1236,"Lawrence, Alabama",0.0
1237,"Lawrence, Arkansas",0.0
1238,"Lawrence, Illinois",0.0
1239,"Lawrence, Indiana",0.0
1240,"Lawrence, Kentucky",0.0
1241,"Lawrence, Missouri",0.0
1242,"Lawrence, Ohio",0.0
1243,"Lawrence, Pennsylvania",0.0
1244,"Lawrence, South Dakota",0.0
1245,"Lawrence, Tennessee",0.0
1246,"Le sueur, Minnesota",0.0
1247,"Lea, New Mexico",0.0
1248,"Leavenworth, Kansas",0.0
1249,"Lebanon county, Pennsylvania",0.0
1250,"Lebanon, Pennsylvania",0.0
1251,"Lee county, South Carolina",0.0
1252,"Lee, Alabama",0.0
1253,"Lee, Arkansas",0.0
1254,"Lee, Florida",0.0
1255,"Lee, Illinois",0.0
1256,"Lee, Kentucky",0.0
1257,"Lee, North Carolina",0.0
1258,"Lee, South Carolina",0.0
1259,"Lee, Texas",0.0
1260,"Leelanau, Michigan",0.0
1261,"Lehigh county, Pennsylvania",0.0
1262,"Lehigh, Pennsylvania",0.0
1263,"Lemhi, Idaho",0.0
1264,"Lenawee, Michigan",0.0
1265,"Lenoir, North Carolina",0.0
1266,"Leon, Florida",0.0
1267,"Leon, Texas",0.0
1268,"Leslie, Kentucky",0.0
1269,"Letcher, Kentucky",0.0
1270,"Levy county, Florida",0.0
1271,"Levy, Florida",0.0
1272,"Lewis and clark, Montana",0.0
1273,"Lewis, Idaho",0.0
1274,"Lewis, Kentucky",0.0
1275,"Lewis, Missouri",0.0
1276,"Lewis, New York",0.0
1277,"Lewis, Washington",0.0
1278,"Lewis, West Virginia",0.0
1279,"Lexington county, South Carolina",0.0
1280,"Lexington, South Carolina",0.0
1281,"Liberty, Florida",0.0
1282,"Liberty, Montana",0.0
1283,"Liberty, Texas",0.0
1284,"Licking, Ohio",0.0
1285,"Limestone, Alabama",0.0
1286,"Limestone, Texas",0.0
1287,"Lincoln parish, Louisiana",0.0
1288,"Lincoln, Arkansas",0.0
1289,"Lincoln, Idaho",0.0
1290,"Lincoln, Kentucky",0.0
1291,"Lincoln, Louisiana",0.0
1292,"Lincoln, Maine",0.0
1293,"Lincoln, Minnesota",0.0
1294,"Lincoln, Missouri",0.0
1295,"Lincoln, Montana",0.0
1296,"Lincoln, Nebraska",0.0
1297,"Lincoln, Nevada",0.0
1298,"Lincoln, New Mexico",0.0
1299,"Lincoln, North Carolina",0.0
1300,"Lincoln, Oklahoma",0.0
1301,"Lincoln, Oregon",0.0
1302,"Lincoln, Washington",0.0
1303,"Lincoln, West Virginia",0.0
1304,"Lincoln, Wisconsin",0.0
1305,"Lincoln, Wyoming",0.0
1306,"Linn county, Oregon",0.0
1307,"Linn, Kansas",0.0
1308,"Linn, Missouri",0.0
1309,"Linn, Oregon",0.0
1310,"Litchfield, Connecticut",0.0
1311,"Little river, Arkansas",0.0
1312,"Live oak, Texas",0.0
1313,"Livingston county, New York",0.0
1314,"Livingston parish, Louisiana",0.0
1315,"Livingston, Illinois",0.0
1316,"Livingston, Kentucky",0.0
1317,"Livingston, Louisiana",0.0
1318,"Livingston, Michigan",0.0
1319,"Livingston, Missouri",0.0
1320,"Livingston, New York",0.0
1321,"Llano, Texas",0.0
1322,"Logan, Arkansas",0.0
1323,"Logan, Illinois",0.0
1324,"Logan, Nebraska",0.0
1325,"Logan, Ohio",0.0
1326,"Logan, West Virginia",0.0
1327,"Lonoke, Arkansas",0.0
1328,"Los alamos, New Mexico",0.0
1329,"Los angeles, California",0.0
1330,"Loudoun, Virginia",0.0
1331,"Louisa, Virginia",0.0
1332,"Loup, Nebraska",0.0
1333,"Love, Oklahoma",0.0
1334,"Lowndes, Alabama",0.0
1335,"Lubbock, Texas",0.0
1336,"Lucas, Ohio",0.0
1337,"Luce, Michigan",0.0
1338,"Luna, New Mexico",0.0
1339,"Lunenburg, Virginia",0.0
1340,"Luzerne county, Pennsylvania",0.0
1341,"Luzerne, Pennsylvania",0.0
1342,"Lycoming county, Pennsylvania",0.0
1343,"Lycoming, Pennsylvania",0.0
1344,"Lyman, South Dakota",0.0
1345,"Lynchburg, Virginia",0.0
1346,"Lynn, Texas",0.0
1347,"Lyon, Kansas",0.0
1348,"Lyon, Kentucky",0.0
1349,"Lyon, Minnesota",0.0
1350,"Lyon, Nevada",0.0
1351,"Mackinac, Michigan",0.0
1352,"Macomb, Michigan",0.0
1353,"Macon, Alabama",0.0
1354,"Macon, Illinois",0.0
1355,"Macon, Missouri",0.0
1356,"Macon, North Carolina",0.0
1357,"Macoupin, Illinois",0.0
1358,"Madera, California",0.0
1359,"Madison, Alabama",0.0
1360,"Madison, Florida",0.0
1361,"Madison, Idaho",0.0
1362,"Madison, Illinois",0.0
1363,"Madison, Indiana",0.0
1364,"Madison, Kentucky",0.0
1365,"Madison, Louisiana",0.0
1366,"Madison, Missouri",0.0
1367,"Madison, Montana",0.0
1368,"Madison, Nebraska",0.0
1369,"Madison, New York",0.0
1370,"Madison, North Carolina",0.0
1371,"Madison, Ohio",0.0
1372,"Madison, Texas",0.0
1373,"Madison, Virginia",0.0
1374,"Magoffin, Kentucky",0.0
1375,"Mahnomen, Minnesota",0.0
1376,"Malheur, Oregon",0.0
1377,"Manassas, Virginia",0.0
1378,"Manatee county, Florida",0.0
1379,"Manatee, Florida",0.0
1380,"Manistee, Michigan",0.0
1381,"Manitowoc, Wisconsin",0.0
1382,"Marathon, Wisconsin",0.0
1383,"Marengo, Alabama",0.0
1384,"Maricopa, Arizona",0.0
1385,"Maries county, Missouri",0.0
1386,"Maries, Missouri",0.0
1387,"Marin, California",0.0
1388,"Marinette, Wisconsin",0.0
1389,"Marion county, Missouri",0.0
1390,"Marion, Alabama",0.0
1391,"Marion, Arkansas",0.0
1392,"Marion, Florida",0.0
1393,"Marion, Illinois",0.0
1394,"Marion, Indiana",0.0
1395,"Marion, Kansas",0.0
1396,"Marion, Kentucky",0.0
1397,"Marion, Missouri",0.0
1398,"Marion, Ohio",0.0
1399,"Marion, Oregon",0.0
1400,"Marion, South Carolina",0.0
1401,"Marion, Texas",0.0
1402,"Marion, West Virginia",0.0
1403,"Mariposa, California",0.0
1404,"Marlboro, South Carolina",0.0
1405,"Marquette, Michigan",0.0
1406,"Marquette, Wisconsin",0.0
1407,"Marshall, Alabama",0.0
1408,"Marshall, Illinois",0.0
1409,"Marshall, Indiana",0.0
1410,"Marshall, Kentucky",0.0
1411,"Marshall, Minnesota",0.0
1412,"Marshall, West Virginia",0.0
1413,"Martin county, Florida",0.0
1414,"Martin, Florida",0.0
1415,"Martin, Indiana",0.0
1416,"Martin, Kentucky",0.0
1417,"Martin, Minnesota",0.0
1418,"Martin, North Carolina",0.0
1419,"Martin, Texas",0.0
1420,"Martinsville, Virginia",0.0
1421,"Mason, Illinois",0.0
1422,"Mason, Kentucky",0.0
1423,"Mason, Michigan",0.0
1424,"Mason, Texas",0.0
1425,"Mason, Washington",0.0
1426,"Mason, West Virginia",0.0
1427,"Massac, Illinois",0.0
1428,"Matagorda, Texas",0.0
1429,"Maui, Hawaii",0.0
1430,"Maverick, Texas",0.0
1431,"Mayes, Oklahoma",0.0
1432,"Mcclain, Oklahoma",0.0
1433,"Mccone, Montana",0.0
1434,"Mccook, South Dakota",0.0
1435,"Mccormick, South Carolina",0.0
1436,"Mccracken, Kentucky",0.0
1437,"Mccreary, Kentucky",0.0
1438,"Mcculloch, Texas",0.0
1439,"Mccurtain, Oklahoma",0.0
1440,"Mcdonald, Missouri",0.0
1441,"Mcdonough, Illinois",0.0
1442,"Mcdowell, North Carolina",0.0
1443,"Mcdowell, West Virginia",0.0
1444,"Mchenry, Illinois",0.0
1445,"Mckean county, Pennsylvania",0.0
1446,"Mckean, Pennsylvania",0.0
1447,"Mckenzie, North Dakota",0.0
1448,"Mckinley, New Mexico",0.0
1449,"Mclean, Illinois",0.0
1450,"Mclean, Kentucky",0.0
1451,"Mclennan, Texas",0.0
1452,"Mcleod, Minnesota",0.0
1453,"Mcpherson, Nebraska",0.0
1454,"Meade, Kentucky",0.0
1455,"Meade, South Dakota",0.0
1456,"Meagher, Montana",0.0
1457,"Mecklenburg, North Carolina",0.0
1458,"Mecklenburg, Virginia",0.0
1459,"Mecosta, Michigan",0.0
1460,"Medina, Ohio",0.0
1461,"Medina, Texas",0.0
1462,"Meeker, Minnesota",0.0
1463,"Meigs, Ohio",0.0
1464,"Menard, Illinois",0.0
1465,"Menard, Texas",0.0
1466,"Mendocino, California",0.0
1467,"Menifee, Kentucky",0.0
1468,"Menominee, Michigan",0.0
1469,"Merced, California",0.0
1470,"Mercer county, Pennsylvania",0.0
1471,"Mercer, Illinois",0.0
1472,"Mercer, Kentucky",0.0
1473,"Mercer, Missouri",0.0
1474,"Mercer, New Jersey",0.0
1475,"Mercer, Pennsylvania",0.0
1476,"Mercer, West Virginia",0.0
1477,"Merrick, Nebraska",0.0
1478,"Merrimack, New Hampshire",0.0
1479,"Miami, Indiana",0.0
1480,"Miami, Kansas",0.0
1481,"Miami, Ohio",0.0
1482,"Miami-dade, Florida",0.0
1483,"Middlesex, Connecticut",0.0
1484,"Middlesex, Massachusetts",0.0
1485,"Middlesex, New Jersey",0.0
1486,"Midland, Michigan",0.0
1487,"Midland, Texas",0.0
1488,"Mifflin county, Pennsylvania",0.0
1489,"Mifflin, Pennsylvania",0.0
1490,"Milam, Texas",0.0
1491,"Millard, Utah",0.0
1492,"Mille lacs county, Minnesota",0.0
1493,"Mille lacs, Minnesota",0.0
1494,"Miller, Arkansas",0.0
1495,"Miller, Missouri",0.0
1496,"Mills, Texas",0.0
1497,"Milwaukee, Wisconsin",0.0
1498,"Miner, South Dakota",0.0
1499,"Mineral, Montana",0.0
1500,"Mineral, Nevada",0.0
1501,"Mineral, West Virginia",0.0
1502,"Mingo, West Virginia",0.0
1503,"Minidoka, Idaho",0.0
1504,"Minnehaha, South Dakota",0.0
1505,"Missaukee, Michigan",0.0
1506,"Mississippi, Arkansas",0.0
1507,"Mississippi, Missouri",0.0
1508,"Missoula, Montana",0.0
1509,"Mitchell, Kansas",0.0
1510,"Mitchell, North Carolina",0.0
1511,"Mitchell, Texas",0.0
1512,"Mobile, Alabama",0.0
1513,"Modoc, California",0.0
1514,"Mohave, Arizona",0.0
1515,"Moniteau, Missouri",0.0
1516,"Monmouth, New Jersey",0.0
1517,"Mono, California",0.0
1518,"Monongalia, West Virginia",0.0
1519,"Monroe county, Pennsylvania",0.0
1520,"Monroe, Alabama",0.0
1521,"Monroe, Arkansas",0.0
1522,"Monroe, Florida",0.0
1523,"Monroe, Illinois",0.0
1524,"Monroe, Indiana",0.0
1525,"Monroe, Kentucky",0.0
1526,"Monroe, Michigan",0.0
1527,"Monroe, Missouri",0.0
1528,"Monroe, New York",0.0
1529,"Monroe, Ohio",0.0
1530,"Monroe, Pennsylvania",0.0
1531,"Monroe, West Virginia",0.0
1532,"Monroe, Wisconsin",0.0
1533,"Montague, Texas",0.0
1534,"Montcalm, Michigan",0.0
1535,"Monterey, California",0.0
1536,"Montgomery county, Pennsylvania",0.0
1537,"Montgomery, Alabama",0.0
1538,"Montgomery, Arkansas",0.0
1539,"Montgomery, Illinois",0.0
1540,"Montgomery, Indiana",0.0
1541,"Montgomery, Kansas",0.0
1542,"Montgomery, Kentucky",0.0
1543,"Montgomery, Maryland",0.0
1544,"Montgomery, Missouri",0.0
1545,"Montgomery, New York",0.0
1546,"Montgomery, North Carolina",0.0
1547,"Montgomery, Ohio",0.0
1548,"Montgomery, Pennsylvania",0.0
1549,"Montgomery, Texas",0.0
1550,"Montgomery, Virginia",0.0
1551,"Montmorency, Michigan",0.0
1552,"Montour, Pennsylvania",0.0
1553,"Moody, South Dakota",0.0
1554,"Moore, North Carolina",0.0
1555,"Moore, Texas",0.0
1556,"Mora, New Mexico",0.0
1557,"Morehouse, Louisiana",0.0
1558,"Morgan, Alabama",0.0
1559,"Morgan, Illinois",0.0
1560,"Morgan, Indiana",0.0
1561,"Morgan, Kentucky",0.0
1562,"Morgan, Missouri",0.0
1563,"Morgan, Utah",0.0
1564,"Morgan, West Virginia",0.0
1565,"Morrill, Nebraska",0.0
1566,"Morris, Kansas",0.0
1567,"Morris, New Jersey",0.0
1568,"Morrison, Minnesota",0.0
1569,"Morrow, Ohio",0.0
1570,"Morrow, Oregon",0.0
1571,"Moultrie, Illinois",0.0
1572,"Mountrail, North Dakota",0.0
1573,"Mower, Minnesota",0.0
1574,"Muhlenberg, Kentucky",0.0
1575,"Multnomah county, Oregon",0.0
1576,"Multnomah, Oregon",0.0
1577,"Murray, Minnesota",0.0
1578,"Muskegon, Michigan",0.0
1579,"Muskingum, Ohio",0.0
1580,"Musselshell, Montana",0.0
1581,"Nacogdoches, Texas",0.0
1582,"Nance, Nebraska",0.0
1583,"Nantucket, Massachusetts",0.0
1584,"Napa, California",0.0
1585,"Nash, North Carolina",0.0
1586,"Nassau, Florida",0.0
1587,"Nassau, New York",0.0
1588,"Natchitoches, Louisiana",0.0
1589,"Natrona, Wyoming",0.0
1590,"Navajo, Arizona",0.0
1591,"Navarro, Texas",0.0
1592,"Nelson, Kentucky",0.05
1593,"Nelson, Virginia",0.0
1594,"Nemaha, Nebraska",0.0
1595,"Neosho, Kansas",0.0
1596,"Nevada county, Arkansas",0.0
1597,"Nevada, Arkansas",0.0
1598,"Nevada, California",0.0
1599,"New hanover, North Carolina",0.0
1600,"New haven, Connecticut",0.0
1601,"New london, Connecticut",0.0
1602,"New madrid, Missouri",0.0
1603,"Newaygo, Michigan",0.0
1604,"Newberry, South Carolina",0.0
1605,"Newport, Rhode Island",0.0
1606,"Newton county, Arkansas",0.0
1607,"Newton, Arkansas",0.0
1608,"Newton, Indiana",0.0
1609,"Newton, Missouri",0.0
1610,"Newton, Texas",0.0
1611,"Nez perce, Idaho",0.0
1612,"Niagara, New York",0.0
1613,"Nicholas, Kentucky",0.0
1614,"Nicholas, West Virginia",0.0
1615,"Nicollet, Minnesota",0.0
1616,"Niobrara, Wyoming",0.0
1617,"Noble, Indiana",0.0
1618,"Nobles, Minnesota",0.0
1619,"Nodaway, Missouri",0.0
1620,"Nolan, Texas",0.0
1621,"Norfolk, Massachusetts",0.0
1622,"Norfolk, Virginia",0.0
1623,"North slope, Alaska",0.0
1624,"Northampton county, Pennsylvania",0.0
1625,"Northampton, North Carolina",0.0
1626,"Northampton, Pennsylvania",0.0
1627,"Northampton, Virginia",0.0
1628,"Northumberland, Pennsylvania",0.0
1629,"Northumberland, Virginia",0.028666666666666667
1630,"Norton, Kansas",0.0
1631,"Nottoway, Virginia",0.0
1632,"Nuckolls, Nebraska",0.0
1633,"Nueces, Texas",0.0
1634,"Nye, Nevada",0.0
1635,"Oakland, Michigan",0.0
1636,"Ocean, New Jersey",0.0
1637,"Oceana, Michigan",0.0
1638,"Ochiltree, Texas",0.0
1639,"Oconee, South Carolina",0.0
1640,"Oconto, Wisconsin",0.0
1641,"Ogemaw, Michigan",0.0
1642,"Ogle, Illinois",0.0
1643,"Ohio, Indiana",0.0
1644,"Ohio, Kentucky",0.0
1645,"Ohio, West Virginia",0.0
1646,"Okaloosa county, Florida",0.0
1647,"Okaloosa, Florida",0.0
1648,"Okanogan, Washington",0.0
1649,"Okeechobee, Florida",0.0
1650,"Oklahoma, Oklahoma",0.0
1651,"Okmulgee, Oklahoma",0.0
1652,"Oldham, Kentucky",0.0
1653,"Oldham, Texas",0.0
1654,"Olmsted, Minnesota",0.0
1655,"Oneida, Idaho",0.0
1656,"Oneida, New York",0.0
1657,"Oneida, Wisconsin",0.0
1658,"Onondaga, New York",0.0
1659,"Onslow, North Carolina",0.0
1660,"Ontario, New York",0.0
1661,"Ontonagon, Michigan",0.0
1662,"Orange, California",0.0
1663,"Orange, Florida",0.0
1664,"Orange, New York",0.0
1665,"Orange, North Carolina",0.0
1666,"Orange, Texas",0.0
1667,"Orange, Vermont",0.0
1668,"Orange, Virginia",0.0
1669,"Orangeburg, South Carolina",0.0
1670,"Oregon, Missouri",0.0
1671,"Orleans, Louisiana",0.0
1672,"Orleans, New York",0.0
1673,"Orleans, Vermont",0.0
1674,"Osage, Kansas",0.0
1675,"Osage, Missouri",0.0
1676,"Osage, Oklahoma",0.0
1677,"Osceola, Florida",0.0
1678,"Osceola, Michigan",0.0
1679,"Oscoda, Michigan",0.0
1680,"Oswego, New York",0.0
1681,"Otero county, New Mexico",0.0
1682,"Otero, New Mexico",0.0
1683,"Otoe, Nebraska",0.0
1684,"Otsego, Michigan",0.0
1685,"Otsego, New York",0.0
1686,"Ottawa, Michigan",0.0
1687,"Ottawa, Oklahoma",0.0
1688,"Otter tail, Minnesota",0.0
1689,"Ouachita, Arkansas",0.0
1690,"Ouachita, Louisiana",0.0
1691,"Outagamie, Wisconsin",0.0
1692,"Owen, Indiana",0.0
1693,"Owen, Kentucky",0.0
1694,"Owsley, Kentucky",0.0
1695,"Owyhee, Idaho",0.0
1696,"Oxford, Maine",0.0
1697,"Ozark, Missouri",0.0
1698,"Ozaukee, Wisconsin",0.0
1699,"Pacific, Washington",0.0
1700,"Page, Virginia",0.0
1701,"Palm beach, Florida",0.0
1702,"Palo pinto, Texas",0.0
1703,"Pamlico, North Carolina",0.0
1704,"Panola, Texas",0.0
1705,"Park, Montana",0.0
1706,"Park, Wyoming",0.0
1707,"Parke, Indiana",0.0
1708,"Parker, Texas",0.0
1709,"Parmer, Texas",0.0
1710,"Pasco county, Florida",0.0
1711,"Pasco, Florida",0.0
1712,"Pasquotank, North Carolina",0.0
1713,"Passaic, New Jersey",0.0
1714,"Patrick, Virginia",0.0
1715,"Pawnee, Nebraska",0.0
1716,"Pawnee, Oklahoma",0.0
1717,"Payette, Idaho",0.0
1718,"Pecos, Texas",0.0
1719,"Pemiscot, Missouri",0.0
1720,"Pend oreille, Washington",0.0
1721,"Pender, North Carolina",0.0
1722,"Pendleton, Kentucky",0.0
1723,"Pendleton, West Virginia",0.0
1724,"Pennington, Minnesota",0.0
1725,"Pennington, South Dakota",0.0
1726,"Penobscot, Maine",0.0
1727,"Peoria, Illinois",0.0
1728,"Pepin, Wisconsin",0.0
1729,"Perkins, Nebraska",0.0
1730,"Perquimans, North Carolina",0.0
1731,"Perry county, Pennsylvania",0.0
1732,"Perry, Alabama",0.0
1733,"Perry, Arkansas",0.0
1734,"Perry, Illinois",0.0
1735,"Perry, Indiana",0.0
1736,"Perry, Kentucky",0.0
1737,"Perry, Missouri",0.0
1738,"Perry, Pennsylvania",0.0
1739,"Pershing, Nevada",0.0
1740,"Person, North Carolina",0.0
1741,"Petroleum, Montana",0.0
1742,"Pettis, Missouri",0.0
1743,"Phelps, Missouri",0.0
1744,"Phelps, Nebraska",0.0
1745,"Philadelphia, Pennsylvania",0.0
1746,"Phillips, Arkansas",0.0
1747,"Phillips, Kansas",0.0
1748,"Phillips, Montana",0.0
1749,"Piatt, Illinois",0.0
1750,"Pickaway, Ohio",0.0
1751,"Pickens, Alabama",0.0
1752,"Pickens, South Carolina",0.0
1753,"Pierce, Nebraska",0.0
1754,"Pierce, Washington",0.0
1755,"Pierce, Wisconsin",0.0
1756,"Pike, Alabama",0.0
1757,"Pike, Arkansas",0.0
1758,"Pike, Illinois",0.0
1759,"Pike, Indiana",0.0
1760,"Pike, Kentucky",0.0
1761,"Pike, Missouri",0.0
1762,"Pike, Ohio",0.0
1763,"Pike, Pennsylvania",0.0
1764,"Pima, Arizona",0.0
1765,"Pinal, Arizona",0.0
1766,"Pine, Minnesota",0.0
1767,"Pinellas, Florida",0.0
1768,"Pipestone, Minnesota",0.0
1769,"Piscataquis, Maine",0.0
1770,"Pitt, North Carolina",0.0
1771,"Pittsburg, Oklahoma",0.0
1772,"Pittsylvania, Virginia",0.0
1773,"Piute, Utah",0.0
1774,"Placer, California",0.0
1775,"Plaquemines, Louisiana",0.0
1776,"Platte, Missouri",0.0
1777,"Platte, Nebraska",0.0
1778,"Platte, Wyoming",0.0
1779,"Pleasants, West Virginia",0.0
1780,"Plymouth, Massachusetts",0.0
1781,"Pocahontas, West Virginia",0.0
1782,"Poinsett, Arkansas",0.0
1783,"Pointe coupee parish, Louisiana",0.0
1784,"Pointe coupee, Louisiana",0.0
1785,"Polk, Arkansas",0.0
1786,"Polk, Florida",0.0
1787,"Polk, Minnesota",0.0
1788,"Polk, Missouri",0.0
1789,"Polk, Nebraska",0.0
1790,"Polk, North Carolina",0.0
1791,"Polk, Oregon",0.0
1792,"Polk, Texas",0.0
1793,"Polk, Wisconsin",0.0
1794,"Pondera, Montana",0.0
1795,"Pontotoc, Oklahoma",0.0
1796,"Pope, Arkansas",0.0
1797,"Pope, Illinois",0.0
1798,"Pope, Minnesota",0.0
1799,"Portage county, Wisconsin",0.0
1800,"Portage, Wisconsin",0.0
1801,"Porter, Indiana",0.0
1802,"Portsmouth, Virginia",0.0
1803,"Posey, Indiana",0.0
1804,"Pottawatomie, Oklahoma",0.0
1805,"Potter, Pennsylvania",0.0
1806,"Potter, Texas",0.0
1807,"Powder river, Montana",0.0
1808,"Powell, Kentucky",0.0
1809,"Powell, Montana",0.0
1810,"Power, Idaho",0.0
1811,"Prairie, Arkansas",0.0
1812,"Prairie, Montana",0.0
1813,"Preble, Ohio",0.0
1814,"Presidio, Texas",0.0
1815,"Presque isle, Michigan",0.0
1816,"Preston, West Virginia",0.0
1817,"Price, Wisconsin",0.0
1818,"Prince george's, Maryland",0.0
1819,"Prince george, Virginia",0.0
1820,"Prince georges, Maryland",0.0
1821,"Prince william, Virginia",0.0
1822,"Providence, Rhode Island",0.0
1823,"Pulaski, Arkansas",0.0
1824,"Pulaski, Illinois",0.0
1825,"Pulaski, Indiana",0.0
1826,"Pulaski, Kentucky",0.0
1827,"Pulaski, Missouri",0.0
1828,"Pulaski, Virginia",0.0
1829,"Putnam county, Indiana",0.0
1830,"Putnam, Florida",0.0
1831,"Putnam, Illinois",0.0
1832,"Putnam, Indiana",0.0
1833,"Putnam, Missouri",0.0
1834,"Putnam, New York",0.0058823529411764705
1835,"Putnam, Tennessee",0.0
1836,"Putnam, West Virginia",0.0
1837,"Quay, New Mexico",0.0
1838,"Queen anne's, Maryland",0.0
1839,"Racine, Wisconsin",0.0
1840,"Radford, Virginia",0.0
1841,"Rains, Texas",0.0
1842,"Raleigh, West Virginia",0.0
1843,"Ramsey, Minnesota",0.0
1844,"Ramsey, North Dakota",0.0
1845,"Randall, Texas",0.0
1846,"Randolph, Alabama",0.0
1847,"Randolph, Arkansas",0.0
1848,"Randolph, Illinois",0.0
1849,"Randolph, Indiana",0.0
1850,"Randolph, Missouri",0.0
1851,"Randolph, North Carolina",0.0
1852,"Randolph, West Virginia",0.0
1853,"Rapides, Louisiana",0.0
1854,"Ravalli, Montana",0.0
1855,"Ray, Missouri",0.0
1856,"Real, Texas",0.0
1857,"Red lake, Minnesota",0.0
1858,"Red river, Louisiana",0.0
1859,"Red river, Texas",0.0
1860,"Red willow, Nebraska",0.0
1861,"Redwood, Minnesota",0.0
1862,"Reeves, Texas",0.0
1863,"Refugio, Texas",0.0
1864,"Rensselaer, New York",0.0
1865,"Renville, Minnesota",0.0
1866,"Reynolds, Missouri",0.0
1867,"Rice, Minnesota",0.0
1868,"Rich, Utah",0.0
1869,"Richardson, Nebraska",0.0
1870,"Richland, Illinois",0.0
1871,"Richland, Louisiana",0.0
1872,"Richland, Montana",0.0
1873,"Richland, Ohio",0.0
1874,"Richland, South Carolina",0.0
1875,"Richland, Wisconsin",0.0
1876,"Richmond, North Carolina",0.0
1877,"Richmond, Virginia",0.0
1878,"Riley, Kansas",0.0
1879,"Rio arriba, New Mexico",0.0
1880,"Ripley, Indiana",0.0
1881,"Ripley, Missouri",0.0
1882,"Ritchie, West Virginia",0.0
1883,"Riverside, California",0.0
1884,"Roane, West Virginia",0.0
1885,"Roanoke, Virginia",0.0
1886,"Roberts, South Dakota",0.0
1887,"Robertson, Texas",0.0
1888,"Robeson, North Carolina",0.0
1889,"Rock island, Illinois",0.0
1890,"Rock, Minnesota",0.0
1891,"Rock, Nebraska",0.0
1892,"Rock, Wisconsin",0.0
1893,"Rockbridge, Virginia",0.0
1894,"Rockcastle, Kentucky",0.0
1895,"Rockingham, New Hampshire",0.0
1896,"Rockingham, North Carolina",0.0
1897,"Rockingham, Virginia",0.0
1898,"Rockland, New York",0.0
1899,"Rogers, Oklahoma",0.0
1900,"Roosevelt, Montana",0.0
1901,"Roosevelt, New Mexico",0.0
1902,"Roscommon, Michigan",0.0
1903,"Roseau, Minnesota",0.0
1904,"Rosebud, Montana",0.0
1905,"Ross, Ohio",0.0
1906,"Rowan county, North Carolina",0.0
1907,"Rowan, Kentucky",0.0
1908,"Rowan, North Carolina",0.0
1909,"Runnels, Texas",0.0
1910,"Rush, Indiana",0.0
1911,"Rusk, Texas",0.0
1912,"Rusk, Wisconsin",0.0
1913,"Russell, Alabama",0.0
1914,"Russell, Kansas",0.0
1915,"Russell, Kentucky",0.0
1916,"Russell, Virginia",0.0
1917,"Rutherford, North Carolina",0.0
1918,"Rutland, Vermont",0.0
1919,"Sabine, Louisiana",0.0
1920,"Sabine, Texas",0.0
1921,"Sacramento county, California",0.0
1922,"Sacramento, California",0.0
1923,"Sagadahoc, Maine",0.0
1924,"Saginaw, Michigan",0.0
1925,"Saint bernard, Louisiana",0.0
1926,"Saint charles, Missouri",0.0
1927,"Saint clair, Michigan",0.0
1928,"Saint francois, Missouri",0.0
1929,"Saint james, Louisiana",0.0
1930,"Saint joseph, Michigan",0.0
1931,"Saint landry, Louisiana",0.0
1932,"Saint lawrence, New York",0.0
1933,"Saint louis, Minnesota",0.0
1934,"Saint louis, Missouri",0.0
1935,"Saint marys, Maryland",0.0
1936,"Saint tammany, Louisiana",0.0
1937,"Salem, New Jersey",0.0
1938,"Salem, Virginia",0.0
1939,"Saline county, Arkansas",0.0
1940,"Saline, Arkansas",0.0
1941,"Saline, Illinois",0.0
1942,"Saline, Kansas",0.0
1943,"Saline, Missouri",0.0
1944,"Saline, Nebraska",0.0
1945,"Salt lake, Utah",0.0
1946,"Saluda, South Carolina",0.0
1947,"Sampson, North Carolina",0.0
1948,"San augustine, Texas",0.0
1949,"San benito, California",0.0
1950,"San bernardino county, California",0.0
1951,"San bernardino, California",0.0
1952,"San diego county, California",0.0
1953,"San diego, California",0.0
1954,"San francisco, California",0.0
1955,"San jacinto, Texas",0.0
1956,"San joaquin, California",0.0
1957,"San juan, New Mexico",0.0
1958,"San juan, Utah",0.0
1959,"San juan, Washington",0.0
1960,"San luis obispo, California",0.0
1961,"San mateo, California",0.0
1962,"San miguel, New Mexico",0.0
1963,"San patricio, Texas",0.0
1964,"San saba, Texas",0.0
1965,"Sanborn, South Dakota",0.0
1966,"Sanders, Montana",0.0
1967,"Sandoval, New Mexico",0.0
1968,"Sandusky, Ohio",0.0
1969,"Sangamon, Illinois",0.0
1970,"Sanilac, Michigan",0.0
1971,"Sanpete, Utah",0.0
1972,"Santa barbara, California",0.0
1973,"Santa clara, California",0.0
1974,"Santa cruz, Arizona",0.0
1975,"Santa cruz, California",0.0
1976,"Santa fe, New Mexico",0.0
1977,"Santa rosa county, Florida",0.0
1978,"Santa rosa, Florida",0.0
1979,"Sarasota, Florida",0.0
1980,"Saratoga, New York",0.0
1981,"Sarpy, Nebraska",0.028749999999999998
1982,"Sauk, Wisconsin",0.0
1983,"Saunders, Nebraska",0.0
1984,"Sawyer, Wisconsin",0.0
1985,"Schenectady, New York",0.0
1986,"Schoharie, New York",0.0
1987,"Schoolcraft, Michigan",0.0
1988,"Schuyler, Illinois",0.0
1989,"Schuyler, New York",0.0
1990,"Schuylkill, Pennsylvania",0.0
1991,"Scotland, Missouri",0.0
1992,"Scotland, North Carolina",0.0
1993,"Scott, Arkansas",0.0
1994,"Scott, Illinois",0.0
1995,"Scott, Indiana",0.0
1996,"Scott, Iowa",0.0
1997,"Scott, Kentucky",0.0
1998,"Scott, Minnesota",0.0
1999,"Scott, Missouri",0.0
2000,"Scott, Virginia",0.0
2001,"Scotts bluff, Nebraska",0.0
2002,"Searcy, Arkansas",0.0
2003,"Sebastian, Arkansas",0.0
2004,"Sedgwick, Kansas",0.0
2005,"Seminole county, Florida",0.0
2006,"Seminole, Florida",0.0
2007,"Seneca, New York",0.0
2008,"Seneca, Ohio",0.0
2009,"Sevier, Arkansas",0.0
2010,"Sevier, Utah",0.0
2011,"Seward, Nebraska",0.0
2012,"Shackelford, Texas",0.0
2013,"Shannon, Missouri",0.0
2014,"Shannon, South Dakota",0.0
2015,"Sharp county, Arkansas",0.0
2016,"Sharp, Arkansas",0.0
2017,"Shasta, California",0.0
2018,"Shawano, Wisconsin",0.0
2019,"Shawnee, Kansas",0.0
2020,"Sheboygan, Wisconsin",0.0
2021,"Shelby, Alabama",0.0
2022,"Shelby, Illinois",0.0
2023,"Shelby, Indiana",0.0
2024,"Shelby, Kentucky",0.0
2025,"Shelby, Missouri",0.0
2026,"Shelby, Ohio",0.0
2027,"Shelby, Tennessee",0.0
2028,"Shelby, Texas",0.0
2029,"Shenandoah, Virginia",0.0
2030,"Sherburne, Minnesota",0.0
2031,"Sheridan, Montana",0.0
2032,"Sheridan, Nebraska",0.0
2033,"Sheridan, Wyoming",0.0
2034,"Sherman, Nebraska",0.0
2035,"Sherman, Oregon",0.0
2036,"Shiawassee, Michigan",0.0
2037,"Shoshone, Idaho",0.0
2038,"Sibley, Minnesota",0.0
2039,"Sierra, New Mexico",0.0
2040,"Silver bow, Montana",0.0
2041,"Silverbow, Montana",0.0
2042,"Simpson, Kentucky",0.0
2043,"Sioux, Nebraska",0.0
2044,"Skagit, Washington",0.0
2045,"Skamania, Washington",0.0
2046,"Smith, Texas",0.0
2047,"Smyth, Virginia",0.0
2048,"Snohomish, Washington",0.0
2049,"Snyder county, Pennsylvania",0.0
2050,"Snyder, Pennsylvania",0.0
2051,"Socorro, New Mexico",0.0
2052,"Solano, California",0.0
2053,"Somerset county, Pennsylvania",0.0
2054,"Somerset, Maine",0.0
2055,"Somerset, Maryland",0.0
2056,"Somerset, New Jersey",0.0
2057,"Somerset, Pennsylvania",0.0
2058,"Somervell, Texas",0.0
2059,"Sonoma, California",0.0
2060,"Southampton, Virginia",0.0
2061,"Southeast fairbanks, Alaska",0.0
2062,"Spartanburg, South Carolina",0.0
2063,"Spencer, Indiana",0.0
2064,"Spink county, South Dakota",0.0
2065,"Spokane, Washington",0.0
2066,"Spotsylvania, Virginia",0.0
2067,"St clair, Alabama",0.0
2068,"St helena, Louisiana",0.0
2069,"St joseph, Indiana",0.0
2070,"St landry, Louisiana",0.0
2071,"St lawrence, New York",0.0
2072,"St louis, Missouri",0.0
2073,"St mary's, Maryland",0.0
2074,"St tammany, Louisiana",0.0
2075,"St. bernard, Louisiana",0.0
2076,"St. charles, Louisiana",0.0
2077,"St. charles, Missouri",0.0
2078,"St. clair county, Missouri",0.0
2079,"St. clair, Alabama",0.0
2080,"St. clair, Illinois",0.0
2081,"St. clair, Michigan",0.0
2082,"St. clair, Missouri",0.0
2083,"St. croix, Wisconsin",0.0
2084,"St. francis, Arkansas",0.0
2085,"St. francois, Missouri",0.0
2086,"St. helena, Louisiana",0.0
2087,"St. james, Louisiana",0.0
2088,"St. john the baptist parish, Louisiana",0.0
2089,"St. john the baptist, Louisiana",0.0
2090,"St. johns, Florida",0.0
2091,"St. joseph county, Indiana",0.0
2092,"St. joseph, Indiana",0.0
2093,"St. joseph, Michigan",0.0
2094,"St. landry, Louisiana",0.0
2095,"St. lawrence, New York",0.033116883116883114
2096,"St. louis city, Missouri",0.0
2097,"St. louis, Minnesota",0.0
2098,"St. louis, Missouri",0.0
2099,"St. lucie, Florida",0.0
2100,"St. martin parish, Louisiana",0.0
2101,"St. martin, Louisiana",0.0
2102,"St. mary parish, Louisiana",0.0
2103,"St. mary's county, Maryland",0.0
2104,"St. mary's, Maryland",0.0
2105,"St. mary, Louisiana",0.0
2106,"St. tammany parish, Louisiana",0.0
2107,"St. tammany, Louisiana",0.0
2108,"Stafford, Virginia",0.0
2109,"Stanislaus, California",0.0
2110,"Stanly, North Carolina",0.0
2111,"Stanton, Nebraska",0.0
2112,"Stark, Illinois",0.0
2113,"Stark, Ohio",0.0
2114,"Starke, Indiana",0.0
2115,"Starr, Texas",0.0
2116,"Staunton, Virginia",0.0
2117,"Ste. genevieve, Missouri",0.0
2118,"Stearns, Minnesota",0.0
2119,"Steele, Minnesota",0.0
2120,"Stephens, Oklahoma",0.0
2121,"Stephens, Texas",0.0
2122,"Stephenson, Illinois",0.0
2123,"Steuben, Indiana",0.0
2124,"Steuben, New York",0.0
2125,"Stevens, Minnesota",0.0
2126,"Stevens, Washington",0.0
2127,"Stillwater, Montana",0.0
2128,"Stoddard, Missouri",0.0
2129,"Stokes, North Carolina",0.0
2130,"Stone, Arkansas",0.0
2131,"Stone, Missouri",0.0
2132,"Stonewall, Texas",0.0
2133,"Storey, Nevada",0.0
2134,"Strafford, New Hampshire",0.0
2135,"Stutsman, North Dakota",0.0
2136,"Sublette, Wyoming",0.0
2137,"Suffolk city, Virginia",0.0
2138,"Suffolk, Massachusetts",0.0
2139,"Suffolk, Virginia",0.0
2140,"Sullivan, Indiana",0.0
2141,"Sullivan, Missouri",0.0
2142,"Sullivan, New Hampshire",0.0
2143,"Sullivan, New York",0.0
2144,"Sullivan, Pennsylvania",0.0
2145,"Summers, West Virginia",0.0
2146,"Summit, Ohio",0.0
2147,"Summit, Utah",0.0
2148,"Sumner, Kansas",0.0
2149,"Sumter, Alabama",0.0
2150,"Sumter, Florida",0.0
2151,"Sumter, South Carolina",0.0
2152,"Surry, North Carolina",0.0
2153,"Surry, Virginia",0.0
2154,"Susquehanna, Pennsylvania",0.0
2155,"Sussex, New Jersey",0.0
2156,"Sutter, California",0.0
2157,"Sutton, Texas",0.0
2158,"Suwannee, Florida",0.0
2159,"Swain, North Carolina",0.0
2160,"Sweet grass, Montana",0.0
2161,"Sweetwater county, Wyoming",0.0
2162,"Sweetwater, Wyoming",0.0
2163,"Swift county, Minnesota",0.0
2164,"Swift, Minnesota",0.0
2165,"Swisher, Texas",0.0
2166,"Switzerland, Indiana",0.0
2167,"Talbot, Maryland",0.0
2168,"Talladega, Alabama",0.0
2169,"Tallapoosa, Alabama",0.0
2170,"Taney, Missouri",0.0
2171,"Tangipahoa parish, Louisiana",0.0
2172,"Tangipahoa, Louisiana",0.0
2173,"Taos, New Mexico",0.0
2174,"Tarrant, Texas",0.0
2175,"Taylor, Florida",0.0
2176,"Taylor, Kentucky",0.0
2177,"Taylor, Texas",0.0
2178,"Taylor, West Virginia",0.0
2179,"Taylor, Wisconsin",0.0
2180,"Tazewell, Illinois",0.0
2181,"Tazewell, Virginia",0.0
2182,"Tensas, Louisiana",0.0
2183,"Terrebonne, Louisiana",0.0
2184,"Terry, Texas",0.0
2185,"Teton, Idaho",0.0
2186,"Teton, Montana",0.0
2187,"Teton, Wyoming",0.0
2188,"Texas, Missouri",0.0
2189,"Texas, Oklahoma",0.0
2190,"Thayer, Nebraska",0.0
2191,"Thomas, Nebraska",0.0
2192,"Throckmorton, Texas",0.0
2193,"Thurston, Nebraska",0.0
2194,"Thurston, Washington",0.0
2195,"Tillamook county, Oregon",0.0
2196,"Tillamook, Oregon",0.0
2197,"Tillman, Oklahoma",0.0
2198,"Tioga county, Pennsylvania",0.0
2199,"Tioga, New York",0.0
2200,"Tioga, Pennsylvania",0.0
2201,"Tippecanoe, Indiana",0.0
2202,"Tipton, Indiana",0.0
2203,"Titus, Texas",0.0
2204,"Todd, Kentucky",0.0
2205,"Todd, Minnesota",0.0
2206,"Todd, South Dakota",0.0
2207,"Tolland, Connecticut",0.0
2208,"Tom green, Texas",0.0
2209,"Tompkins, New York",0.0
2210,"Tooele, Utah",0.0
2211,"Toole, Montana",0.0
2212,"Torrance, New Mexico",0.0
2213,"Transylvania, North Carolina",0.0
2214,"Traverse, Minnesota",0.0
2215,"Travis, Texas",0.0
2216,"Treasure, Montana",0.0
2217,"Trempealeau, Wisconsin",0.0
2218,"Trigg, Kentucky",0.0
2219,"Trimble, Kentucky",0.0
2220,"Trinity, Texas",0.0
2221,"Tripp, South Dakota",0.0
2222,"Trumbull, Ohio",0.0
2223,"Tucker, West Virginia",0.0
2224,"Tulare, California",0.0
2225,"Turner, South Dakota",0.0
2226,"Tuscaloosa, Alabama",0.0
2227,"Tuscarawas, Ohio",0.0
2228,"Tuscola, Michigan",0.0
2229,"Twin falls, Idaho",0.0
2230,"Tyler, Texas",0.0
2231,"Tyler, West Virginia",0.0
2232,"Tyrrell, North Carolina",0.0
2233,"Uinta, Wyoming",0.0
2234,"Uintah, Utah",0.0
2235,"Ulster, New York",0.0
2236,"Umatilla, Oregon",0.0
2237,"Union parish, Louisiana",0.0
2238,"Union, Arkansas",0.0
2239,"Union, Florida",0.0
2240,"Union, Illinois",0.0
2241,"Union, Indiana",0.0
2242,"Union, Kentucky",0.0
2243,"Union, Louisiana",0.0
2244,"Union, New Mexico",0.0
2245,"Union, North Carolina",0.0
2246,"Union, Oregon",0.0
2247,"Union, Pennsylvania",0.0
2248,"Union, South Carolina",0.0
2249,"Union, South Dakota",0.0
2250,"Unknown, South Carolina",0.0
2251,"Upshur, Texas",0.0
2252,"Upshur, West Virginia",0.0
2253,"Utah, Utah",0.0
2254,"Uvalde, Texas",0.0
2255,"Val verde, Texas",0.0
2256,"Valencia, New Mexico",0.0
2257,"Valley, Idaho",0.0
2258,"Valley, Montana",0.0
2259,"Valley, Nebraska",0.0
2260,"Van buren, Arkansas",0.0
2261,"Van buren, Michigan",0.0
2262,"Van wert, Ohio",0.0
2263,"Van zandt, Texas",0.0
2264,"Vance, North Carolina",0.0
2265,"Vanderburgh, Indiana",0.0
2266,"Venango county, Pennsylvania",0.0
2267,"Venango, Pennsylvania",0.0
2268,"Ventura, California",0.0
2269,"Vermilion, Illinois",0.0
2270,"Vermilion, Louisiana",0.0
2271,"Vermillion county, Indiana",0.0
2272,"Vermillion, Indiana",0.0
2273,"Vernon, Louisiana",0.0
2274,"Vernon, Missouri",0.0
2275,"Vernon, Wisconsin",0.0
2276,"Victoria, Texas",0.0
2277,"Vigo, Indiana",0.0
2278,"Vilas, Wisconsin",0.0
2279,"Volusia, Florida",0.0
2280,"Wabash, Illinois",0.0
2281,"Wabash, Indiana",0.0
2282,"Wabasha, Minnesota",0.0
2283,"Wabaunsee, Kansas",0.0
2284,"Wadena, Minnesota",0.0
2285,"Wake, North Carolina",0.0
2286,"Wakulla, Florida",0.0
2287,"Waldo, Maine",0.0
2288,"Walker, Alabama",0.0
2289,"Walker, Texas",0.0
2290,"Walla walla, Washington",0.0
2291,"Waller, Texas",0.0
2292,"Wallowa, Oregon",0.0
2293,"Walsh, North Dakota",0.0
2294,"Walton, Florida",0.0
2295,"Walworth, South Dakota",0.0
2296,"Walworth, Wisconsin",0.0
2297,"Ward, Texas",0.0
2298,"Warren county, Pennsylvania",0.0
2299,"Warren, Illinois",0.0
2300,"Warren, Indiana",0.0
2301,"Warren, Kentucky",0.0
2302,"Warren, Missouri",0.0
2303,"Warren, New Jersey",0.0
2304,"Warren, New York",0.0
2305,"Warren, North Carolina",0.0
2306,"Warren, Ohio",0.0
2307,"Warren, Pennsylvania",0.0
2308,"Warren, Virginia",0.0
2309,"Warrick, Indiana",0.0
2310,"Wasatch, Utah",0.0
2311,"Wasco, Oregon",0.0
2312,"Waseca, Minnesota",0.0
2313,"Washakie, Wyoming",0.0
2314,"Washburn, Wisconsin",0.0
2315,"Washington county, Rhode Island",0.0
2316,"Washington parish, Louisiana",0.0
2317,"Washington, Alabama",0.0
2318,"Washington, Arkansas",0.0
2319,"Washington, Florida",0.0
2320,"Washington, Idaho",0.0
2321,"Washington, Illinois",0.0
2322,"Washington, Indiana",0.0
2323,"Washington, Kentucky",0.0
2324,"Washington, Louisiana",0.0
2325,"Washington, Maine",0.0
2326,"Washington, Maryland",0.0
2327,"Washington, Minnesota",0.0
2328,"Washington, Missouri",0.0
2329,"Washington, Nebraska",0.0
2330,"Washington, New York",0.0
2331,"Washington, North Carolina",0.0
2332,"Washington, Ohio",0.0
2333,"Washington, Oklahoma",0.0
2334,"Washington, Oregon",0.0
2335,"Washington, Pennsylvania",0.0
2336,"Washington, Rhode Island",0.0
2337,"Washington, Texas",0.0
2338,"Washington, Utah",0.0
2339,"Washington, Vermont",0.0
2340,"Washington, Virginia",0.0
2341,"Washington, Wisconsin",0.0
2342,"Washita, Oklahoma",0.0
2343,"Washoe, Nevada",0.0
2344,"Washtenaw, Michigan",0.0
2345,"Watauga, North Carolina",0.0
2346,"Watonwan, Minnesota",0.0
2347,"Waukesha, Wisconsin",0.0
2348,"Waupaca, Wisconsin",0.0
2349,"Waushara, Wisconsin",0.0
2350,"Wayne, Illinois",0.0
2351,"Wayne, Indiana",0.0
2352,"Wayne, Kentucky",0.0
2353,"Wayne, Michigan",0.0
2354,"Wayne, Missouri",0.0
2355,"Wayne, Nebraska",0.0
2356,"Wayne, New York",0.7
2357,"Wayne, North Carolina",0.0
2358,"Wayne, Ohio",0.0
2359,"Wayne, Pennsylvania",0.0
2360,"Wayne, Utah",0.0
2361,"Wayne, West Virginia",0.0
2362,"Waynesboro city, Virginia",0.0
2363,"Webb county, Texas",0.0
2364,"Webb, Texas",0.0
2365,"Weber, Utah",0.0
2366,"Webster, Kentucky",0.0
2367,"Webster, Louisiana",0.0
2368,"Webster, Missouri",0.0
2369,"Webster, Nebraska",0.0
2370,"Webster, West Virginia",0.0
2371,"Wells, Indiana",0.0
2372,"West baton rouge, Louisiana",0.0
2373,"West carroll parish, Louisiana",0.0
2374,"West carroll, Louisiana",0.0
2375,"West feliciana, Louisiana",0.0
2376,"Westchester, New York",0.0
2377,"Westmoreland, Pennsylvania",0.0
2378,"Westmoreland, Virginia",0.0
2379,"Weston, Wyoming",0.0
2380,"Wetzel, West Virginia",0.0
2381,"Wexford, Michigan",0.0
2382,"Wharton, Texas",0.0
2383,"Whatcom, Washington",0.0
2384,"Wheatland, Montana",0.0
2385,"Wheeler, Nebraska",0.0
2386,"Wheeler, Oregon",0.0
2387,"Wheeler, Texas",0.0
2388,"White pine, Nevada",0.0
2389,"White, Arkansas",0.0
2390,"White, Illinois",0.0
2391,"White, Indiana",0.0
2392,"Whiteside, Illinois",0.0
2393,"Whitley, Indiana",0.0
2394,"Whitley, Kentucky",0.0
2395,"Whitman, Washington",0.0
2396,"Wibaux, Montana",0.0
2397,"Wichita, Texas",0.0
2398,"Wicomico, Maryland",0.0
2399,"Wilbarger, Texas",0.0
2400,"Wilcox, Alabama",0.0
2401,"Wilkes, North Carolina",0.0
2402,"Will, Illinois",0.0
2403,"Willacy county, Texas",0.0
2404,"Willacy, Texas",0.0
2405,"Williamsburg, South Carolina",0.0
2406,"Williamson, Illinois",0.0
2407,"Williamson, Texas",0.0
2408,"Wilson, Kansas",0.0
2409,"Wilson, North Carolina",0.0
2410,"Wilson, Texas",0.0
2411,"Winchester, Virginia",0.0
2412,"Windham, Connecticut",0.0
2413,"Windham, Vermont",0.0
2414,"Windsor, Vermont",0.0
2415,"Winkler, Texas",0.0
2416,"Winn, Louisiana",0.0
2417,"Winnebago, Illinois",0.0
2418,"Winnebago, Wisconsin",0.0
2419,"Winona, Minnesota",0.0
2420,"Winston, Alabama",0.0
2421,"Wise, Texas",0.0
2422,"Wolfe, Kentucky",0.0
2423,"Wood, Ohio",0.0
2424,"Wood, Texas",0.0
2425,"Wood, West Virginia",0.0
2426,"Wood, Wisconsin",0.0
2427,"Woodford, Illinois",0.0
2428,"Woodford, Kentucky",0.0
2429,"Woodruff, Arkansas",0.0
2430,"Woods, Oklahoma",0.0
2431,"Woodson, Kansas",0.0
2432,"Woodward, Oklahoma",0.0
2433,"Worcester, Maryland",0.0
2434,"Worcester, Massachusetts",0.0
2435,"Worth, Missouri",0.0
2436,"Wright, Minnesota",0.0
2437,"Wright, Missouri",0.0
2438,"Wyandot, Ohio",0.0
2439,"Wyandotte, Kansas",0.0
2440,"Wyoming, New York",0.0
2441,"Wyoming, Pennsylvania",0.0
2442,"Wyoming, West Virginia",0.0
2443,"Wythe, Virginia",0.0
2444,"Yadkin, North Carolina",0.0
2445,"Yakima, Washington",0.0
2446,"Yakutat, Alaska",0.0
2447,"Yamhill, Oregon",0.0
2448,"Yancey, North Carolina",0.0
2449,"Yankton, South Dakota",0.0
2450,"Yates, New York",0.0
2451,"Yavapai, Arizona",0.0
2452,"Yell, Arkansas",0.0
2453,"Yellow medicine county, Minnesota",0.0
2454,"Yellow medicine, Minnesota",0.0
2455,"Yellowstone, Montana",0.0
2456,"Yoakum, Texas",0.0
2457,"Yolo, California",0.0
2458,"York county, Pennsylvania",0.0
2459,"York, Maine",0.0
2460,"York, Nebraska",0.0
2461,"York, Pennsylvania",0.0
2462,"York, South Carolina",0.0
2463,"Young, Texas",0.0
2464,"Yuba, California",0.0
2465,"Yuma county, Arizona",0.0
2466,"Yuma, Arizona",0.0
2467,"Zapata county, Texas",0.0
2468,"Zapata, Texas",0.0
2469,"Zavala, Texas",0.0
