,county,dichloroacetic_acid
0,"Abbeville, South Carolina",14.277999999999999
1,"Acadia, Louisiana",4.226041666666668
2,"Accomack, Virginia",5.993023255813954
3,"Adair, Iowa",16.34
4,"Adair, Missouri",18.336893203883495
5,"Adair, Oklahoma",12.31664705882353
6,"Adams, Illinois",7.2140350877192985
7,"Adams, Iowa",16.68892086330935
8,"Adams, Nebraska",0.0
9,"Adams, North Dakota",7.078333333333333
10,"Adams, Ohio",2.34675
11,"Addison, Vermont",16.271653543307085
12,"Aiken, South Carolina",11.045965909090913
13,"Alamance, North Carolina",13.43101851851852
14,"Alameda, California",14.48
15,"Albany, New York",15.406689944134092
16,"Albemarle, Virginia",2.095238095238096
17,"Aleutians east borough, Alaska",0.0
18,"Aleutians east, Alaska",4.492325581395349
19,"Aleutians west census area, Alaska",5.60397435897436
20,"Aleutians west, Alaska",1.4374
21,"Alexander, Illinois",14.712195121951215
22,"Alexander, North Carolina",15.387777777777778
23,"Alfalfa, Oklahoma",0.3594
24,"Allamakee county, Iowa",0.0
25,"Allamakee, Iowa",0.7272727272727273
26,"Allegan, Michigan",1.4615384615384615
27,"Allegany, New York",4.443847465437788
28,"Alleghany, North Carolina",0.0
29,"Alleghany, Virginia",9.466141732283461
30,"Allegheny, Pennsylvania",6.8
31,"Allen, Kansas",22.471523178807953
32,"Allen, Louisiana",6.436249999999999
33,"Allen, Ohio",12.96057471264368
34,"Allendale, South Carolina",0.991111111111111
35,"Amador, California",9.83529411764706
36,"Amelia, Virginia",0.2
37,"Amherst, Virginia",18.788524590163934
38,"Anchorage, Alaska",1.9709375000000007
39,"Anderson, Kansas",37.06363636363636
40,"Anderson, South Carolina",15.237635467980292
41,"Anderson, Texas",4.817156862745097
42,"Andrew, Missouri",16.735892857142854
43,"Andrews, Texas",0.2375
44,"Androscoggin, Maine",17.8
45,"Angelina, Texas",9.300530973451334
46,"Anoka, Minnesota",7.978260869565218
47,"Anson, North Carolina",28.100884955752207
48,"Antelope, Nebraska",0.0
49,"Antrim, Michigan",0.5
50,"Apache, Arizona",1.6126213592233012
51,"Appanoose, Iowa",14.505174825174826
52,"Appomattox, Virginia",0.0
53,"Aransas, Texas",4.35138888888889
54,"Archer, Texas",15.457954545454538
55,"Arenac, Michigan",13.984126984126984
56,"Arkansas, Arkansas",1.3130434782608698
57,"Arlington, Virginia",15.8
58,"Armstrong, Texas",0.0
59,"Aroostook, Maine",8.715384615384618
60,"Ascension, Louisiana",5.180175438596492
61,"Ashe, North Carolina",0.7375
62,"Ashland, Ohio",7.513630630630631
63,"Ashley, Arkansas",5.579104477611941
64,"Ashtabula, Ohio",11.943038910505841
65,"Assumption, Louisiana",14.15352112676056
66,"Atascosa county, Texas",0.0
67,"Atascosa, Texas",0.3756756756756756
68,"Atchison, Kansas",18.259223300970874
69,"Atchison, Missouri",7.791538461538462
70,"Athens, Ohio",10.51070256410257
71,"Atlantic, New Jersey",1.3988234165067195
72,"Atoka, Oklahoma",34.925131578947365
73,"Audrain, Missouri",18.272608695652178
74,"Audubon, Iowa",1.573
75,"Auglaize, Ohio",3.7587999999999995
76,"Augusta, Virginia",0.4533333333333333
77,"Austin, Texas",0.1532258064516129
78,"Avery, North Carolina",0.2509433962264151
79,"Avoyelles, Louisiana",5.1409930769230785
80,"B, Oklahoma",14.857922077922078
81,"Bailey, Texas",0.0
82,"Bamberg, South Carolina",1.3881818181818182
83,"Bandera, Texas",0.9802197802197801
84,"Barber, Kansas",1.5554999999999997
85,"Barbour, West Virginia",16.811827956989244
86,"Barnes, North Dakota",3.2558823529411764
87,"Barnwell, South Carolina",0.6722222222222223
88,"Barry, Michigan",2.0
89,"Barry, Missouri",0.15857142857142856
90,"Barton, Kansas",0.5516129032258064
91,"Barton, Missouri",20.531326530612247
92,"Bastrop, Texas",2.0272251308900526
93,"Bates, Missouri",22.909818652849744
94,"Bath, Virginia",0.42083333333333334
95,"Baxter, Arkansas",17.919354838709676
96,"Bay, Michigan",14.0
97,"Baylor, Texas",0.0
98,"Beaufort, North Carolina",6.399999999999999
99,"Beaufort, South Carolina",8.408439560439563
100,"Beauregard, Louisiana",0.25842105263157894
101,"Beaver, Oklahoma",0.35714285714285715
102,"Beaver, Utah",1.1666666666666667
103,"Beaverhead, Montana",0.0
104,"Becker, Minnesota",2.15
105,"Beckham, Oklahoma",0.45
106,"Bedford, Virginia",16.918181818181825
107,"Bee, Texas",14.129050279329606
108,"Bell, Texas",11.76604361370716
109,"Belmont, Ohio",7.718670454545455
110,"Bennington, Vermont",15.006923076923073
111,"Benson, North Dakota",6.665294117647059
112,"Benton county, Arkansas",21.218000000000004
113,"Benton, Arkansas",16.562529274004692
114,"Benton, Iowa",3.6941818181818182
115,"Benton, Missouri",0.0
116,"Benzie, Michigan",1.1666666666666667
117,"Bergen, New Jersey",5.963660322108343
118,"Berkeley, South Carolina",8.889215686274506
119,"Berkeley, West Virginia",8.473667953667954
120,"Bernalillo, New Mexico",0.7088854166666668
121,"Berrien, Michigan",5.958333333333333
122,"Bertie, North Carolina",0.13437500000000002
123,"Bethel census area, Alaska",21.740000000000002
124,"Bethel, Alaska",7.86205882352941
125,"Bexar, Texas",5.285935769656699
126,"Bienville, Louisiana",11.079032258064515
127,"Big horn, Montana",4.242666666666666
128,"Billings, North Dakota",8.238000000000001
129,"Black hawk, Iowa",1.2148780487804878
130,"Bladen, North Carolina",3.3508771929824563
131,"Blaine, Montana",21.184615384615384
132,"Blaine, Oklahoma",1.0385714285714287
133,"Blanco, Texas",11.470833333333331
134,"Bland, Virginia",13.041379310344826
135,"Bollinger, Missouri",0.3775
136,"Bond, Illinois",15.141283643892345
137,"Bonneville, Idaho",0.0
138,"Boone, Arkansas",1.5166666666666666
139,"Boone, Illinois",0.7818181818181817
140,"Boone, Iowa",9.234181034482756
141,"Boone, Missouri",2.8082352941176474
142,"Boone, West Virginia",8.896962025316457
143,"Bosque, Texas",6.569387755102039
144,"Bossier, Louisiana",4.095443037974683
145,"Botetourt, Virginia",0.45774647887323944
146,"Bottineau, North Dakota",6.42872340425532
147,"Boundary, Idaho",0.945
148,"Bourbon, Kansas",9.604915254237287
149,"Bowie, Texas",21.39494382022471
150,"Bowman, North Dakota",5.234687500000001
151,"Box butte, Nebraska",0.2125
152,"Box elder, Utah",0.1744186046511628
153,"Boyd, Nebraska",1.1733333333333333
154,"Bradley, Arkansas",3.0333333333333337
155,"Branch, Michigan",1.1428571428571428
156,"Braxton, West Virginia",16.305813953488364
157,"Brazoria, Texas",3.407918781725888
158,"Brazos, Texas",1.2182795698924733
159,"Bremer, Iowa",3.911333333333333
160,"Brewster, Texas",0.09285714285714286
161,"Briscoe, Texas",12.469767441860466
162,"Bristol bay, Alaska",0.0
163,"Bristol, Virginia",10.433333333333334
164,"Brooke, West Virginia",12.452941176470592
165,"Brooks, Texas",0.0
166,"Broome, New York",3.4333513513513516
167,"Brown, Illinois",0.8285714285714284
168,"Brown, Kansas",9.645490196078429
169,"Brown, Minnesota",1.4500000000000002
170,"Brown, Ohio",11.291839080459772
171,"Brown, Texas",11.895871559633022
172,"Brunswick, North Carolina",10.378321678321676
173,"Brunswick, Virginia",14.452631578947372
174,"Bryan, Oklahoma",17.1346339869281
175,"Buchanan, Iowa",1.1379166666666667
176,"Buchanan, Virginia",15.966981132075476
177,"Buckingham, Virginia",6.974074074074075
178,"Buena vista, Iowa",6.1683168316831685
179,"Buena vista, Virginia",0.95
180,"Buffalo, Nebraska",2.6973076923076937
181,"Buncombe, North Carolina",10.716494845360824
182,"Bureau, Illinois",10.004838709677419
183,"Burke, North Carolina",13.591333333333333
184,"Burke, North Dakota",1.4782352941176473
185,"Burleigh, North Dakota",9.973560209424083
186,"Burleson, Texas",3.6770186335403743
187,"Burlington, New Jersey",3.715274496177898
188,"Burnet, Texas",14.098445595854924
189,"Burt, Nebraska",0.309
190,"Butler, Iowa",1.3655
191,"Butler, Kansas",14.446785714285717
192,"Butler, Missouri",17.6864705882353
193,"Butler, Nebraska",1.1400000000000001
194,"Butler, Ohio",1.060057692307692
195,"Butte, California",11.636363636363637
196,"Cabarrus, North Carolina",12.122299465240632
197,"Cabell, West Virginia",11.218253968253968
198,"Cache, Utah",0.6709677419354838
199,"Caddo parish, Louisiana",0.0
200,"Caddo, Louisiana",8.21898773006135
201,"Caddo, Oklahoma",7.2
202,"Calaveras, California",30.0
203,"Calcasieu, Louisiana",1.5428679245283017
204,"Caldwell, Louisiana",3.822105263157895
205,"Caldwell, Missouri",22.959248826291077
206,"Caldwell, North Carolina",12.89507042253521
207,"Caldwell, Texas",7.6558441558441555
208,"Caledonia, Vermont",10.258409090909094
209,"Calhoun, Arkansas",4.828571428571428
210,"Calhoun, Illinois",9.090625
211,"Calhoun, Iowa",3.871794871794872
212,"Calhoun, Michigan",1.4545454545454546
213,"Calhoun, South Carolina",0.23166666666666666
214,"Calhoun, Texas",6.678160919540232
215,"Calhoun, West Virginia",11.593406593406597
216,"Callahan, Texas",5.550000000000002
217,"Callaway, Missouri",0.41892857142857143
218,"Camden, Missouri",1.6964102564102563
219,"Camden, New Jersey",0.8052250453720518
220,"Camden, North Carolina",3.8499999999999996
221,"Cameron, Louisiana",4.0345
222,"Cameron, Texas",6.225469168900804
223,"Camp, Texas",3.2404255319148945
224,"Campbell, Virginia",11.129565217391304
225,"Canadian, Oklahoma",4.590852760736196
226,"Canyon, Idaho",0.0
227,"Cape girardeau, Missouri",16.764905660377355
228,"Cape may, New Jersey",1.388285953177258
229,"Carbon, Montana",4.050588235294118
230,"Carbon, Pennsylvania",1.9500000000000002
231,"Carbon, Utah",13.20625
232,"Carlton, Minnesota",3.6666666666666665
233,"Caroline, Virginia",17.659605263157896
234,"Carroll, Arkansas",14.239130434782611
235,"Carroll, Illinois",0.4405882352941176
236,"Carroll, Iowa",3.482549019607843
237,"Carroll, Missouri",3.441111111111111
238,"Carroll, Ohio",13.485384615384614
239,"Carroll, Virginia",4.9186046511627906
240,"Carson city, Nevada",7.557889273356398
241,"Carson, Texas",0.5833333333333334
242,"Carter, Missouri",0.0
243,"Carter, Oklahoma",7.9875449101796425
244,"Carteret, North Carolina",11.689473684210526
245,"Carver, Minnesota",0.0
246,"Cascade, Montana",12.16440414507772
247,"Cass, Illinois",13.612499999999999
248,"Cass, Iowa",0.9504347826086956
249,"Cass, Michigan",0.4
250,"Cass, Missouri",21.268965517241366
251,"Cass, Nebraska",3.8466666666666662
252,"Cass, North Dakota",2.2832608695652175
253,"Cass, Texas",9.606666666666667
254,"Castro, Texas",0.0
255,"Caswell, North Carolina",16.95957446808511
256,"Catahoula, Louisiana",3.5666666666666664
257,"Catawba, North Carolina",12.097805642633228
258,"Catron, New Mexico",0.055799999999999995
259,"Cattaraugus, New York",3.534337748344373
260,"Cavalier, North Dakota",17.64090909090909
261,"Cayuga county, New York",26.843478260869563
262,"Cayuga, New York",8.632846715328467
263,"Cedar, Iowa",1.987727272727273
264,"Cedar, Missouri",3.8154545454545454
265,"Cedar, Nebraska",18.227083333333333
266,"Cerro gordo, Iowa",1.063076923076923
267,"Chambers, Texas",7.385759493670878
268,"Champaign, Illinois",9.699418604651159
269,"Champaign, Ohio",1.3834722222222218
270,"Chariton, Missouri",6.912954545454545
271,"Charles city, Virginia",0.5571428571428572
272,"Charleston county, South Carolina",9.7232
273,"Charleston, South Carolina",5.16
274,"Charlevoix, Michigan",1.0909090909090908
275,"Charlotte, Virginia",16.7775
276,"Chase, Kansas",1.9405555555555556
277,"Chatham, North Carolina",23.29150943396225
278,"Chautauqua, Kansas",28.496818181818185
279,"Chautauqua, New York",10.574035398230091
280,"Chaves, New Mexico",0.0
281,"Cheboygan, Michigan",0.0
282,"Chemung, New York",5.508050847457632
283,"Chenango, New York",5.416216216216216
284,"Cherokee, Iowa",1.8792307692307693
285,"Cherokee, Kansas",9.48125
286,"Cherokee, North Carolina",4.690476190476191
287,"Cherokee, Oklahoma",14.16510393258428
288,"Cherokee, South Carolina",17.63488095238095
289,"Cherokee, Texas",10.383960720130926
290,"Cherry, Nebraska",1.4
291,"Chesapeake, Virginia",1.5
292,"Chester, South Carolina",10.660582524271842
293,"Chesterfield, South Carolina",10.505862068965516
294,"Chesterfield, Virginia",10.802631578947368
295,"Cheyenne, Kansas",0.0
296,"Cheyenne, Nebraska",0.0
297,"Chickasaw, Iowa",1.182
298,"Chicot, Arkansas",2.254166666666667
299,"Childress, Texas",10.7175
300,"Chippewa, Michigan",9.0
301,"Chittenden, Vermont",14.563502109704642
302,"Choctaw, Oklahoma",6.819672131147541
303,"Chouteau, Montana",4.042
304,"Chowan, North Carolina",4.27166666666667
305,"Christian, Illinois",12.558216138328527
306,"Christian, Missouri",0.3319444444444445
307,"Churchill, Nevada",1.325
308,"Cibola, New Mexico",0.021304347826086957
309,"Cimarron, Oklahoma",0.25
310,"Claiborne, Louisiana",2.766764705882353
311,"Clare, Michigan",0.5
312,"Clarendon, South Carolina",0.31565217391304345
313,"Clark, Arkansas",15.46946107784431
314,"Clark, Illinois",1.9416666666666664
315,"Clark, Kansas",0.08833333333333333
316,"Clark, Missouri",24.413392857142856
317,"Clark, Nevada",9.78764705882353
318,"Clark, Ohio",1.5680470588235296
319,"Clarke, Iowa",22.86111111111111
320,"Clarke, Virginia",15.224892703862661
321,"Clay, Arkansas",1.3176470588235296
322,"Clay, Illinois",18.057894736842105
323,"Clay, Iowa",1.4583333333333333
324,"Clay, Kansas",0.7716666666666667
325,"Clay, Missouri",15.601194029850747
326,"Clay, North Carolina",3.6363636363636362
327,"Clay, Texas",10.924074074074074
328,"Clay, West Virginia",23.12048192771084
329,"Clayton, Iowa",0.8356818181818181
330,"Cleburne, Arkansas",19.935384615384613
331,"Clermont, Ohio",9.142493887530566
332,"Cleveland, Arkansas",0.9500000000000001
333,"Cleveland, North Carolina",15.446666666666667
334,"Cleveland, Oklahoma",7.009326923076922
335,"Clinton, Illinois",16.799404761904764
336,"Clinton, Iowa",0.34469879518072294
337,"Clinton, Michigan",1.5
338,"Clinton, Missouri",25.780423280423275
339,"Clinton, New York",13.550361445783134
340,"Clinton, Ohio",15.283202898550726
341,"Cloud, Kansas",2.699333333333333
342,"Coal, Oklahoma",16.01366666666667
343,"Cochise, Arizona",0.0
344,"Cochran, Texas",0.0
345,"Coconino, Arizona",4.857142857142857
346,"Coffey, Kansas",16.971752577319585
347,"Coke, Texas",6.167123287671234
348,"Cole, Missouri",14.405952380952376
349,"Coleman, Texas",8.562135922330096
350,"Coles, Illinois",8.509271523178805
351,"Colfax, Nebraska",0.70125
352,"Colfax, New Mexico",19.355158119658125
353,"Colleton, South Carolina",1.7676923076923077
354,"Collin, Texas",10.203323782234945
355,"Collingsworth, Texas",3.1700000000000004
356,"Colonial heights city, Virginia",20.808500000000002
357,"Colorado, Texas",0.1638888888888889
358,"Columbia, Arkansas",12.965296803652967
359,"Columbia, New York",2.318045112781955
360,"Columbiana, Ohio",11.120096774193556
361,"Columbus county, North Carolina",19.875
362,"Columbus, North Carolina",2.8492161290322584
363,"Comal, Texas",4.366143106457242
364,"Comanche, Kansas",0.4642857142857143
365,"Comanche, Oklahoma",5.097142857142859
366,"Comanche, Texas",7.211475409836063
367,"Concho, Texas",9.38139534883721
368,"Concordia, Louisiana",24.813636363636366
369,"Contra costa, California",0.9788235294117649
370,"Conway, Arkansas",18.021276595744677
371,"Cook, Illinois",5.819807271134463
372,"Cooke, Texas",4.09387755102041
373,"Cooper, Missouri",13.63745098039216
374,"Cortland, New York",1.4163265306122448
375,"Coryell, Texas",7.275999999999998
376,"Coshocton, Ohio",7.485324675324676
377,"Cottle, Texas",0.0
378,"Cotton, Oklahoma",11.994212765957448
379,"Cottonwood, Minnesota",7.95
380,"Covington, Virginia",15.815624999999997
381,"Cowley, Kansas",6.519768339768343
382,"Craig, Oklahoma",18.724348837209302
383,"Craig, Virginia",0.0
384,"Craighead, Arkansas",0.6967741935483871
385,"Crane, Texas",0.0
386,"Craven, North Carolina",9.271751412429381
387,"Crawford, Arkansas",23.440624999999997
388,"Crawford, Illinois",0.9062499999999999
389,"Crawford, Iowa",2.9306349206349207
390,"Crawford, Kansas",18.44826347305389
391,"Crawford, Missouri",0.0
392,"Crawford, Ohio",11.988152610441764
393,"Creek, Oklahoma",17.224279742765273
394,"Crittenden, Arkansas",1.5000000000000002
395,"Crockett, Texas",0.3
396,"Crosby, Texas",11.747368421052634
397,"Cross, Arkansas",2.2
398,"Crow wing, Minnesota",5.699999999999999
399,"Culberson, Texas",0.275
400,"Culpeper, Virginia",14.257062146892656
401,"Cumberland, Illinois",6.055
402,"Cumberland, Maine",7.641772151898733
403,"Cumberland, New Jersey",0.21608139534883727
404,"Cumberland, North Carolina",13.09555555555556
405,"Cumberland, Virginia",13.996774193548386
406,"Cuming, Nebraska",5.711666666666666
407,"Currituck, North Carolina",4.3656250000000005
408,"Curry, New Mexico",0.2185294117647059
409,"Custer, Montana",15.31875
410,"Custer, Nebraska",0.0
411,"Custer, Oklahoma",12.748217391304346
412,"Cuyahoga, Ohio",13.698893548387112
413,"Dade, Missouri",0.0
414,"Daggett, Utah",10.042857142857143
415,"Dakota, Minnesota",0.0
416,"Dakota, Nebraska",3.257458193979929
417,"Dallam, Texas",0.0
418,"Dallas, Arkansas",10.788157894736836
419,"Dallas, Iowa",8.901969230769229
420,"Dallas, Missouri",0.0
421,"Dallas, Texas",12.714225746268653
422,"Daniels, Montana",0.5671428571428571
423,"Danville, Virginia",13.754166666666668
424,"Dare, North Carolina",2.3700000000000006
425,"Darke, Ohio",10.884355932203395
426,"Darlington, South Carolina",0.3025
427,"Davidson, North Carolina",22.48357142857143
428,"Davie, North Carolina",11.94109589041096
429,"Daviess, Missouri",30.23357541899441
430,"Davis, Iowa",35.570243902439024
431,"Davis, Utah",4.562857142857142
432,"Dawes, Nebraska",2.408888888888889
433,"Dawson, Montana",12.775
434,"Dawson, Nebraska",0.5666666666666667
435,"Dawson, Texas",1.7714285714285711
436,"De baca, New Mexico",0.0
437,"De kalb, Missouri",0.0
438,"De soto, Louisiana",9.066017699115045
439,"De witt, Illinois",8.844444444444445
440,"Deaf smith, Texas",1.2333333333333334
441,"Decatur, Iowa",21.49470198675497
442,"Decatur, Kansas",0.8233333333333333
443,"Deer lodge, Montana",1.9962500000000003
444,"Defiance, Ohio",11.98311707317073
445,"Dekalb, Illinois",3.3633333333333324
446,"Dekalb, Missouri",31.978172043010744
447,"Delaware, Iowa",0.828125
448,"Delaware, New York",5.482300884955753
449,"Delaware, Ohio",12.67765656565658
450,"Delaware, Oklahoma",17.128397590361434
451,"Delta, Texas",17.580733944954126
452,"Dent, Missouri",0.4875
453,"Denton, Texas",5.950867052023115
454,"Des moines, Iowa",13.879999999999994
455,"Desha, Arkansas",4.914285714285715
456,"Dewey, Oklahoma",0.5
457,"Dewitt, Texas",0.5454545454545454
458,"Dickens, Texas",7.7625
459,"Dickenson, Virginia",16.86648648648648
460,"Dickey, North Dakota",2.1786842105263156
461,"Dickinson, Iowa",14.992094861660078
462,"Dickinson, Kansas",6.4781249999999995
463,"Dillingham, Alaska",3.0900000000000003
464,"Dillon, South Carolina",0.6533333333333333
465,"Dimmit, Texas",0.09285714285714286
466,"Dinwiddie, Virginia",4.790277777777778
467,"Divide, North Dakota",2.3644444444444446
468,"Dixon, Nebraska",0.6145454545454545
469,"Doddridge, West Virginia",10.644827586206898
470,"Dodge, Nebraska",2.857307692307692
471,"Dona ana, New Mexico",0.7391672025723472
472,"Doniphan, Kansas",8.407142857142858
473,"Donley, Texas",9.761111111111116
474,"Dorchester, South Carolina",8.428247422680412
475,"Douglas, Illinois",2.04212389380531
476,"Douglas, Kansas",18.20461538461539
477,"Douglas, Missouri",1.8033333333333335
478,"Douglas, Nebraska",15.265130718954248
479,"Douglas, Nevada",0.8518900343642611
480,"Drew, Arkansas",3.025925925925925
481,"Du page, Illinois",0.7
482,"Dubuque, Iowa",4.11513888888889
483,"Duchesne, Utah",0.0
484,"Dunklin, Missouri",1.9765217391304346
485,"Dunn, North Dakota",9.555714285714286
486,"Dupage, Illinois",5.507578304048892
487,"Duplin, North Carolina",2.8164948453608245
488,"Durham, North Carolina",15.573617021276597
489,"Dutchess, New York",9.337442543859641
490,"Duval, Texas",0.0
491,"East baton rouge parish, Louisiana",1.5
492,"East baton rouge, Louisiana",0.765625
493,"East carroll, Louisiana",9.148
494,"East feliciana, Louisiana",1.4917647058823529
495,"Eastland, Texas",11.536875
496,"Eaton, Michigan",0.631578947368421
497,"Ector, Texas",1.439473684210526
498,"Eddy, New Mexico",2.726875
499,"Eddy, North Dakota",0.0
500,"Edgar, Illinois",9.554166666666665
501,"Edgecombe, North Carolina",14.272413793103452
502,"Edwards, Illinois",3.386111111111112
503,"Edwards, Kansas",0.56625
504,"Edwards, Texas",0.7857142857142857
505,"Effingham, Illinois",18.829639889196685
506,"El dorado, California",8.937500000000002
507,"El paso, Texas",2.565793528505392
508,"Elk, Kansas",64.76395604395604
509,"Elko, Nevada",0.528433734939759
510,"Ellis, Kansas",1.6347826086956523
511,"Ellis, Oklahoma",0.7272727272727273
512,"Ellis, Texas",10.041679389312984
513,"Ellsworth, Kansas",3.952439024390245
514,"Emery, Utah",3.6241379310344826
515,"Emmet, Iowa",3.5
516,"Emmet, Michigan",0.3333333333333333
517,"Emmons, North Dakota",2.355
518,"Erath, Texas",7.305343511450384
519,"Erie, New York",16.008343373493975
520,"Erie, Ohio",11.500198019801985
521,"Esmeralda, Nevada",0.0
522,"Essex county, New York",21.950000000000003
523,"Essex, New Jersey",7.2461130284728235
524,"Essex, New York",13.714681440443208
525,"Essex, Vermont",9.130612244897957
526,"Essex, Virginia",0.65
527,"Eureka county, Nevada",0.0
528,"Eureka, Nevada",0.3065714285714286
529,"Evangeline parish, Louisiana",1.1
530,"Evangeline, Louisiana",6.632954545454546
531,"Fairbanks north star, Alaska",8.380637254901957
532,"Fairfax, Virginia",11.228915662650602
533,"Fairfield, Connecticut",9.372020725388596
534,"Fairfield, Ohio",1.8129611650485435
535,"Fairfield, South Carolina",14.997097297297305
536,"Fallon, Montana",0.35444444444444445
537,"Falls, Texas",11.239603960396042
538,"Fannin, Texas",6.422167487684726
539,"Faulkner, Arkansas",17.149834983498348
540,"Fauquier, Virginia",5.345789473684212
541,"Fayette, Illinois",18.89615384615385
542,"Fayette, Iowa",0.8969565217391304
543,"Fayette, Kentucky",38.650000000000006
544,"Fayette, Ohio",6.180877192982458
545,"Fayette, Texas",2.029050279329608
546,"Fayette, West Virginia",10.996995260663505
547,"Fergus, Montana",0.7272727272727273
548,"Fillmore, Nebraska",0.25833333333333336
549,"Finney, Kansas",0.23933333333333337
550,"Fisher, Texas",2.2196078431372546
551,"Flathead, Montana",5.372661870503597
552,"Florence, South Carolina",2.4877846153846144
553,"Floyd, Iowa",1.6740000000000002
554,"Floyd, Texas",6.591228070175438
555,"Floyd, Virginia",0.0
556,"Fluvanna, Virginia",7.968518518518518
557,"Foard, Texas",12.069565217391302
558,"Ford, Illinois",2.329444444444445
559,"Ford, Kansas",0.11850000000000001
560,"Forsyth, North Carolina",13.764383561643836
561,"Fort bend county, Texas",0.0
562,"Fort bend, Texas",0.17013752455795678
563,"Foster, North Dakota",2.3952941176470595
564,"Franklin county, Missouri",0.0
565,"Franklin county, New York",19.446052631578944
566,"Franklin county, Ohio",0.0
567,"Franklin, Arkansas",8.427777777777779
568,"Franklin, Illinois",13.481019607843137
569,"Franklin, Iowa",1.6663636363636363
570,"Franklin, Kansas",23.83104651162791
571,"Franklin, Louisiana",0.0
572,"Franklin, Maine",6.524590163934426
573,"Franklin, Missouri",0.0
574,"Franklin, Nebraska",0.79
575,"Franklin, New York",10.61547619047619
576,"Franklin, North Carolina",16.932758620689654
577,"Franklin, Ohio",15.077570103092794
578,"Franklin, Texas",24.929761904761914
579,"Franklin, Vermont",13.923497267759563
580,"Franklin, Virginia",6.096721311475411
581,"Frederick, Virginia",8.262463343108507
582,"Fredericksburg, Virginia",5.669791666666666
583,"Freestone, Texas",1.4475000000000002
584,"Fremont, Idaho",2.03
585,"Fremont, Iowa",2.6951724137931032
586,"Fresno, California",8.616417910447765
587,"Frio, Texas",0.0
588,"Fulton, Arkansas",0.8
589,"Fulton, Illinois",16.376156250000015
590,"Fulton, New York",13.361752988047813
591,"Fulton, Ohio",16.221645885286787
592,"Furnas, Nebraska",0.0
593,"Gage, Nebraska",1.422105263157895
594,"Gaines, Texas",3.1454545454545455
595,"Galax, Virginia",16.416666666666668
596,"Gallatin, Illinois",2.3590909090909093
597,"Gallatin, Montana",4.025769230769231
598,"Gallia, Ohio",0.38149999999999995
599,"Galveston, Texas",9.067320261437931
600,"Garfield, Montana",0.0
601,"Garfield, Oklahoma",0.6941904761904761
602,"Garfield, Utah",0.0
603,"Garland, Arkansas",18.513636363636365
604,"Garvin, Oklahoma",17.7184025974026
605,"Garza, Texas",11.025531914893618
606,"Gasconade, Missouri",0.0
607,"Gaston, North Carolina",12.907716814159295
608,"Gates, North Carolina",2.95
609,"Geary, Kansas",8.798387096774194
610,"Geauga, Ohio",3.8690765957446813
611,"Genesee, Michigan",2.263157894736842
612,"Genesee, New York",7.8466972477064205
613,"Gentry, Missouri",20.935051546391755
614,"Georgetown, South Carolina",15.664658119658124
615,"Gila, Arizona",0.0
616,"Giles, Virginia",6.244347826086955
617,"Gillespie, Texas",0.32564102564102565
618,"Gilmer, West Virginia",12.26375
619,"Glacier, Montana",15.948979591836734
620,"Gladwin, Michigan",0.3333333333333333
621,"Glasscock, Texas",0.0
622,"Glenn, California",0.0
623,"Gloucester, New Jersey",1.460362969004893
624,"Gloucester, Virginia",12.697560975609756
625,"Gogebic, Michigan",5.0
626,"Golden valley, Montana",5.75
627,"Golden valley, North Dakota",7.8428571428571425
628,"Goliad, Texas",0.0
629,"Gonzales, Texas",3.756666666666667
630,"Goochland, Virginia",9.371578947368421
631,"Gove, Kansas",0.2525
632,"Grady, Oklahoma",16.08021739130435
633,"Graham, Kansas",4.489999999999999
634,"Graham, North Carolina",7.642857142857143
635,"Grand forks, North Dakota",12.45218045112782
636,"Grand isle, Vermont",19.79129444444444
637,"Grand traverse, Michigan",0.625
638,"Grand, Utah",0.0
639,"Granite, Montana",17.944962962962965
640,"Grant, Arkansas",5.414285714285714
641,"Grant, Kansas",0.0
642,"Grant, Louisiana",26.15461538461539
643,"Grant, New Mexico",0.39175824175824175
644,"Grant, North Dakota",7.5725
645,"Grant, Oklahoma",1.69375
646,"Grant, West Virginia",18.701960784313723
647,"Granville, North Carolina",20.75140186915888
648,"Gratiot, Michigan",2.9375
649,"Gray, Kansas",0.0
650,"Gray, Texas",2.695454545454545
651,"Grayson, Texas",6.068563300142247
652,"Grayson, Virginia",15.847191011235953
653,"Greeley, Kansas",0.375
654,"Greeley, Nebraska",0.935
655,"Greenbrier, West Virginia",11.85971428571429
656,"Greene, Arkansas",2.475
657,"Greene, Illinois",12.89024
658,"Greene, Iowa",12.038709677419353
659,"Greene, Missouri",8.754449339207044
660,"Greene, New York",18.023285198555953
661,"Greene, North Carolina",0.0
662,"Greene, Ohio",2.812516339869281
663,"Greene, Virginia",12.122222222222222
664,"Greenlee, Arizona",0.0
665,"Greensville, Virginia",13.960666666666667
666,"Greenville, South Carolina",10.522000000000013
667,"Greenwood, Kansas",32.059615384615384
668,"Greenwood, South Carolina",12.649375000000004
669,"Greer, Oklahoma",0.0
670,"Gregg, Texas",11.153627760252371
671,"Griggs, North Dakota",1.7416666666666663
672,"Grimes, Texas",2.2668831168831174
673,"Grundy, Illinois",0.6567999999999999
674,"Grundy, Iowa",0.9049999999999999
675,"Grundy, Missouri",25.881263157894743
676,"Guadalupe, New Mexico",0.0
677,"Guadalupe, Texas",11.091217257318958
678,"Guernsey, Ohio",13.33206849315068
679,"Guilford, North Carolina",8.629975429975428
680,"Guillford, North Carolina",0.0
681,"Guthrie, Iowa",13.170967741935485
682,"Haines, Alaska",3.4169491525423727
683,"Hale, Texas",1.5039215686274514
684,"Halifax, North Carolina",22.194142259414228
685,"Halifax, Virginia",15.678832116788318
686,"Hall, Nebraska",0.2628571428571429
687,"Hall, Texas",10.111627906976741
688,"Hamilton, Illinois",14.755
689,"Hamilton, Iowa",1.8666666666666667
690,"Hamilton, Kansas",0.0
691,"Hamilton, New York",13.736764705882354
692,"Hamilton, Ohio",2.5619808306709255
693,"Hamilton, Texas",18.30888888888889
694,"Hampshire, West Virginia",13.153623188405797
695,"Hampton city, Virginia",3.2808988764044944
696,"Hampton, South Carolina",0.6896969696969696
697,"Hancock, Illinois",16.96818181818182
698,"Hancock, Iowa",1.5060869565217392
699,"Hancock, Maine",11.291739130434776
700,"Hancock, Ohio",14.048841698841699
701,"Hancock, West Virginia",4.734032258064514
702,"Hanover, Virginia",18.08529577464789
703,"Hansford, Texas",0.0
704,"Hardeman, Texas",10.590090090090092
705,"Hardin, Illinois",9.90847457627119
706,"Hardin, Iowa",2.9472000000000005
707,"Hardin, Ohio",1.364705882352941
708,"Hardin, Texas",0.17596153846153847
709,"Harding, New Mexico",0.0
710,"Hardy, West Virginia",10.87711111111111
711,"Harlan, Nebraska",0.0
712,"Harmon, Oklahoma",0.0
713,"Harnett, North Carolina",12.167058823529409
714,"Harper, Kansas",0.519
715,"Harper, Oklahoma",0.3333333333333333
716,"Harris, Texas",8.760751565761995
717,"Harrison, Iowa",5.452727272727273
718,"Harrison, Missouri",28.07606382978724
719,"Harrison, Ohio",10.600000000000001
720,"Harrison, Texas",11.878803418803415
721,"Harrison, West Virginia",17.74476190476191
722,"Harrisonburg, Virginia",10.548958333333333
723,"Hartford, Connecticut",3.7860495356037163
724,"Hartley, Texas",0.0
725,"Harvey, Kansas",1.25
726,"Haskell, Kansas",0.0
727,"Haskell, Oklahoma",14.383205128205127
728,"Haskell, Texas",23.63299999999999
729,"Hawaii, Hawaii",1.8303482587064681
730,"Hays, Texas",3.604850746268658
731,"Haywood, North Carolina",11.621621621621621
732,"Hemphill, Texas",2.8
733,"Hempstead, Arkansas",3.7183544303797484
734,"Henderson, Illinois",0.9233333333333335
735,"Henderson, North Carolina",9.328559322033898
736,"Henderson, Texas",15.061553398058262
737,"Hennepin, Minnesota",11.98712871287129
738,"Henrico, Virginia",9.941463414634145
739,"Henry, Illinois",0.8264957264957264
740,"Henry, Iowa",0.5294117647058824
741,"Henry, Missouri",20.366180555555566
742,"Henry, Ohio",13.710176991150444
743,"Henry, Virginia",15.634296028880868
744,"Herkimer, New York",17.70568281938326
745,"Hertford, North Carolina",0.18666666666666668
746,"Hettinger, North Dakota",7.124545454545455
747,"Hickory, Missouri",0.27999999999999997
748,"Hidalgo, New Mexico",0.03614285714285714
749,"Hidalgo, Texas",5.56889338731444
750,"Highland, Ohio",12.873571428571433
751,"Highland, Virginia",9.1
752,"Hill, Montana",14.595412844036696
753,"Hill, Texas",12.765757575757572
754,"Hillsdale, Michigan",2.6666666666666665
755,"Hitchcock, Nebraska",2.3
756,"Hocking, Ohio",10.599902912621358
757,"Hockley, Texas",1.2353982300884956
758,"Hodgeman, Kansas",0.0
759,"Hoke, North Carolina",1.5263157894736843
760,"Holmes, Ohio",0.24375
761,"Holt, Missouri",9.817333333333334
762,"Holt, Nebraska",0.8233333333333334
763,"Honolulu county, Hawaii",0.0
764,"Honolulu, Hawaii",0.002881844380403458
765,"Hood, Texas",1.4563510392609702
766,"Hoonah-angoon, Alaska",22.37014492753622
767,"Hopewell, Virginia",7.2723404255319135
768,"Hopkins, Texas",11.026872246696042
769,"Horry, South Carolina",15.716573208722746
770,"Hot spring, Arkansas",17.416438356164385
771,"Houston, Texas",17.523102310231025
772,"Howard, Arkansas",17.76138613861386
773,"Howard, Iowa",0.5820000000000001
774,"Howard, Missouri",14.47247863247863
775,"Howard, Nebraska",2.8666666666666667
776,"Howard, Texas",2.7117283950617277
777,"Howell, Missouri",1.9677358490566044
778,"Hudson, New Jersey",11.860668181818175
779,"Hudspeth, Texas",0.0
780,"Hughes, Oklahoma",25.045717741935484
781,"Humboldt, California",4.909090909090909
782,"Humboldt, Iowa",0.5905263157894737
783,"Humboldt, Nevada",0.2519230769230769
784,"Hunt, Texas",14.48950695322376
785,"Hunterdon, New Jersey",1.9497480680061814
786,"Huron, Michigan",16.263736263736263
787,"Huron, Ohio",13.99293785310733
788,"Hutchinson, Texas",2.2168067226890757
789,"Hyde, North Carolina",5.333333333333333
790,"Iberia parish, Louisiana",0.0
791,"Iberia, Louisiana",6.709545454545454
792,"Iberville parish, Louisiana",0.0
793,"Iberville, Louisiana",11.220374999999999
794,"Ida, Iowa",1.5333333333333334
795,"Imperial, California",10.877333333333334
796,"Independence, Arkansas",5.1244444444444435
797,"Ingham, Michigan",1.0833333333333333
798,"Ionia, Michigan",2.8
799,"Iosco, Michigan",8.0
800,"Iowa, Iowa",6.046774193548386
801,"Iredell, North Carolina",7.706547619047619
802,"Irion, Texas",0.0
803,"Iron, Missouri",20.959816513761474
804,"Iron, Utah",0.0
805,"Iroquois, Illinois",2.7676666666666674
806,"Isabella, Michigan",5.526315789473684
807,"Isle of wight, Virginia",2.449230769230769
808,"Izard, Arkansas",2.361111111111111
809,"Jack, Texas",10.052941176470586
810,"Jackson, Arkansas",2.5846153846153848
811,"Jackson, Illinois",16.093740219092336
812,"Jackson, Iowa",0.6
813,"Jackson, Kansas",14.20760563380282
814,"Jackson, Louisiana",7.1863768115942035
815,"Jackson, Michigan",1.3703703703703705
816,"Jackson, Minnesota",5.5249999999999995
817,"Jackson, Missouri",10.800056818181814
818,"Jackson, North Carolina",4.51496062992126
819,"Jackson, Ohio",7.246154545454547
820,"Jackson, Oklahoma",5.472285714285714
821,"Jackson, Texas",0.0
822,"Jackson, West Virginia",22.024358974358975
823,"James (city), Virginia",11.797321428571431
824,"James city, Virginia",0.30925110132158584
825,"Jasper county, Missouri",1.395
826,"Jasper, Illinois",8.311363636363637
827,"Jasper, Iowa",4.0009375
828,"Jasper, Missouri",7.759186046511626
829,"Jasper, South Carolina",4.461666666666667
830,"Jasper, Texas",0.7531645569620253
831,"Jeff davis, Texas",0.12222222222222223
832,"Jefferson davis, Louisiana",2.3700000000000006
833,"Jefferson, Arkansas",1.4129032258064518
834,"Jefferson, Illinois",13.434375000000001
835,"Jefferson, Iowa",12.295641025641025
836,"Jefferson, Kansas",9.260714285714286
837,"Jefferson, Louisiana",14.051724137931028
838,"Jefferson, Missouri",10.123650306748475
839,"Jefferson, Montana",12.0
840,"Jefferson, Nebraska",0.02837837837837838
841,"Jefferson, New York",14.665088607594942
842,"Jefferson, Ohio",6.437265625000001
843,"Jefferson, Oklahoma",17.15440476190476
844,"Jefferson, Texas",11.921384615384616
845,"Jefferson, West Virginia",11.81927464788732
846,"Jersey, Illinois",13.131927710843371
847,"Jewell, Kansas",2.1375000000000006
848,"Jim hogg, Texas",0.0
849,"Jim wells, Texas",6.727737226277374
850,"Jo daviess, Illinois",0.5558823529411764
851,"Johnson, Arkansas",3.6564516129032256
852,"Johnson, Illinois",19.02638888888889
853,"Johnson, Iowa",7.649516129032258
854,"Johnson, Kansas",13.5153488372093
855,"Johnson, Missouri",13.253900709219856
856,"Johnson, Nebraska",0.0
857,"Johnson, Texas",5.431317829457366
858,"Johnston, North Carolina",15.59305555555555
859,"Johnston, Oklahoma",15.134257575757575
860,"Jones, Iowa",1.7314285714285713
861,"Jones, North Carolina",6.582112500000001
862,"Jones, Texas",4.573228346456693
863,"Judith basin, Montana",0.6428571428571429
864,"Juneau city and, Alaska",6.8127272727272725
865,"Juneau, Alaska",1.9012499999999999
866,"Kalamazoo, Michigan",0.5
867,"Kalkaska, Michigan",3.5
868,"Kanawha, West Virginia",14.360821529745055
869,"Kane, Illinois",7.353324175824177
870,"Kane, Utah",2.62
871,"Kankakee, Illinois",13.192682926829269
872,"Karnes, Texas",3.2030000000000007
873,"Kauai, Hawaii",0.0
874,"Kaufman, Texas",14.369139465875367
875,"Kay, Oklahoma",3.78267741935484
876,"Kearney, Nebraska",0.8483333333333333
877,"Kearny, Kansas",0.175
878,"Kenai peninsula, Alaska",13.072173913043482
879,"Kendall, Illinois",0.8318181818181817
880,"Kendall, Texas",6.233742331288343
881,"Kenedy, Texas",0.18333333333333335
882,"Kennebec, Maine",6.438620689655173
883,"Kent, Michigan",1.3548387096774193
884,"Kent, Texas",1.55
885,"Keokuk, Iowa",2.0056
886,"Kern, California",8.507042253521128
887,"Kerr, Texas",5.654380664652569
888,"Kershaw, South Carolina",9.26486111111111
889,"Ketchikan gateway, Alaska",34.83870370370371
890,"Kidder, North Dakota",0.18666666666666668
891,"Kimball, Nebraska",0.0
892,"Kimble, Texas",8.626923076923076
893,"King and queen, Virginia",1.6166666666666665
894,"King george, Virginia",0.42043010752688176
895,"King william, Virginia",0.9714285714285714
896,"King, Texas",4.975
897,"Kingfisher, Oklahoma",1.2105263157894737
898,"Kingman, Kansas",0.7355555555555555
899,"Kings, California",4.823333333333333
900,"Kinney, Texas",0.19999999999999998
901,"Kiowa, Kansas",0.418
902,"Kiowa, Oklahoma",7.115051282051281
903,"Kittson, Minnesota",17.346153846153847
904,"Kleberg, Texas",0.8850267379679144
905,"Knox, Illinois",7.943805970149254
906,"Knox, Maine",9.082608695652175
907,"Knox, Nebraska",12.953571428571431
908,"Knox, Ohio",0.70528
909,"Knox, Texas",14.160465116279067
910,"Kodiak island, Alaska",5.400821917808219
911,"Koochiching, Minnesota",17.952380952380953
912,"Kossuth, Iowa",3.0833333333333335
913,"La paz, Arizona",15.0
914,"La salle, Illinois",0.45999999999999996
915,"La salle, Louisiana",2.7151612903225812
916,"La salle, Texas",0.0
917,"Labette, Kansas",16.068745387453873
918,"Lac qui parle, Minnesota",4.5
919,"Laclede, Missouri",0.2808333333333333
920,"Lafayette parish, Louisiana",0.5611111111111111
921,"Lafayette, Arkansas",0.945
922,"Lafayette, Louisiana",0.6620634920634921
923,"Lafayette, Missouri",18.354949494949512
924,"Lafourche, Louisiana",16.804444444444442
925,"Lake and peninsula, Alaska",1.6529411764705884
926,"Lake, California",10.328571428571427
927,"Lake, Illinois",3.4454571026722918
928,"Lake, Montana",1.564186046511628
929,"Lake, Ohio",11.349218241042351
930,"Lamar, Texas",21.626315789473683
931,"Lamb, Texas",0.3333333333333333
932,"Lamoille, Vermont",6.490825688073396
933,"Lamoure, North Dakota",2.782173913043479
934,"Lampasas, Texas",11.923015873015872
935,"Lancaster, Nebraska",2.9510869565217392
936,"Lancaster, South Carolina",14.603894736842102
937,"Lancaster, Virginia",1.2847619047619048
938,"Lander, Nevada",0.0
939,"Lane, Kansas",0.36250000000000004
940,"Lapeer, Michigan",0.6875
941,"Lasalle, Illinois",7.555128205128202
942,"Latimer, Oklahoma",15.763048780487807
943,"Laurens, South Carolina",15.702813559322045
944,"Lavaca, Texas",0.02727272727272727
945,"Lawrence county, Arkansas",2.8174603174603177
946,"Lawrence, Arkansas",9.528205128205128
947,"Lawrence, Illinois",4.1000000000000005
948,"Lawrence, Missouri",0.3733333333333333
949,"Lawrence, Ohio",8.445777777777774
950,"Le flore, Oklahoma",21.772612903225824
951,"Lea, New Mexico",0.0
952,"Leavenworth, Kansas",13.900338983050847
953,"Lee county, South Carolina",1.05
954,"Lee, Arkansas",0.68
955,"Lee, Illinois",12.250980392156864
956,"Lee, Iowa",10.69473067915691
957,"Lee, North Carolina",16.320987654320984
958,"Lee, South Carolina",0.0
959,"Lee, Texas",1.4595744680851062
960,"Lee, Virginia",9.736513157894738
961,"Leelanau, Michigan",0.0
962,"Lenawee, Michigan",14.272727272727273
963,"Lenoir, North Carolina",1.6634615384615385
964,"Leon, Texas",7.170093457943926
965,"Lewis and clark, Montana",6.199892473118281
966,"Lewis, Missouri",16.43166666666667
967,"Lewis, New York",28.644444444444446
968,"Lewis, West Virginia",10.68175182481752
969,"Lexington county, South Carolina",16.47104166666666
970,"Lexington, South Carolina",10.337968253968256
971,"Liberty, Montana",13.993478260869566
972,"Liberty, Texas",1.4688775510204086
973,"Licking, Ohio",10.624640151515145
974,"Limestone, Texas",11.488499999999998
975,"Lincoln parish, Louisiana",0.0
976,"Lincoln, Arkansas",0.4818181818181818
977,"Lincoln, Kansas",3.8275
978,"Lincoln, Louisiana",0.9917499999999999
979,"Lincoln, Maine",9.053191489361701
980,"Lincoln, Minnesota",1.633333333333333
981,"Lincoln, Missouri",0.35379310344827586
982,"Lincoln, Montana",5.442307692307693
983,"Lincoln, Nebraska",0.0
984,"Lincoln, Nevada",0.0
985,"Lincoln, New Mexico",9.361179372197308
986,"Lincoln, North Carolina",16.81477272727273
987,"Lincoln, Oklahoma",12.286037267080745
988,"Lincoln, West Virginia",12.433734939759033
989,"Linn, Iowa",2.2754368932038833
990,"Linn, Kansas",28.11142857142857
991,"Linn, Missouri",23.72901587301586
992,"Lipscomb, Texas",0.0
993,"Litchfield, Connecticut",4.14967032967033
994,"Little river, Arkansas",13.271794871794873
995,"Live oak, Texas",10.014705882352942
996,"Livingston county, New York",15.536000000000001
997,"Livingston parish, Louisiana",0.0
998,"Livingston, Illinois",14.511600000000005
999,"Livingston, Louisiana",1.3802439024390243
1000,"Livingston, Michigan",2.0576923076923075
1001,"Livingston, Missouri",8.564736842105264
1002,"Livingston, New York",10.494985250737457
1003,"Llano, Texas",11.890588235294118
1004,"Logan, Arkansas",13.482666666666669
1005,"Logan, Illinois",1.6499999999999997
1006,"Logan, Kansas",0.3
1007,"Logan, North Dakota",0.0
1008,"Logan, Ohio",5.623958333333334
1009,"Logan, Oklahoma",7.308912499999998
1010,"Logan, West Virginia",15.034602510460259
1011,"Lonoke, Arkansas",2.7337837837837844
1012,"Lorain, Ohio",12.372039151712906
1013,"Los alamos, New Mexico",0.07453333333333334
1014,"Los angeles, California",5.359473684210525
1015,"Loudoun, Virginia",7.620833333333333
1016,"Louisa, Iowa",1.9882608695652175
1017,"Louisa, Virginia",2.0068965517241377
1018,"Love, Oklahoma",0.6666666666666666
1019,"Loving, Texas",2.3
1020,"Lubbock, Texas",1.9287234042553187
1021,"Lucas, Iowa",20.15070921985816
1022,"Lucas, Ohio",9.479407894736838
1023,"Luna, New Mexico",0.011379310344827587
1024,"Lunenburg, Virginia",10.818000000000001
1025,"Luzerne, Pennsylvania",14.76923076923077
1026,"Lynchburg, Virginia",14.291666666666666
1027,"Lynn, Texas",3.572093023255814
1028,"Lyon, Iowa",3.477272727272727
1029,"Lyon, Kansas",3.0529677419354835
1030,"Lyon, Minnesota",1.1823529411764706
1031,"Lyon, Nevada",0.8876047904191614
1032,"Macomb, Michigan",7.166666666666667
1033,"Macon, Illinois",9.871259842519686
1034,"Macon, Missouri",15.841574074074073
1035,"Macon, North Carolina",5.1
1036,"Macoupin, Illinois",15.929297207547176
1037,"Madera, California",0.0
1038,"Madison, Illinois",15.41838687150838
1039,"Madison, Iowa",13.269005847953217
1040,"Madison, Louisiana",2.1485714285714286
1041,"Madison, Missouri",22.960980392156866
1042,"Madison, Montana",0.0
1043,"Madison, Nebraska",3.191818181818181
1044,"Madison, New York",12.544585987261149
1045,"Madison, North Carolina",5.31
1046,"Madison, Ohio",1.5024366197183094
1047,"Madison, Texas",9.919999999999998
1048,"Madison, Virginia",13.45
1049,"Mahaska, Iowa",5.3689655172413815
1050,"Mahoning, Ohio",19.560329411764712
1051,"Major, Oklahoma",0.10259090909090908
1052,"Manistee, Michigan",3.1666666666666665
1053,"Maricopa, Arizona",7.981444444444446
1054,"Maries, Missouri",0.0
1055,"Marin, California",9.066666666666666
1056,"Marion county, Missouri",15.992500000000007
1057,"Marion, Arkansas",3.099999999999999
1058,"Marion, Illinois",15.523894862604525
1059,"Marion, Iowa",6.699154929577464
1060,"Marion, Kansas",9.081363636363635
1061,"Marion, Missouri",4.57
1062,"Marion, Ohio",11.064811320754714
1063,"Marion, South Carolina",1.903
1064,"Marion, Texas",12.450000000000001
1065,"Marion, West Virginia",15.624535315985124
1066,"Mariposa, California",13.70875
1067,"Marlboro, South Carolina",10.297767857142853
1068,"Marshall, Illinois",0.0
1069,"Marshall, Iowa",1.569375
1070,"Marshall, Kansas",1.6385
1071,"Marshall, Minnesota",10.505263157894737
1072,"Marshall, Oklahoma",16.76122875816993
1073,"Marshall, West Virginia",3.2929292929292937
1074,"Martin, North Carolina",0.773076923076923
1075,"Martin, Texas",1.1738636363636366
1076,"Martinsville, Virginia",16.209374999999998
1077,"Mason, Illinois",0.6333333333333334
1078,"Mason, Michigan",3.125
1079,"Mason, Texas",0.0
1080,"Mason, West Virginia",0.8770491803278688
1081,"Massac, Illinois",4.340740740740741
1082,"Matagorda, Texas",3.4021052631578947
1083,"Matanuska-susitna, Alaska",9.227407407407409
1084,"Mathews, Virginia",5.26875
1085,"Maui, Hawaii",5.9312138728323704
1086,"Maverick, Texas",7.3830188679245285
1087,"Mayes, Oklahoma",15.645081927710844
1088,"Mcclain, Oklahoma",3.257770491803279
1089,"Mccone, Montana",22.5
1090,"Mccormick, South Carolina",15.487083333333338
1091,"Mcculloch, Texas",1.4585365853658536
1092,"Mccurtain, Oklahoma",25.722432432432427
1093,"Mcdonald, Missouri",0.10913043478260868
1094,"Mcdonough, Illinois",16.712294685990347
1095,"Mcdowell, North Carolina",4.802380952380952
1096,"Mcdowell, West Virginia",6.7431560283687935
1097,"Mchenry, Illinois",2.387895652173912
1098,"Mchenry, North Dakota",8.07423076923077
1099,"Mcintosh, North Dakota",1.2971428571428572
1100,"Mcintosh, Oklahoma",22.661522388059705
1101,"Mckenzie, North Dakota",1.629090909090909
1102,"Mckinley, New Mexico",0.5555777777777777
1103,"Mclean, Illinois",8.412258064516125
1104,"Mclean, North Dakota",14.79944827586207
1105,"Mclennan, Texas",10.146294184720631
1106,"Mcminn, Tennessee",0.0
1107,"Mcmullen, Texas",0.0
1108,"Mcpherson, Kansas",0.31599999999999995
1109,"Meade, Kansas",0.345
1110,"Meagher, Montana",2.3593749999999996
1111,"Mecklenburg, North Carolina",8.616666666666667
1112,"Mecklenburg, Virginia",13.041139240506327
1113,"Mecosta, Michigan",4.5
1114,"Medina, Ohio",12.02406101694915
1115,"Medina, Texas",0.7937500000000001
1116,"Meigs, Ohio",0.05555555555555555
1117,"Menard, Illinois",7.571428571428571
1118,"Menard, Texas",0.43333333333333335
1119,"Mendocino, California",2.0
1120,"Merced, California",10.48
1121,"Mercer, Illinois",1.610344827586207
1122,"Mercer, Missouri",14.16
1123,"Mercer, New Jersey",3.94536789297659
1124,"Mercer, North Dakota",8.909550561797749
1125,"Mercer, Ohio",15.996924812030079
1126,"Mercer, West Virginia",13.918382978723399
1127,"Merrick, Nebraska",0.968
1128,"Miami, Kansas",18.369767441860464
1129,"Miami, Ohio",11.284657303370789
1130,"Middlesex, Connecticut",12.406422182468686
1131,"Middlesex, New Jersey",8.569999384993851
1132,"Middlesex, Virginia",0.7375
1133,"Midland, Michigan",8.0
1134,"Midland, Texas",0.3846846846846846
1135,"Milam, Texas",8.29047619047619
1136,"Millard, Utah",0.9600000000000001
1137,"Miller, Arkansas",17.88731343283582
1138,"Miller, Missouri",0.0
1139,"Mills, Iowa",3.587307692307692
1140,"Mills, Texas",16.813924050632913
1141,"Mineral, Montana",0.0
1142,"Mineral, Nevada",0.6170212765957447
1143,"Mineral, West Virginia",9.951700680272115
1144,"Mingo, West Virginia",11.709177215189875
1145,"Mississippi, Arkansas",1.2622222222222224
1146,"Mississippi, Missouri",3.13625
1147,"Missoula, Montana",4.205862068965518
1148,"Mitchell, Iowa",1.1363636363636365
1149,"Mitchell, Kansas",10.267096774193547
1150,"Mitchell, North Carolina",3.8349999999999995
1151,"Mitchell, Texas",0.0
1152,"Mohave, Arizona",3.5500000000000003
1153,"Moniteau, Missouri",0.593
1154,"Monmouth, New Jersey",5.89903540718259
1155,"Mono, California",10.040000000000001
1156,"Monona, Iowa",1.1276923076923078
1157,"Monongalia, West Virginia",19.157812500000002
1158,"Monroe, Arkansas",0.07272727272727274
1159,"Monroe, Illinois",10.278414096916299
1160,"Monroe, Iowa",13.839027777777778
1161,"Monroe, Michigan",13.533898305084746
1162,"Monroe, Missouri",17.015978835978828
1163,"Monroe, New York",13.94102564102564
1164,"Monroe, Ohio",15.723050847457628
1165,"Monroe, West Virginia",6.197962962962965
1166,"Montague, Texas",5.012765957446808
1167,"Montcalm, Michigan",1.4
1168,"Monterey, California",0.5
1169,"Montgomery, Arkansas",17.69848484848485
1170,"Montgomery, Illinois",13.948383651226159
1171,"Montgomery, Iowa",2.411818181818182
1172,"Montgomery, Kansas",19.60188612099644
1173,"Montgomery, Missouri",45.364900000000006
1174,"Montgomery, New York",20.50836653386455
1175,"Montgomery, North Carolina",24.66190476190476
1176,"Montgomery, Ohio",2.7889477611940277
1177,"Montgomery, Texas",0.1016973125884017
1178,"Montgomery, Virginia",18.47392405063291
1179,"Montmorency, Michigan",0.0
1180,"Moore county, Texas",0.0
1181,"Moore, North Carolina",16.893243243243244
1182,"Moore, Texas",0.3277777777777778
1183,"Mora, New Mexico",0.4055384615384615
1184,"Morehouse, Louisiana",0.7758620689655172
1185,"Morgan, Illinois",10.684905660377359
1186,"Morgan, Missouri",0.0
1187,"Morgan, Ohio",10.0325
1188,"Morgan, Utah",0.0
1189,"Morgan, West Virginia",4.441000000000001
1190,"Morrill, Nebraska",0.0
1191,"Morris, Kansas",2.6003030303030306
1192,"Morris, New Jersey",1.58995972520395
1193,"Morris, Texas",6.9890909090909075
1194,"Morrow, Ohio",3.5730303030303023
1195,"Morton, Kansas",1.1166666666666667
1196,"Morton, North Dakota",9.624838709677421
1197,"Motley, Texas",7.321739130434783
1198,"Moultrie, Illinois",3.103225806451613
1199,"Mountrail, North Dakota",12.249750000000002
1200,"Mower, Minnesota",1.8
1201,"Murray, Minnesota",6.15
1202,"Murray, Oklahoma",13.165070422535212
1203,"Muscatine, Iowa",1.5554285714285714
1204,"Muskegon, Michigan",2.1666666666666665
1205,"Muskingum, Ohio",8.2260243902439
1206,"Muskogee, Oklahoma",20.828509259259253
1207,"Musselshell, Montana",10.35
1208,"Nacogdoches, Texas",8.872258064516132
1209,"Napa, California",6.404477611940298
1210,"Nash, North Carolina",9.696666666666665
1211,"Nassau, New York",0.015286624203821656
1212,"Natchitoches, Louisiana",11.893129770992367
1213,"Navajo, Arizona",0.0
1214,"Navarro, Texas",13.71016393442621
1215,"Nelson, North Dakota",1.7715384615384617
1216,"Nelson, Virginia",0.43333333333333335
1217,"Nemaha, Kansas",2.394117647058824
1218,"Nemaha, Nebraska",1.8900000000000003
1219,"Neosho, Kansas",33.91229508196721
1220,"Ness, Kansas",0.5710810810810809
1221,"Nevada county, Arkansas",0.0
1222,"Nevada, Arkansas",12.727586206896552
1223,"Nevada, California",4.826666666666667
1224,"New hanover, North Carolina",7.468008474576274
1225,"New haven, Connecticut",8.442745969983322
1226,"New kent, Virginia",0.6595238095238095
1227,"New london, Connecticut",9.58178707224335
1228,"New madrid, Missouri",2.8479166666666664
1229,"New york, New York",15.06957055214723
1230,"Newaygo, Michigan",0.5714285714285714
1231,"Newberry, South Carolina",17.1225925925926
1232,"Newport news city, Virginia",2.822429906542056
1233,"Newport news, Virginia",11.677083333333334
1234,"Newport, Rhode Island",12.88478260869565
1235,"Newton county, Arkansas",0.5
1236,"Newton, Arkansas",1.58
1237,"Newton, Missouri",18.252348993288592
1238,"Newton, Texas",0.3583333333333334
1239,"Niagara, New York",11.284510638297881
1240,"Nicholas, West Virginia",17.152760736196313
1241,"Nicollet, Minnesota",0.9833333333333334
1242,"Noble, Ohio",21.432603550295863
1243,"Noble, Oklahoma",10.27461111111111
1244,"Nobles, Minnesota",5.01
1245,"Nodaway, Missouri",16.282656250000006
1246,"Nolan, Texas",1.5936170212765959
1247,"Nome, Alaska",20.018452380952372
1248,"Norfolk, Virginia",16.5875
1249,"North slope, Alaska",2.939830508474576
1250,"Northampton, North Carolina",13.049275362318838
1251,"Northampton, Virginia",0.3151515151515151
1252,"Northumberland, Virginia",1.3629629629629632
1253,"Northwest arctic borough, Alaska",0.6733333333333333
1254,"Northwest arctic, Alaska",14.18330578512397
1255,"Norton, Kansas",5.936060606060607
1256,"Norton, Virginia",5.590909090909091
1257,"Nottoway, Virginia",18.173684210526318
1258,"Nowata, Oklahoma",15.16931313131313
1259,"Nuckolls, Nebraska",0.0
1260,"Nueces, Texas",10.516443594646276
1261,"Nye, Nevada",0.27472527472527475
1262,"O'brien, Iowa",3.7142857142857144
1263,"Oakland, Michigan",0.9230769230769231
1264,"Obrien, Iowa",0.0
1265,"Ocean, New Jersey",5.024064048338368
1266,"Ochiltree, Texas",0.14285714285714285
1267,"Oconee, South Carolina",14.775714285714294
1268,"Ogemaw, Michigan",2.0
1269,"Ogle, Illinois",0.32533333333333336
1270,"Ohio, West Virginia",12.059281437125751
1271,"Okfuskee, Oklahoma",26.746693548387096
1272,"Oklahoma, Oklahoma",8.27469957081545
1273,"Okmulgee, Oklahoma",27.862439024390238
1274,"Oldham, Texas",0.7
1275,"Oliver, North Dakota",2.904
1276,"Olmsted, Minnesota",1.64
1277,"Oneida, New York",9.68670912951168
1278,"Onondaga, New York",11.608964143426295
1279,"Onslow, North Carolina",5.864469914040114
1280,"Ontario county, New York",18.683333333333334
1281,"Ontario, New York",10.18297058823529
1282,"Orange, California",6.075576923076922
1283,"Orange, New York",13.070567735263705
1284,"Orange, North Carolina",12.860377358490565
1285,"Orange, Texas",6.534718100890207
1286,"Orange, Vermont",6.028392857142857
1287,"Orange, Virginia",27.519520547945206
1288,"Orangeburg, South Carolina",15.363718592964815
1289,"Oregon, Missouri",0.7157142857142856
1290,"Orleans, Louisiana",14.30803571428571
1291,"Orleans, New York",13.468333333333334
1292,"Orleans, Vermont",3.3801724137931033
1293,"Osage, Kansas",16.942622950819672
1294,"Osage, Missouri",0.0
1295,"Osage, Oklahoma",21.128467980295564
1296,"Osborne, Kansas",2.9566666666666666
1297,"Osceola, Iowa",5.962962962962963
1298,"Osceola, Michigan",1.3333333333333333
1299,"Oswego, New York",6.323170731707318
1300,"Otero, New Mexico",1.7376666666666665
1301,"Otoe, Nebraska",10.787555555555553
1302,"Otsego, Michigan",0.0
1303,"Otsego, New York",13.887500000000005
1304,"Ottawa, Kansas",0.8035714285714285
1305,"Ottawa, Michigan",8.676923076923076
1306,"Ottawa, Ohio",13.633006993006992
1307,"Ottawa, Oklahoma",9.920228070175437
1308,"Otter tail, Minnesota",1.3
1309,"Ouachita, Arkansas",27.080707395498386
1310,"Ouachita, Louisiana",11.494623955431754
1311,"Owen, Kentucky",17.45
1312,"Oxford, Maine",13.75128205128205
1313,"Ozark, Missouri",0.3514285714285714
1314,"Page, Iowa",14.544537037037038
1315,"Page, Virginia",0.5655172413793106
1316,"Palo alto, Iowa",1.2611111111111113
1317,"Palo pinto, Texas",10.903244274809161
1318,"Pamlico, North Carolina",11.03111111111111
1319,"Panola, Texas",8.5402332361516
1320,"Park, Montana",1.6048148148148147
1321,"Parker, Texas",8.832155477031806
1322,"Parmer, Texas",1.05
1323,"Pasquotank, North Carolina",4.700000000000001
1324,"Passaic, New Jersey",9.490571276595741
1325,"Patrick, Virginia",16.048387096774192
1326,"Paulding, Ohio",10.84104166666667
1327,"Pawnee, Kansas",0.562
1328,"Pawnee, Oklahoma",15.853981818181811
1329,"Payne, Oklahoma",6.239315315315316
1330,"Pecos, Texas",0.0
1331,"Pembina, North Dakota",10.636666666666663
1332,"Pemiscot, Missouri",1.25
1333,"Pender, North Carolina",7.899009900990099
1334,"Pendleton, West Virginia",12.864563106796112
1335,"Penobscot, Maine",12.264150943396224
1336,"Peoria, Illinois",2.6832644628099183
1337,"Perkins, Nebraska",0.0
1338,"Perquimans, North Carolina",6.494736842105265
1339,"Perry county, Arkansas",7.578260869565218
1340,"Perry, Arkansas",7.696551724137931
1341,"Perry, Illinois",14.359999999999998
1342,"Perry, Missouri",11.933773584905655
1343,"Perry, Ohio",13.646592797783931
1344,"Pershing, Nevada",0.0
1345,"Person, North Carolina",11.38448275862069
1346,"Petersburg, Alaska",20.079523809523803
1347,"Petersburg, Virginia",14.22692307692308
1348,"Petroleum, Montana",0.3
1349,"Pettis, Missouri",11.268780487804877
1350,"Phelps, Missouri",0.508
1351,"Phillips, Arkansas",0.5666666666666667
1352,"Phillips, Kansas",1.056875
1353,"Phillips, Montana",1.5999999999999999
1354,"Piatt, Illinois",9.425714285714289
1355,"Pickaway, Ohio",1.9388985507246375
1356,"Pickens, South Carolina",21.032910958904132
1357,"Pierce, North Dakota",1.999
1358,"Pike, Arkansas",12.273548387096774
1359,"Pike, Illinois",11.118439716312057
1360,"Pike, Missouri",20.431701030927826
1361,"Pike, Ohio",5.4308571428571435
1362,"Pima, Arizona",0.0
1363,"Pinal, Arizona",2.12
1364,"Pine, Minnesota",13.666666666666666
1365,"Pipestone, Minnesota",2.9166666666666665
1366,"Piscataquis, Maine",14.981034482758622
1367,"Pitt, North Carolina",10.935398230088495
1368,"Pittsburg, Oklahoma",22.917775725593675
1369,"Pittsylvania, Virginia",16.094528875379947
1370,"Piute, Utah",0.0
1371,"Placer, California",6.789655172413794
1372,"Plaquemines, Louisiana",14.155029585798818
1373,"Platte, Missouri",8.183870967741935
1374,"Platte, Nebraska",0.20272727272727273
1375,"Pleasants, West Virginia",0.8
1376,"Plumas, California",13.0
1377,"Plymouth, Iowa",1.8095238095238095
1378,"Pocahontas, Iowa",7.461538461538462
1379,"Pocahontas, West Virginia",12.103418803418801
1380,"Poinsett, Arkansas",2.9681818181818183
1381,"Pointe coupee parish, Louisiana",1.1
1382,"Pointe coupee, Louisiana",1.5650000000000002
1383,"Polk, Arkansas",13.686153846153848
1384,"Polk, Iowa",6.915729646697386
1385,"Polk, Missouri",0.1225
1386,"Polk, North Carolina",6.761764705882354
1387,"Polk, Texas",3.002293577981651
1388,"Pondera, Montana",22.780655737704915
1389,"Pontotoc, Oklahoma",0.6896551724137931
1390,"Pope, Arkansas",19.450000000000006
1391,"Pope, Illinois",8.607352941176474
1392,"Portage, Ohio",11.061092561983463
1393,"Portsmouth, Virginia",12.333333333333334
1394,"Pottawatomie, Kansas",5.003412698412699
1395,"Pottawatomie, Oklahoma",14.705357541899442
1396,"Pottawattamie, Iowa",13.230541401273886
1397,"Potter, Texas",1.209032258064516
1398,"Powder river, Montana",0.0
1399,"Powell, Montana",3.1500000000000004
1400,"Poweshiek, Iowa",10.034453124999997
1401,"Powhatan, Virginia",5.4
1402,"Prairie, Arkansas",6.44
1403,"Pratt, Kansas",1.135
1404,"Preble, Ohio",2.9698243243243243
1405,"Presidio, Texas",0.0
1406,"Presque isle, Michigan",3.0
1407,"Preston, West Virginia",14.734134615384622
1408,"Prince edward, Virginia",0.0
1409,"Prince george, Virginia",6.996899224806201
1410,"Prince of wales-hyder, Alaska",22.321932773109246
1411,"Prince william, Virginia",18.540659340659342
1412,"Pulaski, Arkansas",11.979466119096514
1413,"Pulaski, Illinois",0.0
1414,"Pulaski, Missouri",15.038699999999999
1415,"Pulaski, Virginia",17.510628019323665
1416,"Pushmataha, Oklahoma",26.327054347826085
1417,"Putnam, Illinois",3.0949999999999998
1418,"Putnam, Missouri",20.421473684210515
1419,"Putnam, New York",8.37426716141001
1420,"Putnam, Ohio",11.615500000000003
1421,"Putnam, West Virginia",13.4768
1422,"Quay, New Mexico",0.0
1423,"Radford, Virginia",18.42212389380531
1424,"Rains, Texas",21.16274509803921
1425,"Raleigh, West Virginia",13.35194685990338
1426,"Ramsey, Minnesota",12.685714285714285
1427,"Ramsey, North Dakota",0.8483333333333333
1428,"Randall, Texas",0.7021897810218978
1429,"Randolph, Arkansas",9.561538461538463
1430,"Randolph, Illinois",18.922203389830525
1431,"Randolph, Missouri",22.177089947089954
1432,"Randolph, North Carolina",18.396475770925118
1433,"Randolph, West Virginia",13.403861363636365
1434,"Ransom, North Dakota",3.182307692307692
1435,"Rapides, Louisiana",2.313295081967213
1436,"Rappahannock, Virginia",0.17142857142857143
1437,"Ravalli, Montana",10.074074074074074
1438,"Rawlins, Kansas",0.6529411764705884
1439,"Ray, Missouri",6.983636363636363
1440,"Reagan, Texas",0.0
1441,"Real, Texas",0.4666666666666667
1442,"Red river, Louisiana",12.96530612244898
1443,"Red river, Texas",13.301792114695337
1444,"Red willow, Nebraska",1.2422222222222223
1445,"Redwood, Minnesota",2.3
1446,"Reeves, Texas",3.8235294117647065
1447,"Refugio, Texas",0.0
1448,"Reno, Kansas",0.8082978723404256
1449,"Rensselaer, New York",11.65178197064989
1450,"Renville, North Dakota",6.416666666666667
1451,"Republic, Kansas",1.8375000000000004
1452,"Reynolds, Missouri",0.221
1453,"Rice, Kansas",0.3658823529411765
1454,"Rich, Utah",0.0
1455,"Richardson, Nebraska",2.2985
1456,"Richland, Illinois",10.256962025316456
1457,"Richland, Louisiana",2.8129411764705883
1458,"Richland, Montana",12.083968253968253
1459,"Richland, North Dakota",3.8172413793103446
1460,"Richland, Ohio",8.37811428571429
1461,"Richland, South Carolina",15.83926282051283
1462,"Richmond, North Carolina",16.89423076923077
1463,"Richmond, Virginia",12.428571428571429
1464,"Riley, Kansas",2.7150000000000003
1465,"Ringgold, Iowa",22.428571428571427
1466,"Rio arriba, New Mexico",3.2857566137566123
1467,"Ripley, Missouri",0.0
1468,"Ritchie, West Virginia",12.368
1469,"Riverside, California",3.4208588957055217
1470,"Roane, West Virginia",19.84647887323943
1471,"Roanoke, Virginia",0.31071428571428567
1472,"Roberts, Texas",0.0
1473,"Robertson, Texas",0.6857142857142856
1474,"Robeson, North Carolina",9.355714285714289
1475,"Rock island, Illinois",14.768564356435636
1476,"Rock, Minnesota",7.194117647058825
1477,"Rock, Nebraska",0.0
1478,"Rockbridge, Virginia",9.396610169491526
1479,"Rockingham, North Carolina",15.605555555555556
1480,"Rockingham, Virginia",7.31812080536913
1481,"Rockland, New York",5.819603174603173
1482,"Rockwall, Texas",10.35664160401003
1483,"Roger mills, Oklahoma",8.921724137931035
1484,"Rogers, Oklahoma",19.558650627615055
1485,"Rolette, North Dakota",4.5820588235294135
1486,"Rooks, Kansas",3.0029032258064516
1487,"Roosevelt, Montana",13.606818181818182
1488,"Roosevelt, New Mexico",0.0
1489,"Rosebud, Montana",14.49879518072289
1490,"Ross, Ohio",2.503421052631579
1491,"Rowan county, North Carolina",0.0
1492,"Rowan, North Carolina",12.121982758620687
1493,"Runnels, Texas",5.722981366459629
1494,"Rush, Kansas",0.36666666666666664
1495,"Rusk, Texas",11.461857707509887
1496,"Russell, Kansas",4.206153846153847
1497,"Russell, Virginia",13.206432748538013
1498,"Rutherford, North Carolina",9.510377358490565
1499,"Rutland, Vermont",18.284
1500,"Sabine, Louisiana",9.98269181818182
1501,"Sabine, Texas",11.210914454277288
1502,"Sac, Iowa",2.75
1503,"Sacramento, California",5.066666666666667
1504,"Sagadahoc, Maine",8.606666666666667
1505,"Saginaw, Michigan",11.823529411764707
1506,"Saint bernard, Louisiana",11.420000000000002
1507,"Saint charles, Missouri",3.659375
1508,"Saint clair, Michigan",5.095238095238095
1509,"Saint francois, Missouri",0.3293333333333333
1510,"Saint james, Louisiana",14.457142857142857
1511,"Saint joseph, Michigan",0.8333333333333334
1512,"Saint landry, Louisiana",0.0
1513,"Saint lawrence, New York",18.037931034482757
1514,"Saint louis, Missouri",8.062272727272726
1515,"Saint tammany, Louisiana",1.0
1516,"Sainte genevieve, Missouri",0.0
1517,"Salem, New Jersey",2.4623179190751436
1518,"Salem, Virginia",0.0
1519,"Saline county, Arkansas",1.7280898876404494
1520,"Saline, Arkansas",10.311864406779662
1521,"Saline, Illinois",10.311475409836062
1522,"Saline, Kansas",11.892213114754101
1523,"Saline, Missouri",12.805476190476192
1524,"Saline, Nebraska",0.0
1525,"Salt lake, Utah",7.66161512027491
1526,"Saluda, South Carolina",12.2884
1527,"Sampson, North Carolina",4.349275362318842
1528,"San augustine, Texas",20.48421052631579
1529,"San benito, California",18.1375
1530,"San bernardino, California",1.5184210526315791
1531,"San diego, California",5.786102088167053
1532,"San francisco, California",14.3
1533,"San jacinto, Texas",0.7766666666666667
1534,"San joaquin, California",6.4479999999999995
1535,"San juan, New Mexico",13.78488377192983
1536,"San juan, Utah",6.953333333333332
1537,"San luis obispo, California",9.808333333333334
1538,"San mateo, California",6.4
1539,"San miguel, New Mexico",7.571161434977578
1540,"San patricio, Texas",9.141836734693879
1541,"San saba, Texas",0.18888888888888888
1542,"Sanders, Montana",0.08
1543,"Sandoval, New Mexico",0.7969593023255814
1544,"Sandusky, Ohio",9.18670807453416
1545,"Sangamon, Illinois",15.643521172638433
1546,"Sanilac, Michigan",1.2083333333333333
1547,"Sanpete, Utah",1.6875
1548,"Santa barbara, California",0.5
1549,"Santa clara, California",4.4725
1550,"Santa cruz, Arizona",0.0
1551,"Santa cruz, California",0.6375
1552,"Santa fe, New Mexico",2.64807371007371
1553,"Saratoga, New York",12.954701406120757
1554,"Sargent, North Dakota",4.2212499999999995
1555,"Sarpy, Nebraska",11.802249999999999
1556,"Saunders, Nebraska",1.1589473684210525
1557,"Schenectady, New York",6.073700787401575
1558,"Schleicher, Texas",0.0
1559,"Schoharie, New York",14.723991596638664
1560,"Schoolcraft, Michigan",21.0
1561,"Schuyler, Illinois",5.26
1562,"Schuyler, New York",6.636347826086959
1563,"Scioto, Ohio",7.592296296296298
1564,"Scotland, Missouri",21.687659574468082
1565,"Scotland, North Carolina",0.44375
1566,"Scott, Arkansas",22.48518518518518
1567,"Scott, Illinois",8.779310344827586
1568,"Scott, Iowa",9.669462365591395
1569,"Scott, Kansas",0.0
1570,"Scott, Minnesota",0.6777777777777778
1571,"Scott, Missouri",5.324615384615386
1572,"Scott, Virginia",16.493675889328063
1573,"Scotts bluff, Nebraska",0.2835443037974683
1574,"Scurry, Texas",2.101086956521739
1575,"Searcy, Arkansas",4.377777777777778
1576,"Sebastian, Arkansas",13.226685393258428
1577,"Sedgwick, Kansas",4.17307086614173
1578,"Seminole, Oklahoma",5.497833333333333
1579,"Seneca, New York",6.507228915662651
1580,"Seneca, Ohio",11.618212765957441
1581,"Sequoyah, Oklahoma",16.908995867768592
1582,"Sevier, Arkansas",4.950000000000001
1583,"Sevier, Utah",0.5333333333333333
1584,"Seward, Kansas",0.031875
1585,"Seward, Nebraska",0.06933333333333333
1586,"Shackelford, Texas",1.6032967032967034
1587,"Shannon, Missouri",0.87
1588,"Sharp county, Arkansas",0.0
1589,"Sharp, Arkansas",0.6849999999999999
1590,"Shasta, California",4.4
1591,"Shawnee, Kansas",26.815862068965515
1592,"Shelby, Illinois",9.887500000000001
1593,"Shelby, Iowa",4.794117647058823
1594,"Shelby, Missouri",19.221702127659572
1595,"Shelby, Ohio",10.30377990430622
1596,"Shelby, Texas",14.883880597014924
1597,"Shenandoah, Virginia",9.312012987012984
1598,"Sheridan, Kansas",0.0
1599,"Sheridan, Montana",4.477777777777778
1600,"Sheridan, North Dakota",2.64
1601,"Sherman, Kansas",0.0
1602,"Sherman, Texas",0.0
1603,"Shiawassee, Michigan",1.9
1604,"Sierra, California",6.2
1605,"Sierra, New Mexico",0.3101333333333333
1606,"Silver bow, Montana",0.275
1607,"Silverbow, Montana",20.680056980056985
1608,"Sioux, Iowa",5.12
1609,"Sioux, North Dakota",2.0628787878787884
1610,"Siskiyou, California",9.5
1611,"Sitka city and, Alaska",1.74
1612,"Slope, North Dakota",0.0
1613,"Smith, Kansas",1.326451612903226
1614,"Smith, Texas",10.446089049338157
1615,"Smyth, Virginia",2.7029126213592236
1616,"Socorro, New Mexico",1.1619166666666667
1617,"Solano, California",5.111111111111111
1618,"Somerset, Maine",10.80521739130435
1619,"Somerset, New Jersey",4.719362795477899
1620,"Somervell, Texas",0.6499999999999999
1621,"Sonoma, California",0.0
1622,"Southampton, Virginia",0.33589743589743587
1623,"Southeast fairbanks census area, Alaska",0.0
1624,"Southeast fairbanks, Alaska",7.944117647058823
1625,"Spartanburg, South Carolina",16.149514925373136
1626,"Spotsylvania, Virginia",1.1285714285714286
1627,"St clair, Illinois",6.971428571428571
1628,"St helena, Louisiana",2.0
1629,"St john the baptist, Louisiana",1.8428571428571427
1630,"St landry, Louisiana",1.3571428571428572
1631,"St lawrence, New York",2.45
1632,"St tammany, Louisiana",2.46829268292683
1633,"St. bernard, Louisiana",16.75038461538461
1634,"St. charles, Louisiana",16.142253521126758
1635,"St. charles, Missouri",5.412203389830508
1636,"St. clair county, Missouri",0.0
1637,"St. clair, Illinois",13.81837254901962
1638,"St. clair, Michigan",12.21951219512195
1639,"St. clair, Missouri",1.4666666666666668
1640,"St. francis, Arkansas",0.35500000000000004
1641,"St. francois, Missouri",0.0
1642,"St. helena, Louisiana",3.11
1643,"St. james, Louisiana",16.019417475728154
1644,"St. john the baptist parish, Louisiana",7.3999999999999995
1645,"St. john the baptist, Louisiana",16.402905405405402
1646,"St. joseph, Michigan",0.0
1647,"St. landry, Louisiana",7.848703703703704
1648,"St. lawrence, New York",14.700221729490018
1649,"St. louis, Minnesota",6.914705882352941
1650,"St. louis, Missouri",1.7077777777777778
1651,"St. martin parish, Louisiana",8.4
1652,"St. martin, Louisiana",3.7795454545454543
1653,"St. mary parish, Louisiana",18.37777777777778
1654,"St. mary, Louisiana",8.560546448087434
1655,"St. tammany parish, Louisiana",2.15
1656,"St. tammany, Louisiana",2.116923076923077
1657,"Stafford, Kansas",1.7879999999999998
1658,"Stafford, Virginia",9.5
1659,"Stanislaus, California",6.24
1660,"Stanly, North Carolina",18.540758293838866
1661,"Stanton, Kansas",0.0
1662,"Stanton, Nebraska",2.6125
1663,"Stark, Illinois",0.0
1664,"Stark, North Dakota",9.070344827586208
1665,"Stark, Ohio",5.6561875
1666,"Starr, Texas",7.143915343915347
1667,"Ste. genevieve, Missouri",2.344736842105263
1668,"Stearns, Minnesota",17.014285714285716
1669,"Steele, North Dakota",1.88
1670,"Stephens, Oklahoma",18.427651515151513
1671,"Stephens, Texas",4.973684210526317
1672,"Stephenson, Illinois",1.9911940298507462
1673,"Sterling, Texas",0.0
1674,"Steuben, New York",5.778898071625345
1675,"Stevens, Kansas",0.0
1676,"Stillwater, Montana",0.27
1677,"Stoddard, Missouri",1.461666666666667
1678,"Stokes, North Carolina",7.004938271604938
1679,"Stone, Arkansas",11.75507246376812
1680,"Stone, Missouri",0.7631034482758621
1681,"Stonewall, Texas",8.1375
1682,"Storey, Nevada",10.758139534883723
1683,"Story, Iowa",4.1390625000000005
1684,"Stutsman, North Dakota",0.29809523809523814
1685,"Suffolk, New York",0.812168674698795
1686,"Sullivan, Missouri",19.56395833333332
1687,"Sullivan, New York",9.470148514851484
1688,"Summers, West Virginia",13.088333333333342
1689,"Summit, Ohio",13.57911130434783
1690,"Summit, Utah",0.8400000000000001
1691,"Sumner, Kansas",7.0383870967741915
1692,"Sumter, South Carolina",0.6971186440677966
1693,"Surry, North Carolina",10.154347826086957
1694,"Surry, Virginia",0.5333333333333333
1695,"Sussex, New Jersey",3.3686348408710205
1696,"Sussex, Virginia",0.8695652173913043
1697,"Sutter, California",3.9669230769230768
1698,"Sutton, Texas",0.0
1699,"Swain, North Carolina",5.0
1700,"Sweet grass, Montana",1.85
1701,"Swift, Minnesota",0.0
1702,"Swisher, Texas",7.1
1703,"Tama, Iowa",7.048958333333334
1704,"Taney, Missouri",9.716916167664667
1705,"Tangipahoa parish, Louisiana",3.8400000000000007
1706,"Tangipahoa, Louisiana",0.9527027027027027
1707,"Taos, New Mexico",0.34248872180451123
1708,"Tarrant, Texas",6.3450101832993955
1709,"Taylor, Iowa",18.3865625
1710,"Taylor, Texas",3.8289719626168206
1711,"Taylor, West Virginia",18.95833333333334
1712,"Tazewell, Illinois",2.2141176470588237
1713,"Tazewell, Virginia",17.918465227817755
1714,"Tensas, Louisiana",16.985662650602404
1715,"Terrebonne, Louisiana",6.416642335766426
1716,"Terrell, Texas",0.0
1717,"Terry, Texas",4.718333333333333
1718,"Teton, Montana",8.15672
1719,"Texas, Missouri",1.4342857142857142
1720,"Texas, Oklahoma",0.0
1721,"Thayer, Nebraska",0.0
1722,"Thomas, Kansas",0.0
1723,"Thomas, Nebraska",0.625
1724,"Throckmorton, Texas",16.017647058823528
1725,"Thurston, Nebraska",0.275
1726,"Tillman, Oklahoma",7.411991379310345
1727,"Tioga, New York",1.2499999999999998
1728,"Titus, Texas",12.42946428571429
1729,"Todd, Minnesota",5.699999999999999
1730,"Tolland, Connecticut",4.329468085106383
1731,"Tom green, Texas",1.2867841409691636
1732,"Tompkins, New York",9.708930528846153
1733,"Tooele, Utah",0.6195121951219512
1734,"Toole, Montana",11.556944444444447
1735,"Torrance, New Mexico",1.1616250000000001
1736,"Towner, North Dakota",4.564444444444444
1737,"Traill, North Dakota",3.761578947368421
1738,"Transylvania, North Carolina",2.1025974025974024
1739,"Travis, Texas",8.76107644305772
1740,"Treasure, Montana",18.575
1741,"Trego, Kansas",0.5840000000000001
1742,"Trinity, Texas",5.645054945054942
1743,"Trumbull, Ohio",22.175185863874347
1744,"Tucker, West Virginia",18.406153846153842
1745,"Tulsa, Oklahoma",12.975237918215612
1746,"Tuolumne, California",12.324999999999998
1747,"Tuscarawas, Ohio",4.836708860759494
1748,"Tuscola, Michigan",1.5
1749,"Tyler, Texas",0.12962962962962962
1750,"Tyler, West Virginia",9.43614457831325
1751,"Tyrrell, North Carolina",0.6833333333333332
1752,"Uintah, Utah",5.4
1753,"Ulster, New York",6.277189182968933
1754,"Union parish, Louisiana",0.9315789473684212
1755,"Union, Arkansas",1.16013986013986
1756,"Union, Illinois",25.202475247524738
1757,"Union, Iowa",19.616071428571427
1758,"Union, Louisiana",1.082
1759,"Union, New Jersey",7.319244186046512
1760,"Union, New Mexico",0.17185714285714287
1761,"Union, North Carolina",21.534426229508195
1762,"Union, Ohio",5.070826446280992
1763,"Union, South Carolina",11.953193277310929
1764,"Unknown, South Carolina",0.965
1765,"Upshur, Texas",7.629239766081868
1766,"Upshur, West Virginia",11.951249999999998
1767,"Upton, Texas",0.0
1768,"Utah, Utah",0.815625
1769,"Uvalde, Texas",0.2607594936708861
1770,"Val verde, Texas",0.5836363636363636
1771,"Valdez-cordova, Alaska",20.483538461538465
1772,"Valencia, New Mexico",2.1685625
1773,"Valley, Montana",11.734782608695651
1774,"Van buren, Arkansas",18.5734693877551
1775,"Van buren, Iowa",13.686186440677966
1776,"Van buren, Michigan",12.59322033898305
1777,"Van wert, Ohio",15.67015
1778,"Van zandt, Texas",12.912749003984063
1779,"Vance, North Carolina",13.347272727272728
1780,"Vermilion, Illinois",11.740689655172412
1781,"Vermilion, Louisiana",2.9321052631578945
1782,"Vernon, Louisiana",1.6375
1783,"Vernon, Missouri",0.13125
1784,"Victoria, Texas",2.83896103896104
1785,"Vinton, Ohio",15.503240740740743
1786,"Virginia beach city, Virginia",11.5
1787,"Virginia beach, Virginia",15.163999999999998
1788,"Wabash, Illinois",11.207142857142859
1789,"Wabaunsee, Kansas",16.115616438356167
1790,"Wade hampton, Alaska",9.856853932584269
1791,"Wagoner, Oklahoma",18.473249999999997
1792,"Wake, North Carolina",5.061313559322033
1793,"Waldo, Maine",0.23448275862068965
1794,"Walker, Texas",3.6157407407407414
1795,"Wallace, Kansas",0.0
1796,"Waller, Texas",0.07183098591549296
1797,"Walsh, North Dakota",5.929999999999999
1798,"Wapello, Iowa",15.810727272727263
1799,"Ward, North Dakota",3.708556149732619
1800,"Ward, Texas",0.0
1801,"Warren, Illinois",1.7
1802,"Warren, Iowa",7.981278772378516
1803,"Warren, Missouri",0.46818181818181814
1804,"Warren, New Jersey",1.8573432203389817
1805,"Warren, New York",13.749975247524754
1806,"Warren, North Carolina",14.720454545454546
1807,"Warren, Ohio",2.687609890109891
1808,"Warren, Virginia",1.0266666666666666
1809,"Wasatch, Utah",1.8666666666666667
1810,"Washington county, Arkansas",16.495419847328243
1811,"Washington parish, Louisiana",9.0625
1812,"Washington, Arkansas",13.769444444444444
1813,"Washington, Illinois",14.263271604938272
1814,"Washington, Iowa",2.852
1815,"Washington, Kansas",0.7147368421052631
1816,"Washington, Louisiana",1.6684210526315788
1817,"Washington, Maine",4.235632183908046
1818,"Washington, Minnesota",0.7285714285714285
1819,"Washington, Missouri",0.0
1820,"Washington, Nebraska",12.58235294117647
1821,"Washington, New York",8.755976676384831
1822,"Washington, North Carolina",2.2157894736842105
1823,"Washington, Ohio",1.5525
1824,"Washington, Oklahoma",11.946911504424785
1825,"Washington, Texas",11.000709219858155
1826,"Washington, Utah",3.778260869565217
1827,"Washington, Vermont",5.481473684210528
1828,"Washington, Virginia",12.614355231143554
1829,"Washita, Oklahoma",1.5714285714285714
1830,"Washoe, Nevada",6.748648867313917
1831,"Washtenaw, Michigan",0.875
1832,"Watauga, North Carolina",10.927956989247313
1833,"Watonwan, Minnesota",10.3
1834,"Wayne, Illinois",16.295577395577393
1835,"Wayne, Iowa",13.680597014925372
1836,"Wayne, Michigan",5.178571428571429
1837,"Wayne, Missouri",2.817155172413793
1838,"Wayne, Nebraska",0.5
1839,"Wayne, New York",8.960814338235291
1840,"Wayne, North Carolina",11.459459459459458
1841,"Wayne, Ohio",3.221582159624413
1842,"Wayne, Utah",0.0
1843,"Wayne, West Virginia",13.692068965517251
1844,"Waynesboro city, Virginia",0.05416666666666667
1845,"Webb county, Texas",12.500000000000004
1846,"Webb, Texas",5.488211382113822
1847,"Weber, Utah",5.068831168831169
1848,"Webster, Iowa",0.7450980392156863
1849,"Webster, Louisiana",2.357142857142857
1850,"Webster, Missouri",0.5833333333333334
1851,"Webster, West Virginia",14.679999999999998
1852,"Wells, North Dakota",5.233076923076923
1853,"West baton rouge, Louisiana",4.274375
1854,"West carroll parish, Louisiana",0.0
1855,"West carroll, Louisiana",0.0
1856,"West feliciana, Louisiana",5.14
1857,"Westchester, New York",11.406876111479761
1858,"Westmoreland, Virginia",1.1572916666666664
1859,"Wetzel, West Virginia",5.291011235955056
1860,"Wexford, Michigan",0.0
1861,"Wharton, Texas",0.15
1862,"Wheatland, Montana",0.62
1863,"Wheeler, Texas",1.8095238095238095
1864,"White pine, Nevada",0.525
1865,"White, Arkansas",14.45258215962441
1866,"White, Illinois",10.431372549019608
1867,"Whiteside, Illinois",1.8536585365853662
1868,"Wichita, Kansas",0.0
1869,"Wichita, Texas",7.552542372881351
1870,"Wilbarger, Texas",2.2419354838709675
1871,"Wilkes, North Carolina",17.121186440677963
1872,"Will, Illinois",7.695802752293574
1873,"Willacy county, Texas",3.0700000000000003
1874,"Willacy, Texas",7.356756756756755
1875,"Williams, North Dakota",8.462499999999997
1876,"Williams, Ohio",2.021132075471698
1877,"Williamsburg, South Carolina",2.913142857142857
1878,"Williamson, Illinois",16.20826161790017
1879,"Williamson, Texas",8.518017057569294
1880,"Wilson, Kansas",36.634883720930226
1881,"Wilson, North Carolina",8.741129032258064
1882,"Wilson, Texas",0.5310344827586208
1883,"Winchester, Virginia",13.008333333333333
1884,"Windham, Connecticut",8.391724137931032
1885,"Windham, Vermont",6.83344051446945
1886,"Windsor, Vermont",4.658536585365852
1887,"Winkler, Texas",0.0
1888,"Winn, Louisiana",26.565542168674693
1889,"Winnebago, Illinois",0.24487179487179483
1890,"Winnebago, Iowa",1.8571428571428572
1891,"Winneshiek, Iowa",1.1884375
1892,"Winona, Minnesota",0.0
1893,"Wirt, West Virginia",30.349999999999998
1894,"Wise, Texas",10.832474226804129
1895,"Wise, Virginia",16.414827586206894
1896,"Wood, Ohio",10.51532803180914
1897,"Wood, Texas",6.9804545454545455
1898,"Wood, West Virginia",9.534057971014487
1899,"Woodbury, Iowa",7.229629629629629
1900,"Woodford, Illinois",8.780645161290325
1901,"Woodruff, Arkansas",2.8375
1902,"Woods, Oklahoma",0.8175
1903,"Woodson, Kansas",8.896153846153844
1904,"Woodward, Oklahoma",0.2608695652173913
1905,"Worth, Iowa",4.994999999999999
1906,"Worth, Missouri",12.140999999999996
1907,"Wrangell, Alaska",10.128846153846153
1908,"Wright, Iowa",1.5909090909090908
1909,"Wright, Missouri",0.0
1910,"Wyandot, Ohio",12.63981818181818
1911,"Wyandotte, Kansas",8.85
1912,"Wyoming, New York",18.4021520661157
1913,"Wyoming, Pennsylvania",0.0
1914,"Wyoming, West Virginia",10.653603864734293
1915,"Wythe, Virginia",11.593283582089551
1916,"Yadkin, North Carolina",5.251851851851852
1917,"Yakutat, Alaska",0.0
1918,"Yancey, North Carolina",5.3288
1919,"Yates, New York",9.17443243243243
1920,"Yavapai, Arizona",0.0
1921,"Yell, Arkansas",18.84662162162162
1922,"Yellow medicine, Minnesota",0.16666666666666666
1923,"Yellowstone, Montana",9.305265700483094
1924,"Yoakum, Texas",0.3076923076923077
1925,"York, Maine",9.716012861736335
1926,"York, Nebraska",0.0
1927,"York, South Carolina",13.142533333333336
1928,"York, Virginia",9.720336134453778
1929,"Young, Texas",5.4301886792452825
1930,"Yuba, California",0.0
1931,"Yukon-koyukuk census area, Alaska",9.311666666666666
1932,"Yukon-koyukuk, Alaska",16.211393034825875
1933,"Yuma, Arizona",3.1942857142857144
1934,"Zapata county, Texas",10.182500000000001
1935,"Zapata, Texas",16.0030303030303
1936,"Zavala, Texas",0.0
