,county,dinoseb
0,"-, Arizona",0.0
1,"Abbeville, South Carolina",0.0
2,"Acadia, Louisiana",0.0
3,"Accomack, Virginia",0.0
4,"Ada, Idaho",0.0
5,"Adair, Iowa",0.0
6,"Adair, Kentucky",0.0
7,"Adair, Missouri",0.0
8,"Adair, Oklahoma",0.0
9,"Adams, Idaho",0.0
10,"Adams, Illinois",0.0
11,"Adams, Indiana",0.0
12,"Adams, Iowa",0.0
13,"Adams, Nebraska",0.0
14,"Adams, Pennsylvania",0.0
15,"Adams, Washington",0.0
16,"Adams, Wisconsin",0.0
17,"Addison, Vermont",0.0
18,"Aiken, South Carolina",0.0
19,"Aitkin, Minnesota",0.0
20,"Alachua, Florida",0.0
21,"Alamance, North Carolina",0.0
22,"Alameda, California",0.0
23,"Albany, New York",0.0
24,"Albany, Wyoming",0.0
25,"Albemarle, Virginia",0.0
26,"Alcona, Michigan",0.0
27,"Alexander, Illinois",0.0
28,"Alexander, North Carolina",0.0
29,"Alfalfa, Oklahoma",0.0
30,"Alger, Michigan",0.0
31,"Allamakee county, Iowa",0.0
32,"Allamakee, Iowa",0.0
33,"Allegan, Michigan",0.0
34,"Allegany, Maryland",0.0
35,"Allegany, New York",0.0
36,"Alleghany, North Carolina",0.0
37,"Alleghany, Virginia",0.0
38,"Allegheny county, Pennsylvania",0.0
39,"Allegheny, Pennsylvania",0.0
40,"Allen, Indiana",0.0
41,"Allen, Kentucky",0.0
42,"Allen, Louisiana",0.0
43,"Allendale, South Carolina",0.0
44,"Alpena, Michigan",0.0
45,"Alpine, California",0.0
46,"American samoa, American Samoa",0.0
47,"Amherst, Virginia",0.0
48,"Anderson, Kentucky",0.0
49,"Anderson, South Carolina",0.0
50,"Anderson, Texas",0.0
51,"Andrew, Missouri",0.0
52,"Andrews, Texas",0.0
53,"Androscoggin, Maine",0.0
54,"Angelina, Texas",0.0
55,"Anne arundel, Maryland",0.010618556701030929
56,"Anoka, Minnesota",0.0
57,"Anson, North Carolina",0.0
58,"Antelope, Nebraska",0.0
59,"Antrim, Michigan",0.0
60,"Apache, Arizona",0.0
61,"Appanoose, Iowa",0.0
62,"Archer, Texas",0.08857142857142856
63,"Arenac, Michigan",0.0
64,"Arkansas, Arkansas",0.0
65,"Armstrong county, Pennsylvania",0.0
66,"Armstrong, Pennsylvania",0.0
67,"Aroostook, Maine",0.0
68,"Arthur, Nebraska",0.0
69,"Ascension, Louisiana",0.0
70,"Ashe, North Carolina",0.10396511627906975
71,"Ashland, Wisconsin",0.0
72,"Ashley, Arkansas",0.0
73,"Asotin, Washington",0.0
74,"Assumption, Louisiana",0.0
75,"Atascosa, Texas",0.0
76,"Atchison, Missouri",0.0
77,"Atlantic, New Jersey",0.0
78,"Atoka, Oklahoma",0.0
79,"Audrain, Missouri",0.0
80,"Audubon, Iowa",0.0
81,"Augusta, Virginia",0.0
82,"Aurora, South Dakota",0.0
83,"Austin, Texas",0.0
84,"Autauga, Alabama",0.0
85,"Avery, North Carolina",0.0
86,"Avoyelles, Louisiana",0.0
87,"B, Oklahoma",0.0
88,"Bailey, Texas",0.0
89,"Baker county, Florida",0.0
90,"Baker, Florida",0.0
91,"Baker, Oregon",0.0
92,"Baldwin, Alabama",0.0
93,"Ballard, Kentucky",0.0
94,"Baltimore city, Maryland",0.0
95,"Baltimore, Maryland",0.034943820224719105
96,"Bamberg, South Carolina",0.0
97,"Bandera, Texas",0.0
98,"Banner, Nebraska",0.0
99,"Bannock, Idaho",0.0
100,"Baraga, Michigan",0.0
101,"Barbour, Alabama",0.0
102,"Barbour, West Virginia",0.0
103,"Barnes, North Dakota",0.0
104,"Barnstable, Massachusetts",0.0
105,"Barnwell, South Carolina",0.0
106,"Barren, Kentucky",0.0
107,"Barron, Wisconsin",0.0
108,"Barry, Michigan",0.0
109,"Barry, Missouri",0.0
110,"Bartholomew, Indiana",0.0
111,"Barton, Missouri",0.0
112,"Bastrop, Texas",0.0
113,"Bates, Missouri",0.0
114,"Bath, Virginia",0.0
115,"Baxter, Arkansas",0.0
116,"Bay, Florida",0.0
117,"Bay, Michigan",0.0
118,"Bayfield, Wisconsin",0.0
119,"Baylor, Texas",0.0
120,"Beadle, South Dakota",0.0
121,"Bear lake, Idaho",0.0
122,"Beaufort, North Carolina",0.0
123,"Beaufort, South Carolina",0.0
124,"Beauregard, Louisiana",0.0
125,"Beaver county, Pennsylvania",0.0
126,"Beaver, Oklahoma",0.0
127,"Beaver, Pennsylvania",0.0
128,"Beaver, Utah",0.0
129,"Beaverhead, Montana",0.0
130,"Becker, Minnesota",0.0
131,"Beckham, Oklahoma",0.0
132,"Bedford, Pennsylvania",0.0
133,"Bedford, Virginia",0.0
134,"Bee, Texas",0.0
135,"Belknap, New Hampshire",0.0
136,"Bell, Kentucky",0.0
137,"Bell, Texas",0.0
138,"Beltrami county, Minnesota",0.0
139,"Beltrami, Minnesota",0.0
140,"Benewah, Idaho",0.0
141,"Bennett, South Dakota",0.0
142,"Bennington, Vermont",0.0
143,"Benson, North Dakota",0.0
144,"Benton county, Arkansas",0.0
145,"Benton, Arkansas",0.0
146,"Benton, Indiana",0.0
147,"Benton, Iowa",0.0
148,"Benton, Minnesota",0.0
149,"Benton, Missouri",0.0
150,"Benton, Oregon",0.0
151,"Benton, Washington",0.0
152,"Benzie, Michigan",0.0
153,"Bergen, New Jersey",0.0
154,"Berkeley, South Carolina",0.0
155,"Berkeley, West Virginia",0.0
156,"Berks county, Pennsylvania",0.0
157,"Berks, Pennsylvania",0.000628930817610063
158,"Berkshire, Massachusetts",0.0
159,"Bernalillo, New Mexico",0.0
160,"Berrien, Michigan",0.0
161,"Bertie, North Carolina",0.0
162,"Bexar, Texas",0.02075187969924812
163,"Bibb, Alabama",0.0
164,"Bienville, Louisiana",0.0
165,"Big horn, Montana",0.0
166,"Big horn, Wyoming",0.0
167,"Big stone, Minnesota",0.0
168,"Bingham, Idaho",0.0
169,"Black hawk, Iowa",0.0
170,"Blackford, Indiana",0.0
171,"Bladen, North Carolina",0.0
172,"Blaine, Idaho",0.0
173,"Blaine, Montana",0.0
174,"Blaine, Nebraska",0.0
175,"Blaine, Oklahoma",0.0
176,"Blair, Pennsylvania",0.0
177,"Blanco, Texas",0.0
178,"Bland, Virginia",0.0
179,"Blount, Alabama",0.0
180,"Blue earth, Minnesota",0.0
181,"Boise, Idaho",0.0
182,"Bollinger, Missouri",0.0
183,"Bon homme, South Dakota",0.0
184,"Bond, Illinois",0.0
185,"Bonner, Idaho",0.0
186,"Bonneville, Idaho",0.0
187,"Boone, Arkansas",0.0
188,"Boone, Illinois",0.0
189,"Boone, Indiana",0.0
190,"Boone, Iowa",0.0
191,"Boone, Kentucky",0.013333333333333334
192,"Boone, Missouri",0.0
193,"Boone, Nebraska",0.0
194,"Boone, West Virginia",0.0
195,"Bosque, Texas",0.0
196,"Bossier, Louisiana",0.0
197,"Botetourt, Virginia",0.0
198,"Bottineau, North Dakota",0.0
199,"Boundary, Idaho",0.0
200,"Bourbon, Kentucky",0.0
201,"Bowie, Texas",0.0
202,"Bowman, North Dakota",0.0
203,"Box butte, Nebraska",0.0
204,"Box elder, Utah",0.0
205,"Boyd, Kentucky",0.0
206,"Boyd, Nebraska",0.0
207,"Boyle, Kentucky",0.0
208,"Bracken, Kentucky",0.0
209,"Bradford, Florida",0.0
210,"Bradford, Pennsylvania",0.0
211,"Bradley, Arkansas",0.0
212,"Branch, Michigan",0.0
213,"Braxton, West Virginia",0.0
214,"Brazoria, Texas",0.0
215,"Brazos, Texas",0.0
216,"Breathitt, Kentucky",0.0
217,"Breckinridge, Kentucky",0.0
218,"Bremer, Iowa",0.0
219,"Brevard, Florida",0.0
220,"Brewster, Texas",0.0
221,"Briscoe, Texas",0.0
222,"Bristol, Massachusetts",0.0
223,"Bristol, Rhode Island",0.0
224,"Bristol, Virginia",0.0
225,"Broadwater, Montana",0.0
226,"Brooke, West Virginia",0.0
227,"Brookings, South Dakota",0.0
228,"Brooks, Texas",0.0
229,"Broome, New York",0.0
230,"Broward county, Florida",0.0
231,"Broward, Florida",0.00041970802919708033
232,"Brown, Illinois",0.0
233,"Brown, Indiana",0.0
234,"Brown, Minnesota",0.0
235,"Brown, Nebraska",0.05391304347826087
236,"Brown, South Dakota",0.0
237,"Brown, Texas",0.0
238,"Brown, Wisconsin",0.0
239,"Brule, South Dakota",0.0
240,"Brunswick, North Carolina",0.0
241,"Brunswick, Virginia",0.0
242,"Bryan, Oklahoma",0.0
243,"Buchanan, Iowa",0.0
244,"Buchanan, Virginia",0.0
245,"Buckingham, Virginia",0.0
246,"Bucks county, Pennsylvania",0.0
247,"Bucks, Pennsylvania",0.0
248,"Buena vista, Iowa",0.0
249,"Buena vista, Virginia",0.0
250,"Buffalo, Nebraska",0.03196078431372549
251,"Buffalo, Wisconsin",0.0
252,"Bullock, Alabama",0.0
253,"Buncombe, North Carolina",0.0
254,"Bureau, Illinois",0.0
255,"Burke, North Carolina",0.0
256,"Burke, North Dakota",0.0
257,"Burleigh, North Dakota",0.0
258,"Burleson, Texas",0.0
259,"Burlington, New Jersey",0.0
260,"Burnet, Texas",0.0
261,"Burnett, Wisconsin",0.0
262,"Burt, Nebraska",0.0
263,"Butler, Alabama",0.0
264,"Butler, Iowa",0.0
265,"Butler, Kentucky",0.0
266,"Butler, Missouri",0.0
267,"Butler, Nebraska",0.0
268,"Butler, Ohio",0.0
269,"Butler, Pennsylvania",0.0
270,"Butte, California",0.0
271,"Butte, Idaho",0.0
272,"Butte, South Dakota",0.0
273,"Cabarrus, North Carolina",0.0
274,"Cabell, West Virginia",0.0
275,"Cache, Utah",0.0
276,"Caddo parish, Louisiana",0.0
277,"Caddo, Louisiana",0.0
278,"Caddo, Oklahoma",0.0
279,"Calaveras, California",0.0
280,"Calcasieu, Louisiana",0.0
281,"Caldwell, Kentucky",0.0
282,"Caldwell, Louisiana",0.0
283,"Caldwell, Missouri",0.0
284,"Caldwell, North Carolina",0.0
285,"Caldwell, Texas",0.0
286,"Caledonia, Vermont",0.0
287,"Calhoun, Alabama",0.0
288,"Calhoun, Arkansas",0.0
289,"Calhoun, Florida",0.0
290,"Calhoun, Illinois",0.0
291,"Calhoun, Iowa",0.0
292,"Calhoun, Michigan",0.0
293,"Calhoun, South Carolina",0.0
294,"Calhoun, Texas",0.0
295,"Callahan, Texas",0.0
296,"Callaway, Missouri",0.0
297,"Calloway, Kentucky",0.0
298,"Calumet, Wisconsin",0.0
299,"Calvert, Maryland",0.013428571428571429
300,"Cambria county, Pennsylvania",0.0
301,"Cambria, Pennsylvania",0.0
302,"Camden, Missouri",0.0
303,"Camden, New Jersey",0.0
304,"Camden, North Carolina",0.0
305,"Cameron, Louisiana",0.0
306,"Cameron, Pennsylvania",0.0
307,"Cameron, Texas",0.0
308,"Camp, Texas",0.0
309,"Campbell, Kentucky",0.0
310,"Campbell, Virginia",0.0
311,"Campbell, Wyoming",0.0
312,"Canadian, Oklahoma",0.0
313,"Canyon, Idaho",0.0
314,"Cape girardeau, Missouri",0.0
315,"Cape may, New Jersey",0.0
316,"Carbon, Montana",0.014516129032258063
317,"Carbon, Pennsylvania",0.0
318,"Carbon, Utah",0.0
319,"Carbon, Wyoming",0.0
320,"Caribou, Idaho",0.0
321,"Carlisle, Kentucky",0.0
322,"Carlton, Minnesota",0.0
323,"Caroline, Maryland",0.0
324,"Carroll, Arkansas",0.0
325,"Carroll, Illinois",0.0
326,"Carroll, Indiana",0.0
327,"Carroll, Iowa",0.0
328,"Carroll, Kentucky",0.0
329,"Carroll, Maryland",0.02574162679425837
330,"Carroll, Missouri",0.0
331,"Carroll, New Hampshire",0.0
332,"Carroll, Virginia",0.0
333,"Carson city, Nevada",0.0
334,"Carson, Texas",0.0
335,"Carter, Kentucky",0.0
336,"Carter, Missouri",0.0
337,"Carter, Montana",0.0
338,"Carter, Oklahoma",0.0
339,"Carteret, North Carolina",0.0
340,"Carver, Minnesota",0.0
341,"Cascade, Montana",0.0
342,"Casey, Kentucky",0.0
343,"Cass, Illinois",0.0
344,"Cass, Indiana",0.0
345,"Cass, Iowa",0.0
346,"Cass, Michigan",0.0
347,"Cass, Minnesota",0.0
348,"Cass, Missouri",0.0
349,"Cass, Nebraska",0.0
350,"Cass, North Dakota",0.0
351,"Cass, Texas",0.0
352,"Cassia, Idaho",0.0
353,"Castro, Texas",0.0
354,"Caswell, North Carolina",0.0
355,"Catahoula, Louisiana",0.0
356,"Catawba, North Carolina",0.0
357,"Catron, New Mexico",0.0
358,"Cattaraugus, New York",0.0
359,"Cavalier, North Dakota",0.0
360,"Cayuga county, New York",0.0
361,"Cayuga, New York",0.0
362,"Cecil, Maryland",0.028322147651006716
363,"Cedar, Iowa",0.0
364,"Cedar, Missouri",0.0
365,"Cedar, Nebraska",0.0
366,"Centre county, Pennsylvania",0.0
367,"Centre, Pennsylvania",0.0
368,"Cerro gordo, Iowa",0.0
369,"Chambers, Alabama",0.0
370,"Chambers, Texas",0.0
371,"Champaign, Illinois",0.0
372,"Chariton, Missouri",0.0
373,"Charles mix, South Dakota",0.0
374,"Charles, Maryland",0.0
375,"Charleston county, South Carolina",0.0
376,"Charleston, South Carolina",0.0
377,"Charlevoix, Michigan",0.0
378,"Charlotte, Florida",0.0
379,"Charlotte, Virginia",0.0
380,"Chase, Nebraska",0.0
381,"Chatham, North Carolina",0.0
382,"Chautauqua, New York",0.0
383,"Chaves, New Mexico",0.0
384,"Cheboygan, Michigan",0.0
385,"Chelan, Washington",0.0
386,"Chemung, New York",0.0
387,"Chenango, New York",0.0
388,"Cherokee, Alabama",0.0
389,"Cherokee, Iowa",0.0
390,"Cherokee, North Carolina",0.0
391,"Cherokee, South Carolina",0.0
392,"Cherokee, Texas",0.0
393,"Cherry, Nebraska",0.0
394,"Chesapeake city, Virginia",0.0
395,"Cheshire, New Hampshire",0.0
396,"Chester county, Pennsylvania",0.0
397,"Chester, Pennsylvania",0.0
398,"Chester, South Carolina",0.0
399,"Chesterfield, South Carolina",0.0
400,"Chesterfield, Virginia",0.0
401,"Cheyenne, Nebraska",0.0
402,"Chickasaw, Iowa",0.0
403,"Chicot, Arkansas",0.0
404,"Chilton, Alabama",0.0
405,"Chippewa, Michigan",0.0
406,"Chippewa, Minnesota",0.0
407,"Chippewa, Wisconsin",0.0
408,"Chisago, Minnesota",0.0
409,"Chittenden, Vermont",0.0
410,"Choctaw, Alabama",0.0
411,"Choctaw, Oklahoma",0.0
412,"Chouteau, Montana",0.0
413,"Chowan, North Carolina",0.0
414,"Christian, Illinois",0.0
415,"Christian, Kentucky",0.0
416,"Christian, Missouri",0.0
417,"Churchill, Nevada",0.0
418,"Cibola, New Mexico",0.0
419,"Cimarron, Oklahoma",0.0
420,"Citrus county, Florida",0.0
421,"Citrus, Florida",0.0
422,"Clackamas, Oregon",0.0
423,"Claiborne, Louisiana",0.0
424,"Clallam, Washington",0.0
425,"Clare, Michigan",0.0
426,"Clarendon, South Carolina",0.0
427,"Clarion, Pennsylvania",0.0
428,"Clark county, Nevada",0.0
429,"Clark, Arkansas",0.0
430,"Clark, Idaho",0.0
431,"Clark, Illinois",0.0
432,"Clark, Indiana",0.0
433,"Clark, Kentucky",0.0
434,"Clark, Missouri",0.0
435,"Clark, Nevada",0.0
436,"Clark, South Dakota",0.0
437,"Clark, Washington",0.0
438,"Clark, Wisconsin",0.0
439,"Clarke, Alabama",0.0
440,"Clarke, Iowa",0.0
441,"Clarke, Virginia",0.0
442,"Clatsop, Oregon",0.0
443,"Clay, Alabama",0.0
444,"Clay, Arkansas",0.0
445,"Clay, Florida",0.0
446,"Clay, Illinois",0.0
447,"Clay, Indiana",0.0
448,"Clay, Iowa",0.0
449,"Clay, Kentucky",0.0
450,"Clay, Minnesota",0.0
451,"Clay, Missouri",0.0
452,"Clay, Nebraska",0.06894736842105263
453,"Clay, North Carolina",0.0
454,"Clay, South Dakota",0.0
455,"Clay, Texas",0.0
456,"Clay, West Virginia",0.0
457,"Clayton, Iowa",0.0
458,"Clearfield county, Pennsylvania",0.0
459,"Clearfield, Pennsylvania",0.0
460,"Clearwater, Idaho",0.0
461,"Clearwater, Minnesota",0.0
462,"Cleburne, Alabama",0.0
463,"Cleburne, Arkansas",0.0
464,"Cleveland, Arkansas",0.0
465,"Cleveland, North Carolina",0.0
466,"Cleveland, Oklahoma",0.0
467,"Clinton, Illinois",0.0
468,"Clinton, Indiana",0.0
469,"Clinton, Iowa",0.0
470,"Clinton, Kentucky",0.0
471,"Clinton, Michigan",0.0
472,"Clinton, Missouri",0.0
473,"Clinton, New York",0.0
474,"Clinton, Pennsylvania",0.0
475,"Cochise, Arizona",0.0
476,"Cochran, Texas",0.0
477,"Coconino, Arizona",0.0
478,"Codington, South Dakota",0.0
479,"Coffee, Alabama",0.0
480,"Coke, Texas",0.0
481,"Colbert, Alabama",0.0
482,"Cole, Missouri",0.0
483,"Coleman, Texas",0.0
484,"Coles, Illinois",0.0
485,"Colfax, Nebraska",0.17705882352941174
486,"Colfax, New Mexico",0.0
487,"Colleton, South Carolina",0.0
488,"Collier, Florida",0.0
489,"Collin, Texas",0.0
490,"Collingsworth, Texas",0.0
491,"Colorado, Texas",0.0
492,"Columbia, Arkansas",0.0
493,"Columbia, Florida",0.0
494,"Columbia, New York",0.0
495,"Columbia, Oregon",0.0
496,"Columbia, Pennsylvania",0.0
497,"Columbia, Washington",0.0
498,"Columbia, Wisconsin",0.0
499,"Columbus county, North Carolina",0.0
500,"Columbus, North Carolina",0.0
501,"Colusa, California",0.0
502,"Comal, Texas",0.011351351351351352
503,"Comanche, Oklahoma",0.0
504,"Comanche, Texas",0.0
505,"Concho, Texas",0.0
506,"Concordia, Louisiana",0.0
507,"Conecuh, Alabama",0.0
508,"Contra costa, California",0.0
509,"Converse, Wyoming",0.0
510,"Conway, Arkansas",0.0
511,"Cook, Illinois",0.0
512,"Cook, Minnesota",0.0
513,"Cooke, Texas",0.0
514,"Cooper, Missouri",0.0
515,"Coos, New Hampshire",0.0
516,"Coos, Oregon",0.0
517,"Coosa, Alabama",0.0
518,"Corson, South Dakota",0.0
519,"Cortland, New York",0.0
520,"Coryell, Texas",0.0
521,"Cottle, Texas",0.0
522,"Cotton, Oklahoma",0.0
523,"Cottonwood, Minnesota",0.0
524,"Covington, Alabama",0.0
525,"Covington, Virginia",0.0
526,"Cowlitz, Washington",0.0
527,"Craig, Oklahoma",0.0
528,"Craighead, Arkansas",0.0
529,"Crane, Texas",0.0
530,"Craven, North Carolina",0.0
531,"Crawford county, Pennsylvania",0.0
532,"Crawford, Arkansas",0.0
533,"Crawford, Illinois",0.0
534,"Crawford, Indiana",0.0
535,"Crawford, Iowa",0.0
536,"Crawford, Michigan",0.0
537,"Crawford, Missouri",0.0
538,"Crawford, Pennsylvania",0.0
539,"Crawford, Wisconsin",0.0
540,"Creek, Oklahoma",0.0
541,"Crenshaw, Alabama",0.0
542,"Crittenden, Arkansas",0.0
543,"Crittenden, Kentucky",0.0
544,"Crockett, Texas",0.0
545,"Crook, Oregon",0.0
546,"Crook, Wyoming",0.0
547,"Crosby, Texas",0.0
548,"Cross, Arkansas",0.0
549,"Crow wing, Minnesota",0.0
550,"Culberson, Texas",0.0
551,"Cullman, Alabama",0.0
552,"Culpeper, Virginia",0.0
553,"Cumberland county, Pennsylvania",0.0
554,"Cumberland, Illinois",0.0
555,"Cumberland, Kentucky",0.0
556,"Cumberland, Maine",0.0
557,"Cumberland, New Jersey",0.0
558,"Cumberland, North Carolina",0.0
559,"Cumberland, Pennsylvania",0.0
560,"Cumberland, Virginia",0.0
561,"Cuming, Nebraska",0.0
562,"Currituck, North Carolina",0.0
563,"Curry, New Mexico",0.012461538461538461
564,"Curry, Oregon",0.0
565,"Custer, Idaho",0.0
566,"Custer, Montana",0.0
567,"Custer, Nebraska",0.0325
568,"Custer, Oklahoma",0.0
569,"Custer, South Dakota",0.0
570,"Dade, Florida",0.0
571,"Dade, Missouri",0.0
572,"Daggett, Utah",0.0
573,"Dakota, Minnesota",0.0
574,"Dakota, Nebraska",0.0
575,"Dale, Alabama",0.0
576,"Dallam, Texas",0.0
577,"Dallas, Alabama",0.0
578,"Dallas, Arkansas",0.0
579,"Dallas, Iowa",0.0
580,"Dallas, Missouri",0.0
581,"Dallas, Texas",0.0
582,"Dane, Wisconsin",0.0
583,"Daniels, Montana",0.0
584,"Danville, Virginia",0.0
585,"Dare, North Carolina",0.0
586,"Darlington, South Carolina",0.0
587,"Dauphin county, Pennsylvania",0.0
588,"Dauphin, Pennsylvania",0.0
589,"Davidson, North Carolina",0.0
590,"Davie, North Carolina",0.0
591,"Daviess, Indiana",0.0
592,"Daviess, Kentucky",0.0
593,"Daviess, Missouri",0.0
594,"Davis, Iowa",0.0
595,"Davis, Utah",0.0
596,"Dawes, Nebraska",0.0
597,"Dawson, Montana",0.0
598,"Dawson, Nebraska",0.0
599,"Dawson, Texas",0.0
600,"Day, South Dakota",0.0
601,"De baca, New Mexico",0.0
602,"De kalb, Indiana",0.0
603,"De kalb, Missouri",0.0
604,"De soto, Florida",0.0
605,"De soto, Louisiana",0.0
606,"De witt, Illinois",0.0
607,"Deaf smith, Texas",0.0
608,"Dearborn, Indiana",0.0
609,"Decatur, Indiana",0.0
610,"Decatur, Iowa",0.0
611,"Deer lodge, Montana",0.0
612,"Dekalb, Alabama",0.0
613,"Dekalb, Illinois",0.0
614,"Dekalb, Indiana",0.0
615,"Dekalb, Missouri",0.0
616,"Delaware, Indiana",0.0
617,"Delaware, Iowa",0.0
618,"Delaware, New York",0.0
619,"Delaware, Pennsylvania",0.0
620,"Delta, Michigan",0.0
621,"Delta, Texas",0.0
622,"Dent, Missouri",0.0
623,"Denton, Texas",0.0
624,"Des moines, Iowa",0.0
625,"Deschutes, Oregon",0.0
626,"Desha, Arkansas",0.0
627,"Desoto, Florida",0.0
628,"Deuel, Nebraska",0.0
629,"Dewey, Oklahoma",0.0
630,"Dewey, South Dakota",0.0
631,"Dewitt, Texas",0.0
632,"Dickey, North Dakota",0.0
633,"Dickinson, Iowa",0.0
634,"Dickinson, Michigan",0.0
635,"Dillon, South Carolina",0.0
636,"Dimmit, Texas",0.0
637,"Dinwiddie, Virginia",0.0
638,"District of columbia, District of Columbia",0.0
639,"Dixie, Florida",0.0
640,"Dixon, Nebraska",0.0
641,"Doddridge, West Virginia",0.0
642,"Dodge, Minnesota",0.0
643,"Dodge, Nebraska",0.04699999999999999
644,"Dodge, Wisconsin",0.0
645,"Dona ana, New Mexico",0.0748383620689655
646,"Donley, Texas",0.0
647,"Door, Wisconsin",0.0
648,"Dorchester, Maryland",0.08473684210526317
649,"Dorchester, South Carolina",0.0
650,"Douglas, Illinois",0.0
651,"Douglas, Minnesota",0.0
652,"Douglas, Missouri",0.0
653,"Douglas, Nebraska",0.023272727272727275
654,"Douglas, Nevada",0.0
655,"Douglas, Oregon",0.0
656,"Douglas, Washington",0.0
657,"Douglas, Wisconsin",0.0
658,"Drew, Arkansas",0.0
659,"Du page, Illinois",0.0
660,"Dubois, Indiana",0.0
661,"Dubuque, Iowa",0.0
662,"Duchesne, Utah",0.0
663,"Dukes, Massachusetts",0.0
664,"Dundy, Nebraska",0.0
665,"Dunklin, Missouri",0.0
666,"Dunn, North Dakota",0.0
667,"Dunn, Wisconsin",0.0
668,"Dupage, Illinois",0.0
669,"Duplin, North Carolina",0.0
670,"Durham, North Carolina",0.05081967213114754
671,"Dutchess, New York",0.0
672,"Duval county, Florida",0.0
673,"Duval, Florida",0.0
674,"Duval, Texas",0.0
675,"East baton rouge parish, Louisiana",0.0
676,"East baton rouge, Louisiana",0.0
677,"East carroll, Louisiana",0.0
678,"East feliciana, Louisiana",0.0
679,"Eastland, Texas",0.0
680,"Eaton, Michigan",0.0
681,"Eau claire, Wisconsin",0.0
682,"Ector, Texas",0.0
683,"Eddy, New Mexico",0.014939024390243904
684,"Eddy, North Dakota",0.0
685,"Edgar, Illinois",0.0
686,"Edgecombe, North Carolina",0.0
687,"Edmonson, Kentucky",0.0
688,"Edwards, Illinois",0.0
689,"Effingham, Illinois",0.0
690,"El dorado, California",0.0
691,"El paso, Texas",0.0
692,"Elk, Pennsylvania",0.0
693,"Elkhart, Indiana",0.0
694,"Elko, Nevada",0.0
695,"Elliott, Kentucky",0.0
696,"Ellis, Oklahoma",0.0
697,"Ellis, Texas",0.01945945945945946
698,"Elmore, Alabama",0.0
699,"Elmore, Idaho",0.0
700,"Emery, Utah",0.0
701,"Emmet, Iowa",0.0
702,"Emmet, Michigan",0.0
703,"Emmons, North Dakota",0.0
704,"Erath, Texas",0.0
705,"Erie county, Pennsylvania",0.0
706,"Erie, New York",0.0
707,"Erie, Pennsylvania",0.0
708,"Escambia, Alabama",0.0
709,"Escambia, Florida",0.0
710,"Esmeralda, Nevada",0.0
711,"Essex county, New York",0.0
712,"Essex, Massachusetts",0.0
713,"Essex, New Jersey",0.0
714,"Essex, New York",0.0
715,"Essex, Vermont",0.0
716,"Estill, Kentucky",0.0
717,"Etowah, Alabama",0.0
718,"Eureka county, Nevada",0.0
719,"Eureka, Nevada",0.0
720,"Evangeline parish, Louisiana",0.0
721,"Evangeline, Louisiana",0.0
722,"Fairbanks north star, Alaska",0.0
723,"Fairfax, Virginia",0.0
724,"Fairfield, Connecticut",0.0
725,"Fairfield, South Carolina",0.0
726,"Fall river, South Dakota",0.0
727,"Fallon, Montana",0.0
728,"Falls, Texas",0.0
729,"Fannin, Texas",0.0
730,"Faulk, South Dakota",0.0
731,"Fauquier, Virginia",0.0
732,"Fayette, Alabama",0.0
733,"Fayette, Illinois",0.0
734,"Fayette, Indiana",0.0
735,"Fayette, Iowa",0.0
736,"Fayette, Kentucky",0.0
737,"Fayette, Pennsylvania",0.0
738,"Fayette, Texas",0.0
739,"Fayette, West Virginia",0.0
740,"Fergus, Montana",0.0
741,"Ferry, Washington",0.0
742,"Fillmore, Minnesota",0.0
743,"Fillmore, Nebraska",0.0
744,"Fisher, Texas",0.0
745,"Flagler, Florida",0.0
746,"Flathead, Montana",0.0
747,"Fleming, Kentucky",0.0
748,"Florence, South Carolina",0.0
749,"Florence, Wisconsin",0.0
750,"Floyd, Indiana",0.0
751,"Floyd, Iowa",0.0
752,"Floyd, Kentucky",0.0
753,"Floyd, Texas",0.0
754,"Fluvanna, Virginia",0.0
755,"Fond du lac, Wisconsin",0.0
756,"Ford, Illinois",0.0
757,"Forest, Pennsylvania",0.0
758,"Forest, Wisconsin",0.0
759,"Forsyth, North Carolina",0.0
760,"Fort bend, Texas",0.0
761,"Foster, North Dakota",0.0
762,"Fountain, Indiana",0.0
763,"Franklin county, Missouri",0.0
764,"Franklin county, New York",0.0
765,"Franklin county, Pennsylvania",0.0
766,"Franklin, Alabama",0.0
767,"Franklin, Arkansas",0.0
768,"Franklin, Florida",0.0
769,"Franklin, Idaho",0.0
770,"Franklin, Illinois",0.0
771,"Franklin, Indiana",0.0
772,"Franklin, Iowa",0.0
773,"Franklin, Kentucky",0.0
774,"Franklin, Louisiana",0.0
775,"Franklin, Maine",0.0
776,"Franklin, Massachusetts",0.002380952380952381
777,"Franklin, Missouri",0.0
778,"Franklin, Nebraska",0.0
779,"Franklin, New York",0.0
780,"Franklin, North Carolina",0.0
781,"Franklin, Pennsylvania",0.0
782,"Franklin, Texas",0.0
783,"Franklin, Vermont",0.0
784,"Franklin, Virginia",0.0
785,"Franklin, Washington",0.0
786,"Frederick, Maryland",0.0
787,"Frederick, Virginia",0.0
788,"Freeborn, Minnesota",0.0
789,"Freestone, Texas",0.0
790,"Fremont, Idaho",0.0
791,"Fremont, Iowa",0.0
792,"Fremont, Wyoming",0.0
793,"Fresno, California",0.0
794,"Frio, Texas",0.0
795,"Frontier, Nebraska",0.0
796,"Fulton, Arkansas",0.0
797,"Fulton, Illinois",0.0
798,"Fulton, Indiana",0.0
799,"Fulton, Kentucky",0.0
800,"Fulton, New York",0.0
801,"Fulton, Pennsylvania",0.0
802,"Furnas, Nebraska",0.0
803,"Gadsden, Florida",0.0
804,"Gage, Nebraska",0.0
805,"Gaines, Texas",0.0
806,"Galax, Virginia",0.0
807,"Gallatin, Illinois",0.0
808,"Gallatin, Kentucky",0.0
809,"Gallatin, Montana",0.0
810,"Galveston, Texas",0.0
811,"Garden, Nebraska",0.0
812,"Garfield, Montana",0.0
813,"Garfield, Nebraska",0.374
814,"Garfield, Oklahoma",0.0
815,"Garfield, Utah",0.0
816,"Garfield, Washington",0.0
817,"Garland, Arkansas",0.0
818,"Garrard, Kentucky",0.0
819,"Garrett, Maryland",0.0
820,"Garvin, Oklahoma",0.0
821,"Garza, Texas",0.0
822,"Gasconade, Missouri",0.0
823,"Gaston, North Carolina",0.0006627680311890839
824,"Gates, North Carolina",0.0
825,"Gem, Idaho",0.0
826,"Genesee, Michigan",0.0
827,"Genesee, New York",0.0
828,"Geneva, Alabama",0.0
829,"Gentry, Missouri",0.0
830,"Georgetown, South Carolina",0.0
831,"Gibson, Indiana",0.0
832,"Gila, Arizona",0.0
833,"Gilchrist, Florida",0.0
834,"Giles, Tennessee",0.0
835,"Giles, Virginia",0.0
836,"Gillespie, Texas",0.0
837,"Gilliam, Oregon",0.0
838,"Gilmer, West Virginia",0.0
839,"Glacier, Montana",0.0
840,"Glades, Florida",0.0
841,"Gladwin, Michigan",0.0
842,"Glenn, California",0.0
843,"Gloucester, New Jersey",0.0
844,"Gogebic, Michigan",0.0
845,"Golden valley, Montana",0.0
846,"Golden valley, North Dakota",0.0
847,"Goliad, Texas",0.0
848,"Gonzales, Texas",0.0
849,"Goochland, Virginia",0.0
850,"Goodhue, Minnesota",0.0
851,"Gooding, Idaho",0.0
852,"Goshen, Wyoming",0.0
853,"Gosper, Nebraska",0.0
854,"Grady, Oklahoma",0.0
855,"Grafton, New Hampshire",0.0
856,"Graham county, Arizona",0.0
857,"Graham, Arizona",0.0
858,"Graham, North Carolina",0.0
859,"Grand forks, North Dakota",0.37000000000000005
860,"Grand isle, Vermont",0.0
861,"Grand traverse, Michigan",0.0
862,"Grand, Utah",0.0
863,"Granite, Montana",0.0
864,"Grant, Arkansas",0.0
865,"Grant, Indiana",0.0
866,"Grant, Kansas",0.0
867,"Grant, Kentucky",0.0
868,"Grant, Louisiana",0.0
869,"Grant, Minnesota",0.0
870,"Grant, Nebraska",0.0
871,"Grant, New Mexico",0.007692307692307693
872,"Grant, North Dakota",0.0
873,"Grant, Oklahoma",0.0
874,"Grant, Oregon",0.0
875,"Grant, South Dakota",0.0
876,"Grant, Washington",0.0
877,"Grant, West Virginia",0.0
878,"Grant, Wisconsin",0.0
879,"Granville, North Carolina",0.0
880,"Gratiot, Michigan",0.0
881,"Graves, Kentucky",0.0
882,"Gray, Texas",0.0
883,"Grays harbor, Washington",0.0
884,"Grayson, Kentucky",0.0
885,"Grayson, Texas",0.0
886,"Grayson, Virginia",0.0
887,"Greeley, Nebraska",0.18
888,"Green lake, Wisconsin",0.0
889,"Green, Kentucky",0.0
890,"Green, Wisconsin",0.0
891,"Greenbrier, West Virginia",0.0
892,"Greene, Alabama",0.0
893,"Greene, Arkansas",0.0
894,"Greene, Illinois",0.0
895,"Greene, Indiana",0.0
896,"Greene, Iowa",0.0
897,"Greene, Missouri",0.0
898,"Greene, New York",0.0
899,"Greene, North Carolina",0.0
900,"Greene, Pennsylvania",0.0
901,"Greene, Virginia",0.0
902,"Greenlee, Arizona",0.0
903,"Greensville, Virginia",0.0
904,"Greenup, Kentucky",0.0
905,"Greenville, South Carolina",0.0
906,"Greenwood, South Carolina",0.0
907,"Greer, Oklahoma",0.0
908,"Gregg, Texas",0.0
909,"Gregory, South Dakota",0.0
910,"Griggs, North Dakota",0.0
911,"Grimes, Texas",0.0
912,"Grundy, Illinois",0.0
913,"Grundy, Iowa",0.0
914,"Grundy, Missouri",0.0
915,"Guadalupe, New Mexico",0.0
916,"Guadalupe, Texas",0.0
917,"Guilford, North Carolina",0.0007267441860465116
918,"Guillford, North Carolina",0.0
919,"Gulf, Florida",0.0
920,"Guthrie, Iowa",0.0
921,"Hale, Alabama",0.0
922,"Hale, Texas",0.0
923,"Halifax, North Carolina",0.0
924,"Halifax, Virginia",0.0
925,"Hall, Nebraska",0.47941176470588237
926,"Hall, Texas",0.0
927,"Hamilton, Florida",0.0
928,"Hamilton, Indiana",0.0
929,"Hamilton, Iowa",0.0
930,"Hamilton, Nebraska",0.0
931,"Hamilton, New York",0.0
932,"Hamilton, Tennessee",0.0
933,"Hamilton, Texas",0.0
934,"Hamlin, South Dakota",0.0
935,"Hampden, Massachusetts",0.0
936,"Hampshire, Massachusetts",0.0
937,"Hampshire, West Virginia",0.0
938,"Hampton, South Carolina",0.0
939,"Hancock, Illinois",0.0
940,"Hancock, Indiana",0.0
941,"Hancock, Iowa",0.0
942,"Hancock, Kentucky",0.0
943,"Hancock, Maine",0.0
944,"Hancock, West Virginia",0.0
945,"Hanover, Virginia",0.0
946,"Hansford, Texas",0.0
947,"Hardee, Florida",0.0
948,"Hardeman, Texas",0.0
949,"Hardin, Illinois",0.0
950,"Hardin, Iowa",0.0
951,"Hardin, Kentucky",0.0
952,"Hardin, Texas",0.0
953,"Harding, New Mexico",0.0
954,"Harding, South Dakota",0.0
955,"Harford county, Maryland",0.0
956,"Harford, Maryland",0.0
957,"Harlan, Kentucky",0.0
958,"Harlan, Nebraska",0.082
959,"Harnett, North Carolina",0.0
960,"Harney, Oregon",0.0
961,"Harris, Texas",0.0
962,"Harrison, Indiana",0.0
963,"Harrison, Iowa",0.0
964,"Harrison, Kentucky",0.0
965,"Harrison, Missouri",0.0
966,"Harrison, Texas",0.0
967,"Harrison, West Virginia",0.0
968,"Harrisonburg, Virginia",0.0
969,"Hart, Kentucky",0.0
970,"Hartford, Connecticut",0.0
971,"Haskell, Texas",0.0
972,"Hawaii, Hawaii",0.0
973,"Hawkins, Tennessee",0.0
974,"Hayes, Nebraska",0.0
975,"Hays, Texas",0.0
976,"Haywood, North Carolina",0.0
977,"Hemphill, Texas",0.0
978,"Hempstead, Arkansas",0.0
979,"Henderson, Illinois",0.0
980,"Henderson, Kentucky",0.0
981,"Henderson, North Carolina",0.0
982,"Henderson, Texas",0.03108695652173913
983,"Hendricks, Indiana",0.0
984,"Hendry, Florida",0.0
985,"Hennepin, Minnesota",0.0
986,"Henrico, Virginia",0.0
987,"Henry, Alabama",0.0
988,"Henry, Illinois",0.0
989,"Henry, Indiana",0.0
990,"Henry, Iowa",0.0
991,"Henry, Kentucky",0.0
992,"Henry, Missouri",0.0
993,"Henry, Virginia",0.0
994,"Herkimer, New York",0.0
995,"Hernando, Florida",0.0
996,"Hertford, North Carolina",0.0
997,"Hickman, Kentucky",0.0
998,"Hickory, Missouri",0.0
999,"Hidalgo, New Mexico",0.0
1000,"Hidalgo, Texas",0.0
1001,"Highlands, Florida",0.0
1002,"Hill, Montana",0.0
1003,"Hill, Texas",0.0
1004,"Hills, Florida",0.0
1005,"Hills, New Hampshire",0.0
1006,"Hillsborough county, Florida",0.0
1007,"Hillsborough county, New Hampshire",0.0
1008,"Hillsborough, Florida",0.0
1009,"Hillsborough, New Hampshire",0.0
1010,"Hillsdale, Michigan",0.0
1011,"Hitchcock, Nebraska",0.0
1012,"Hockley, Texas",0.0
1013,"Hoke, North Carolina",0.0
1014,"Holmes, Florida",0.0
1015,"Holmes, Ohio",0.0
1016,"Holt, Missouri",0.0
1017,"Holt, Nebraska",0.0
1018,"Honolulu, Hawaii",0.0
1019,"Hood river, Oregon",0.0
1020,"Hood, Texas",0.0
1021,"Hooker, Nebraska",0.0
1022,"Hopewell, Virginia",0.0
1023,"Hopkins, Kentucky",0.0
1024,"Hopkins, Texas",0.0
1025,"Horry, South Carolina",0.0
1026,"Hot spring, Arkansas",0.0
1027,"Hot springs, Wyoming",0.0
1028,"Houghton, Michigan",0.0
1029,"Houston, Alabama",0.0
1030,"Houston, Minnesota",0.0
1031,"Houston, Texas",0.0
1032,"Howard, Arkansas",0.0
1033,"Howard, Indiana",0.0
1034,"Howard, Iowa",0.0
1035,"Howard, Maryland",0.0
1036,"Howard, Missouri",0.0
1037,"Howard, Nebraska",0.0
1038,"Howard, Texas",0.0
1039,"Howell, Missouri",0.0
1040,"Hubbard, Minnesota",0.0
1041,"Hudson, New Jersey",0.0
1042,"Hughes, Oklahoma",0.0
1043,"Hughes, South Dakota",0.0
1044,"Humboldt, Iowa",0.0
1045,"Humboldt, Nevada",0.0
1046,"Hunt, Texas",0.0
1047,"Hunterdon, New Jersey",0.0
1048,"Huntingdon, Pennsylvania",0.0
1049,"Huntington, Indiana",0.0
1050,"Huron, Michigan",0.0
1051,"Hutchinson, Texas",0.0
1052,"Hyde, North Carolina",0.0
1053,"Iberia parish, Louisiana",0.0
1054,"Iberia, Louisiana",0.0
1055,"Iberville, Louisiana",0.0
1056,"Ida, Iowa",0.0
1057,"Idaho, Idaho",0.0
1058,"Imperial, California",0.0
1059,"Independence, Arkansas",0.0
1060,"Indian river, Florida",0.0
1061,"Indiana, Pennsylvania",0.0
1062,"Ingham, Michigan",0.0
1063,"Inyo, California",0.0
1064,"Ionia, Michigan",0.0
1065,"Iosco, Michigan",0.0
1066,"Iowa, Iowa",0.0
1067,"Iowa, Wisconsin",0.0
1068,"Iredell, North Carolina",0.0011422845691382764
1069,"Iron, Michigan",0.0
1070,"Iron, Missouri",0.0
1071,"Iron, Utah",0.0
1072,"Iron, Wisconsin",0.0
1073,"Iroquois, Illinois",0.0
1074,"Isabella, Michigan",0.0
1075,"Isanti, Minnesota",0.0
1076,"Island, Washington",0.0
1077,"Itasca, Minnesota",0.0
1078,"Izard, Arkansas",0.0
1079,"Jack, Texas",0.0
1080,"Jackson county, Florida",0.0
1081,"Jackson, Alabama",0.0
1082,"Jackson, Arkansas",0.0
1083,"Jackson, Florida",0.0
1084,"Jackson, Illinois",0.0
1085,"Jackson, Indiana",0.0
1086,"Jackson, Iowa",0.0
1087,"Jackson, Kentucky",0.0
1088,"Jackson, Louisiana",0.0
1089,"Jackson, Michigan",0.0
1090,"Jackson, Minnesota",0.0
1091,"Jackson, Missouri",0.0
1092,"Jackson, North Carolina",0.00046391752577319587
1093,"Jackson, Oklahoma",0.0
1094,"Jackson, Oregon",0.0
1095,"Jackson, Texas",0.0
1096,"Jackson, West Virginia",0.0
1097,"Jackson, Wisconsin",0.0
1098,"James city, Virginia",0.0
1099,"Jasper county, Missouri",0.0
1100,"Jasper, Illinois",0.0
1101,"Jasper, Indiana",0.0
1102,"Jasper, Iowa",0.0
1103,"Jasper, Missouri",0.0
1104,"Jasper, South Carolina",0.0
1105,"Jasper, Texas",0.0
1106,"Jay, Indiana",0.0
1107,"Jefferson county, Florida",0.0
1108,"Jefferson county, Pennsylvania",0.0
1109,"Jefferson davis, Louisiana",0.0
1110,"Jefferson, Alabama",0.0
1111,"Jefferson, Arkansas",0.0
1112,"Jefferson, Florida",0.0
1113,"Jefferson, Idaho",0.0
1114,"Jefferson, Indiana",0.0
1115,"Jefferson, Iowa",0.0
1116,"Jefferson, Kentucky",0.0
1117,"Jefferson, Louisiana",0.0
1118,"Jefferson, Missouri",0.0
1119,"Jefferson, Montana",0.0
1120,"Jefferson, Nebraska",0.0
1121,"Jefferson, New York",0.0
1122,"Jefferson, Oklahoma",0.0
1123,"Jefferson, Oregon",0.0
1124,"Jefferson, Pennsylvania",0.0
1125,"Jefferson, Texas",0.0
1126,"Jefferson, Washington",0.0
1127,"Jefferson, West Virginia",0.0
1128,"Jefferson, Wisconsin",0.0
1129,"Jennings, Indiana",0.0
1130,"Jerauld, South Dakota",0.0
1131,"Jerome, Idaho",0.0
1132,"Jersey, Illinois",0.0
1133,"Jessamine, Kentucky",0.0
1134,"Jim hogg, Texas",0.0
1135,"Jim wells, Texas",0.0
1136,"Jo daviess, Illinois",0.0
1137,"Johnson, Arkansas",0.0
1138,"Johnson, Illinois",0.0
1139,"Johnson, Indiana",0.0
1140,"Johnson, Iowa",0.0
1141,"Johnson, Kansas",0.0
1142,"Johnson, Kentucky",0.0
1143,"Johnson, Missouri",0.0
1144,"Johnson, Nebraska",0.0
1145,"Johnson, Texas",0.0
1146,"Johnson, Wyoming",0.0
1147,"Johnston, North Carolina",0.0
1148,"Johnston, Oklahoma",0.0
1149,"Jones, Iowa",0.0
1150,"Jones, North Carolina",0.0
1151,"Jones, Texas",0.0
1152,"Josephine, Oregon",0.0
1153,"Juab, Utah",0.0
1154,"Judith basin, Montana",0.0
1155,"Juneau city and, Alaska",0.0
1156,"Juneau, Wisconsin",0.0
1157,"Juniata, Pennsylvania",0.0
1158,"Kalamazoo, Michigan",0.0
1159,"Kalkaska, Michigan",0.0
1160,"Kanabec, Minnesota",0.0
1161,"Kanawha, West Virginia",0.0
1162,"Kandiyohi, Minnesota",0.0
1163,"Kane, Illinois",0.0
1164,"Kane, Utah",0.0
1165,"Kankakee, Illinois",0.0
1166,"Karnes, Texas",0.0
1167,"Kauai, Hawaii",0.0
1168,"Kaufman, Texas",0.0
1169,"Kay, Oklahoma",0.0
1170,"Kearney, Nebraska",0.0
1171,"Keith, Nebraska",0.0
1172,"Kendall, Illinois",0.0
1173,"Kendall, Texas",0.0
1174,"Kennebec, Maine",0.0
1175,"Kenosha, Wisconsin",0.0
1176,"Kent, Maryland",0.0
1177,"Kent, Michigan",0.0
1178,"Kent, Rhode Island",0.0
1179,"Kent, Texas",0.0
1180,"Kenton, Kentucky",0.0
1181,"Keokuk, Iowa",0.0
1182,"Kern, California",0.0045871559633027525
1183,"Kerr, Texas",0.0
1184,"Kershaw, South Carolina",0.0
1185,"Ketchikan gateway, Alaska",0.0
1186,"Kewaunee, Wisconsin",0.0
1187,"Keweenaw, Michigan",0.0
1188,"Keya paha, Nebraska",0.0
1189,"Kidder, North Dakota",0.0
1190,"Kimball, Nebraska",0.0
1191,"Kimble, Texas",0.0
1192,"King george, Virginia",0.0
1193,"King william, Virginia",0.0
1194,"King, Texas",0.0
1195,"King, Washington",0.0
1196,"Kingfisher, Oklahoma",0.0
1197,"Kings, California",0.0
1198,"Kingsbury, South Dakota",0.0
1199,"Kitsap, Washington",0.0
1200,"Kittitas, Washington",0.0
1201,"Kittson, Minnesota",0.0
1202,"Klamath, Oregon",0.0
1203,"Kleberg, Texas",0.0
1204,"Klickitat, Washington",0.0
1205,"Knott, Kentucky",0.0
1206,"Knox, Illinois",0.0
1207,"Knox, Indiana",0.0
1208,"Knox, Kentucky",0.0
1209,"Knox, Maine",0.0
1210,"Knox, Nebraska",0.0
1211,"Knox, Tennessee",0.0
1212,"Knox, Texas",0.0
1213,"Koochiching county, Minnesota",0.0
1214,"Koochiching, Minnesota",0.0
1215,"Kootenai, Idaho",0.0
1216,"Kosciusko, Indiana",0.0
1217,"Kossuth, Iowa",0.0
1218,"La crosse, Wisconsin",0.0
1219,"La grange, Indiana",0.0
1220,"La paz, Arizona",0.0
1221,"La plata, Colorado",0.0
1222,"La porte, Indiana",0.0
1223,"La salle, Illinois",0.0
1224,"La salle, Louisiana",0.0
1225,"La salle, Texas",0.0
1226,"Lac qui parle, Minnesota",0.0
1227,"Lackawanna, Pennsylvania",0.0
1228,"Laclede, Missouri",0.0
1229,"Lafayette parish, Louisiana",0.0
1230,"Lafayette, Arkansas",0.0
1231,"Lafayette, Florida",0.0
1232,"Lafayette, Louisiana",0.0
1233,"Lafayette, Missouri",0.0
1234,"Lafayette, Wisconsin",0.0
1235,"Lafourche, Louisiana",0.0
1236,"Lagrange, Indiana",0.0
1237,"Lake, California",0.0
1238,"Lake, Florida",0.0
1239,"Lake, Illinois",0.0
1240,"Lake, Indiana",0.0
1241,"Lake, Michigan",0.0
1242,"Lake, Minnesota",0.0
1243,"Lake, Montana",0.0
1244,"Lake, Oregon",0.0
1245,"Lake, South Dakota",0.0
1246,"Lamar, Alabama",0.0
1247,"Lamar, Texas",0.0
1248,"Lamb, Texas",0.0
1249,"Lamoille, Vermont",0.0
1250,"Lamoure, North Dakota",0.0
1251,"Lampasas, Texas",0.0
1252,"Lancaster county, Pennsylvania",0.0
1253,"Lancaster, Nebraska",0.018846153846153846
1254,"Lancaster, Pennsylvania",0.0
1255,"Lancaster, South Carolina",0.0
1256,"Lancaster, Virginia",0.0
1257,"Lander, Nevada",0.0
1258,"Lane, Oregon",0.0
1259,"Langlade, Wisconsin",0.0
1260,"Lapeer, Michigan",0.0
1261,"Laporte, Indiana",0.0
1262,"Laramie, Wyoming",0.0
1263,"Larue, Kentucky",0.0
1264,"Lasalle, Illinois",0.0
1265,"Latah, Idaho",0.0
1266,"Lauderdale, Alabama",0.0
1267,"Laurel, Kentucky",0.0
1268,"Laurens, South Carolina",0.0
1269,"Lavaca, Texas",0.0
1270,"Lawrence county, Arkansas",0.0
1271,"Lawrence, Alabama",0.0
1272,"Lawrence, Arkansas",0.0
1273,"Lawrence, Illinois",0.0
1274,"Lawrence, Indiana",0.0
1275,"Lawrence, Kentucky",0.0
1276,"Lawrence, Missouri",0.0
1277,"Lawrence, Pennsylvania",0.0
1278,"Lawrence, South Dakota",0.0
1279,"Le sueur, Minnesota",0.0
1280,"Lea, New Mexico",0.0
1281,"Lebanon county, Pennsylvania",0.0
1282,"Lebanon, Pennsylvania",0.0
1283,"Lee county, South Carolina",0.0
1284,"Lee, Alabama",0.0
1285,"Lee, Arkansas",0.0
1286,"Lee, Florida",0.0
1287,"Lee, Illinois",0.0
1288,"Lee, Iowa",0.0
1289,"Lee, Kentucky",0.0
1290,"Lee, North Carolina",0.0
1291,"Lee, South Carolina",0.0
1292,"Lee, Texas",0.0
1293,"Leelanau, Michigan",0.0
1294,"Lehigh county, Pennsylvania",0.0
1295,"Lehigh, Pennsylvania",0.0
1296,"Lemhi, Idaho",0.0
1297,"Lenawee, Michigan",0.0
1298,"Lenoir, North Carolina",0.0
1299,"Leon, Florida",0.0
1300,"Leon, Texas",0.0
1301,"Leslie, Kentucky",0.0
1302,"Letcher, Kentucky",0.0
1303,"Levy county, Florida",0.0
1304,"Levy, Florida",0.0
1305,"Lewis and clark, Montana",1.1299435028248588
1306,"Lewis county, Washington",0.0
1307,"Lewis, Idaho",0.0
1308,"Lewis, Kentucky",0.0
1309,"Lewis, Missouri",0.0
1310,"Lewis, New York",0.0
1311,"Lewis, Washington",0.0
1312,"Lewis, West Virginia",0.0
1313,"Lexington county, South Carolina",0.0
1314,"Lexington, South Carolina",0.0
1315,"Liberty, Florida",0.0
1316,"Liberty, Montana",0.0
1317,"Liberty, Texas",0.0
1318,"Limestone, Alabama",0.0
1319,"Limestone, Texas",0.0
1320,"Lincoln parish, Louisiana",0.0
1321,"Lincoln, Arkansas",0.0
1322,"Lincoln, Idaho",0.0
1323,"Lincoln, Kentucky",0.0
1324,"Lincoln, Louisiana",0.0
1325,"Lincoln, Maine",0.0
1326,"Lincoln, Minnesota",0.0
1327,"Lincoln, Missouri",0.0
1328,"Lincoln, Montana",0.0
1329,"Lincoln, Nebraska",0.0
1330,"Lincoln, Nevada",0.0
1331,"Lincoln, New Mexico",0.0
1332,"Lincoln, North Carolina",0.0
1333,"Lincoln, Oklahoma",0.0
1334,"Lincoln, Oregon",0.0
1335,"Lincoln, Washington",0.0
1336,"Lincoln, West Virginia",0.0
1337,"Lincoln, Wisconsin",0.0
1338,"Lincoln, Wyoming",0.0
1339,"Linn county, Oregon",0.0
1340,"Linn, Iowa",0.0
1341,"Linn, Missouri",0.0
1342,"Linn, Oregon",0.0
1343,"Litchfield, Connecticut",0.0
1344,"Little river, Arkansas",0.0
1345,"Live oak, Texas",0.0
1346,"Livingston county, New York",0.0
1347,"Livingston parish, Louisiana",0.0
1348,"Livingston, Illinois",0.0
1349,"Livingston, Kentucky",0.0
1350,"Livingston, Louisiana",0.0
1351,"Livingston, Michigan",0.0
1352,"Livingston, Missouri",0.0
1353,"Livingston, New York",0.0
1354,"Llano, Texas",0.0
1355,"Logan, Arkansas",0.0
1356,"Logan, Illinois",0.0
1357,"Logan, Nebraska",0.0
1358,"Logan, North Dakota",0.0
1359,"Logan, Oklahoma",0.0
1360,"Logan, West Virginia",0.0
1361,"Lonoke, Arkansas",0.0
1362,"Los alamos, New Mexico",0.0
1363,"Los angeles, California",0.0
1364,"Loudoun, Virginia",0.0
1365,"Louisa, Iowa",0.0
1366,"Louisa, Virginia",0.0
1367,"Loup, Nebraska",0.0
1368,"Love, Oklahoma",0.0
1369,"Lowndes, Alabama",0.0
1370,"Lubbock, Texas",0.0
1371,"Lucas, Iowa",0.0
1372,"Lucas, Ohio",0.0
1373,"Luce, Michigan",0.0
1374,"Luna, New Mexico",0.0
1375,"Lunenburg, Virginia",0.0
1376,"Luzerne county, Pennsylvania",0.0
1377,"Luzerne, Pennsylvania",0.0
1378,"Lycoming county, Pennsylvania",0.0
1379,"Lycoming, Pennsylvania",0.0
1380,"Lyman, South Dakota",0.0
1381,"Lynchburg, Virginia",0.0
1382,"Lynn, Texas",0.0
1383,"Lyon, Iowa",0.0
1384,"Lyon, Kentucky",0.0
1385,"Lyon, Minnesota",0.0
1386,"Lyon, Nevada",0.0
1387,"Mackinac, Michigan",0.0
1388,"Macomb, Michigan",0.0
1389,"Macon, Alabama",0.0
1390,"Macon, Illinois",0.0
1391,"Macon, Missouri",0.0
1392,"Macon, North Carolina",0.0
1393,"Macoupin, Illinois",0.0
1394,"Madera, California",0.0
1395,"Madison, Alabama",0.0
1396,"Madison, Florida",0.0
1397,"Madison, Idaho",0.0
1398,"Madison, Illinois",0.0
1399,"Madison, Indiana",0.0
1400,"Madison, Iowa",0.0
1401,"Madison, Kentucky",0.0
1402,"Madison, Louisiana",0.0
1403,"Madison, Missouri",0.0
1404,"Madison, Montana",0.0
1405,"Madison, Nebraska",0.6454838709677418
1406,"Madison, New York",0.0
1407,"Madison, North Carolina",0.0
1408,"Madison, Texas",0.0
1409,"Madison, Virginia",0.0
1410,"Magoffin, Kentucky",0.0
1411,"Mahaska, Iowa",0.0
1412,"Mahnomen, Minnesota",0.0
1413,"Major, Oklahoma",0.0
1414,"Malheur, Oregon",0.0
1415,"Manassas, Virginia",0.0
1416,"Manatee county, Florida",0.0
1417,"Manatee, Florida",0.0
1418,"Manistee, Michigan",0.0
1419,"Manitowoc, Wisconsin",0.0
1420,"Marathon, Wisconsin",0.0
1421,"Marengo, Alabama",0.0
1422,"Maricopa, Arizona",0.0008103975535168196
1423,"Maries county, Missouri",0.0
1424,"Maries, Missouri",0.0
1425,"Marin, California",0.0
1426,"Marinette, Wisconsin",0.0
1427,"Marion county, Missouri",0.0
1428,"Marion, Alabama",0.0
1429,"Marion, Arkansas",0.0
1430,"Marion, Florida",0.0
1431,"Marion, Illinois",0.0
1432,"Marion, Indiana",0.0
1433,"Marion, Iowa",0.0
1434,"Marion, Kentucky",0.0
1435,"Marion, Missouri",0.0
1436,"Marion, Ohio",0.0
1437,"Marion, Oregon",0.0
1438,"Marion, South Carolina",0.0
1439,"Marion, Texas",0.0
1440,"Marion, West Virginia",0.0
1441,"Mariposa, California",0.0
1442,"Marlboro, South Carolina",0.0
1443,"Marquette, Michigan",0.0
1444,"Marquette, Wisconsin",0.0
1445,"Marshall, Alabama",0.0
1446,"Marshall, Illinois",0.0
1447,"Marshall, Indiana",0.0
1448,"Marshall, Iowa",0.0
1449,"Marshall, Kentucky",0.0
1450,"Marshall, Minnesota",0.0
1451,"Marshall, West Virginia",0.0
1452,"Martin county, Florida",0.0
1453,"Martin, Florida",0.0
1454,"Martin, Indiana",0.0
1455,"Martin, Kentucky",0.0
1456,"Martin, Minnesota",0.0
1457,"Martin, North Carolina",0.0
1458,"Martin, Texas",0.0
1459,"Martinsville, Virginia",0.0
1460,"Mason, Illinois",0.0
1461,"Mason, Kentucky",0.0
1462,"Mason, Michigan",0.0
1463,"Mason, Texas",0.0
1464,"Mason, Washington",0.0
1465,"Mason, West Virginia",0.0
1466,"Massac, Illinois",0.0
1467,"Matagorda, Texas",0.0
1468,"Maui, Hawaii",0.0
1469,"Maverick, Texas",0.0
1470,"Mayes, Oklahoma",0.0
1471,"Mcclain, Oklahoma",0.0
1472,"Mccone, Montana",0.0
1473,"Mccook, South Dakota",0.0
1474,"Mccormick, South Carolina",0.0
1475,"Mccracken, Kentucky",0.0
1476,"Mccreary, Kentucky",0.0
1477,"Mcculloch, Texas",0.0
1478,"Mcdonald, Missouri",0.0
1479,"Mcdonough, Illinois",0.0
1480,"Mcdowell, North Carolina",0.0
1481,"Mcdowell, West Virginia",0.0
1482,"Mchenry, Illinois",0.0
1483,"Mchenry, North Dakota",0.0
1484,"Mcintosh, North Dakota",0.0
1485,"Mcintosh, Oklahoma",0.0
1486,"Mckean county, Pennsylvania",0.0
1487,"Mckean, Pennsylvania",0.0
1488,"Mckenzie, North Dakota",0.0
1489,"Mckinley, New Mexico",0.0
1490,"Mclean, Illinois",0.0
1491,"Mclean, Kentucky",0.0
1492,"Mclean, North Dakota",0.0
1493,"Mclennan, Texas",0.0
1494,"Mcleod, Minnesota",0.0
1495,"Mcpherson, Nebraska",0.0
1496,"Meade, Kentucky",0.0
1497,"Meade, South Dakota",0.0
1498,"Meagher, Montana",0.0
1499,"Mecklenburg, North Carolina",0.0
1500,"Mecklenburg, Virginia",0.0
1501,"Mecosta, Michigan",0.0
1502,"Medina, Texas",0.0
1503,"Meeker, Minnesota",0.0
1504,"Menard, Illinois",0.0
1505,"Menard, Texas",0.0
1506,"Mendocino, California",0.0
1507,"Menifee, Kentucky",0.0
1508,"Menominee, Michigan",0.0
1509,"Merced, California",0.0
1510,"Mercer county, Pennsylvania",0.0
1511,"Mercer, Illinois",0.0
1512,"Mercer, Kentucky",0.0
1513,"Mercer, Missouri",0.0
1514,"Mercer, New Jersey",0.0
1515,"Mercer, North Dakota",0.0
1516,"Mercer, Pennsylvania",0.0
1517,"Mercer, West Virginia",0.0
1518,"Merrick, Nebraska",0.10058823529411764
1519,"Merrimack, New Hampshire",0.0
1520,"Miami, Indiana",0.0
1521,"Miami, Ohio",0.0
1522,"Miami-dade, Florida",0.00011224489795918367
1523,"Middlesex, Connecticut",0.0
1524,"Middlesex, Massachusetts",0.0
1525,"Middlesex, New Jersey",0.0
1526,"Midland, Michigan",0.0
1527,"Midland, Texas",0.0
1528,"Mifflin, Pennsylvania",0.0
1529,"Milam, Texas",0.0
1530,"Millard, Utah",0.0
1531,"Mille lacs county, Minnesota",0.0
1532,"Mille lacs, Minnesota",0.0
1533,"Miller, Arkansas",0.0
1534,"Miller, Missouri",0.0
1535,"Mills, Iowa",0.0
1536,"Mills, Texas",0.0
1537,"Milwaukee, Wisconsin",0.0
1538,"Miner, South Dakota",0.0
1539,"Mineral, Montana",0.0
1540,"Mineral, Nevada",0.0
1541,"Mingo, West Virginia",0.0
1542,"Minidoka, Idaho",0.0
1543,"Minnehaha, South Dakota",0.0
1544,"Missaukee, Michigan",0.0
1545,"Mississippi, Arkansas",0.0
1546,"Mississippi, Missouri",0.0
1547,"Missoula, Montana",0.0
1548,"Mitchell, Iowa",0.0
1549,"Mitchell, North Carolina",0.0
1550,"Mitchell, Texas",0.0
1551,"Mobile, Alabama",0.0
1552,"Modoc, California",0.0
1553,"Mohave, Arizona",0.0
1554,"Moniteau, Missouri",0.0
1555,"Monmouth, New Jersey",0.0
1556,"Mono, California",0.0
1557,"Monona, Iowa",0.0
1558,"Monongalia, West Virginia",0.0
1559,"Monroe county, Pennsylvania",0.0
1560,"Monroe, Alabama",0.0
1561,"Monroe, Arkansas",0.0
1562,"Monroe, Florida",0.0
1563,"Monroe, Illinois",0.0
1564,"Monroe, Indiana",0.0
1565,"Monroe, Kentucky",0.0
1566,"Monroe, Michigan",0.0
1567,"Monroe, Missouri",0.0
1568,"Monroe, New York",0.0
1569,"Monroe, Pennsylvania",0.0
1570,"Monroe, West Virginia",0.0
1571,"Monroe, Wisconsin",0.0
1572,"Montague, Texas",0.0
1573,"Montcalm, Michigan",0.0
1574,"Monterey, California",0.0
1575,"Montgomery county, Pennsylvania",0.0
1576,"Montgomery, Alabama",0.0
1577,"Montgomery, Arkansas",0.0
1578,"Montgomery, Illinois",0.0
1579,"Montgomery, Indiana",0.0
1580,"Montgomery, Iowa",0.0
1581,"Montgomery, Kentucky",0.0
1582,"Montgomery, Maryland",0.009859154929577464
1583,"Montgomery, Missouri",0.0
1584,"Montgomery, New York",0.0
1585,"Montgomery, North Carolina",0.0
1586,"Montgomery, Pennsylvania",0.0
1587,"Montgomery, Texas",0.0
1588,"Montgomery, Virginia",0.0
1589,"Montmorency, Michigan",0.0
1590,"Montour, Pennsylvania",0.0
1591,"Moody, South Dakota",0.0
1592,"Moore, North Carolina",0.0
1593,"Moore, Texas",0.0
1594,"Mora, New Mexico",0.0
1595,"Morehouse, Louisiana",0.0
1596,"Morgan, Alabama",0.0
1597,"Morgan, Illinois",0.0
1598,"Morgan, Indiana",0.0
1599,"Morgan, Kentucky",0.0
1600,"Morgan, Missouri",0.0
1601,"Morgan, Utah",0.0
1602,"Morgan, West Virginia",0.0
1603,"Morrill, Nebraska",0.0
1604,"Morris, New Jersey",0.0
1605,"Morrison, Minnesota",0.0
1606,"Morrow, Oregon",0.0
1607,"Morton, North Dakota",0.0
1608,"Moultrie, Illinois",0.0
1609,"Mountrail, North Dakota",0.0
1610,"Mower, Minnesota",0.0
1611,"Muhlenberg, Kentucky",0.0
1612,"Multnomah county, Oregon",0.0
1613,"Multnomah, Oregon",0.0
1614,"Murray, Minnesota",0.0
1615,"Murray, Oklahoma",0.0
1616,"Muscatine, Iowa",0.0
1617,"Muskegon, Michigan",0.0
1618,"Musselshell, Montana",0.0
1619,"Nacogdoches, Texas",0.0
1620,"Nance, Nebraska",0.0
1621,"Nantucket, Massachusetts",0.0
1622,"Napa, California",0.0
1623,"Nash, North Carolina",0.0
1624,"Nassau, Florida",0.0
1625,"Nassau, New York",0.0
1626,"Natchitoches, Louisiana",0.0
1627,"Natrona, Wyoming",0.0
1628,"Navajo, Arizona",0.0
1629,"Navarro, Texas",0.0
1630,"Nelson, Kentucky",0.0
1631,"Nelson, North Dakota",0.0
1632,"Nelson, Virginia",0.0
1633,"Nemaha, Nebraska",0.38083333333333336
1634,"Nevada county, Arkansas",0.0
1635,"Nevada, Arkansas",0.0
1636,"Nevada, California",0.0
1637,"New hanover, North Carolina",0.0
1638,"New haven, Connecticut",0.0
1639,"New london, Connecticut",0.0
1640,"New madrid, Missouri",0.0
1641,"Newaygo, Michigan",0.0
1642,"Newberry, South Carolina",0.0
1643,"Newport, Rhode Island",0.0
1644,"Newton county, Arkansas",0.0
1645,"Newton, Arkansas",0.0
1646,"Newton, Indiana",0.0
1647,"Newton, Missouri",0.0
1648,"Newton, Texas",0.0
1649,"Nez perce, Idaho",0.0
1650,"Niagara, New York",0.0
1651,"Nicholas, Kentucky",0.0
1652,"Nicholas, West Virginia",0.0
1653,"Nicollet, Minnesota",0.0
1654,"Niobrara, Wyoming",0.0
1655,"Noble, Indiana",0.0
1656,"Nobles, Minnesota",0.0
1657,"Nodaway, Missouri",0.0
1658,"Nolan, Texas",0.0
1659,"Norfolk, Massachusetts",0.0
1660,"Norfolk, Virginia",0.0
1661,"North slope, Alaska",0.0
1662,"Northampton county, Pennsylvania",0.0
1663,"Northampton, North Carolina",0.0
1664,"Northampton, Pennsylvania",0.0
1665,"Northampton, Virginia",0.0
1666,"Northumberland, Pennsylvania",0.0
1667,"Northumberland, Virginia",0.0
1668,"Nottoway, Virginia",0.0
1669,"Nuckolls, Nebraska",0.0
1670,"Nueces, Texas",0.0
1671,"Nye, Nevada",0.0
1672,"O'brien, Iowa",0.0
1673,"Oakland, Michigan",0.0
1674,"Obrien, Iowa",0.0
1675,"Ocean, New Jersey",0.0
1676,"Oceana, Michigan",0.0
1677,"Ochiltree, Texas",0.0
1678,"Oconee, South Carolina",0.0
1679,"Oconto, Wisconsin",0.0
1680,"Ogemaw, Michigan",0.0
1681,"Ogle, Illinois",0.0
1682,"Ohio, Indiana",0.0
1683,"Ohio, Kentucky",0.0
1684,"Ohio, West Virginia",0.0
1685,"Okaloosa county, Florida",0.0
1686,"Okaloosa, Florida",0.0
1687,"Okanogan, Washington",0.0
1688,"Okeechobee, Florida",0.0
1689,"Oklahoma, Oklahoma",0.0
1690,"Okmulgee, Oklahoma",0.0
1691,"Oldham, Kentucky",0.0
1692,"Oldham, Texas",0.0
1693,"Olmsted, Minnesota",0.0
1694,"Oneida, Idaho",0.0
1695,"Oneida, New York",0.0
1696,"Oneida, Wisconsin",0.0
1697,"Onondaga, New York",0.0
1698,"Onslow, North Carolina",0.0
1699,"Ontario, New York",0.0
1700,"Ontonagon, Michigan",0.0
1701,"Orange, California",0.0
1702,"Orange, Florida",0.0
1703,"Orange, New York",0.0033464566929133858
1704,"Orange, North Carolina",0.0
1705,"Orange, Texas",0.0
1706,"Orange, Vermont",0.0
1707,"Orange, Virginia",0.0
1708,"Orangeburg, South Carolina",0.0
1709,"Oregon, Missouri",0.0
1710,"Orleans, Louisiana",0.0
1711,"Orleans, New York",0.0
1712,"Orleans, Vermont",0.0
1713,"Osage, Missouri",0.0
1714,"Osage, Oklahoma",0.0
1715,"Osceola, Florida",0.0
1716,"Osceola, Iowa",0.0
1717,"Osceola, Michigan",0.0
1718,"Oscoda, Michigan",0.0
1719,"Oswego, New York",0.0
1720,"Otero county, New Mexico",0.0
1721,"Otero, New Mexico",0.0
1722,"Otoe, Nebraska",0.14
1723,"Otsego, Michigan",0.0
1724,"Otsego, New York",0.0
1725,"Ottawa, Michigan",0.0
1726,"Ottawa, Oklahoma",0.0
1727,"Otter tail, Minnesota",0.0
1728,"Ouachita, Arkansas",0.0
1729,"Ouachita, Louisiana",0.0
1730,"Outagamie, Wisconsin",0.0
1731,"Owen, Indiana",0.0
1732,"Owen, Kentucky",0.0
1733,"Owsley, Kentucky",0.0
1734,"Owyhee, Idaho",0.0
1735,"Oxford, Maine",0.0
1736,"Ozark, Missouri",0.0
1737,"Ozaukee, Wisconsin",0.0
1738,"Pacific, Washington",0.0
1739,"Page, Iowa",0.0
1740,"Page, Virginia",0.0
1741,"Palm beach, Florida",0.0
1742,"Palo alto, Iowa",0.0
1743,"Palo pinto, Texas",0.0
1744,"Pamlico, North Carolina",0.0
1745,"Panola, Texas",0.0
1746,"Park, Montana",0.0
1747,"Park, Wyoming",0.0
1748,"Parke, Indiana",0.0
1749,"Parker, Texas",0.0
1750,"Parmer, Texas",0.0
1751,"Pasco county, Florida",0.0
1752,"Pasco, Florida",0.00024221453287197233
1753,"Pasquotank, North Carolina",0.0
1754,"Passaic, New Jersey",0.0
1755,"Patrick, Virginia",0.0
1756,"Pawnee, Nebraska",0.0
1757,"Payette, Idaho",0.0
1758,"Payne, Oklahoma",0.0
1759,"Pecos, Texas",0.0
1760,"Pembina, North Dakota",0.0
1761,"Pemiscot, Missouri",0.0
1762,"Pend oreille, Washington",0.0
1763,"Pender, North Carolina",0.0
1764,"Pendleton, Kentucky",0.0
1765,"Pendleton, West Virginia",0.0
1766,"Pennington, Minnesota",0.0
1767,"Pennington, South Dakota",0.0
1768,"Penobscot, Maine",0.0
1769,"Peoria, Illinois",0.0
1770,"Pepin, Wisconsin",0.0
1771,"Perkins, Nebraska",0.0
1772,"Perquimans, North Carolina",0.0
1773,"Perry county, Pennsylvania",0.0
1774,"Perry, Alabama",0.0
1775,"Perry, Arkansas",0.0
1776,"Perry, Illinois",0.0
1777,"Perry, Indiana",0.0
1778,"Perry, Kentucky",0.0
1779,"Perry, Missouri",0.0
1780,"Perry, Pennsylvania",0.0
1781,"Pershing, Nevada",0.0
1782,"Person, North Carolina",0.0
1783,"Petroleum, Montana",0.0
1784,"Pettis, Missouri",0.0
1785,"Phelps, Missouri",0.0
1786,"Phelps, Nebraska",0.0
1787,"Philadelphia, Pennsylvania",0.0
1788,"Phillips, Arkansas",0.0
1789,"Phillips, Montana",0.0
1790,"Piatt, Illinois",0.0
1791,"Pickens, Alabama",0.0
1792,"Pickens, South Carolina",0.0
1793,"Pierce county, Washington",0.0
1794,"Pierce, Nebraska",0.0
1795,"Pierce, North Dakota",0.0
1796,"Pierce, Washington",0.0
1797,"Pierce, Wisconsin",0.0
1798,"Pike, Alabama",0.0
1799,"Pike, Arkansas",0.0
1800,"Pike, Illinois",0.0
1801,"Pike, Indiana",0.0
1802,"Pike, Kentucky",0.0
1803,"Pike, Missouri",0.0
1804,"Pike, Pennsylvania",0.0
1805,"Pima, Arizona",0.0
1806,"Pinal, Arizona",0.0
1807,"Pine, Minnesota",0.0
1808,"Pinellas, Florida",0.0
1809,"Pipestone, Minnesota",0.0
1810,"Piscataquis, Maine",0.0
1811,"Pitt, North Carolina",0.0
1812,"Pittsburg, Oklahoma",0.0
1813,"Pittsylvania, Virginia",0.0
1814,"Piute, Utah",0.0
1815,"Placer, California",0.006296296296296296
1816,"Plaquemines, Louisiana",0.0
1817,"Platte, Missouri",0.0
1818,"Platte, Nebraska",0.0
1819,"Platte, Wyoming",0.0
1820,"Plymouth, Iowa",0.0
1821,"Plymouth, Massachusetts",0.0
1822,"Pocahontas, Iowa",0.0
1823,"Pocahontas, West Virginia",0.0
1824,"Poinsett, Arkansas",0.0
1825,"Pointe coupee parish, Louisiana",0.0
1826,"Pointe coupee, Louisiana",0.0
1827,"Polk, Arkansas",0.0
1828,"Polk, Florida",0.0
1829,"Polk, Iowa",0.0
1830,"Polk, Minnesota",0.0
1831,"Polk, Missouri",0.0
1832,"Polk, Nebraska",0.0
1833,"Polk, North Carolina",0.0
1834,"Polk, Oregon",0.0
1835,"Polk, Texas",0.0
1836,"Polk, Wisconsin",0.0
1837,"Pondera, Montana",0.0
1838,"Pontotoc, Oklahoma",0.0
1839,"Pope, Arkansas",0.0
1840,"Pope, Illinois",0.0
1841,"Pope, Minnesota",0.0
1842,"Portage county, Wisconsin",0.0
1843,"Portage, Wisconsin",0.0
1844,"Porter, Indiana",0.0
1845,"Portsmouth, Virginia",0.0
1846,"Posey, Indiana",0.0
1847,"Pottawatomie, Oklahoma",0.0
1848,"Pottawattamie, Iowa",0.0
1849,"Potter, Pennsylvania",0.0
1850,"Potter, Texas",0.0
1851,"Powder river, Montana",0.0
1852,"Powell, Kentucky",0.0
1853,"Powell, Montana",0.0
1854,"Power, Idaho",0.0
1855,"Poweshiek, Iowa",0.0
1856,"Prairie, Arkansas",0.0
1857,"Prairie, Montana",0.0
1858,"Presidio, Texas",0.0
1859,"Presque isle, Michigan",0.0
1860,"Preston, West Virginia",0.0
1861,"Price, Wisconsin",0.0
1862,"Prince george's, Maryland",0.0
1863,"Prince george, Virginia",0.0
1864,"Prince georges, Maryland",0.0
1865,"Prince william, Virginia",0.0
1866,"Providence, Rhode Island",0.0
1867,"Pulaski, Arkansas",0.0
1868,"Pulaski, Illinois",0.0
1869,"Pulaski, Indiana",0.0
1870,"Pulaski, Kentucky",0.0
1871,"Pulaski, Missouri",0.0
1872,"Pulaski, Virginia",0.0
1873,"Putnam county, Indiana",0.0
1874,"Putnam, Florida",0.0
1875,"Putnam, Illinois",0.0
1876,"Putnam, Indiana",0.0
1877,"Putnam, Missouri",0.0
1878,"Putnam, New York",0.005952380952380952
1879,"Putnam, Tennessee",0.0
1880,"Putnam, West Virginia",0.0
1881,"Quay, New Mexico",0.0
1882,"Queen anne's, Maryland",0.11375
1883,"Racine, Wisconsin",0.0
1884,"Radford, Virginia",0.0
1885,"Rains, Texas",0.0
1886,"Raleigh, West Virginia",0.0
1887,"Ramsey, Minnesota",0.0
1888,"Ramsey, North Dakota",0.0
1889,"Randall, Texas",0.0
1890,"Randolph, Alabama",0.0
1891,"Randolph, Arkansas",0.0
1892,"Randolph, Illinois",0.0
1893,"Randolph, Indiana",0.0
1894,"Randolph, Missouri",0.0
1895,"Randolph, North Carolina",0.0
1896,"Randolph, West Virginia",0.0
1897,"Ransom, North Dakota",0.0
1898,"Rapides, Louisiana",0.0
1899,"Ravalli, Montana",0.0
1900,"Ray, Missouri",0.0
1901,"Real, Texas",0.0
1902,"Red lake, Minnesota",0.0
1903,"Red river, Louisiana",0.0
1904,"Red river, Texas",0.0
1905,"Red willow, Nebraska",0.0
1906,"Redwood, Minnesota",0.0
1907,"Reeves, Texas",0.0
1908,"Refugio, Texas",0.0
1909,"Rensselaer, New York",0.0
1910,"Renville, Minnesota",0.0
1911,"Reynolds, Missouri",0.0
1912,"Rice, Minnesota",0.0
1913,"Rich, Utah",0.0
1914,"Richardson, Nebraska",0.0
1915,"Richland, Illinois",0.0
1916,"Richland, Louisiana",0.0
1917,"Richland, Montana",0.0
1918,"Richland, North Dakota",0.0
1919,"Richland, Ohio",0.0
1920,"Richland, South Carolina",0.0
1921,"Richland, Wisconsin",0.0
1922,"Richmond, North Carolina",0.0
1923,"Richmond, Virginia",0.0
1924,"Rio arriba, New Mexico",0.0
1925,"Ripley, Indiana",0.0
1926,"Ripley, Missouri",0.0
1927,"Riverside, California",0.0
1928,"Roane, West Virginia",0.0
1929,"Roanoke, Virginia",0.0
1930,"Roberts, South Dakota",0.0
1931,"Robertson, Texas",0.0
1932,"Robeson, North Carolina",0.0
1933,"Rock island, Illinois",0.0
1934,"Rock, Minnesota",0.0
1935,"Rock, Nebraska",0.0
1936,"Rock, Wisconsin",0.0
1937,"Rockbridge, Virginia",0.0
1938,"Rockcastle, Kentucky",0.0
1939,"Rockingham, New Hampshire",0.0021668472372697724
1940,"Rockingham, North Carolina",0.0
1941,"Rockingham, Virginia",0.0
1942,"Rockland, New York",0.0
1943,"Roger mills, Oklahoma",0.0
1944,"Rogers, Oklahoma",0.0
1945,"Rolette, North Dakota",0.0
1946,"Roosevelt, Montana",0.0
1947,"Roosevelt, New Mexico",0.0
1948,"Roscommon, Michigan",0.0
1949,"Roseau, Minnesota",0.0
1950,"Rosebud, Montana",0.0
1951,"Rowan county, North Carolina",0.0
1952,"Rowan, Kentucky",0.0
1953,"Rowan, North Carolina",0.0
1954,"Runnels, Texas",0.0
1955,"Rush, Indiana",0.0
1956,"Rusk, Texas",0.0
1957,"Rusk, Wisconsin",0.0
1958,"Russell, Alabama",0.0
1959,"Russell, Kentucky",0.0
1960,"Russell, Virginia",0.0
1961,"Rutherford, North Carolina",0.0
1962,"Rutland, Vermont",0.0
1963,"Sabine, Louisiana",0.0
1964,"Sabine, Texas",0.0
1965,"Sac, Iowa",0.0
1966,"Sacramento county, California",0.0
1967,"Sacramento, California",0.0
1968,"Sagadahoc, Maine",0.0
1969,"Saginaw, Michigan",0.0
1970,"Saint bernard, Louisiana",0.0
1971,"Saint charles, Missouri",0.0
1972,"Saint clair, Michigan",0.0
1973,"Saint francois, Missouri",0.0
1974,"Saint james, Louisiana",0.0
1975,"Saint joseph, Michigan",0.0
1976,"Saint landry, Louisiana",0.0
1977,"Saint lawrence, New York",0.0
1978,"Saint louis, Minnesota",0.0
1979,"Saint louis, Missouri",0.0
1980,"Saint marys, Maryland",0.0
1981,"Saint tammany, Louisiana",0.0
1982,"Salem, New Jersey",0.0
1983,"Salem, Virginia",0.0
1984,"Saline county, Arkansas",0.0
1985,"Saline, Arkansas",0.0
1986,"Saline, Illinois",0.0
1987,"Saline, Missouri",0.0
1988,"Saline, Nebraska",0.10076923076923078
1989,"Salt lake, Utah",0.0
1990,"Saluda, South Carolina",0.0
1991,"Sampson, North Carolina",0.0
1992,"San augustine, Texas",0.0
1993,"San benito, California",0.0
1994,"San bernardino county, California",0.0
1995,"San bernardino, California",0.0
1996,"San diego county, California",0.0
1997,"San diego, California",0.0
1998,"San francisco, California",0.0
1999,"San jacinto, Texas",0.0
2000,"San joaquin, California",0.0
2001,"San juan, New Mexico",0.0
2002,"San juan, Utah",0.0
2003,"San juan, Washington",0.0
2004,"San luis obispo, California",0.0
2005,"San mateo, California",0.0
2006,"San miguel, New Mexico",0.0
2007,"San patricio, Texas",0.0
2008,"San saba, Texas",0.0
2009,"Sanborn, South Dakota",0.0
2010,"Sanders, Montana",0.0
2011,"Sandoval, New Mexico",0.0
2012,"Sangamon, Illinois",0.0
2013,"Sanilac, Michigan",0.0
2014,"Sanpete, Utah",0.0
2015,"Santa barbara, California",0.0
2016,"Santa clara, California",0.0
2017,"Santa cruz, Arizona",0.0
2018,"Santa cruz, California",0.0
2019,"Santa fe, New Mexico",0.0
2020,"Santa rosa county, Florida",0.0
2021,"Santa rosa, Florida",0.0
2022,"Sarasota, Florida",0.0
2023,"Saratoga, New York",0.0
2024,"Sargent, North Dakota",0.0
2025,"Sarpy, Nebraska",0.0
2026,"Sauk, Wisconsin",0.0
2027,"Saunders, Nebraska",0.028548387096774194
2028,"Sawyer, Wisconsin",0.0
2029,"Schenectady, New York",0.0
2030,"Schoharie, New York",0.0
2031,"Schoolcraft, Michigan",0.0
2032,"Schuyler, Illinois",0.0
2033,"Schuyler, New York",0.0
2034,"Schuylkill, Pennsylvania",0.0
2035,"Scotland, Missouri",0.0
2036,"Scotland, North Carolina",0.0
2037,"Scott, Arkansas",0.0
2038,"Scott, Illinois",0.0
2039,"Scott, Indiana",0.0
2040,"Scott, Iowa",0.0
2041,"Scott, Kentucky",0.0
2042,"Scott, Minnesota",0.0
2043,"Scott, Missouri",0.0
2044,"Scott, Virginia",0.0
2045,"Scotts bluff, Nebraska",0.0
2046,"Searcy, Arkansas",0.0
2047,"Sebastian, Arkansas",0.0
2048,"Seminole county, Florida",0.0
2049,"Seminole, Florida",0.0
2050,"Seneca, New York",0.0
2051,"Seneca, Ohio",0.0
2052,"Sevier, Arkansas",0.0
2053,"Sevier, Utah",0.0
2054,"Seward, Nebraska",0.0
2055,"Shackelford, Texas",0.0
2056,"Shannon, Missouri",0.0
2057,"Shannon, South Dakota",0.0
2058,"Sharp county, Arkansas",0.0
2059,"Sharp, Arkansas",0.0
2060,"Shasta, California",0.0
2061,"Shawano, Wisconsin",0.0
2062,"Sheboygan, Wisconsin",0.0
2063,"Shelby, Alabama",0.0
2064,"Shelby, Illinois",0.0
2065,"Shelby, Indiana",0.0
2066,"Shelby, Iowa",0.0
2067,"Shelby, Kentucky",0.0
2068,"Shelby, Missouri",0.0
2069,"Shelby, Ohio",0.0
2070,"Shelby, Tennessee",0.0
2071,"Shelby, Texas",0.0
2072,"Shenandoah, Virginia",0.0
2073,"Sherburne, Minnesota",0.0
2074,"Sheridan, Montana",0.0
2075,"Sheridan, Nebraska",0.0
2076,"Sheridan, North Dakota",0.0
2077,"Sheridan, Wyoming",0.0
2078,"Sherman, Nebraska",0.0
2079,"Sherman, Oregon",0.0
2080,"Shiawassee, Michigan",0.0
2081,"Shoshone, Idaho",0.0
2082,"Sibley, Minnesota",0.0
2083,"Sierra, New Mexico",0.0
2084,"Silver bow, Montana",0.0
2085,"Silverbow, Montana",0.0
2086,"Simpson, Kentucky",0.0
2087,"Sioux, Iowa",0.0
2088,"Sioux, Nebraska",0.0
2089,"Sioux, North Dakota",0.0
2090,"Skagit, Washington",0.0
2091,"Skamania, Washington",0.0
2092,"Slope, North Dakota",0.0
2093,"Smith, Texas",0.0
2094,"Smyth, Virginia",0.0
2095,"Snohomish, Washington",0.0
2096,"Snyder county, Pennsylvania",0.0
2097,"Snyder, Pennsylvania",0.0
2098,"Socorro, New Mexico",0.0
2099,"Solano, California",0.0
2100,"Somerset county, Pennsylvania",0.0
2101,"Somerset, Maine",0.0
2102,"Somerset, Maryland",0.0
2103,"Somerset, New Jersey",0.0
2104,"Somerset, Pennsylvania",0.0
2105,"Somervell, Texas",0.0
2106,"Sonoma, California",0.0
2107,"Southampton, Virginia",0.0
2108,"Southeast fairbanks, Alaska",0.0
2109,"Spartanburg, South Carolina",0.0
2110,"Spencer, Indiana",0.0
2111,"Spink county, South Dakota",0.0
2112,"Spokane, Washington",0.0
2113,"Spotsylvania, Virginia",0.0
2114,"St clair, Alabama",0.0
2115,"St helena, Louisiana",0.0
2116,"St joseph, Indiana",0.0
2117,"St landry, Louisiana",0.0
2118,"St lawrence, New York",0.0
2119,"St louis, Missouri",0.0
2120,"St mary's, Maryland",0.0
2121,"St tammany, Louisiana",0.0
2122,"St. bernard, Louisiana",0.0
2123,"St. charles, Louisiana",0.0
2124,"St. charles, Missouri",0.0
2125,"St. clair county, Missouri",0.0
2126,"St. clair, Alabama",0.0
2127,"St. clair, Illinois",0.0
2128,"St. clair, Michigan",0.0
2129,"St. clair, Missouri",0.0
2130,"St. croix, Wisconsin",0.0
2131,"St. francis, Arkansas",0.0
2132,"St. francois, Missouri",0.0
2133,"St. helena, Louisiana",0.0
2134,"St. james, Louisiana",0.0
2135,"St. john the baptist parish, Louisiana",0.0
2136,"St. john the baptist, Louisiana",0.0
2137,"St. johns, Florida",0.0
2138,"St. joseph county, Indiana",0.0
2139,"St. joseph, Indiana",0.0
2140,"St. joseph, Michigan",0.0
2141,"St. landry, Louisiana",0.0
2142,"St. lawrence, New York",0.0
2143,"St. louis city, Missouri",0.0
2144,"St. louis, Minnesota",0.0
2145,"St. louis, Missouri",0.0
2146,"St. lucie, Florida",0.0
2147,"St. martin parish, Louisiana",0.0
2148,"St. martin, Louisiana",0.0
2149,"St. mary parish, Louisiana",0.0
2150,"St. mary's county, Maryland",0.0
2151,"St. mary's, Maryland",0.029599999999999998
2152,"St. mary, Louisiana",0.0
2153,"St. tammany parish, Louisiana",0.0
2154,"St. tammany, Louisiana",0.0
2155,"Stafford, Virginia",0.0
2156,"Stanislaus, California",0.0
2157,"Stanly, North Carolina",0.0
2158,"Stanton, Nebraska",0.0
2159,"Stark, Illinois",0.0
2160,"Stark, North Dakota",0.0
2161,"Starke, Indiana",0.0
2162,"Starr, Texas",0.0
2163,"Staunton, Virginia",0.0
2164,"Ste. genevieve, Missouri",0.0
2165,"Stearns, Minnesota",0.0
2166,"Steele, Minnesota",0.0
2167,"Stephens, Texas",0.0
2168,"Stephenson, Illinois",0.0
2169,"Steuben, Indiana",0.0
2170,"Steuben, New York",0.0
2171,"Stevens, Minnesota",0.0
2172,"Stevens, Washington",0.0
2173,"Stillwater, Montana",0.0
2174,"Stoddard, Missouri",0.0
2175,"Stokes, North Carolina",0.0
2176,"Stone, Arkansas",0.0
2177,"Stone, Missouri",0.0
2178,"Stonewall, Texas",0.0
2179,"Storey, Nevada",0.0
2180,"Story, Iowa",0.0
2181,"Strafford, New Hampshire",0.0
2182,"Stutsman, North Dakota",0.0
2183,"Sublette, Wyoming",0.0
2184,"Suffolk city, Virginia",0.0
2185,"Suffolk, Massachusetts",0.0
2186,"Sullivan, Indiana",0.0
2187,"Sullivan, Missouri",0.0
2188,"Sullivan, New Hampshire",0.0
2189,"Sullivan, New York",0.0
2190,"Sullivan, Pennsylvania",0.0
2191,"Summers, West Virginia",0.0
2192,"Summit, Utah",0.0
2193,"Sumter, Alabama",0.0
2194,"Sumter, Florida",0.0
2195,"Sumter, South Carolina",0.0
2196,"Surry, North Carolina",0.0
2197,"Surry, Virginia",0.0
2198,"Susquehanna, Pennsylvania",0.0
2199,"Sussex, New Jersey",0.0
2200,"Sutter, California",0.0
2201,"Sutton, Texas",0.0
2202,"Suwannee, Florida",0.0
2203,"Swain, North Carolina",0.0
2204,"Sweet grass, Montana",0.0
2205,"Sweetwater county, Wyoming",0.0
2206,"Sweetwater, Wyoming",0.0
2207,"Swift county, Minnesota",0.0
2208,"Swift, Minnesota",0.0
2209,"Swisher, Texas",0.0
2210,"Switzerland, Indiana",0.0
2211,"Talbot, Maryland",0.0
2212,"Talladega, Alabama",0.00423728813559322
2213,"Tallapoosa, Alabama",0.0
2214,"Tama, Iowa",0.0
2215,"Taney, Missouri",0.0
2216,"Tangipahoa parish, Louisiana",0.0
2217,"Tangipahoa, Louisiana",0.0
2218,"Taos, New Mexico",0.0
2219,"Tarrant, Texas",0.0
2220,"Taylor, Florida",0.0
2221,"Taylor, Kentucky",0.0
2222,"Taylor, Texas",0.0
2223,"Taylor, Wisconsin",0.0
2224,"Tazewell, Illinois",0.0
2225,"Tazewell, Virginia",0.0
2226,"Tensas, Louisiana",0.0
2227,"Terrebonne, Louisiana",0.0
2228,"Terry, Texas",0.0
2229,"Teton, Idaho",0.0
2230,"Teton, Montana",0.0
2231,"Teton, Wyoming",0.0
2232,"Texas, Missouri",0.0
2233,"Texas, Oklahoma",0.0
2234,"Thayer, Nebraska",0.0
2235,"Thomas, Nebraska",0.0
2236,"Throckmorton, Texas",0.0
2237,"Thurston, Nebraska",0.0
2238,"Thurston, Washington",0.0
2239,"Tillamook county, Oregon",0.0
2240,"Tillamook, Oregon",0.0
2241,"Tillman, Oklahoma",0.0
2242,"Tioga county, Pennsylvania",0.0
2243,"Tioga, New York",0.0
2244,"Tioga, Pennsylvania",0.0
2245,"Tippecanoe, Indiana",0.0
2246,"Tipton, Indiana",0.0
2247,"Titus, Texas",0.0
2248,"Todd, Kentucky",0.0
2249,"Todd, Minnesota",0.0
2250,"Todd, South Dakota",0.0
2251,"Tolland, Connecticut",0.0
2252,"Tom green, Texas",0.0
2253,"Tompkins, New York",0.0
2254,"Tooele, Utah",0.0
2255,"Toole, Montana",0.0
2256,"Torrance, New Mexico",0.0
2257,"Towner, North Dakota",0.0
2258,"Traill, North Dakota",0.0
2259,"Transylvania, North Carolina",0.0
2260,"Traverse, Minnesota",0.0
2261,"Travis, Texas",0.0
2262,"Treasure, Montana",0.0
2263,"Trempealeau, Wisconsin",0.0
2264,"Trigg, Kentucky",0.0
2265,"Trimble, Kentucky",0.0
2266,"Trinity, Texas",0.0
2267,"Tripp, South Dakota",0.0
2268,"Tucker, West Virginia",0.0
2269,"Tulare, California",0.0
2270,"Turner, South Dakota",0.0
2271,"Tuscaloosa, Alabama",0.0
2272,"Tuscola, Michigan",0.0
2273,"Twin falls, Idaho",0.0
2274,"Tyler, Texas",0.0
2275,"Tyler, West Virginia",0.0
2276,"Tyrrell, North Carolina",0.0
2277,"Uinta, Wyoming",0.0
2278,"Uintah, Utah",0.0
2279,"Ulster, New York",0.0
2280,"Umatilla, Oregon",0.0
2281,"Union parish, Louisiana",0.0
2282,"Union, Arkansas",0.0
2283,"Union, Florida",0.0
2284,"Union, Illinois",0.0
2285,"Union, Indiana",0.0
2286,"Union, Iowa",0.0
2287,"Union, Kentucky",0.0
2288,"Union, Louisiana",0.0
2289,"Union, New Mexico",0.0
2290,"Union, North Carolina",0.0
2291,"Union, Oregon",0.0
2292,"Union, Pennsylvania",0.0
2293,"Union, South Carolina",0.0
2294,"Union, South Dakota",0.0
2295,"Unknown, South Carolina",0.0
2296,"Upshur, Texas",0.0
2297,"Upshur, West Virginia",0.0
2298,"Utah, Utah",0.0
2299,"Uvalde, Texas",0.0
2300,"Val verde, Texas",0.0
2301,"Valencia, New Mexico",0.0
2302,"Valley, Idaho",0.0
2303,"Valley, Montana",0.0
2304,"Valley, Nebraska",0.0
2305,"Van buren, Arkansas",0.0
2306,"Van buren, Michigan",0.0
2307,"Van zandt, Texas",0.0
2308,"Vance, North Carolina",0.0
2309,"Vanderburgh, Indiana",0.0
2310,"Venango county, Pennsylvania",0.0
2311,"Venango, Pennsylvania",0.0
2312,"Ventura, California",0.0
2313,"Vermilion, Illinois",0.0
2314,"Vermilion, Louisiana",1.0416666666666667
2315,"Vermillion county, Indiana",0.0
2316,"Vermillion, Indiana",0.0
2317,"Vernon, Louisiana",0.0
2318,"Vernon, Missouri",0.0
2319,"Vernon, Wisconsin",0.0
2320,"Victoria, Texas",0.0
2321,"Vigo, Indiana",0.0
2322,"Vilas, Wisconsin",0.0
2323,"Volusia, Florida",0.0
2324,"Wabash, Illinois",0.0
2325,"Wabash, Indiana",0.0
2326,"Wabasha, Minnesota",0.0
2327,"Wadena, Minnesota",0.0
2328,"Wahkiakum, Washington",0.0
2329,"Wake, North Carolina",0.0033027522935779817
2330,"Wakulla, Florida",0.0
2331,"Waldo, Maine",0.0
2332,"Walker, Alabama",0.0
2333,"Walker, Texas",0.0
2334,"Walla walla, Washington",0.0
2335,"Waller, Texas",0.0
2336,"Wallowa, Oregon",0.0
2337,"Walsh, North Dakota",0.0
2338,"Walton, Florida",0.0
2339,"Walworth, South Dakota",0.0
2340,"Walworth, Wisconsin",0.0
2341,"Wapello, Iowa",0.0
2342,"Ward, North Dakota",0.0
2343,"Ward, Texas",0.0
2344,"Warren county, Pennsylvania",0.0
2345,"Warren, Illinois",0.0
2346,"Warren, Indiana",0.0
2347,"Warren, Iowa",0.0
2348,"Warren, Kentucky",0.0
2349,"Warren, Missouri",0.0
2350,"Warren, New Jersey",0.0
2351,"Warren, New York",0.0
2352,"Warren, North Carolina",0.0
2353,"Warren, Ohio",0.0
2354,"Warren, Pennsylvania",0.0
2355,"Warren, Virginia",0.0
2356,"Warrick, Indiana",0.0
2357,"Wasatch, Utah",0.0
2358,"Wasco, Oregon",0.0
2359,"Waseca, Minnesota",0.0
2360,"Washakie, Wyoming",0.0
2361,"Washburn, Wisconsin",0.0
2362,"Washington county, Rhode Island",0.0
2363,"Washington parish, Louisiana",0.0
2364,"Washington, Alabama",0.0
2365,"Washington, Arkansas",0.0
2366,"Washington, Florida",0.0
2367,"Washington, Idaho",0.0
2368,"Washington, Illinois",0.0
2369,"Washington, Indiana",0.0
2370,"Washington, Iowa",0.0
2371,"Washington, Kentucky",0.0
2372,"Washington, Louisiana",0.0
2373,"Washington, Maine",0.0
2374,"Washington, Maryland",0.0
2375,"Washington, Minnesota",0.0
2376,"Washington, Missouri",0.0
2377,"Washington, Nebraska",0.0
2378,"Washington, New York",0.0
2379,"Washington, North Carolina",0.0
2380,"Washington, Oklahoma",0.0
2381,"Washington, Oregon",0.0
2382,"Washington, Pennsylvania",0.0
2383,"Washington, Rhode Island",0.0
2384,"Washington, Texas",0.0
2385,"Washington, Utah",0.0
2386,"Washington, Vermont",0.0
2387,"Washington, Virginia",0.0
2388,"Washington, Wisconsin",0.0
2389,"Washita, Oklahoma",0.0
2390,"Washoe, Nevada",0.0
2391,"Washtenaw, Michigan",0.0
2392,"Watauga, North Carolina",0.0
2393,"Watonwan, Minnesota",0.0
2394,"Waukesha, Wisconsin",0.0
2395,"Waupaca, Wisconsin",0.0
2396,"Waushara, Wisconsin",0.0
2397,"Wayne, Illinois",0.0
2398,"Wayne, Indiana",0.0
2399,"Wayne, Kentucky",0.0
2400,"Wayne, Michigan",0.0
2401,"Wayne, Missouri",0.0
2402,"Wayne, Nebraska",0.0
2403,"Wayne, New York",0.0
2404,"Wayne, North Carolina",0.0
2405,"Wayne, Pennsylvania",0.0
2406,"Wayne, Utah",0.0
2407,"Wayne, West Virginia",0.0
2408,"Waynesboro city, Virginia",0.0
2409,"Webb county, Texas",0.0
2410,"Webb, Texas",0.0
2411,"Weber, Utah",0.0
2412,"Webster, Iowa",0.0
2413,"Webster, Kentucky",0.0
2414,"Webster, Louisiana",0.0
2415,"Webster, Missouri",0.0
2416,"Webster, Nebraska",0.0
2417,"Webster, West Virginia",0.0
2418,"Wells, Indiana",0.0
2419,"Wells, North Dakota",0.0
2420,"West baton rouge, Louisiana",0.0
2421,"West carroll parish, Louisiana",0.0
2422,"West carroll, Louisiana",0.0
2423,"West feliciana, Louisiana",0.0
2424,"Westchester, New York",0.0
2425,"Westmoreland, Pennsylvania",0.0
2426,"Westmoreland, Virginia",0.0
2427,"Weston, Wyoming",0.0
2428,"Wetzel, West Virginia",0.0
2429,"Wexford, Michigan",0.0
2430,"Wharton, Texas",0.0
2431,"Whatcom, Washington",0.06142857142857144
2432,"Wheatland, Montana",0.0
2433,"Wheeler, Nebraska",0.0
2434,"Wheeler, Oregon",0.0
2435,"Wheeler, Texas",0.0
2436,"White pine, Nevada",0.0
2437,"White, Arkansas",0.0
2438,"White, Illinois",0.0
2439,"White, Indiana",0.0
2440,"Whiteside, Illinois",0.0
2441,"Whitley, Indiana",0.0
2442,"Whitley, Kentucky",0.0
2443,"Whitman, Washington",0.0
2444,"Wibaux, Montana",0.0
2445,"Wichita, Texas",0.0
2446,"Wicomico, Maryland",0.0
2447,"Wilbarger, Texas",0.0
2448,"Wilcox, Alabama",0.0
2449,"Wilkes, North Carolina",0.0
2450,"Will, Illinois",0.0
2451,"Willacy county, Texas",0.0
2452,"Willacy, Texas",0.0
2453,"Williams, North Dakota",0.0
2454,"Williamsburg, South Carolina",0.0
2455,"Williamson, Illinois",0.0
2456,"Williamson, Texas",0.0
2457,"Wilson, North Carolina",0.0
2458,"Wilson, Texas",0.0
2459,"Winchester, Virginia",0.0
2460,"Windham, Connecticut",0.0
2461,"Windham, Vermont",0.0
2462,"Windsor, Vermont",0.0
2463,"Winkler, Texas",0.0
2464,"Winn, Louisiana",0.0
2465,"Winnebago, Illinois",0.0
2466,"Winnebago, Iowa",0.0
2467,"Winnebago, Wisconsin",0.0
2468,"Winneshiek, Iowa",0.0
2469,"Winona, Minnesota",0.0
2470,"Winston, Alabama",0.0
2471,"Wise, Texas",0.0
2472,"Wolfe, Kentucky",0.0
2473,"Wood, Texas",0.0
2474,"Wood, West Virginia",0.0
2475,"Wood, Wisconsin",0.0
2476,"Woodbury, Iowa",0.0
2477,"Woodford, Illinois",0.0
2478,"Woodford, Kentucky",0.0
2479,"Woodruff, Arkansas",0.0
2480,"Woods, Oklahoma",0.0
2481,"Woodward, Oklahoma",0.0
2482,"Worcester, Maryland",0.0
2483,"Worcester, Massachusetts",0.0
2484,"Worth, Iowa",0.0
2485,"Worth, Missouri",0.0
2486,"Wright, Iowa",0.0
2487,"Wright, Minnesota",0.0
2488,"Wright, Missouri",0.0
2489,"Wyandotte, Kansas",0.0
2490,"Wyoming, New York",0.0
2491,"Wyoming, Pennsylvania",0.0
2492,"Wyoming, West Virginia",0.0
2493,"Wythe, Virginia",0.0
2494,"Yadkin, North Carolina",0.0
2495,"Yakima, Washington",0.0
2496,"Yakutat, Alaska",0.0
2497,"Yamhill, Oregon",0.0
2498,"Yancey, North Carolina",0.0
2499,"Yankton, South Dakota",0.0
2500,"Yates, New York",0.0
2501,"Yavapai, Arizona",0.0
2502,"Yell, Arkansas",0.0
2503,"Yellow medicine county, Minnesota",0.0
2504,"Yellow medicine, Minnesota",0.0
2505,"Yellowstone, Montana",0.0
2506,"Yoakum, Texas",0.0
2507,"Yolo, California",0.0
2508,"York county, Pennsylvania",0.0
2509,"York, Maine",0.0
2510,"York, Nebraska",0.030000000000000002
2511,"York, Pennsylvania",0.0
2512,"York, South Carolina",0.0
2513,"Young, Texas",0.0
2514,"Yuba, California",0.0
2515,"Yuma county, Arizona",0.0
2516,"Yuma, Arizona",0.0
2517,"Zapata county, Texas",0.0
2518,"Zapata, Texas",0.0
2519,"Zavala, Texas",0.0
