,county,monobromoacetic_acid
0,"Abbeville, South Carolina",1.7285999999999995
1,"Acadia, Louisiana",0.16333333333333333
2,"Accomack, Virginia",0.24341085271317828
3,"Adair, Iowa",0.0
4,"Adair, Missouri",0.9779611650485437
5,"Adair, Oklahoma",0.19117647058823528
6,"Adams, Illinois",0.0
7,"Adams, Iowa",0.10618705035971222
8,"Adams, Nebraska",0.0
9,"Adams, North Dakota",0.0
10,"Adams, Ohio",0.0
11,"Addison, Vermont",0.10866141732283466
12,"Aiken, South Carolina",0.5422708039492242
13,"Alamance, North Carolina",0.35185185185185186
14,"Alameda, California",0.0
15,"Albany, New York",0.06205164992826399
16,"Albemarle, Virginia",0.0
17,"Aleutians east borough, Alaska",0.0
18,"Aleutians east, Alaska",0.14534883720930233
19,"Aleutians west census area, Alaska",0.053974358974358976
20,"Aleutians west, Alaska",0.1092
21,"Alexander, Illinois",0.25934959349593495
22,"Alexander, North Carolina",0.1
23,"Alfalfa, Oklahoma",0.0
24,"Allamakee county, Iowa",0.0
25,"Allamakee, Iowa",0.0
26,"Allegan, Michigan",0.0
27,"Allegany, New York",0.21428571428571425
28,"Alleghany, North Carolina",0.1
29,"Alleghany, Virginia",0.0
30,"Allegheny, Pennsylvania",0.0
31,"Allen, Kansas",0.6119205298013246
32,"Allen, Louisiana",0.0
33,"Allen, Ohio",0.05
34,"Allendale, South Carolina",0.0
35,"Amador, California",0.0
36,"Amelia, Virginia",0.0
37,"Amherst, Virginia",0.0
38,"Anchorage, Alaska",0.0
39,"Anderson, Kansas",1.1981818181818185
40,"Anderson, South Carolina",2.037536945812807
41,"Anderson, Texas",0.35196078431372557
42,"Andrew, Missouri",1.6362499999999998
43,"Andrews, Texas",0.0
44,"Androscoggin, Maine",0.0
45,"Angelina, Texas",0.5532627865961198
46,"Anoka, Minnesota",0.0
47,"Anson, North Carolina",0.37168141592920356
48,"Antelope, Nebraska",0.0
49,"Antrim, Michigan",0.0
50,"Apache, Arizona",0.47755102040816333
51,"Appanoose, Iowa",0.0
52,"Appomattox, Virginia",0.0
53,"Aransas, Texas",0.7708333333333333
54,"Archer, Texas",1.0704545454545455
55,"Arenac, Michigan",0.0
56,"Arkansas, Arkansas",0.12608695652173912
57,"Armstrong, Texas",0.0
58,"Aroostook, Maine",0.0
59,"Ascension, Louisiana",0.5964912280701754
60,"Ashe, North Carolina",0.0875
61,"Ashland, Ohio",0.039999999999999994
62,"Ashley, Arkansas",1.5119402985074626
63,"Ashtabula, Ohio",0.2734396887159533
64,"Assumption, Louisiana",0.35352112676056335
65,"Atascosa county, Texas",0.0
66,"Atascosa, Texas",0.19729729729729728
67,"Atchison, Kansas",0.40601941747572823
68,"Atchison, Missouri",0.0
69,"Athens, Ohio",0.08990769230769229
70,"Atlantic, New Jersey",0.004304510556621881
71,"Atoka, Oklahoma",0.0
72,"Audrain, Missouri",0.24252173913043476
73,"Audubon, Iowa",0.0
74,"Auglaize, Ohio",0.03109090909090909
75,"Augusta, Virginia",0.0
76,"Austin, Texas",0.017741935483870968
77,"Avery, North Carolina",0.03773584905660377
78,"Avoyelles, Louisiana",0.05725
79,"B, Oklahoma",0.4954545454545454
80,"Bailey, Texas",0.0
81,"Bamberg, South Carolina",0.6818181818181818
82,"Bandera, Texas",0.15494505494505492
83,"Barber, Kansas",0.4760000000000001
84,"Barbour, West Virginia",0.024731182795698924
85,"Barnes, North Dakota",0.32941176470588235
86,"Barnwell, South Carolina",0.06777777777777777
87,"Barry, Michigan",0.0
88,"Barry, Missouri",0.0
89,"Barton, Kansas",0.5958064516129034
90,"Barton, Missouri",0.0
91,"Bastrop, Texas",0.3863874345549739
92,"Bates, Missouri",0.5130051813471502
93,"Bath, Virginia",0.0
94,"Baxter, Arkansas",0.4793548387096774
95,"Bay, Michigan",0.0
96,"Baylor, Texas",0.0
97,"Beaufort, North Carolina",0.2816901408450705
98,"Beaufort, South Carolina",0.6541995614035088
99,"Beauregard, Louisiana",0.0
100,"Beaver, Oklahoma",0.0
101,"Beaver, Utah",0.0
102,"Beaverhead, Montana",0.0
103,"Becker, Minnesota",0.0
104,"Beckham, Oklahoma",0.1
105,"Bedford, Virginia",0.0380952380952381
106,"Bee, Texas",2.1497206703910607
107,"Bell, Texas",0.26947040498442365
108,"Belmont, Ohio",0.10670454545454544
109,"Bennington, Vermont",0.11763485477178424
110,"Benson, North Dakota",0.41764705882352937
111,"Benton county, Arkansas",0.8360000000000001
112,"Benton, Arkansas",0.7105386416861826
113,"Benton, Iowa",0.11072727272727273
114,"Benton, Missouri",0.15714285714285717
115,"Benzie, Michigan",0.0
116,"Bergen, New Jersey",0.020610053684724253
117,"Berkeley, South Carolina",2.2689523809523813
118,"Berkeley, West Virginia",0.6090347490347491
119,"Bernalillo, New Mexico",0.2589270833333334
120,"Berrien, Michigan",0.0
121,"Bertie, North Carolina",0.0
122,"Bethel census area, Alaska",0.7
123,"Bethel, Alaska",0.14647058823529413
124,"Bexar, Texas",0.17763012181616833
125,"Bienville, Louisiana",0.0
126,"Big horn, Montana",0.030689655172413795
127,"Billings, North Dakota",0.0
128,"Black hawk, Iowa",0.0
129,"Bladen, North Carolina",0.3333333333333333
130,"Blaine, Montana",0.2015384615384615
131,"Blaine, Oklahoma",0.09523809523809523
132,"Blanco, Texas",0.7562500000000001
133,"Bland, Virginia",0.15517241379310345
134,"Bollinger, Missouri",0.0
135,"Bond, Illinois",0.02227743271221532
136,"Bonneville, Idaho",0.0
137,"Boone, Arkansas",0.0
138,"Boone, Illinois",0.0
139,"Boone, Iowa",0.004310344827586207
140,"Boone, Missouri",0.06794117647058824
141,"Boone, West Virginia",0.36463291139240506
142,"Bosque, Texas",0.45918367346938777
143,"Bossier, Louisiana",0.039662447257383965
144,"Botetourt, Virginia",0.0
145,"Bottineau, North Dakota",0.3021276595744681
146,"Boundary, Idaho",0.0
147,"Bourbon, Kansas",0.1750847457627119
148,"Bowie, Texas",0.34002808988764033
149,"Bowman, North Dakota",0.0
150,"Box butte, Nebraska",0.0
151,"Box elder, Utah",0.0
152,"Boyd, Nebraska",0.0
153,"Bradley, Arkansas",0.5904761904761905
154,"Branch, Michigan",0.0
155,"Braxton, West Virginia",0.09190751445086705
156,"Brazoria, Texas",0.32091370558375615
157,"Brazos, Texas",0.19569892473118275
158,"Bremer, Iowa",0.0
159,"Brewster, Texas",0.0
160,"Briscoe, Texas",0.6023255813953488
161,"Bristol bay, Alaska",0.0
162,"Bristol, Virginia",0.020833333333333332
163,"Brooke, West Virginia",0.541711229946524
164,"Brooks, Texas",0.0
165,"Broome, New York",0.11351351351351353
166,"Brown, Illinois",0.0
167,"Brown, Kansas",0.4672549019607843
168,"Brown, Minnesota",0.0
169,"Brown, Ohio",0.10459770114942528
170,"Brown, Texas",0.4435779816513762
171,"Brunswick, North Carolina",0.7741258741258742
172,"Brunswick, Virginia",0.02631578947368421
173,"Bryan, Oklahoma",0.08496732026143791
174,"Buchanan, Iowa",0.08166666666666667
175,"Buchanan, Virginia",0.05613207547169811
176,"Buckingham, Virginia",0.0
177,"Buena vista, Iowa",0.12871287128712872
178,"Buena vista, Virginia",0.0
179,"Buffalo, Nebraska",0.4058974358974359
180,"Buncombe, North Carolina",0.06701030927835051
181,"Bureau, Illinois",0.0996774193548387
182,"Burke, North Carolina",0.6
183,"Burke, North Dakota",0.43176470588235294
184,"Burleigh, North Dakota",0.005863874345549739
185,"Burleson, Texas",0.1968944099378882
186,"Burlington, New Jersey",0.032457261987491305
187,"Burnet, Texas",0.2420512820512821
188,"Burt, Nebraska",0.0
189,"Butler, Iowa",0.0
190,"Butler, Kansas",0.39371428571428574
191,"Butler, Missouri",0.6310084033613446
192,"Butler, Nebraska",0.0
193,"Butler, Ohio",0.0366025641025641
194,"Butte, California",0.11818181818181818
195,"Cabarrus, North Carolina",0.1497326203208556
196,"Cabell, West Virginia",0.38492063492063505
197,"Cache, Utah",0.0
198,"Caddo parish, Louisiana",0.0
199,"Caddo, Louisiana",0.43036809815950905
200,"Caddo, Oklahoma",0.26
201,"Calaveras, California",0.0
202,"Calcasieu, Louisiana",0.1800943396226415
203,"Caldwell, Louisiana",0.0
204,"Caldwell, Missouri",0.6417840375586854
205,"Caldwell, North Carolina",0.35664335664335667
206,"Caldwell, Texas",0.06363636363636364
207,"Caledonia, Vermont",0.1053030303030303
208,"Calhoun, Arkansas",0.8892857142857142
209,"Calhoun, Illinois",0.0
210,"Calhoun, Iowa",0.0
211,"Calhoun, Michigan",0.0
212,"Calhoun, South Carolina",0.0
213,"Calhoun, Texas",1.688218390804598
214,"Calhoun, West Virginia",0.03406593406593407
215,"Callahan, Texas",0.6268656716417912
216,"Callaway, Missouri",0.0
217,"Camden, Missouri",0.0
218,"Camden, New Jersey",0.018823956442831215
219,"Camden, North Carolina",0.7
220,"Cameron, Louisiana",0.38857142857142857
221,"Cameron, Texas",1.5679624664879346
222,"Camp, Texas",0.06595744680851064
223,"Campbell, Virginia",0.0
224,"Canadian, Oklahoma",0.18404907975460122
225,"Canyon, Idaho",0.0
226,"Cape girardeau, Missouri",0.6491037735849057
227,"Cape may, New Jersey",0.028112040133779263
228,"Carbon, Montana",0.0
229,"Carbon, Pennsylvania",0.0
230,"Carbon, Utah",0.0
231,"Carlton, Minnesota",0.0
232,"Caroline, Virginia",0.039473684210526314
233,"Carroll, Arkansas",0.5690821256038647
234,"Carroll, Illinois",0.0
235,"Carroll, Iowa",0.0
236,"Carroll, Missouri",0.0
237,"Carroll, Ohio",0.19338461538461538
238,"Carroll, Virginia",0.0
239,"Carson city, Nevada",0.0
240,"Carson, Texas",0.0
241,"Carter, Missouri",0.0
242,"Carter, Oklahoma",0.10637125748502993
243,"Carteret, North Carolina",0.15384615384615385
244,"Carver, Minnesota",0.0
245,"Cascade, Montana",0.08026315789473684
246,"Cass, Illinois",0.0
247,"Cass, Iowa",0.0
248,"Cass, Michigan",0.0
249,"Cass, Missouri",0.09732758620689656
250,"Cass, Nebraska",0.0
251,"Cass, North Dakota",0.0
252,"Cass, Texas",0.4546153846153846
253,"Castro, Texas",0.0
254,"Caswell, North Carolina",0.0425531914893617
255,"Catahoula, Louisiana",0.041666666666666664
256,"Catawba, North Carolina",0.3069182389937107
257,"Catron, New Mexico",0.0
258,"Cattaraugus, New York",0.0545364238410596
259,"Cavalier, North Dakota",0.0
260,"Cayuga county, New York",1.0
261,"Cayuga, New York",0.18554744525547442
262,"Cedar, Iowa",0.0
263,"Cedar, Missouri",0.0
264,"Cedar, Nebraska",0.04958333333333333
265,"Cerro gordo, Iowa",0.0
266,"Chambers, Texas",0.1778481012658228
267,"Champaign, Illinois",0.013953488372093023
268,"Champaign, Ohio",0.0
269,"Chariton, Missouri",0.6643181818181818
270,"Charles city, Virginia",0.0
271,"Charleston county, South Carolina",2.03
272,"Charleston, South Carolina",0.7372972972972973
273,"Charlevoix, Michigan",0.0
274,"Charlotte, Virginia",0.0
275,"Chase, Kansas",0.9427777777777777
276,"Chatham, North Carolina",0.6443396226415095
277,"Chautauqua, Kansas",0.3084090909090909
278,"Chautauqua, New York",0.08526231454005935
279,"Chaves, New Mexico",0.0
280,"Cheboygan, Michigan",0.0
281,"Chemung, New York",0.054872881355932206
282,"Chenango, New York",0.03914414414414414
283,"Cherokee, Iowa",0.0
284,"Cherokee, Kansas",0.907875
285,"Cherokee, North Carolina",0.21428571428571427
286,"Cherokee, Oklahoma",0.023033707865168538
287,"Cherokee, South Carolina",1.9387005649717513
288,"Cherokee, Texas",0.4163666121112927
289,"Cherry, Nebraska",0.0
290,"Chesapeake, Virginia",0.0
291,"Chester, South Carolina",1.7047169811320753
292,"Chesterfield, South Carolina",1.788965517241379
293,"Chesterfield, Virginia",0.0
294,"Cheyenne, Kansas",0.0
295,"Cheyenne, Nebraska",0.0
296,"Chickasaw, Iowa",0.0
297,"Chicot, Arkansas",1.8041666666666665
298,"Childress, Texas",0.05
299,"Chippewa, Michigan",0.0
300,"Chittenden, Vermont",0.007399577167019027
301,"Choctaw, Oklahoma",0.08196721311475409
302,"Chouteau, Montana",0.36428571428571427
303,"Chowan, North Carolina",0.4866666666666666
304,"Christian, Illinois",0.0
305,"Christian, Missouri",0.05527777777777778
306,"Churchill, Nevada",0.0642857142857143
307,"Cibola, New Mexico",0.0
308,"Cimarron, Oklahoma",0.0
309,"Claiborne, Louisiana",0.21441176470588236
310,"Clare, Michigan",0.0
311,"Clarendon, South Carolina",0.0
312,"Clark, Arkansas",0.6730538922155688
313,"Clark, Illinois",0.0
314,"Clark, Kansas",0.4833333333333334
315,"Clark, Missouri",0.048214285714285716
316,"Clark, Nevada",0.46894109195402356
317,"Clark, Ohio",0.035
318,"Clarke, Iowa",0.0
319,"Clarke, Virginia",0.017167381974248927
320,"Clay, Arkansas",0.3647058823529412
321,"Clay, Illinois",0.011278195488721804
322,"Clay, Iowa",0.0
323,"Clay, Kansas",0.23777777777777778
324,"Clay, Missouri",0.2929353233830846
325,"Clay, North Carolina",0.36363636363636365
326,"Clay, Texas",1.912345679012345
327,"Clay, West Virginia",0.13975903614457832
328,"Clayton, Iowa",0.0
329,"Cleburne, Arkansas",0.39538461538461545
330,"Clermont, Ohio",0.21318337408312948
331,"Cleveland, Arkansas",0.2714285714285714
332,"Cleveland, North Carolina",0.20666666666666667
333,"Cleveland, Oklahoma",0.038461538461538464
334,"Clinton, Illinois",0.00505952380952381
335,"Clinton, Iowa",0.32530120481927716
336,"Clinton, Michigan",0.0
337,"Clinton, Missouri",0.3175132275132275
338,"Clinton, New York",0.24830917874396136
339,"Clinton, Ohio",0.016550724637681157
340,"Cloud, Kansas",0.38733333333333325
341,"Coal, Oklahoma",0.3333333333333333
342,"Cochise, Arizona",0.0
343,"Cochran, Texas",0.0
344,"Coconino, Arizona",0.14285714285714285
345,"Coffey, Kansas",0.3237113402061854
346,"Coke, Texas",2.916438356164383
347,"Cole, Missouri",0.32499999999999996
348,"Coleman, Texas",0.7747572815533982
349,"Coles, Illinois",0.0
350,"Colfax, Nebraska",0.0
351,"Colfax, New Mexico",0.06662393162393163
352,"Colleton, South Carolina",0.0
353,"Collin, Texas",0.6253868194842414
354,"Collingsworth, Texas",0.1
355,"Colonial heights city, Virginia",0.47524999999999995
356,"Colorado, Texas",0.0
357,"Columbia, Arkansas",1.1867579908675798
358,"Columbia, New York",0.007575757575757576
359,"Columbiana, Ohio",0.11471464019851117
360,"Columbus county, North Carolina",2.625
361,"Columbus, North Carolina",0.06693548387096775
362,"Comal, Texas",0.6527050610820246
363,"Comanche, Kansas",0.14142857142857143
364,"Comanche, Oklahoma",0.1984472049689441
365,"Comanche, Texas",0.8877049180327871
366,"Concho, Texas",2.167441860465116
367,"Concordia, Louisiana",0.04696969696969697
368,"Contra costa, California",0.34941176470588237
369,"Conway, Arkansas",0.748936170212766
370,"Cook, Illinois",0.5892826800963429
371,"Cooke, Texas",0.11564625850340136
372,"Cooper, Missouri",0.5281372549019607
373,"Cortland, New York",0.05
374,"Coryell, Texas",0.24639999999999998
375,"Coshocton, Ohio",0.13584415584415585
376,"Cottle, Texas",0.0
377,"Cotton, Oklahoma",0.6070851063829787
378,"Cottonwood, Minnesota",0.0
379,"Covington, Virginia",0.125
380,"Cowley, Kansas",0.563976833976834
381,"Craig, Oklahoma",0.03061627906976744
382,"Craig, Virginia",0.0
383,"Craighead, Arkansas",0.5483870967741935
384,"Crane, Texas",0.0
385,"Craven, North Carolina",0.08651685393258426
386,"Crawford, Arkansas",1.2169230769230768
387,"Crawford, Illinois",0.06875
388,"Crawford, Iowa",0.0
389,"Crawford, Kansas",0.5970059880239521
390,"Crawford, Missouri",0.0
391,"Crawford, Ohio",0.08193574297188753
392,"Creek, Oklahoma",0.39130967741935485
393,"Crittenden, Arkansas",0.35128205128205126
394,"Crockett, Texas",0.0
395,"Crosby, Texas",0.13684210526315788
396,"Cross, Arkansas",0.65
397,"Crow wing, Minnesota",0.0
398,"Culberson, Texas",0.0
399,"Culpeper, Virginia",0.06779661016949153
400,"Cumberland, Illinois",0.0
401,"Cumberland, Maine",0.0
402,"Cumberland, New Jersey",0.009802519379844962
403,"Cumberland, North Carolina",0.5002770083102492
404,"Cumberland, Virginia",0.06451612903225806
405,"Cuming, Nebraska",0.0
406,"Currituck, North Carolina",1.0328125000000001
407,"Curry, New Mexico",0.0
408,"Custer, Montana",0.057499999999999996
409,"Custer, Nebraska",0.0
410,"Custer, Oklahoma",0.05217391304347826
411,"Cuyahoga, Ohio",0.9113263497179697
412,"Dade, Missouri",0.0
413,"Daggett, Utah",0.0
414,"Dakota, Minnesota",0.0
415,"Dakota, Nebraska",0.01137123745819398
416,"Dallam, Texas",0.0
417,"Dallas, Arkansas",0.7131578947368422
418,"Dallas, Iowa",0.009015384615384614
419,"Dallas, Missouri",0.0
420,"Dallas, Texas",0.17845149253731346
421,"Daniels, Montana",0.0
422,"Danville, Virginia",0.35833333333333334
423,"Dare, North Carolina",0.15823529411764709
424,"Darke, Ohio",0.08835593220338983
425,"Darlington, South Carolina",0.0
426,"Davidson, North Carolina",0.02877697841726619
427,"Davie, North Carolina",0.3698630136986301
428,"Daviess, Missouri",0.14793296089385474
429,"Davis, Iowa",0.11073170731707317
430,"Davis, Utah",0.0
431,"Dawes, Nebraska",0.0
432,"Dawson, Montana",0.033928571428571426
433,"Dawson, Nebraska",0.0
434,"Dawson, Texas",0.65
435,"De baca, New Mexico",0.0
436,"De kalb, Missouri",0.0
437,"De soto, Louisiana",0.2656637168141593
438,"De witt, Illinois",0.0
439,"Deaf smith, Texas",0.0
440,"Decatur, Iowa",0.06735099337748343
441,"Decatur, Kansas",0.9316666666666666
442,"Deer lodge, Montana",0.0
443,"Defiance, Ohio",0.08373170731707316
444,"Dekalb, Illinois",0.04964912280701755
445,"Dekalb, Missouri",0.10064516129032257
446,"Delaware, Iowa",0.0
447,"Delaware, New York",0.020353982300884955
448,"Delaware, Ohio",0.14727272727272728
449,"Delaware, Oklahoma",0.03115963855421687
450,"Delta, Texas",0.20917431192660554
451,"Dent, Missouri",0.0
452,"Denton, Texas",0.25886319845857414
453,"Des moines, Iowa",0.014187725631768955
454,"Desha, Arkansas",1.5523809523809524
455,"Dewey, Oklahoma",0.0
456,"Dewitt, Texas",0.33636363636363636
457,"Dickens, Texas",0.315625
458,"Dickenson, Virginia",0.164247311827957
459,"Dickey, North Dakota",0.16842105263157894
460,"Dickinson, Iowa",0.001976284584980237
461,"Dickinson, Kansas",1.0739583333333333
462,"Dillingham, Alaska",0.0
463,"Dillon, South Carolina",0.0
464,"Dimmit, Texas",0.0
465,"Dinwiddie, Virginia",0.2222222222222222
466,"Divide, North Dakota",0.4444444444444444
467,"Dixon, Nebraska",0.0
468,"Doddridge, West Virginia",0.0
469,"Dodge, Nebraska",0.0
470,"Dona ana, New Mexico",0.24615755627009644
471,"Doniphan, Kansas",0.2214285714285714
472,"Donley, Texas",0.20694444444444446
473,"Dorchester, South Carolina",3.759492385786802
474,"Douglas, Illinois",0.22566371681415928
475,"Douglas, Kansas",0.4457988165680474
476,"Douglas, Missouri",0.0
477,"Douglas, Nebraska",0.10921568627450978
478,"Douglas, Nevada",0.0
479,"Drew, Arkansas",1.3407407407407408
480,"Du page, Illinois",0.0
481,"Dubuque, Iowa",0.007569444444444445
482,"Duchesne, Utah",0.0
483,"Dunklin, Missouri",0.0
484,"Dunn, North Dakota",0.0
485,"Dupage, Illinois",0.454331550802139
486,"Duplin, North Carolina",0.2268041237113402
487,"Durham, North Carolina",0.6127659574468085
488,"Dutchess, New York",0.2023038292529818
489,"Duval, Texas",0.0
490,"East baton rouge parish, Louisiana",0.0
491,"East baton rouge, Louisiana",0.0
492,"East carroll, Louisiana",0.0
493,"East feliciana, Louisiana",0.0
494,"Eastland, Texas",1.426562499999999
495,"Eaton, Michigan",0.0
496,"Ector, Texas",0.9782894736842106
497,"Eddy, New Mexico",0.03125
498,"Eddy, North Dakota",0.0
499,"Edgar, Illinois",0.0
500,"Edgecombe, North Carolina",0.04367816091954023
501,"Edwards, Illinois",0.0
502,"Edwards, Kansas",0.27625
503,"Edwards, Texas",0.0
504,"Effingham, Illinois",0.0
505,"El dorado, California",0.0
506,"El paso, Texas",0.27904468412942973
507,"Elk, Kansas",1.3537362637362638
508,"Elko, Nevada",0.0
509,"Ellis, Kansas",1.1665217391304348
510,"Ellis, Oklahoma",0.0
511,"Ellis, Texas",1.3940458015267174
512,"Ellsworth, Kansas",1.4648780487804884
513,"Emery, Utah",0.0
514,"Emmet, Iowa",0.0
515,"Emmet, Michigan",0.0
516,"Emmons, North Dakota",0.0
517,"Erath, Texas",0.9725190839694658
518,"Erie, New York",0.06177710843373492
519,"Erie, Ohio",0.11160714285714286
520,"Esmeralda, Nevada",0.0
521,"Essex county, New York",0.0
522,"Essex, New Jersey",0.1218518197573657
523,"Essex, New York",0.32900552486187845
524,"Essex, Vermont",0.0
525,"Essex, Virginia",0.0
526,"Eureka county, Nevada",0.0
527,"Eureka, Nevada",0.0
528,"Evangeline parish, Louisiana",0.0
529,"Evangeline, Louisiana",0.0
530,"Fairbanks north star, Alaska",0.0875
531,"Fairfax, Virginia",0.0
532,"Fairfield, Connecticut",0.07915947035118019
533,"Fairfield, Ohio",0.07912621359223301
534,"Fairfield, South Carolina",1.2831382978723405
535,"Fallon, Montana",0.08
536,"Falls, Texas",0.3881188118811881
537,"Fannin, Texas",0.26206896551724135
538,"Faulkner, Arkansas",0.4663366336633666
539,"Fauquier, Virginia",0.0
540,"Fayette, Illinois",0.0
541,"Fayette, Iowa",0.0
542,"Fayette, Kentucky",0.0
543,"Fayette, Ohio",0.20263157894736844
544,"Fayette, Texas",0.3530726256983241
545,"Fayette, West Virginia",0.07842857142857142
546,"Fergus, Montana",0.057272727272727274
547,"Fillmore, Nebraska",0.0
548,"Finney, Kansas",0.20755555555555555
549,"Fisher, Texas",1.2480392156862745
550,"Flathead, Montana",0.0
551,"Florence, South Carolina",0.33289634146341474
552,"Floyd, Iowa",0.0
553,"Floyd, Texas",0.1631578947368421
554,"Floyd, Virginia",0.0
555,"Fluvanna, Virginia",0.07407407407407407
556,"Foard, Texas",0.42391304347826086
557,"Ford, Illinois",0.0
558,"Ford, Kansas",0.2915
559,"Forsyth, North Carolina",0.0
560,"Fort bend county, Texas",0.0
561,"Fort bend, Texas",0.005893909626719057
562,"Foster, North Dakota",0.033823529411764704
563,"Franklin county, Missouri",0.0
564,"Franklin county, New York",0.0
565,"Franklin county, Ohio",0.0
566,"Franklin, Arkansas",0.4233333333333333
567,"Franklin, Illinois",0.008352941176470587
568,"Franklin, Iowa",0.0
569,"Franklin, Kansas",0.47401162790697665
570,"Franklin, Louisiana",0.0
571,"Franklin, Maine",0.0
572,"Franklin, Missouri",0.0
573,"Franklin, Nebraska",0.0
574,"Franklin, New York",0.02619047619047619
575,"Franklin, North Carolina",0.8620689655172413
576,"Franklin, Ohio",0.060833849329205374
577,"Franklin, Texas",0.3202380952380953
578,"Franklin, Vermont",0.03825136612021858
579,"Franklin, Virginia",0.01639344262295082
580,"Frederick, Virginia",0.04574780058651027
581,"Fredericksburg, Virginia",0.0
582,"Freestone, Texas",0.19624999999999998
583,"Fremont, Idaho",0.0
584,"Fremont, Iowa",0.0
585,"Fresno, California",0.7156716417910446
586,"Frio, Texas",0.0
587,"Fulton, Arkansas",0.0
588,"Fulton, Illinois",0.03428125
589,"Fulton, New York",0.11155378486055777
590,"Fulton, Ohio",0.06960099750623441
591,"Furnas, Nebraska",0.0
592,"Gage, Nebraska",0.0
593,"Gaines, Texas",0.1
594,"Galax, Virginia",0.0
595,"Gallatin, Illinois",0.0
596,"Gallatin, Montana",0.016153846153846154
597,"Gallia, Ohio",0.10700000000000001
598,"Galveston, Texas",0.5324456521739136
599,"Garfield, Montana",0.0
600,"Garfield, Oklahoma",0.07142857142857142
601,"Garfield, Utah",0.0
602,"Garland, Arkansas",0.38636363636363635
603,"Garvin, Oklahoma",0.12337662337662338
604,"Garza, Texas",0.37659574468085105
605,"Gasconade, Missouri",0.0
606,"Gaston, North Carolina",0.1955673758865248
607,"Gates, North Carolina",0.25
608,"Geary, Kansas",0.946236559139785
609,"Geauga, Ohio",0.26093617021276594
610,"Genesee, Michigan",0.0
611,"Genesee, New York",0.010091743119266056
612,"Gentry, Missouri",0.33541237113402056
613,"Georgetown, South Carolina",2.940539419087137
614,"Gila, Arizona",0.0
615,"Giles, Virginia",0.05130434782608696
616,"Gillespie, Texas",0.061538461538461535
617,"Gilmer, West Virginia",0.11124999999999999
618,"Glacier, Montana",0.16306122448979593
619,"Gladwin, Michigan",0.0
620,"Glasscock, Texas",0.0
621,"Gloucester, New Jersey",0.006517373572593801
622,"Gloucester, Virginia",0.0991869918699187
623,"Gogebic, Michigan",0.0
624,"Golden valley, Montana",0.4375
625,"Golden valley, North Dakota",0.0
626,"Goliad, Texas",0.12222222222222223
627,"Gonzales, Texas",0.2766666666666666
628,"Goochland, Virginia",0.14731182795698924
629,"Gove, Kansas",0.4316666666666667
630,"Grady, Oklahoma",0.30434782608695654
631,"Graham, Kansas",0.31333333333333335
632,"Graham, North Carolina",0.07142857142857142
633,"Grand forks, North Dakota",0.047443609022556385
634,"Grand isle, Vermont",0.011111111111111112
635,"Grand traverse, Michigan",0.0
636,"Grand, Utah",0.0
637,"Granite, Montana",0.0
638,"Grant, Arkansas",0.37142857142857144
639,"Grant, Kansas",0.39999999999999997
640,"Grant, Louisiana",0.0509433962264151
641,"Grant, New Mexico",0.3299555555555555
642,"Grant, North Dakota",0.0
643,"Grant, Oklahoma",0.169375
644,"Grant, West Virginia",0.04607843137254902
645,"Granville, North Carolina",0.056074766355140186
646,"Gratiot, Michigan",0.0
647,"Gray, Kansas",0.22166666666666665
648,"Gray, Texas",0.9416666666666669
649,"Grayson, Texas",0.8339971550497869
650,"Grayson, Virginia",0.0
651,"Greeley, Kansas",0.65
652,"Greeley, Nebraska",0.0
653,"Greenbrier, West Virginia",0.1530714285714286
654,"Greene, Arkansas",0.20833333333333334
655,"Greene, Illinois",0.01936
656,"Greene, Iowa",0.0
657,"Greene, Missouri",0.20400881057268722
658,"Greene, New York",0.5896336996336996
659,"Greene, North Carolina",0.0
660,"Greene, Ohio",0.06249019607843137
661,"Greene, Virginia",0.0
662,"Greenlee, Arizona",0.0
663,"Greensville, Virginia",0.009333333333333332
664,"Greenville, South Carolina",0.4971999999999999
665,"Greenwood, Kansas",0.955576923076923
666,"Greenwood, South Carolina",0.41346153846153844
667,"Greer, Oklahoma",0.0
668,"Gregg, Texas",0.38548895899053615
669,"Griggs, North Dakota",0.051666666666666666
670,"Grimes, Texas",0.4396103896103896
671,"Grundy, Illinois",0.20620000000000002
672,"Grundy, Iowa",0.0
673,"Grundy, Missouri",0.8518947368421054
674,"Guadalupe, New Mexico",0.0
675,"Guadalupe, Texas",0.4637904468412941
676,"Guernsey, Ohio",0.24506849315068496
677,"Guilford, North Carolina",0.3007371007371007
678,"Guillford, North Carolina",0.0
679,"Guthrie, Iowa",0.0
680,"Haines, Alaska",0.10966101694915253
681,"Hale, Texas",0.5803921568627451
682,"Halifax, North Carolina",0.04184100418410042
683,"Halifax, Virginia",0.15474452554744525
684,"Hall, Nebraska",0.020612244897959184
685,"Hall, Texas",0.12558139534883722
686,"Hamilton, Illinois",0.0
687,"Hamilton, Iowa",0.0
688,"Hamilton, Kansas",0.20833333333333334
689,"Hamilton, New York",0.5499999999999999
690,"Hamilton, Ohio",0.5954632587859425
691,"Hamilton, Texas",1.5133333333333332
692,"Hampshire, West Virginia",0.15072463768115943
693,"Hampton city, Virginia",0.0
694,"Hampton, South Carolina",0.25515151515151513
695,"Hancock, Illinois",0.09094707520891362
696,"Hancock, Iowa",0.0
697,"Hancock, Maine",0.033628318584070796
698,"Hancock, Ohio",0.15444015444015444
699,"Hancock, West Virginia",0.2870967741935484
700,"Hanover, Virginia",0.0
701,"Hansford, Texas",0.0
702,"Hardeman, Texas",0.345945945945946
703,"Hardin, Illinois",0.0
704,"Hardin, Iowa",0.0
705,"Hardin, Ohio",0.5882352941176471
706,"Hardin, Texas",0.009615384615384616
707,"Harding, New Mexico",0.0
708,"Hardy, West Virginia",0.014814814814814815
709,"Harlan, Nebraska",0.0
710,"Harmon, Oklahoma",0.0
711,"Harnett, North Carolina",0.33117647058823535
712,"Harper, Kansas",0.6250000000000001
713,"Harper, Oklahoma",0.0
714,"Harris, Texas",0.014461947238565193
715,"Harrison, Iowa",0.0
716,"Harrison, Missouri",0.31287234042553197
717,"Harrison, Ohio",0.24324324324324326
718,"Harrison, Texas",0.3367521367521367
719,"Harrison, West Virginia",0.045714285714285714
720,"Harrisonburg, Virginia",0.2708333333333333
721,"Hartford, Connecticut",1.691032776747063
722,"Hartley, Texas",0.0
723,"Harvey, Kansas",0.47625000000000006
724,"Haskell, Kansas",0.0
725,"Haskell, Oklahoma",0.14912820512820515
726,"Haskell, Texas",1.3310000000000002
727,"Hawaii, Hawaii",0.3506203473945409
728,"Hays, Texas",0.07052238805970149
729,"Haywood, North Carolina",0.08108108108108109
730,"Hemphill, Texas",0.0
731,"Hempstead, Arkansas",0.5664556962025317
732,"Henderson, Illinois",0.08266666666666667
733,"Henderson, North Carolina",0.07627118644067797
734,"Henderson, Texas",0.5535922330097087
735,"Hennepin, Minnesota",0.0
736,"Henrico, Virginia",0.0
737,"Henry, Illinois",0.0
738,"Henry, Iowa",0.0
739,"Henry, Missouri",0.5391666666666667
740,"Henry, Ohio",0.1994666666666667
741,"Henry, Virginia",0.047653429602888084
742,"Herkimer, New York",0.13440528634361235
743,"Hertford, North Carolina",0.11
744,"Hettinger, North Dakota",0.0
745,"Hickory, Missouri",0.0
746,"Hidalgo, New Mexico",0.09485714285714286
747,"Hidalgo, Texas",1.6585020242914947
748,"Highland, Ohio",0.11959523809523809
749,"Highland, Virginia",0.0
750,"Hill, Montana",0.11201834862385321
751,"Hill, Texas",0.35333333333333333
752,"Hillsdale, Michigan",0.0
753,"Hitchcock, Nebraska",0.0
754,"Hocking, Ohio",0.040196078431372545
755,"Hockley, Texas",0.9707964601769912
756,"Hodgeman, Kansas",0.37
757,"Hoke, North Carolina",0.10526315789473684
758,"Holmes, Ohio",0.09375
759,"Holt, Missouri",0.13333333333333333
760,"Holt, Nebraska",0.0
761,"Honolulu county, Hawaii",0.0
762,"Honolulu, Hawaii",0.08472622478386167
763,"Hood, Texas",0.3997690531177829
764,"Hoonah-angoon, Alaska",0.037464788732394366
765,"Hopewell, Virginia",0.4272727272727273
766,"Hopkins, Texas",0.8107929515418506
767,"Horry, South Carolina",1.4747941176470596
768,"Hot spring, Arkansas",0.5958904109589042
769,"Houston, Texas",1.7894389438943896
770,"Howard, Arkansas",0.502970297029703
771,"Howard, Iowa",0.0
772,"Howard, Missouri",0.20094017094017091
773,"Howard, Nebraska",0.0
774,"Howard, Texas",1.7783950617283941
775,"Howell, Missouri",0.3216981132075471
776,"Hudson, New Jersey",0.011013636363636364
777,"Hudspeth, Texas",0.0
778,"Hughes, Oklahoma",0.3548387096774194
779,"Humboldt, California",0.0
780,"Humboldt, Iowa",0.0
781,"Humboldt, Nevada",0.019230769230769232
782,"Hunt, Texas",0.7241466498103667
783,"Hunterdon, New Jersey",0.04294281298299846
784,"Huron, Michigan",0.02197802197802198
785,"Huron, Ohio",0.14732394366197185
786,"Hutchinson, Texas",0.40252100840336147
787,"Hyde, North Carolina",0.0
788,"Iberia parish, Louisiana",0.0
789,"Iberia, Louisiana",0.07500000000000001
790,"Iberville parish, Louisiana",0.0
791,"Iberville, Louisiana",0.39262500000000006
792,"Ida, Iowa",0.0
793,"Imperial, California",0.42799999999999994
794,"Independence, Arkansas",1.5022222222222228
795,"Ingham, Michigan",0.0
796,"Ionia, Michigan",0.0
797,"Iosco, Michigan",0.0
798,"Iowa, Iowa",0.09548387096774194
799,"Iredell, North Carolina",0.37797619047619047
800,"Irion, Texas",0.0
801,"Iron, Missouri",0.4654128440366972
802,"Iron, Utah",0.0
803,"Iroquois, Illinois",0.06633333333333333
804,"Isabella, Michigan",0.0
805,"Isle of wight, Virginia",0.0
806,"Izard, Arkansas",0.11388888888888887
807,"Jack, Texas",0.48627450980392156
808,"Jackson, Arkansas",0.2846153846153846
809,"Jackson, Illinois",0.042410015649452265
810,"Jackson, Iowa",0.0
811,"Jackson, Kansas",0.5977464788732396
812,"Jackson, Louisiana",0.08695652173913043
813,"Jackson, Michigan",0.0
814,"Jackson, Minnesota",0.0
815,"Jackson, Missouri",0.21313953488372092
816,"Jackson, North Carolina",0.015748031496062992
817,"Jackson, Ohio",0.0037818181818181818
818,"Jackson, Oklahoma",2.198928571428571
819,"Jackson, Texas",0.0
820,"Jackson, West Virginia",0.08860759493670886
821,"James (city), Virginia",0.8151785714285713
822,"James city, Virginia",0.0
823,"Jasper county, Missouri",0.0
824,"Jasper, Illinois",0.0
825,"Jasper, Iowa",0.0246875
826,"Jasper, Missouri",0.42430232558139536
827,"Jasper, South Carolina",0.7599999999999999
828,"Jasper, Texas",0.0
829,"Jeff davis, Texas",0.0
830,"Jefferson davis, Louisiana",0.2323529411764706
831,"Jefferson, Arkansas",0.25483870967741934
832,"Jefferson, Illinois",0.013541666666666667
833,"Jefferson, Iowa",0.057179487179487176
834,"Jefferson, Kansas",0.4205357142857143
835,"Jefferson, Louisiana",0.18356321839080458
836,"Jefferson, Missouri",0.24208588957055216
837,"Jefferson, Montana",0.05938775510204082
838,"Jefferson, Nebraska",0.0
839,"Jefferson, New York",0.2208860759493671
840,"Jefferson, Ohio",0.43621093749999984
841,"Jefferson, Oklahoma",0.9404761904761905
842,"Jefferson, Texas",0.01430769230769231
843,"Jefferson, West Virginia",0.48908450704225354
844,"Jersey, Illinois",0.012048192771084338
845,"Jewell, Kansas",1.7916666666666663
846,"Jim hogg, Texas",0.0
847,"Jim wells, Texas",1.6554744525547442
848,"Jo daviess, Illinois",0.0
849,"Johnson, Arkansas",0.6096774193548388
850,"Johnson, Illinois",0.0
851,"Johnson, Iowa",0.0
852,"Johnson, Kansas",0.7004651162790699
853,"Johnson, Missouri",0.48496453900709224
854,"Johnson, Nebraska",0.0
855,"Johnson, Texas",0.12325581395348838
856,"Johnston, North Carolina",0.24444444444444446
857,"Johnston, Oklahoma",0.045454545454545456
858,"Jones, Iowa",0.0
859,"Jones, North Carolina",0.0
860,"Jones, Texas",1.1952755905511812
861,"Judith basin, Montana",0.0
862,"Juneau city and, Alaska",0.0
863,"Juneau, Alaska",0.0
864,"Kalamazoo, Michigan",0.0
865,"Kalkaska, Michigan",0.0
866,"Kanawha, West Virginia",1.15657223796034
867,"Kane, Illinois",0.05093406593406593
868,"Kane, Utah",0.0
869,"Kankakee, Illinois",0.0
870,"Karnes, Texas",1.252
871,"Kauai, Hawaii",0.0
872,"Kaufman, Texas",0.6361028684470819
873,"Kay, Oklahoma",0.6652043010752687
874,"Kearney, Nebraska",0.16666666666666666
875,"Kearny, Kansas",0.7749999999999999
876,"Kenai peninsula, Alaska",0.10434782608695652
877,"Kendall, Illinois",0.0
878,"Kendall, Texas",0.4785276073619631
879,"Kenedy, Texas",0.3333333333333333
880,"Kennebec, Maine",0.0
881,"Kent, Michigan",0.0
882,"Kent, Texas",0.0
883,"Keokuk, Iowa",0.027000000000000003
884,"Kern, California",0.37887323943661977
885,"Kerr, Texas",0.5598187311178249
886,"Kershaw, South Carolina",1.5705479452054794
887,"Ketchikan gateway, Alaska",0.0
888,"Kidder, North Dakota",0.0
889,"Kimball, Nebraska",0.0
890,"Kimble, Texas",0.2384615384615385
891,"King and queen, Virginia",0.0
892,"King george, Virginia",0.0
893,"King william, Virginia",0.0
894,"King, Texas",0.325
895,"Kingfisher, Oklahoma",0.2894736842105263
896,"Kingman, Kansas",0.29333333333333333
897,"Kings, California",2.7299999999999995
898,"Kinney, Texas",0.0
899,"Kiowa, Kansas",0.4779999999999999
900,"Kiowa, Oklahoma",1.452371794871795
901,"Kittson, Minnesota",0.0
902,"Kleberg, Texas",0.1272727272727273
903,"Knox, Illinois",0.03328358208955224
904,"Knox, Maine",0.16956521739130434
905,"Knox, Nebraska",0.0
906,"Knox, Ohio",0.0
907,"Knox, Texas",0.927906976744186
908,"Kodiak island, Alaska",0.030684931506849318
909,"Koochiching, Minnesota",0.0
910,"Kossuth, Iowa",0.0
911,"La paz, Arizona",0.0
912,"La salle, Illinois",0.3
913,"La salle, Louisiana",0.0
914,"La salle, Texas",0.1
915,"Labette, Kansas",0.5597047970479703
916,"Lac qui parle, Minnesota",0.0
917,"Laclede, Missouri",0.0
918,"Lafayette parish, Louisiana",0.0
919,"Lafayette, Arkansas",1.095
920,"Lafayette, Louisiana",0.07476190476190477
921,"Lafayette, Missouri",0.25875420875420874
922,"Lafourche, Louisiana",0.1688888888888889
923,"Lake and peninsula, Alaska",0.0
924,"Lake, California",0.0
925,"Lake, Illinois",0.11422535211267601
926,"Lake, Montana",0.0
927,"Lake, Ohio",0.5633116883116881
928,"Lamar, Texas",0.41075514874141855
929,"Lamb, Texas",0.047619047619047616
930,"Lamoille, Vermont",0.0
931,"Lamoure, North Dakota",0.2643478260869565
932,"Lampasas, Texas",0.15634920634920635
933,"Lancaster, Nebraska",0.0
934,"Lancaster, South Carolina",1.5565263157894735
935,"Lancaster, Virginia",0.0
936,"Lander, Nevada",0.0
937,"Lane, Kansas",0.9475
938,"Lapeer, Michigan",0.0
939,"Lasalle, Illinois",0.32418803418803427
940,"Latimer, Oklahoma",0.13414634146341464
941,"Laurens, South Carolina",0.7392459016393441
942,"Lavaca, Texas",0.6318181818181817
943,"Lawrence county, Arkansas",0.06666666666666667
944,"Lawrence, Arkansas",1.271794871794872
945,"Lawrence, Illinois",0.06666666666666667
946,"Lawrence, Missouri",0.0
947,"Lawrence, Ohio",0.13333333333333336
948,"Le flore, Oklahoma",0.24372759856630824
949,"Lea, New Mexico",0.0
950,"Leavenworth, Kansas",0.37355932203389836
951,"Lee county, South Carolina",0.0
952,"Lee, Arkansas",0.4800000000000001
953,"Lee, Illinois",0.0
954,"Lee, Iowa",0.0
955,"Lee, North Carolina",0.1753086419753086
956,"Lee, South Carolina",0.0
957,"Lee, Texas",0.06595744680851064
958,"Lee, Virginia",0.10526315789473684
959,"Leelanau, Michigan",0.0
960,"Lenawee, Michigan",0.0
961,"Lenoir, North Carolina",0.0
962,"Leon, Texas",0.102803738317757
963,"Lewis and clark, Montana",0.028444444444444446
964,"Lewis, Missouri",0.0
965,"Lewis, New York",0.09027777777777778
966,"Lewis, West Virginia",0.08613138686131386
967,"Lexington county, South Carolina",2.4716666666666662
968,"Lexington, South Carolina",1.3218867924528293
969,"Liberty, Montana",0.01673913043478261
970,"Liberty, Texas",0.0
971,"Licking, Ohio",0.038636363636363635
972,"Limestone, Texas",0.07949999999999999
973,"Lincoln parish, Louisiana",0.0
974,"Lincoln, Arkansas",0.2636363636363636
975,"Lincoln, Kansas",1.4156250000000001
976,"Lincoln, Louisiana",0.15199999999999997
977,"Lincoln, Maine",0.0
978,"Lincoln, Minnesota",0.0
979,"Lincoln, Missouri",0.0
980,"Lincoln, Montana",0.0
981,"Lincoln, Nebraska",0.0
982,"Lincoln, Nevada",0.0
983,"Lincoln, New Mexico",0.06633183856502242
984,"Lincoln, North Carolina",0.0
985,"Lincoln, Oklahoma",0.1292360248447205
986,"Lincoln, West Virginia",0.24578313253012046
987,"Linn, Iowa",0.0034304207119741103
988,"Linn, Kansas",0.4859285714285713
989,"Linn, Missouri",1.164825396825397
990,"Lipscomb, Texas",0.0
991,"Litchfield, Connecticut",0.13076923076923078
992,"Little river, Arkansas",0.16666666666666669
993,"Live oak, Texas",0.2617647058823529
994,"Livingston county, New York",0.0
995,"Livingston parish, Louisiana",0.0
996,"Livingston, Illinois",0.10266666666666668
997,"Livingston, Louisiana",0.17073170731707318
998,"Livingston, Michigan",0.019230769230769232
999,"Livingston, Missouri",0.23105263157894734
1000,"Livingston, New York",0.06005899705014749
1001,"Llano, Texas",0.17529411764705882
1002,"Logan, Arkansas",0.45399999999999996
1003,"Logan, Illinois",0.0
1004,"Logan, Kansas",0.375
1005,"Logan, North Dakota",0.0
1006,"Logan, Ohio",0.059375000000000004
1007,"Logan, Oklahoma",0.2025875
1008,"Logan, West Virginia",0.3617322175732217
1009,"Lonoke, Arkansas",0.32162162162162156
1010,"Lorain, Ohio",0.07438825448613377
1011,"Los alamos, New Mexico",0.27716666666666673
1012,"Los angeles, California",0.07135922330097087
1013,"Loudoun, Virginia",0.013888888888888888
1014,"Louisa, Iowa",0.0
1015,"Louisa, Virginia",0.0
1016,"Love, Oklahoma",0.0
1017,"Loving, Texas",0.0
1018,"Lubbock, Texas",0.6936170212765957
1019,"Lucas, Iowa",0.0
1020,"Lucas, Ohio",0.0574342105263158
1021,"Luna, New Mexico",0.0
1022,"Lunenburg, Virginia",0.0
1023,"Luzerne, Pennsylvania",0.0
1024,"Lynchburg, Virginia",0.0
1025,"Lynn, Texas",0.41395348837209306
1026,"Lyon, Iowa",0.0
1027,"Lyon, Kansas",0.05587096774193547
1028,"Lyon, Minnesota",0.0
1029,"Lyon, Nevada",0.020538922155688623
1030,"Macomb, Michigan",0.0
1031,"Macon, Illinois",0.0
1032,"Macon, Missouri",0.956388888888889
1033,"Macon, North Carolina",0.0
1034,"Macoupin, Illinois",0.026028853454821563
1035,"Madera, California",0.0
1036,"Madison, Illinois",0.0649475890985325
1037,"Madison, Iowa",0.005847953216374269
1038,"Madison, Louisiana",0.0
1039,"Madison, Missouri",0.20401960784313727
1040,"Madison, Montana",0.0
1041,"Madison, Nebraska",0.0
1042,"Madison, New York",0.0
1043,"Madison, North Carolina",0.0
1044,"Madison, Ohio",0.025774647887323945
1045,"Madison, Texas",0.0
1046,"Madison, Virginia",0.0
1047,"Mahaska, Iowa",0.013448275862068966
1048,"Mahoning, Ohio",0.47415294117647033
1049,"Major, Oklahoma",0.0
1050,"Manistee, Michigan",0.0
1051,"Maricopa, Arizona",0.30198019801980197
1052,"Maries, Missouri",0.0
1053,"Marin, California",0.0
1054,"Marion county, Missouri",0.3239583333333333
1055,"Marion, Arkansas",0.8015384615384616
1056,"Marion, Illinois",0.016866028708133973
1057,"Marion, Iowa",0.0
1058,"Marion, Kansas",0.43499999999999994
1059,"Marion, Missouri",0.0
1060,"Marion, Ohio",0.3280373831775701
1061,"Marion, South Carolina",1.1765
1062,"Marion, Texas",0.2436781609195403
1063,"Marion, West Virginia",0.23977695167286245
1064,"Mariposa, California",0.440625
1065,"Marlboro, South Carolina",0.1325221238938053
1066,"Marshall, Illinois",0.060000000000000005
1067,"Marshall, Iowa",0.0
1068,"Marshall, Kansas",0.16699999999999998
1069,"Marshall, Minnesota",0.0
1070,"Marshall, Oklahoma",0.0
1071,"Marshall, West Virginia",0.030303030303030304
1072,"Martin, North Carolina",0.29230769230769227
1073,"Martin, Texas",1.8465909090909087
1074,"Martinsville, Virginia",0.0
1075,"Mason, Illinois",0.0
1076,"Mason, Michigan",0.0
1077,"Mason, Texas",0.0
1078,"Mason, West Virginia",0.036065573770491806
1079,"Massac, Illinois",0.0
1080,"Matagorda, Texas",0.25368421052631585
1081,"Matanuska-susitna, Alaska",0.26166666666666666
1082,"Mathews, Virginia",0.440625
1083,"Maui, Hawaii",0.5338150289017339
1084,"Maverick, Texas",2.0930817610062893
1085,"Mayes, Oklahoma",0.04677403846153846
1086,"Mcclain, Oklahoma",0.40465573770491803
1087,"Mccone, Montana",0.0
1088,"Mccormick, South Carolina",2.2550000000000003
1089,"Mcculloch, Texas",2.7073170731707314
1090,"Mccurtain, Oklahoma",0.22162162162162163
1091,"Mcdonald, Missouri",0.0
1092,"Mcdonough, Illinois",0.1459661835748792
1093,"Mcdowell, North Carolina",0.0
1094,"Mcdowell, West Virginia",0.33957394366197186
1095,"Mchenry, Illinois",0.0
1096,"Mchenry, North Dakota",0.18846153846153846
1097,"Mcintosh, North Dakota",0.0
1098,"Mcintosh, Oklahoma",0.3667910447761194
1099,"Mckenzie, North Dakota",0.0
1100,"Mckinley, New Mexico",0.5614390243902438
1101,"Mclean, Illinois",0.0
1102,"Mclean, North Dakota",0.010758620689655173
1103,"Mclennan, Texas",0.11265678449258838
1104,"Mcminn, Tennessee",0.0
1105,"Mcmullen, Texas",0.0
1106,"Mcpherson, Kansas",0.16999999999999998
1107,"Meade, Kansas",0.35000000000000003
1108,"Meagher, Montana",0.0
1109,"Mecklenburg, North Carolina",0.01728395061728395
1110,"Mecklenburg, Virginia",0.06962025316455696
1111,"Mecosta, Michigan",0.0
1112,"Medina, Ohio",0.09108474576271187
1113,"Medina, Texas",0.0
1114,"Meigs, Ohio",0.0
1115,"Menard, Illinois",0.0
1116,"Menard, Texas",0.0
1117,"Mendocino, California",0.0
1118,"Merced, California",0.74
1119,"Mercer, Illinois",0.0
1120,"Mercer, Missouri",0.0
1121,"Mercer, New Jersey",0.019633779264214044
1122,"Mercer, North Dakota",0.015505617977528089
1123,"Mercer, Ohio",0.05751127819548872
1124,"Mercer, West Virginia",0.18057446808510635
1125,"Merrick, Nebraska",0.0
1126,"Miami, Kansas",0.40802325581395343
1127,"Miami, Ohio",0.06078651685393258
1128,"Middlesex, Connecticut",0.0018604651162790699
1129,"Middlesex, New Jersey",0.06246281499692686
1130,"Middlesex, Virginia",0.0
1131,"Midland, Michigan",0.0
1132,"Midland, Texas",0.7954954954954954
1133,"Milam, Texas",0.29523809523809524
1134,"Millard, Utah",0.0
1135,"Miller, Arkansas",1.123134328358209
1136,"Miller, Missouri",0.0
1137,"Mills, Iowa",0.0
1138,"Mills, Texas",1.5746835443037976
1139,"Mineral, Montana",0.0
1140,"Mineral, Nevada",0.05319148936170213
1141,"Mineral, West Virginia",0.02585034013605442
1142,"Mingo, West Virginia",0.13291139240506328
1143,"Mississippi, Arkansas",0.5222222222222223
1144,"Mississippi, Missouri",0.0
1145,"Missoula, Montana",0.1839080459770115
1146,"Mitchell, Iowa",0.0
1147,"Mitchell, Kansas",1.5165591397849458
1148,"Mitchell, North Carolina",0.025
1149,"Mitchell, Texas",0.0
1150,"Mohave, Arizona",0.0
1151,"Moniteau, Missouri",0.0
1152,"Monmouth, New Jersey",1.2757454453441301
1153,"Mono, California",0.0
1154,"Monona, Iowa",0.0
1155,"Monongalia, West Virginia",0.19687500000000002
1156,"Monroe, Arkansas",1.3499999999999999
1157,"Monroe, Illinois",0.03524229074889868
1158,"Monroe, Iowa",0.12708333333333333
1159,"Monroe, Michigan",0.07627118644067797
1160,"Monroe, Missouri",0.28259259259259256
1161,"Monroe, New York",0.059487179487179485
1162,"Monroe, Ohio",0.0
1163,"Monroe, West Virginia",0.16742592592592592
1164,"Montague, Texas",0.36808510638297876
1165,"Montcalm, Michigan",0.0
1166,"Monterey, California",0.5333333333333333
1167,"Montgomery, Arkansas",0.9212121212121211
1168,"Montgomery, Illinois",0.010177111716621253
1169,"Montgomery, Iowa",0.0
1170,"Montgomery, Kansas",0.5434519572953735
1171,"Montgomery, Missouri",0.5465999999999999
1172,"Montgomery, New York",0.06294820717131475
1173,"Montgomery, North Carolina",0.0
1174,"Montgomery, Ohio",0.07079850746268657
1175,"Montgomery, Texas",0.0018387553041018388
1176,"Montgomery, Virginia",0.017468354430379744
1177,"Montmorency, Michigan",0.0
1178,"Moore county, Texas",0.0
1179,"Moore, North Carolina",0.18783783783783783
1180,"Moore, Texas",0.0
1181,"Mora, New Mexico",0.008358974358974359
1182,"Morehouse, Louisiana",0.0
1183,"Morgan, Illinois",0.0
1184,"Morgan, Missouri",0.0
1185,"Morgan, Ohio",0.047954545454545465
1186,"Morgan, Utah",0.0
1187,"Morgan, West Virginia",0.09183673469387756
1188,"Morrill, Nebraska",0.69
1189,"Morris, Kansas",0.8363636363636364
1190,"Morris, New Jersey",0.019813653928724775
1191,"Morris, Texas",0.14727272727272728
1192,"Morrow, Ohio",0.0
1193,"Morton, Kansas",0.25666666666666665
1194,"Morton, North Dakota",0.01688172043010753
1195,"Motley, Texas",0.7652173913043478
1196,"Moultrie, Illinois",0.0
1197,"Mountrail, North Dakota",0.13558333333333333
1198,"Mower, Minnesota",0.0
1199,"Murray, Minnesota",0.0
1200,"Murray, Oklahoma",0.21211267605633805
1201,"Muscatine, Iowa",0.0
1202,"Muskegon, Michigan",0.0
1203,"Muskingum, Ohio",0.09301219512195123
1204,"Muskogee, Oklahoma",0.14400925925925925
1205,"Musselshell, Montana",0.9074999999999999
1206,"Nacogdoches, Texas",0.37258064516129036
1207,"Napa, California",0.019402985074626865
1208,"Nash, North Carolina",0.14333333333333334
1209,"Nassau, New York",0.0
1210,"Natchitoches, Louisiana",0.14748091603053434
1211,"Navajo, Arizona",0.0
1212,"Navarro, Texas",0.6391256830601095
1213,"Nelson, North Dakota",0.0
1214,"Nelson, Virginia",0.0
1215,"Nemaha, Kansas",0.3511764705882353
1216,"Nemaha, Nebraska",0.0
1217,"Neosho, Kansas",0.6922131147540982
1218,"Ness, Kansas",1.5394594594594593
1219,"Nevada county, Arkansas",0.0
1220,"Nevada, Arkansas",0.6896551724137931
1221,"Nevada, California",0.0
1222,"New hanover, North Carolina",0.3947033898305085
1223,"New haven, Connecticut",0.605
1224,"New kent, Virginia",0.0
1225,"New london, Connecticut",0.11920152091254753
1226,"New madrid, Missouri",0.0
1227,"New york, New York",0.0
1228,"Newaygo, Michigan",0.0
1229,"Newberry, South Carolina",1.8160583941605837
1230,"Newport news city, Virginia",0.0
1231,"Newport news, Virginia",1.625
1232,"Newport, Rhode Island",0.0
1233,"Newton county, Arkansas",0.0
1234,"Newton, Arkansas",0.08
1235,"Newton, Missouri",0.48134228187919464
1236,"Newton, Texas",0.0
1237,"Niagara, New York",0.013815602836879434
1238,"Nicholas, West Virginia",0.05766871165644172
1239,"Nicollet, Minnesota",0.0
1240,"Noble, Ohio",0.05022352941176471
1241,"Noble, Oklahoma",0.3055555555555556
1242,"Nobles, Minnesota",0.0
1243,"Nodaway, Missouri",0.9590625
1244,"Nolan, Texas",0.47021276595744677
1245,"Nome, Alaska",0.5724404761904762
1246,"Norfolk, Virginia",0.0
1247,"North slope, Alaska",0.02440677966101695
1248,"Northampton, North Carolina",0.014492753623188406
1249,"Northampton, Virginia",0.5393939393939395
1250,"Northumberland, Virginia",0.08846153846153845
1251,"Northwest arctic borough, Alaska",0.0
1252,"Northwest arctic, Alaska",0.03471074380165289
1253,"Norton, Kansas",2.7609090909090908
1254,"Norton, Virginia",0.0
1255,"Nottoway, Virginia",0.0
1256,"Nowata, Oklahoma",0.552141414141414
1257,"Nuckolls, Nebraska",0.0
1258,"Nueces, Texas",0.9000000000000004
1259,"Nye, Nevada",0.016666666666666666
1260,"O'brien, Iowa",0.0
1261,"Oakland, Michigan",0.0
1262,"Obrien, Iowa",0.0
1263,"Ocean, New Jersey",0.36751359516616317
1264,"Ochiltree, Texas",0.0
1265,"Oconee, South Carolina",0.5265695792880261
1266,"Ogemaw, Michigan",0.0
1267,"Ogle, Illinois",0.0
1268,"Ohio, West Virginia",0.4305389221556887
1269,"Okfuskee, Oklahoma",0.14838709677419354
1270,"Oklahoma, Oklahoma",0.2484105865522174
1271,"Okmulgee, Oklahoma",0.015009756097560976
1272,"Oldham, Texas",0.0
1273,"Oliver, North Dakota",0.0
1274,"Olmsted, Minnesota",0.0
1275,"Oneida, New York",0.09426751592356687
1276,"Onondaga, New York",0.09071856287425151
1277,"Onslow, North Carolina",0.6446991404011462
1278,"Ontario county, New York",0.0
1279,"Ontario, New York",0.3555588235294116
1280,"Orange, California",0.13826923076923076
1281,"Orange, New York",0.02377456049638056
1282,"Orange, North Carolina",0.29748427672955974
1283,"Orange, Texas",0.2020771513353116
1284,"Orange, Vermont",0.0
1285,"Orange, Virginia",0.034931506849315064
1286,"Orangeburg, South Carolina",0.550735294117647
1287,"Oregon, Missouri",0.0
1288,"Orleans, Louisiana",0.0
1289,"Orleans, New York",0.29856115107913667
1290,"Orleans, Vermont",0.0
1291,"Osage, Kansas",0.27491803278688526
1292,"Osage, Missouri",0.0
1293,"Osage, Oklahoma",0.14615270935960592
1294,"Osborne, Kansas",1.5905555555555555
1295,"Osceola, Iowa",0.037037037037037035
1296,"Osceola, Michigan",0.0
1297,"Oswego, New York",0.10552845528455286
1298,"Otero, New Mexico",0.20317254901960788
1299,"Otoe, Nebraska",0.0
1300,"Otsego, Michigan",0.0
1301,"Otsego, New York",0.04005
1302,"Ottawa, Kansas",0.3507142857142857
1303,"Ottawa, Michigan",0.0
1304,"Ottawa, Ohio",0.13076923076923078
1305,"Ottawa, Oklahoma",0.0
1306,"Otter tail, Minnesota",0.0
1307,"Ouachita, Arkansas",1.6228295819935694
1308,"Ouachita, Louisiana",0.2778512396694215
1309,"Owen, Kentucky",0.0
1310,"Oxford, Maine",0.0
1311,"Ozark, Missouri",0.0
1312,"Page, Iowa",0.2925
1313,"Page, Virginia",0.0
1314,"Palo alto, Iowa",0.0
1315,"Palo pinto, Texas",1.4591603053435116
1316,"Pamlico, North Carolina",0.3111111111111111
1317,"Panola, Texas",0.5737609329446064
1318,"Park, Montana",0.024444444444444446
1319,"Parker, Texas",0.29275618374558304
1320,"Parmer, Texas",0.0
1321,"Pasquotank, North Carolina",0.28095238095238095
1322,"Passaic, New Jersey",0.018598936170212767
1323,"Patrick, Virginia",0.0
1324,"Paulding, Ohio",0.08333333333333333
1325,"Pawnee, Kansas",0.9490000000000001
1326,"Pawnee, Oklahoma",0.2537939393939394
1327,"Payne, Oklahoma",0.11040540540540537
1328,"Pecos, Texas",0.0
1329,"Pembina, North Dakota",0.014722222222222223
1330,"Pemiscot, Missouri",0.0
1331,"Pender, North Carolina",0.22970297029702966
1332,"Pendleton, West Virginia",0.04660194174757282
1333,"Penobscot, Maine",0.0
1334,"Peoria, Illinois",0.2194214876033058
1335,"Perkins, Nebraska",0.0
1336,"Perquimans, North Carolina",0.2328947368421053
1337,"Perry county, Arkansas",0.5347826086956521
1338,"Perry, Arkansas",0.6
1339,"Perry, Illinois",0.0
1340,"Perry, Missouri",0.07349056603773584
1341,"Perry, Ohio",0.07855124653739613
1342,"Pershing, Nevada",0.0
1343,"Person, North Carolina",0.17758620689655175
1344,"Petersburg, Alaska",0.0
1345,"Petersburg, Virginia",0.3648717948717949
1346,"Petroleum, Montana",0.0
1347,"Pettis, Missouri",0.0
1348,"Phelps, Missouri",0.0
1349,"Phillips, Arkansas",0.35000000000000003
1350,"Phillips, Kansas",0.595
1351,"Phillips, Montana",0.4466666666666667
1352,"Piatt, Illinois",0.0
1353,"Pickaway, Ohio",0.042753623188405795
1354,"Pickens, South Carolina",1.233422818791946
1355,"Pierce, North Dakota",0.0
1356,"Pike, Arkansas",0.3470967741935484
1357,"Pike, Illinois",0.0
1358,"Pike, Missouri",0.5889175257731958
1359,"Pike, Ohio",0.226
1360,"Pima, Arizona",0.0
1361,"Pinal, Arizona",0.9500000000000001
1362,"Pine, Minnesota",0.0
1363,"Pipestone, Minnesota",0.0
1364,"Piscataquis, Maine",0.0
1365,"Pitt, North Carolina",0.08672566371681417
1366,"Pittsburg, Oklahoma",0.13984168865435356
1367,"Pittsylvania, Virginia",0.07750759878419454
1368,"Piute, Utah",0.0
1369,"Placer, California",0.0
1370,"Plaquemines, Louisiana",0.24378698224852077
1371,"Platte, Missouri",0.3096774193548387
1372,"Platte, Nebraska",0.0
1373,"Pleasants, West Virginia",0.0
1374,"Plumas, California",0.0
1375,"Plymouth, Iowa",0.0
1376,"Pocahontas, Iowa",0.0
1377,"Pocahontas, West Virginia",0.038461538461538464
1378,"Poinsett, Arkansas",1.5772727272727272
1379,"Pointe coupee parish, Louisiana",0.0
1380,"Pointe coupee, Louisiana",0.0
1381,"Polk, Arkansas",0.4230769230769231
1382,"Polk, Iowa",0.00717357910906298
1383,"Polk, Missouri",0.0
1384,"Polk, North Carolina",0.11764705882352941
1385,"Polk, Texas",0.28486238532110086
1386,"Pondera, Montana",0.23770491803278687
1387,"Pontotoc, Oklahoma",0.0
1388,"Pope, Arkansas",0.40294117647058814
1389,"Pope, Illinois",0.0
1390,"Portage, Ohio",0.13148599670510705
1391,"Portsmouth, Virginia",0.0
1392,"Pottawatomie, Kansas",0.3415079365079366
1393,"Pottawatomie, Oklahoma",0.26404469273743014
1394,"Pottawattamie, Iowa",0.01694267515923567
1395,"Potter, Texas",0.44193548387096776
1396,"Powder river, Montana",0.0
1397,"Powell, Montana",0.0
1398,"Poweshiek, Iowa",0.019296874999999998
1399,"Powhatan, Virginia",0.0
1400,"Prairie, Arkansas",2.0100000000000002
1401,"Pratt, Kansas",0.45444444444444443
1402,"Preble, Ohio",0.1088108108108108
1403,"Presidio, Texas",0.0
1404,"Presque isle, Michigan",0.0
1405,"Preston, West Virginia",0.07500000000000001
1406,"Prince edward, Virginia",0.0
1407,"Prince george, Virginia",0.37049180327868847
1408,"Prince of wales-hyder, Alaska",0.0
1409,"Prince william, Virginia",0.01098901098901099
1410,"Pulaski, Arkansas",0.4006160164271046
1411,"Pulaski, Illinois",0.0
1412,"Pulaski, Missouri",0.0
1413,"Pulaski, Virginia",0.23429951690821252
1414,"Pushmataha, Oklahoma",0.1956521739130435
1415,"Putnam, Illinois",0.308125
1416,"Putnam, Missouri",0.3957894736842105
1417,"Putnam, New York",0.6853703703703704
1418,"Putnam, Ohio",0.2965923913043479
1419,"Putnam, West Virginia",0.062400000000000004
1420,"Quay, New Mexico",0.0
1421,"Radford, Virginia",0.017857142857142856
1422,"Rains, Texas",1.3058823529411763
1423,"Raleigh, West Virginia",0.05427184466019418
1424,"Ramsey, Minnesota",0.0
1425,"Ramsey, North Dakota",0.0
1426,"Randall, Texas",0.15985401459854015
1427,"Randolph, Arkansas",0.4948717948717948
1428,"Randolph, Illinois",0.008983050847457626
1429,"Randolph, Missouri",0.5003703703703704
1430,"Randolph, North Carolina",0.14757709251101322
1431,"Randolph, West Virginia",0.0803030303030303
1432,"Ransom, North Dakota",0.03794871794871795
1433,"Rapides, Louisiana",0.027868852459016394
1434,"Rappahannock, Virginia",0.0
1435,"Ravalli, Montana",0.0
1436,"Rawlins, Kansas",1.2758823529411765
1437,"Ray, Missouri",0.0
1438,"Reagan, Texas",0.0
1439,"Real, Texas",0.0
1440,"Red river, Louisiana",0.13877551020408163
1441,"Red river, Texas",0.8483870967741937
1442,"Red willow, Nebraska",0.7144444444444444
1443,"Redwood, Minnesota",0.0
1444,"Reeves, Texas",0.0
1445,"Refugio, Texas",0.0
1446,"Reno, Kansas",0.3323404255319149
1447,"Rensselaer, New York",0.03612565445026178
1448,"Renville, North Dakota",0.0
1449,"Republic, Kansas",0.8743750000000001
1450,"Reynolds, Missouri",0.0
1451,"Rice, Kansas",0.3158823529411765
1452,"Rich, Utah",0.0
1453,"Richardson, Nebraska",0.0
1454,"Richland, Illinois",0.026582278481012658
1455,"Richland, Louisiana",0.0
1456,"Richland, Montana",0.16526315789473683
1457,"Richland, North Dakota",0.0
1458,"Richland, Ohio",0.14302868852459016
1459,"Richland, South Carolina",0.9781762917933132
1460,"Richmond, North Carolina",0.37115384615384617
1461,"Richmond, Virginia",0.0
1462,"Riley, Kansas",0.5519230769230768
1463,"Ringgold, Iowa",0.011904761904761904
1464,"Rio arriba, New Mexico",0.07598421052631582
1465,"Ripley, Missouri",0.0
1466,"Ritchie, West Virginia",0.136
1467,"Riverside, California",0.7561728395061729
1468,"Roane, West Virginia",0.17464788732394368
1469,"Roanoke, Virginia",0.0
1470,"Roberts, Texas",0.0
1471,"Robertson, Texas",0.0
1472,"Robeson, North Carolina",0.0
1473,"Rock island, Illinois",0.0
1474,"Rock, Minnesota",0.0
1475,"Rock, Nebraska",0.0
1476,"Rockbridge, Virginia",0.06440677966101695
1477,"Rockingham, North Carolina",0.3333333333333333
1478,"Rockingham, Virginia",0.0
1479,"Rockland, New York",0.022675736961451247
1480,"Rockwall, Texas",0.2601503759398495
1481,"Roger mills, Oklahoma",0.7586206896551724
1482,"Rogers, Oklahoma",0.1760606694560669
1483,"Rolette, North Dakota",0.06823529411764706
1484,"Rooks, Kansas",1.6254838709677417
1485,"Roosevelt, Montana",0.2559090909090909
1486,"Roosevelt, New Mexico",0.0
1487,"Rosebud, Montana",0.019518072289156627
1488,"Ross, Ohio",0.0
1489,"Rowan county, North Carolina",1.6666666666666667
1490,"Rowan, North Carolina",0.15948275862068967
1491,"Runnels, Texas",2.161490683229814
1492,"Rush, Kansas",0.8966666666666667
1493,"Rusk, Texas",0.15454545454545454
1494,"Russell, Kansas",1.2044230769230768
1495,"Russell, Virginia",0.013450292397660818
1496,"Rutherford, North Carolina",0.0
1497,"Rutland, Vermont",0.007058823529411765
1498,"Sabine, Louisiana",0.09914027149321267
1499,"Sabine, Texas",0.6404129793510323
1500,"Sac, Iowa",0.03125
1501,"Sacramento, California",0.0
1502,"Sagadahoc, Maine",0.0
1503,"Saginaw, Michigan",0.0
1504,"Saint bernard, Louisiana",0.0
1505,"Saint charles, Missouri",0.0
1506,"Saint clair, Michigan",0.0
1507,"Saint francois, Missouri",0.25
1508,"Saint james, Louisiana",0.0
1509,"Saint joseph, Michigan",0.0
1510,"Saint landry, Louisiana",0.0
1511,"Saint lawrence, New York",0.1724137931034483
1512,"Saint louis, Missouri",0.0
1513,"Saint tammany, Louisiana",0.0
1514,"Sainte genevieve, Missouri",0.0
1515,"Salem, New Jersey",0.10978901734104053
1516,"Salem, Virginia",0.0
1517,"Saline county, Arkansas",0.4662921348314608
1518,"Saline, Arkansas",0.38248587570621473
1519,"Saline, Illinois",0.0
1520,"Saline, Kansas",1.1986065573770488
1521,"Saline, Missouri",1.1807142857142858
1522,"Saline, Nebraska",0.0
1523,"Salt lake, Utah",0.0
1524,"Saluda, South Carolina",0.5723076923076923
1525,"Sampson, North Carolina",0.9855072463768116
1526,"San augustine, Texas",0.14105263157894737
1527,"San benito, California",0.5125
1528,"San bernardino, California",0.0
1529,"San diego, California",0.1912761020881671
1530,"San francisco, California",0.0
1531,"San jacinto, Texas",0.012222222222222223
1532,"San joaquin, California",0.04
1533,"San juan, New Mexico",0.43098245614035074
1534,"San juan, Utah",0.0
1535,"San luis obispo, California",0.0
1536,"San mateo, California",0.0
1537,"San miguel, New Mexico",0.1597982062780269
1538,"San patricio, Texas",0.6097938144329897
1539,"San saba, Texas",0.0
1540,"Sanders, Montana",0.0
1541,"Sandoval, New Mexico",3.9756024096385536
1542,"Sandusky, Ohio",0.15031055900621118
1543,"Sangamon, Illinois",0.08450980392156861
1544,"Sanilac, Michigan",0.0
1545,"Sanpete, Utah",0.0
1546,"Santa barbara, California",0.0
1547,"Santa clara, California",0.15588235294117647
1548,"Santa cruz, Arizona",0.0
1549,"Santa cruz, California",0.0
1550,"Santa fe, New Mexico",0.14564864864864868
1551,"Saratoga, New York",0.07808105872622001
1552,"Sargent, North Dakota",0.0
1553,"Sarpy, Nebraska",0.08549999999999999
1554,"Saunders, Nebraska",0.0
1555,"Schenectady, New York",0.015625
1556,"Schleicher, Texas",0.0
1557,"Schoharie, New York",0.2783193277310924
1558,"Schoolcraft, Michigan",0.0
1559,"Schuyler, Illinois",0.0
1560,"Schuyler, New York",0.9913913043478262
1561,"Scioto, Ohio",0.04740740740740741
1562,"Scotland, Missouri",0.3396808510638297
1563,"Scotland, North Carolina",0.0
1564,"Scott, Arkansas",0.6148148148148147
1565,"Scott, Illinois",0.0
1566,"Scott, Iowa",0.00631578947368421
1567,"Scott, Kansas",0.365
1568,"Scott, Minnesota",0.0
1569,"Scott, Missouri",0.0
1570,"Scott, Virginia",0.016600790513833993
1571,"Scotts bluff, Nebraska",0.0
1572,"Scurry, Texas",1.773913043478261
1573,"Searcy, Arkansas",0.28888888888888886
1574,"Sebastian, Arkansas",0.525561797752809
1575,"Sedgwick, Kansas",0.6200393700787404
1576,"Seminole, Oklahoma",0.2833333333333333
1577,"Seneca, New York",0.14819277108433734
1578,"Seneca, Ohio",0.45744680851063835
1579,"Sequoyah, Oklahoma",0.128099173553719
1580,"Sevier, Arkansas",0.0
1581,"Sevier, Utah",0.0
1582,"Seward, Kansas",0.125625
1583,"Seward, Nebraska",0.0
1584,"Shackelford, Texas",1.1857142857142853
1585,"Shannon, Missouri",0.0
1586,"Sharp county, Arkansas",1.6
1587,"Sharp, Arkansas",0.0
1588,"Shasta, California",0.0
1589,"Shawnee, Kansas",0.3793103448275862
1590,"Shelby, Illinois",0.6375
1591,"Shelby, Iowa",0.029411764705882353
1592,"Shelby, Missouri",1.076595744680851
1593,"Shelby, Ohio",0.0959904306220096
1594,"Shelby, Texas",1.2782089552238804
1595,"Shenandoah, Virginia",0.0071428571428571435
1596,"Sheridan, Kansas",0.2325
1597,"Sheridan, Montana",0.0
1598,"Sheridan, North Dakota",0.0
1599,"Sherman, Kansas",0.365
1600,"Sherman, Texas",0.0
1601,"Shiawassee, Michigan",0.0
1602,"Sierra, California",0.0
1603,"Sierra, New Mexico",0.17146666666666668
1604,"Silver bow, Montana",0.115
1605,"Silverbow, Montana",0.005698005698005698
1606,"Sioux, Iowa",0.0
1607,"Sioux, North Dakota",1.910909090909091
1608,"Siskiyou, California",0.0
1609,"Sitka city and, Alaska",0.0
1610,"Slope, North Dakota",0.0
1611,"Smith, Kansas",2.003548387096774
1612,"Smith, Texas",0.24705174488567982
1613,"Smyth, Virginia",0.04433656957928803
1614,"Socorro, New Mexico",0.06704166666666667
1615,"Solano, California",0.35555555555555557
1616,"Somerset, Maine",0.0
1617,"Somerset, New Jersey",0.07766700924974305
1618,"Somervell, Texas",0.0
1619,"Sonoma, California",0.0
1620,"Southampton, Virginia",0.0
1621,"Southeast fairbanks census area, Alaska",0.0
1622,"Southeast fairbanks, Alaska",0.0
1623,"Spartanburg, South Carolina",1.0602968460111313
1624,"Spotsylvania, Virginia",0.0
1625,"St clair, Illinois",0.0
1626,"St helena, Louisiana",0.0
1627,"St john the baptist, Louisiana",0.0
1628,"St landry, Louisiana",0.0
1629,"St lawrence, New York",0.0
1630,"St tammany, Louisiana",0.0
1631,"St. bernard, Louisiana",0.0
1632,"St. charles, Louisiana",0.2711267605633803
1633,"St. charles, Missouri",0.0
1634,"St. clair county, Missouri",0.0
1635,"St. clair, Illinois",0.06313725490196079
1636,"St. clair, Michigan",0.0
1637,"St. clair, Missouri",0.0
1638,"St. francis, Arkansas",0.25999999999999995
1639,"St. francois, Missouri",0.0
1640,"St. helena, Louisiana",0.0
1641,"St. james, Louisiana",0.009805825242718447
1642,"St. john the baptist parish, Louisiana",0.0
1643,"St. john the baptist, Louisiana",0.0
1644,"St. joseph, Michigan",0.0
1645,"St. landry, Louisiana",0.08333333333333333
1646,"St. lawrence, New York",0.07311111111111111
1647,"St. louis, Minnesota",0.0
1648,"St. louis, Missouri",0.0
1649,"St. martin parish, Louisiana",0.0
1650,"St. martin, Louisiana",0.2818181818181818
1651,"St. mary parish, Louisiana",0.6444444444444445
1652,"St. mary, Louisiana",0.24255434782608698
1653,"St. tammany parish, Louisiana",0.0
1654,"St. tammany, Louisiana",0.005917159763313609
1655,"Stafford, Kansas",0.534
1656,"Stafford, Virginia",0.0
1657,"Stanislaus, California",0.0
1658,"Stanly, North Carolina",0.5876777251184834
1659,"Stanton, Kansas",0.0
1660,"Stanton, Nebraska",0.0
1661,"Stark, Illinois",0.0
1662,"Stark, North Dakota",0.09258620689655173
1663,"Stark, Ohio",0.11815476190476192
1664,"Starr, Texas",1.4269841269841272
1665,"Ste. genevieve, Missouri",0.0
1666,"Stearns, Minnesota",0.0
1667,"Steele, North Dakota",0.0
1668,"Stephens, Oklahoma",0.811060606060606
1669,"Stephens, Texas",1.5701754385964917
1670,"Stephenson, Illinois",0.2956716417910448
1671,"Sterling, Texas",0.0
1672,"Steuben, New York",0.09222222222222223
1673,"Stevens, Kansas",0.16
1674,"Stillwater, Montana",0.20380952380952383
1675,"Stoddard, Missouri",0.0
1676,"Stokes, North Carolina",0.06172839506172839
1677,"Stone, Arkansas",1.9478260869565218
1678,"Stone, Missouri",0.0
1679,"Stonewall, Texas",0.575
1680,"Storey, Nevada",0.0
1681,"Story, Iowa",0.0
1682,"Stutsman, North Dakota",0.0
1683,"Suffolk, New York",0.04253012048192771
1684,"Sullivan, Missouri",0.15921875
1685,"Sullivan, New York",0.052183622828784124
1686,"Summers, West Virginia",0.14666666666666667
1687,"Summit, Ohio",0.20178048780487806
1688,"Summit, Utah",0.0
1689,"Sumner, Kansas",0.6283870967741935
1690,"Sumter, South Carolina",0.07203389830508475
1691,"Surry, North Carolina",0.42391304347826086
1692,"Surry, Virginia",0.0
1693,"Sussex, New Jersey",0.027401844090528083
1694,"Sussex, Virginia",0.0
1695,"Sutter, California",0.0
1696,"Sutton, Texas",0.0
1697,"Swain, North Carolina",0.45454545454545453
1698,"Sweet grass, Montana",0.0
1699,"Swift, Minnesota",0.0
1700,"Swisher, Texas",0.0
1701,"Tama, Iowa",0.02125
1702,"Taney, Missouri",0.19347305389221559
1703,"Tangipahoa parish, Louisiana",0.0
1704,"Tangipahoa, Louisiana",0.0
1705,"Taos, New Mexico",0.1168796992481203
1706,"Tarrant, Texas",0.4587576374745422
1707,"Taylor, Iowa",0.051666666666666666
1708,"Taylor, Texas",0.874065420560748
1709,"Taylor, West Virginia",0.05833333333333333
1710,"Tazewell, Illinois",0.014705882352941176
1711,"Tazewell, Virginia",0.017257683215130024
1712,"Tensas, Louisiana",0.0
1713,"Terrebonne, Louisiana",0.08386861313868613
1714,"Terrell, Texas",0.0
1715,"Terry, Texas",0.13666666666666666
1716,"Teton, Montana",0.04583333333333334
1717,"Texas, Missouri",0.0
1718,"Texas, Oklahoma",0.0
1719,"Thayer, Nebraska",0.0
1720,"Thomas, Kansas",0.2816666666666667
1721,"Thomas, Nebraska",0.0
1722,"Throckmorton, Texas",2.96764705882353
1723,"Thurston, Nebraska",0.0
1724,"Tillman, Oklahoma",1.351853448275862
1725,"Tioga, New York",0.014473684210526317
1726,"Titus, Texas",0.480357142857143
1727,"Todd, Minnesota",0.0
1728,"Tolland, Connecticut",0.02402826855123675
1729,"Tom green, Texas",0.8374449339207047
1730,"Tompkins, New York",0.05338942307692308
1731,"Tooele, Utah",0.0
1732,"Toole, Montana",1.7506153846153845
1733,"Torrance, New Mexico",0.05395
1734,"Towner, North Dakota",0.31000000000000005
1735,"Traill, North Dakota",0.05789473684210527
1736,"Transylvania, North Carolina",0.11688311688311688
1737,"Travis, Texas",0.13042121684867392
1738,"Treasure, Montana",0.2375
1739,"Trego, Kansas",0.618
1740,"Trinity, Texas",0.773076923076923
1741,"Trumbull, Ohio",0.09915837696335077
1742,"Tucker, West Virginia",0.06076923076923077
1743,"Tulsa, Oklahoma",0.08511296296296296
1744,"Tuolumne, California",0.0
1745,"Tuscarawas, Ohio",0.0810126582278481
1746,"Tuscola, Michigan",0.0
1747,"Tyler, Texas",0.0
1748,"Tyler, West Virginia",0.02530120481927711
1749,"Tyrrell, North Carolina",0.59
1750,"Uintah, Utah",0.0
1751,"Ulster, New York",0.04116225546605293
1752,"Union parish, Louisiana",0.21052631578947367
1753,"Union, Arkansas",1.0821678321678323
1754,"Union, Illinois",0.0
1755,"Union, Iowa",0.0
1756,"Union, Louisiana",0.3066875
1757,"Union, New Jersey",0.009883720930232558
1758,"Union, New Mexico",0.06771428571428571
1759,"Union, North Carolina",0.6264957264957265
1760,"Union, Ohio",0.12479338842975206
1761,"Union, South Carolina",2.921410788381742
1762,"Unknown, South Carolina",0.0
1763,"Upshur, Texas",0.20578034682080926
1764,"Upshur, West Virginia",0.021249999999999998
1765,"Upton, Texas",0.4
1766,"Utah, Utah",0.0
1767,"Uvalde, Texas",0.0
1768,"Val verde, Texas",0.15090909090909088
1769,"Valdez-cordova, Alaska",0.0
1770,"Valencia, New Mexico",0.6606875
1771,"Valley, Montana",0.1088888888888889
1772,"Van buren, Arkansas",0.3040816326530612
1773,"Van buren, Iowa",0.0
1774,"Van buren, Michigan",0.0
1775,"Van wert, Ohio",0.075
1776,"Van zandt, Texas",1.0505976095617529
1777,"Vance, North Carolina",0.42909090909090913
1778,"Vermilion, Illinois",0.0
1779,"Vermilion, Louisiana",0.09824561403508772
1780,"Vernon, Louisiana",0.0
1781,"Vernon, Missouri",0.0
1782,"Victoria, Texas",0.5285714285714286
1783,"Vinton, Ohio",0.018518518518518517
1784,"Virginia beach, Virginia",0.14
1785,"Wabash, Illinois",0.0
1786,"Wabaunsee, Kansas",0.24479452054794523
1787,"Wade hampton, Alaska",0.13853932584269663
1788,"Wagoner, Oklahoma",0.053293650793650796
1789,"Wake, North Carolina",0.19461864406779655
1790,"Waldo, Maine",0.0
1791,"Walker, Texas",0.23703703703703707
1792,"Wallace, Kansas",0.16666666666666666
1793,"Waller, Texas",0.0
1794,"Walsh, North Dakota",0.0
1795,"Wapello, Iowa",0.01963636363636364
1796,"Ward, North Dakota",0.35914438502673796
1797,"Ward, Texas",0.0
1798,"Warren, Illinois",0.0
1799,"Warren, Iowa",0.0
1800,"Warren, Missouri",0.0
1801,"Warren, New Jersey",0.02513418079096045
1802,"Warren, New York",0.018564356435643563
1803,"Warren, North Carolina",0.0
1804,"Warren, Ohio",0.15552486187845305
1805,"Warren, Virginia",0.0
1806,"Wasatch, Utah",0.0
1807,"Washington county, Arkansas",0.4725190839694656
1808,"Washington parish, Louisiana",0.0
1809,"Washington, Arkansas",0.13611111111111113
1810,"Washington, Illinois",0.12530864197530867
1811,"Washington, Iowa",0.0
1812,"Washington, Kansas",0.25263157894736843
1813,"Washington, Louisiana",0.0
1814,"Washington, Maine",0.0
1815,"Washington, Minnesota",0.0
1816,"Washington, Missouri",0.0
1817,"Washington, Nebraska",0.06766666666666667
1818,"Washington, New York",0.1425655976676385
1819,"Washington, North Carolina",0.5473684210526315
1820,"Washington, Ohio",0.075
1821,"Washington, Oklahoma",0.008991150442477877
1822,"Washington, Texas",0.323404255319149
1823,"Washington, Utah",0.0
1824,"Washington, Vermont",0.01263157894736842
1825,"Washington, Virginia",0.0
1826,"Washita, Oklahoma",0.0
1827,"Washoe, Nevada",0.0037043054427294887
1828,"Washtenaw, Michigan",0.0
1829,"Watauga, North Carolina",0.5795698924731183
1830,"Watonwan, Minnesota",0.13
1831,"Wayne, Illinois",0.0
1832,"Wayne, Iowa",0.02455223880597015
1833,"Wayne, Michigan",0.0
1834,"Wayne, Missouri",0.06586206896551725
1835,"Wayne, Nebraska",0.0
1836,"Wayne, New York",0.2728676470588236
1837,"Wayne, North Carolina",0.6216216216216216
1838,"Wayne, Ohio",0.1804694835680751
1839,"Wayne, Utah",0.0
1840,"Wayne, West Virginia",0.5466896551724141
1841,"Waynesboro city, Virginia",0.0
1842,"Webb county, Texas",0.7343749999999999
1843,"Webb, Texas",1.4268292682926829
1844,"Weber, Utah",0.0
1845,"Webster, Iowa",0.058823529411764705
1846,"Webster, Louisiana",0.1515873015873016
1847,"Webster, Missouri",0.0
1848,"Webster, West Virginia",0.09214285714285715
1849,"Wells, North Dakota",0.0
1850,"West baton rouge, Louisiana",0.338125
1851,"West carroll parish, Louisiana",0.0
1852,"West carroll, Louisiana",0.0
1853,"West feliciana, Louisiana",0.0
1854,"Westchester, New York",0.028598937583001322
1855,"Westmoreland, Virginia",0.0
1856,"Wetzel, West Virginia",0.16853932584269665
1857,"Wexford, Michigan",0.0
1858,"Wharton, Texas",0.0
1859,"Wheatland, Montana",0.0
1860,"Wheeler, Texas",0.0
1861,"White pine, Nevada",0.0
1862,"White, Arkansas",0.4056338028169015
1863,"White, Illinois",0.0
1864,"Whiteside, Illinois",0.0
1865,"Wichita, Kansas",1.5499999999999998
1866,"Wichita, Texas",0.5029661016949153
1867,"Wilbarger, Texas",0.17419354838709675
1868,"Wilkes, North Carolina",1.2881355932203389
1869,"Will, Illinois",0.09422018348623853
1870,"Willacy county, Texas",1.0150000000000001
1871,"Willacy, Texas",0.2945945945945946
1872,"Williams, North Dakota",0.10096774193548387
1873,"Williams, Ohio",0.0
1874,"Williamsburg, South Carolina",3.652432432432432
1875,"Williamson, Illinois",0.009294320137693633
1876,"Williamson, Texas",0.09307036247334755
1877,"Wilson, Kansas",0.6977519379844961
1878,"Wilson, North Carolina",0.0
1879,"Wilson, Texas",0.0
1880,"Winchester, Virginia",0.0
1881,"Windham, Connecticut",0.1536945812807882
1882,"Windham, Vermont",0.037620578778135044
1883,"Windsor, Vermont",0.13798780487804876
1884,"Winkler, Texas",0.0
1885,"Winn, Louisiana",0.3243373493975904
1886,"Winnebago, Illinois",0.0
1887,"Winnebago, Iowa",0.0
1888,"Winneshiek, Iowa",0.19125
1889,"Winona, Minnesota",0.0
1890,"Wirt, West Virginia",0.0
1891,"Wise, Texas",0.2914948453608248
1892,"Wise, Virginia",0.02206896551724138
1893,"Wood, Ohio",0.1103585657370518
1894,"Wood, Texas",0.20590909090909096
1895,"Wood, West Virginia",0.0891304347826087
1896,"Woodbury, Iowa",0.0
1897,"Woodford, Illinois",0.04838709677419355
1898,"Woodruff, Arkansas",1.4625
1899,"Woods, Oklahoma",0.0
1900,"Woodson, Kansas",0.29346153846153844
1901,"Woodward, Oklahoma",0.0
1902,"Worth, Iowa",0.0
1903,"Worth, Missouri",0.0
1904,"Wrangell, Alaska",0.0
1905,"Wright, Iowa",0.0
1906,"Wright, Missouri",0.0
1907,"Wyandot, Ohio",0.014818181818181817
1908,"Wyandotte, Kansas",0.97
1909,"Wyoming, New York",0.06347107438016529
1910,"Wyoming, Pennsylvania",0.0
1911,"Wyoming, West Virginia",0.5367971014492753
1912,"Wythe, Virginia",0.0
1913,"Yadkin, North Carolina",0.037037037037037035
1914,"Yakutat, Alaska",0.0
1915,"Yancey, North Carolina",0.6
1916,"Yates, New York",0.08362162162162162
1917,"Yavapai, Arizona",0.0
1918,"Yell, Arkansas",0.6560810810810811
1919,"Yellow medicine, Minnesota",0.0
1920,"Yellowstone, Montana",0.0789855072463768
1921,"Yoakum, Texas",0.47692307692307695
1922,"York, Maine",0.0
1923,"York, Nebraska",0.0
1924,"York, South Carolina",1.5758
1925,"York, Virginia",0.14062499999999997
1926,"Young, Texas",0.9216981132075472
1927,"Yuba, California",0.0
1928,"Yukon-koyukuk census area, Alaska",0.0
1929,"Yukon-koyukuk, Alaska",0.016218905472636814
1930,"Yuma, Arizona",0.13702702702702704
1931,"Zapata county, Texas",0.7925000000000001
1932,"Zapata, Texas",0.7333333333333335
1933,"Zavala, Texas",0.0
