,county,toxaphene
0,"-, Arizona",0.0
1,"Abbeville, South Carolina",0.0
2,"Acadia, Louisiana",0.0
3,"Accomack, Virginia",0.0
4,"Ada, Idaho",0.0
5,"Adair, Kentucky",0.0
6,"Adair, Missouri",0.0
7,"Adams, Idaho",0.0
8,"Adams, Illinois",0.0
9,"Adams, Indiana",0.0
10,"Adams, Nebraska",0.0
11,"Adams, Pennsylvania",0.0
12,"Adams, Washington",0.0
13,"Adams, Wisconsin",0.0
14,"Addison, Vermont",0.0
15,"Aiken, South Carolina",0.0
16,"Aitkin, Minnesota",0.0
17,"Alachua, Florida",0.0
18,"Alamance, North Carolina",0.0
19,"Alameda, California",0.0
20,"Albany, New York",0.0
21,"Albany, Wyoming",0.0
22,"Albemarle, Virginia",0.0
23,"Alcona, Michigan",0.0
24,"Alexander, Illinois",0.0
25,"Alexander, North Carolina",0.0
26,"Alfalfa, Oklahoma",0.0
27,"Alger, Michigan",0.0
28,"Allegan, Michigan",0.0
29,"Allegany, Maryland",0.0
30,"Allegany, New York",0.0031645569620253164
31,"Alleghany, North Carolina",0.0
32,"Alleghany, Virginia",0.0
33,"Allegheny county, Pennsylvania",0.0
34,"Allegheny, Pennsylvania",0.0
35,"Allen, Indiana",0.0
36,"Allen, Kansas",0.0
37,"Allen, Kentucky",0.0
38,"Allen, Louisiana",0.190625
39,"Allendale, South Carolina",0.0
40,"Alpena, Michigan",0.0
41,"Alpine, California",0.0
42,"American samoa, American Samoa",0.0
43,"Amherst, Virginia",0.0
44,"Anderson, Kansas",0.0
45,"Anderson, Kentucky",0.0
46,"Anderson, South Carolina",0.0
47,"Anderson, Texas",0.0
48,"Andrew, Missouri",0.0
49,"Andrews, Texas",0.0
50,"Androscoggin, Maine",0.0
51,"Angelina, Texas",0.0
52,"Anne arundel, Maryland",0.0
53,"Anoka, Minnesota",0.0
54,"Anson, North Carolina",0.0
55,"Antelope, Nebraska",0.0
56,"Antrim, Michigan",0.0
57,"Apache, Arizona",0.0
58,"Aransas, Texas",0.0
59,"Archer, Texas",0.0
60,"Arenac, Michigan",0.0
61,"Arkansas, Arkansas",0.0
62,"Armstrong county, Pennsylvania",0.0
63,"Armstrong, Pennsylvania",0.0
64,"Armstrong, Texas",0.0
65,"Aroostook, Maine",0.0
66,"Arthur, Nebraska",0.0
67,"Ascension, Louisiana",0.0
68,"Ashe, North Carolina",0.0
69,"Ashland, Wisconsin",0.0
70,"Ashley, Arkansas",0.0
71,"Asotin, Washington",0.0
72,"Assumption, Louisiana",0.0
73,"Atascosa county, Texas",0.0
74,"Atascosa, Texas",0.0
75,"Atchison, Kansas",0.0
76,"Atchison, Missouri",0.0
77,"Atoka, Oklahoma",0.0
78,"Audrain, Missouri",0.0
79,"Augusta, Virginia",0.0
80,"Aurora, South Dakota",0.0
81,"Austin, Texas",0.0
82,"Autauga, Alabama",0.0
83,"Avery, North Carolina",0.0
84,"Avoyelles, Louisiana",0.0
85,"Bailey, Texas",0.0
86,"Baker county, Florida",0.0
87,"Baker, Florida",0.0
88,"Baker, Oregon",0.0
89,"Baldwin, Alabama",0.0
90,"Ballard, Kentucky",0.0
91,"Baltimore city, Maryland",0.0
92,"Baltimore, Maryland",0.0
93,"Bamberg, South Carolina",0.0
94,"Bandera, Texas",0.0
95,"Banner, Nebraska",0.0
96,"Bannock, Idaho",0.0
97,"Baraga, Michigan",0.0
98,"Barbour, Alabama",0.0
99,"Barbour, West Virginia",0.0
100,"Barnes, North Dakota",0.0
101,"Barnstable, Massachusetts",0.0
102,"Barnwell, South Carolina",0.0
103,"Barren, Kentucky",0.0
104,"Barron, Wisconsin",0.0
105,"Barry, Michigan",0.0
106,"Barry, Missouri",0.0
107,"Bartholomew, Indiana",0.0
108,"Barton, Missouri",0.0
109,"Bastrop, Texas",0.0
110,"Bates, Missouri",0.0
111,"Bath, Virginia",0.0
112,"Baxter, Arkansas",0.0
113,"Bay, Florida",0.0
114,"Bay, Michigan",0.0
115,"Bayfield, Wisconsin",0.0
116,"Baylor, Texas",0.0
117,"Beadle, South Dakota",0.0
118,"Bear lake, Idaho",0.0
119,"Beaufort, North Carolina",0.0
120,"Beaufort, South Carolina",0.0
121,"Beauregard, Louisiana",0.0
122,"Beaver county, Pennsylvania",0.0
123,"Beaver, Oklahoma",0.0
124,"Beaver, Pennsylvania",0.0
125,"Beaver, Utah",0.0
126,"Beaverhead, Montana",0.0
127,"Becker, Minnesota",0.0
128,"Bedford, Pennsylvania",0.0
129,"Bedford, Virginia",0.0
130,"Bee, Texas",0.0
131,"Belknap, New Hampshire",0.0
132,"Bell, Kentucky",0.0
133,"Bell, Texas",0.0
134,"Beltrami county, Minnesota",0.0
135,"Beltrami, Minnesota",0.0
136,"Benewah, Idaho",0.0
137,"Bennett, South Dakota",0.0
138,"Bennington, Vermont",0.0
139,"Benson, North Dakota",0.0
140,"Benton county, Arkansas",0.0
141,"Benton, Arkansas",0.0
142,"Benton, Indiana",0.0
143,"Benton, Minnesota",0.0
144,"Benton, Missouri",0.0
145,"Benton, Oregon",0.0
146,"Benton, Washington",0.0
147,"Benzie, Michigan",0.0
148,"Berkeley, South Carolina",0.0
149,"Berkeley, West Virginia",0.0
150,"Berks county, Pennsylvania",0.0
151,"Berks, Pennsylvania",0.0
152,"Berkshire, Massachusetts",0.0
153,"Bernalillo, New Mexico",0.0
154,"Berrien, Michigan",0.0
155,"Bertie, North Carolina",0.0
156,"Bethel, Alaska",0.0
157,"Bexar, Texas",0.0
158,"Bibb, Alabama",0.0
159,"Bienville, Louisiana",0.0
160,"Big horn, Montana",0.0
161,"Big horn, Wyoming",0.0
162,"Big stone, Minnesota",0.0
163,"Bingham, Idaho",0.0
164,"Blackford, Indiana",0.0
165,"Bladen, North Carolina",0.0
166,"Blaine, Idaho",0.0
167,"Blaine, Montana",0.0
168,"Blaine, Nebraska",0.0
169,"Blair, Pennsylvania",0.0
170,"Blanco, Texas",0.0
171,"Bland, Virginia",0.0
172,"Blount, Alabama",0.0
173,"Blue earth, Minnesota",0.0
174,"Boise, Idaho",0.0
175,"Bollinger, Missouri",0.0
176,"Bon homme, South Dakota",0.0
177,"Bond, Illinois",0.0
178,"Bonner, Idaho",0.0
179,"Bonneville, Idaho",0.0
180,"Boone, Arkansas",0.0
181,"Boone, Illinois",0.0
182,"Boone, Indiana",0.0
183,"Boone, Kentucky",0.0
184,"Boone, Missouri",0.0
185,"Boone, Nebraska",0.0
186,"Boone, West Virginia",0.0
187,"Bosque, Texas",0.0
188,"Bossier, Louisiana",0.0
189,"Botetourt, Virginia",0.0
190,"Bottineau, North Dakota",0.0
191,"Boundary, Idaho",0.0
192,"Bourbon, Kansas",0.0
193,"Bourbon, Kentucky",0.0
194,"Bowie, Texas",0.0
195,"Bowman, North Dakota",0.0
196,"Box butte, Nebraska",0.0
197,"Box elder, Utah",0.0
198,"Boyd, Kentucky",0.0
199,"Boyd, Nebraska",0.0
200,"Boyle, Kentucky",0.0
201,"Bracken, Kentucky",0.0
202,"Bradford, Florida",0.0
203,"Bradford, Pennsylvania",0.0
204,"Bradley, Arkansas",0.0
205,"Branch, Michigan",0.0
206,"Braxton, West Virginia",0.0
207,"Brazoria, Texas",0.0
208,"Brazos, Texas",0.0
209,"Breathitt, Kentucky",0.0
210,"Breckinridge, Kentucky",0.0
211,"Brevard, Florida",0.0
212,"Brewster, Texas",0.0
213,"Briscoe, Texas",0.0
214,"Bristol, Massachusetts",0.0
215,"Bristol, Rhode Island",0.0
216,"Bristol, Virginia",0.0
217,"Broadwater, Montana",0.0
218,"Brooke, West Virginia",0.0
219,"Brookings, South Dakota",0.0
220,"Brooks, Texas",0.0
221,"Broome, New York",0.0
222,"Broward county, Florida",0.0
223,"Broward, Florida",0.0
224,"Brown, Illinois",0.0
225,"Brown, Indiana",0.0
226,"Brown, Kansas",0.0
227,"Brown, Minnesota",0.0
228,"Brown, Nebraska",0.0
229,"Brown, South Dakota",0.0
230,"Brown, Texas",0.0
231,"Brown, Wisconsin",0.0
232,"Brule, South Dakota",0.0
233,"Brunswick, North Carolina",0.0
234,"Brunswick, Virginia",0.0
235,"Buchanan, Virginia",0.0
236,"Buckingham, Virginia",0.0
237,"Bucks county, Pennsylvania",0.0
238,"Bucks, Pennsylvania",0.0
239,"Buena vista, Virginia",0.0
240,"Buffalo, Nebraska",0.0
241,"Buffalo, Wisconsin",0.0
242,"Bullock, Alabama",0.0
243,"Buncombe, North Carolina",0.0
244,"Bureau, Illinois",0.0
245,"Burke, North Carolina",0.0
246,"Burke, North Dakota",0.0
247,"Burleigh, North Dakota",0.0
248,"Burleson, Texas",0.0
249,"Burnet, Texas",0.0
250,"Burnett, Wisconsin",0.0
251,"Burt, Nebraska",0.0
252,"Butler, Alabama",0.0
253,"Butler, Kansas",0.0
254,"Butler, Kentucky",0.0
255,"Butler, Missouri",0.0
256,"Butler, Nebraska",0.0
257,"Butler, Ohio",0.0
258,"Butler, Pennsylvania",0.0
259,"Butte, California",0.0
260,"Butte, Idaho",0.0
261,"Butte, South Dakota",0.0
262,"Cabarrus, North Carolina",0.0
263,"Cabell, West Virginia",0.0
264,"Cache, Utah",0.0
265,"Caddo parish, Louisiana",0.0
266,"Caddo, Louisiana",0.0
267,"Caddo, Oklahoma",0.0
268,"Calaveras, California",0.0
269,"Calcasieu, Louisiana",0.0
270,"Caldwell, Kentucky",0.0
271,"Caldwell, Louisiana",0.0
272,"Caldwell, Missouri",0.0
273,"Caldwell, North Carolina",0.0
274,"Caldwell, Texas",0.0
275,"Caledonia, Vermont",0.0
276,"Calhoun, Alabama",0.0
277,"Calhoun, Arkansas",0.0
278,"Calhoun, Florida",0.0
279,"Calhoun, Illinois",0.0
280,"Calhoun, Michigan",0.0
281,"Calhoun, South Carolina",0.0
282,"Calhoun, Texas",0.0
283,"Calhoun, West Virginia",0.0
284,"Callahan, Texas",0.0
285,"Callaway, Missouri",0.0
286,"Calloway, Kentucky",0.0
287,"Calumet, Wisconsin",0.0
288,"Cambria county, Pennsylvania",0.0
289,"Cambria, Pennsylvania",0.0
290,"Camden, Missouri",0.0
291,"Camden, North Carolina",0.0
292,"Cameron, Louisiana",0.0
293,"Cameron, Pennsylvania",0.0
294,"Cameron, Texas",0.0
295,"Camp, Texas",0.0
296,"Campbell, Kentucky",0.0
297,"Campbell, Virginia",0.0
298,"Campbell, Wyoming",0.0
299,"Canyon, Idaho",0.0
300,"Cape girardeau, Missouri",0.0
301,"Carbon, Montana",0.0
302,"Carbon, Pennsylvania",0.0
303,"Carbon, Utah",0.0
304,"Carbon, Wyoming",0.0
305,"Caribou, Idaho",0.0
306,"Carlisle, Kentucky",0.0
307,"Carlton, Minnesota",0.0
308,"Caroline, Virginia",0.0
309,"Carroll, Arkansas",0.0
310,"Carroll, Illinois",0.0
311,"Carroll, Indiana",0.0
312,"Carroll, Kentucky",0.0
313,"Carroll, Maryland",0.0
314,"Carroll, Missouri",0.0
315,"Carroll, New Hampshire",0.0
316,"Carroll, Virginia",0.0
317,"Carson city, Nevada",0.0
318,"Carson, Texas",0.0
319,"Carter, Kentucky",0.0
320,"Carter, Missouri",0.0
321,"Carter, Montana",0.0
322,"Carteret, North Carolina",0.0
323,"Carver, Minnesota",0.0
324,"Cascade, Montana",0.0
325,"Casey, Kentucky",0.0
326,"Cass, Illinois",0.0
327,"Cass, Indiana",0.0
328,"Cass, Michigan",0.0
329,"Cass, Minnesota",0.0
330,"Cass, Missouri",0.0
331,"Cass, Nebraska",0.0
332,"Cass, North Dakota",0.0
333,"Cass, Texas",0.0
334,"Cassia, Idaho",0.0
335,"Castro, Texas",0.0
336,"Caswell, North Carolina",0.0
337,"Catahoula, Louisiana",0.0
338,"Catawba, North Carolina",0.0
339,"Catron, New Mexico",0.0
340,"Cattaraugus, New York",0.0
341,"Cavalier, North Dakota",0.0
342,"Cayuga county, New York",0.0
343,"Cayuga, New York",0.0
344,"Cecil, Maryland",0.0
345,"Cedar, Missouri",0.0
346,"Cedar, Nebraska",0.0
347,"Centre county, Pennsylvania",0.0
348,"Centre, Pennsylvania",0.0
349,"Chambers, Alabama",0.0
350,"Chambers, Texas",0.0
351,"Champaign, Illinois",0.0
352,"Chariton, Missouri",0.0
353,"Charles mix, South Dakota",0.0
354,"Charleston county, South Carolina",0.0
355,"Charleston, South Carolina",0.0
356,"Charlevoix, Michigan",0.0
357,"Charlotte, Florida",0.0
358,"Charlotte, Virginia",0.0
359,"Chase, Nebraska",0.0
360,"Chatham, North Carolina",0.0
361,"Chautauqua, Kansas",0.0
362,"Chautauqua, New York",0.0
363,"Chaves, New Mexico",0.0
364,"Cheboygan, Michigan",0.0
365,"Chelan, Washington",0.0
366,"Chemung, New York",0.0
367,"Chenango, New York",0.0
368,"Cherokee, Alabama",0.0
369,"Cherokee, Kansas",0.0
370,"Cherokee, North Carolina",0.0
371,"Cherokee, South Carolina",0.0
372,"Cherokee, Texas",0.0
373,"Cherry, Nebraska",0.0
374,"Chesapeake city, Virginia",0.0
375,"Cheshire, New Hampshire",0.0
376,"Chester county, Pennsylvania",0.0
377,"Chester, Pennsylvania",0.0
378,"Chester, South Carolina",0.0
379,"Chesterfield, South Carolina",0.0
380,"Chesterfield, Virginia",0.0
381,"Cheyenne, Nebraska",0.0
382,"Chicot, Arkansas",0.0
383,"Chilton, Alabama",0.0
384,"Chippewa, Michigan",0.0
385,"Chippewa, Minnesota",0.0
386,"Chippewa, Wisconsin",0.0
387,"Chisago, Minnesota",0.0
388,"Chittenden, Vermont",0.0
389,"Choctaw, Alabama",0.0
390,"Chouteau, Montana",0.0
391,"Chowan, North Carolina",0.0
392,"Christian, Illinois",0.0
393,"Christian, Kentucky",0.0
394,"Christian, Missouri",0.0
395,"Churchill, Nevada",0.0
396,"Cibola, New Mexico",0.0
397,"Cimarron, Oklahoma",0.0
398,"Citrus county, Florida",0.0
399,"Citrus, Florida",0.0
400,"Clackamas, Oregon",0.0
401,"Claiborne, Louisiana",0.0
402,"Clallam, Washington",0.0
403,"Clare, Michigan",0.0
404,"Clarendon, South Carolina",0.0
405,"Clarion, Pennsylvania",0.0
406,"Clark county, Nevada",0.0
407,"Clark, Arkansas",0.0
408,"Clark, Illinois",0.0
409,"Clark, Indiana",0.0
410,"Clark, Kentucky",0.0
411,"Clark, Missouri",0.0
412,"Clark, Nevada",0.0
413,"Clark, South Dakota",0.0
414,"Clark, Washington",0.0
415,"Clark, Wisconsin",0.0
416,"Clarke, Alabama",0.0
417,"Clarke, Virginia",0.0
418,"Clatsop, Oregon",0.0
419,"Clay, Alabama",0.0
420,"Clay, Arkansas",0.0
421,"Clay, Florida",0.0
422,"Clay, Illinois",0.0
423,"Clay, Indiana",0.0
424,"Clay, Kentucky",0.0
425,"Clay, Minnesota",0.0
426,"Clay, Missouri",0.0
427,"Clay, Nebraska",0.0
428,"Clay, North Carolina",0.0
429,"Clay, South Dakota",0.0
430,"Clay, Texas",0.0
431,"Clay, West Virginia",0.0
432,"Clearfield county, Pennsylvania",0.0
433,"Clearfield, Pennsylvania",0.0
434,"Clearwater, Idaho",0.0
435,"Clearwater, Minnesota",0.0
436,"Cleburne, Alabama",0.0
437,"Cleburne, Arkansas",0.0
438,"Cleveland, Arkansas",0.0
439,"Cleveland, North Carolina",0.0
440,"Cleveland, Oklahoma",0.0
441,"Clinton, Illinois",0.0
442,"Clinton, Indiana",0.0
443,"Clinton, Kentucky",0.0
444,"Clinton, Michigan",0.0
445,"Clinton, Missouri",0.0
446,"Clinton, New York",0.0
447,"Clinton, Pennsylvania",0.0
448,"Cochise, Arizona",0.0
449,"Cochran, Texas",0.0
450,"Coconino, Arizona",0.0
451,"Codington, South Dakota",0.0
452,"Coffee, Alabama",0.0
453,"Coffey, Kansas",0.0
454,"Coke, Texas",0.0
455,"Colbert, Alabama",0.0
456,"Cole, Missouri",0.0
457,"Coleman, Texas",0.0
458,"Coles, Illinois",0.0
459,"Colfax, Nebraska",0.0
460,"Colfax, New Mexico",0.0
461,"Colleton, South Carolina",0.0
462,"Collier, Florida",0.0
463,"Collin, Texas",0.0
464,"Collingsworth, Texas",0.0
465,"Colorado, Texas",0.0
466,"Columbia, Arkansas",0.0
467,"Columbia, Florida",0.004576271186440679
468,"Columbia, New York",0.0
469,"Columbia, Oregon",0.0
470,"Columbia, Pennsylvania",0.0
471,"Columbia, Washington",0.0
472,"Columbia, Wisconsin",0.0
473,"Columbus county, North Carolina",0.0
474,"Columbus, North Carolina",0.0
475,"Colusa, California",0.0
476,"Comal, Texas",0.0
477,"Comanche, Texas",0.0
478,"Concho, Texas",0.0
479,"Concordia, Louisiana",0.0
480,"Conecuh, Alabama",0.0
481,"Contra costa, California",0.007960199004975126
482,"Converse, Wyoming",0.0
483,"Conway, Arkansas",0.0
484,"Cook, Illinois",0.0
485,"Cook, Minnesota",0.0
486,"Cooke, Texas",0.0
487,"Cooper, Missouri",0.0
488,"Coos, New Hampshire",0.0
489,"Coos, Oregon",0.0
490,"Coosa, Alabama",0.0
491,"Corson, South Dakota",0.0
492,"Cortland, New York",0.0
493,"Coryell, Texas",0.0
494,"Cottle, Texas",0.0
495,"Cotton, Oklahoma",0.0
496,"Cottonwood, Minnesota",0.0
497,"Covington, Alabama",0.0
498,"Covington, Virginia",0.0
499,"Cowley, Kansas",0.0
500,"Cowlitz, Washington",0.0
501,"Craig, Oklahoma",0.0
502,"Craighead, Arkansas",0.0
503,"Crane, Texas",0.0
504,"Craven, North Carolina",0.0
505,"Crawford county, Pennsylvania",0.0
506,"Crawford, Arkansas",0.0
507,"Crawford, Illinois",0.0
508,"Crawford, Indiana",0.0
509,"Crawford, Kansas",0.0
510,"Crawford, Michigan",0.0
511,"Crawford, Missouri",0.0
512,"Crawford, Pennsylvania",0.0
513,"Crawford, Wisconsin",0.0
514,"Creek, Oklahoma",0.0
515,"Crenshaw, Alabama",0.0
516,"Crittenden, Arkansas",0.0
517,"Crittenden, Kentucky",0.0
518,"Crockett, Texas",0.0
519,"Crook, Oregon",0.0
520,"Crook, Wyoming",0.0
521,"Crosby, Texas",0.0
522,"Cross, Arkansas",0.0
523,"Crow wing, Minnesota",0.0
524,"Culberson, Texas",0.0
525,"Cullman, Alabama",0.0
526,"Culpeper, Virginia",0.0
527,"Cumberland county, Pennsylvania",0.0
528,"Cumberland, Illinois",0.0
529,"Cumberland, Kentucky",0.0
530,"Cumberland, Maine",0.0
531,"Cumberland, North Carolina",0.0
532,"Cumberland, Pennsylvania",0.0
533,"Cumberland, Virginia",0.0
534,"Cuming, Nebraska",0.0
535,"Currituck, North Carolina",0.002777777777777778
536,"Curry, New Mexico",0.0
537,"Curry, Oregon",0.0
538,"Custer, Idaho",0.0
539,"Custer, Montana",0.0
540,"Custer, Nebraska",0.0
541,"Custer, South Dakota",0.0
542,"Dade, Florida",0.0
543,"Dade, Missouri",0.0
544,"Daggett, Utah",0.0
545,"Dakota, Minnesota",0.0
546,"Dakota, Nebraska",0.0
547,"Dale, Alabama",0.0
548,"Dallam, Texas",0.0
549,"Dallas, Alabama",0.0
550,"Dallas, Arkansas",0.0
551,"Dallas, Missouri",0.0
552,"Dallas, Texas",0.0
553,"Dane, Wisconsin",0.0
554,"Daniels, Montana",0.0
555,"Danville, Virginia",0.0
556,"Dare, North Carolina",0.0
557,"Darlington, South Carolina",0.0
558,"Dauphin county, Pennsylvania",0.0
559,"Dauphin, Pennsylvania",0.0
560,"Davidson, North Carolina",0.0
561,"Davie, North Carolina",0.0
562,"Daviess, Indiana",0.0
563,"Daviess, Kentucky",0.0
564,"Daviess, Missouri",0.0
565,"Davis, Utah",0.0
566,"Dawes, Nebraska",0.0
567,"Dawson, Montana",0.0
568,"Dawson, Nebraska",0.0
569,"Dawson, Texas",0.0
570,"Day, South Dakota",0.0
571,"De baca, New Mexico",0.0
572,"De kalb, Indiana",0.0
573,"De kalb, Missouri",0.0
574,"De soto, Florida",0.0
575,"De soto, Louisiana",0.0
576,"De witt, Illinois",0.0
577,"Deaf smith, Texas",0.0
578,"Dearborn, Indiana",0.0
579,"Decatur, Indiana",0.0
580,"Deer lodge, Montana",0.0
581,"Defiance, Ohio",0.0
582,"Dekalb, Alabama",0.0
583,"Dekalb, Illinois",0.0
584,"Dekalb, Indiana",0.0
585,"Dekalb, Missouri",0.0
586,"Del norte, California",0.0
587,"Delaware, Indiana",0.0
588,"Delaware, New York",0.0
589,"Delaware, Pennsylvania",0.0
590,"Delta, Michigan",0.0
591,"Delta, Texas",0.0
592,"Dent, Missouri",0.0
593,"Denton, Texas",0.0
594,"Deschutes, Oregon",0.0
595,"Desha, Arkansas",0.0
596,"Desoto, Florida",0.0
597,"Deuel, Nebraska",0.0
598,"Dewey, South Dakota",0.0
599,"Dewitt, Texas",0.0
600,"Dickens, Texas",0.0
601,"Dickey, North Dakota",0.0
602,"Dickinson, Iowa",0.0
603,"Dickinson, Kansas",0.0
604,"Dickinson, Michigan",0.0
605,"Dillon, South Carolina",0.0
606,"Dimmit, Texas",0.0
607,"Dinwiddie, Virginia",0.0
608,"District of columbia, District of Columbia",0.0
609,"Dixie, Florida",0.0
610,"Dixon, Nebraska",0.0
611,"Doddridge, West Virginia",0.0
612,"Dodge, Minnesota",0.0
613,"Dodge, Nebraska",0.0
614,"Dodge, Wisconsin",0.0
615,"Dona ana, New Mexico",0.029885057471264367
616,"Donley, Texas",0.0
617,"Door, Wisconsin",0.0
618,"Dorchester, South Carolina",0.0
619,"Douglas, Illinois",0.0
620,"Douglas, Kansas",0.0
621,"Douglas, Minnesota",0.0
622,"Douglas, Missouri",0.0
623,"Douglas, Nebraska",0.0
624,"Douglas, Nevada",0.0
625,"Douglas, Oregon",0.0
626,"Douglas, Washington",0.0
627,"Douglas, Wisconsin",0.0
628,"Drew, Arkansas",0.0
629,"Du page, Illinois",0.0
630,"Dubois, Indiana",0.0
631,"Duchesne, Utah",0.0
632,"Dukes, Massachusetts",0.0
633,"Dundy, Nebraska",0.0
634,"Dunklin, Missouri",0.0
635,"Dunn, North Dakota",0.0
636,"Dunn, Wisconsin",0.0
637,"Dupage, Illinois",0.0
638,"Duplin, North Carolina",0.0
639,"Durham, North Carolina",22.956521739130434
640,"Dutchess, New York",0.0
641,"Duval county, Florida",0.0
642,"Duval, Florida",0.0
643,"Duval, Texas",0.0
644,"East baton rouge parish, Louisiana",0.0
645,"East baton rouge, Louisiana",0.0
646,"East carroll, Louisiana",0.0
647,"East feliciana, Louisiana",0.0
648,"Eastland, Texas",0.0
649,"Eaton, Michigan",0.0
650,"Eau claire, Wisconsin",0.0
651,"Ector, Texas",0.0
652,"Eddy, New Mexico",0.0
653,"Eddy, North Dakota",0.0
654,"Edgar, Illinois",0.0
655,"Edgecombe, North Carolina",0.0
656,"Edmonson, Kentucky",0.0
657,"Edwards, Illinois",0.0
658,"Edwards, Texas",0.0
659,"Effingham, Illinois",0.0
660,"El dorado, California",0.0
661,"El paso, Texas",0.0
662,"Elk, Kansas",0.0
663,"Elk, Pennsylvania",0.0
664,"Elkhart, Indiana",0.0
665,"Elko, Nevada",0.0
666,"Elliott, Kentucky",0.0
667,"Ellis, Texas",0.0
668,"Ellsworth, Kansas",0.0
669,"Elmore, Alabama",0.0
670,"Elmore, Idaho",0.0
671,"Emery, Utah",0.0
672,"Emmet, Michigan",0.0
673,"Emmons, North Dakota",0.0
674,"Erath, Texas",0.0
675,"Erie county, Pennsylvania",0.0
676,"Erie, New York",0.0
677,"Erie, Pennsylvania",0.02830188679245283
678,"Escambia, Alabama",0.0
679,"Escambia, Florida",0.0
680,"Esmeralda, Nevada",0.0
681,"Essex county, New York",0.0
682,"Essex, Massachusetts",0.0
683,"Essex, New York",0.0
684,"Essex, Vermont",0.0
685,"Estill, Kentucky",0.0
686,"Etowah, Alabama",0.0
687,"Eureka county, Nevada",0.0
688,"Eureka, Nevada",0.0
689,"Evangeline parish, Louisiana",0.0
690,"Evangeline, Louisiana",0.0
691,"Fairbanks north star, Alaska",0.0
692,"Fairfax, Virginia",0.0
693,"Fairfield, Connecticut",0.0
694,"Fairfield, South Carolina",0.0
695,"Fall river, South Dakota",0.0
696,"Fallon, Montana",0.0
697,"Falls, Texas",0.0
698,"Fannin, Texas",0.0
699,"Faulk, South Dakota",0.0
700,"Fauquier, Virginia",0.0
701,"Fayette, Alabama",0.0
702,"Fayette, Illinois",0.0
703,"Fayette, Indiana",0.0
704,"Fayette, Kentucky",0.0
705,"Fayette, Pennsylvania",0.0
706,"Fayette, Texas",0.0
707,"Fayette, West Virginia",0.0
708,"Fergus, Montana",0.0
709,"Ferry, Washington",0.0
710,"Fillmore, Minnesota",0.0
711,"Fillmore, Nebraska",0.0
712,"Finney, Kansas",0.0
713,"Fisher, Texas",0.0
714,"Flagler, Florida",0.0
715,"Flathead, Montana",0.0
716,"Fleming, Kentucky",0.0
717,"Florence, South Carolina",0.0
718,"Florence, Wisconsin",0.0
719,"Floyd, Indiana",0.0
720,"Floyd, Kentucky",0.0
721,"Floyd, Texas",0.0
722,"Fluvanna, Virginia",0.0
723,"Fond du lac, Wisconsin",0.0
724,"Ford, Illinois",0.0
725,"Forest, Pennsylvania",0.0
726,"Forest, Wisconsin",0.0
727,"Forsyth, North Carolina",0.0
728,"Fort bend county, Texas",0.0
729,"Fort bend, Texas",0.0
730,"Foster, North Dakota",0.0
731,"Fountain, Indiana",0.0
732,"Franklin county, Missouri",0.0
733,"Franklin county, New York",0.0
734,"Franklin county, Pennsylvania",0.0
735,"Franklin, Alabama",0.0
736,"Franklin, Arkansas",0.0
737,"Franklin, Florida",0.0
738,"Franklin, Idaho",0.0
739,"Franklin, Illinois",0.0
740,"Franklin, Indiana",0.0
741,"Franklin, Kansas",0.0
742,"Franklin, Kentucky",0.0
743,"Franklin, Louisiana",0.0
744,"Franklin, Maine",0.0
745,"Franklin, Massachusetts",0.0
746,"Franklin, Missouri",0.0
747,"Franklin, Nebraska",0.0
748,"Franklin, New York",0.0
749,"Franklin, North Carolina",0.0
750,"Franklin, Pennsylvania",0.0
751,"Franklin, Texas",0.0
752,"Franklin, Vermont",0.0
753,"Franklin, Virginia",0.0
754,"Franklin, Washington",0.0
755,"Frederick, Maryland",0.031
756,"Frederick, Virginia",0.0
757,"Freeborn, Minnesota",0.0
758,"Freestone, Texas",0.0
759,"Fremont, Idaho",0.0
760,"Fremont, Wyoming",0.0
761,"Fresno, California",0.0
762,"Frio, Texas",0.0
763,"Frontier, Nebraska",0.0
764,"Fulton, Arkansas",0.0
765,"Fulton, Illinois",0.0
766,"Fulton, Indiana",0.0
767,"Fulton, Kentucky",0.0
768,"Fulton, New York",0.0
769,"Fulton, Pennsylvania",0.0
770,"Furnas, Nebraska",0.0
771,"Gadsden, Florida",0.0
772,"Gage, Nebraska",0.0
773,"Gaines, Texas",0.0
774,"Galax, Virginia",0.0
775,"Gallatin, Illinois",0.0
776,"Gallatin, Kentucky",0.0
777,"Gallatin, Montana",0.0
778,"Galveston, Texas",0.0
779,"Garden, Nebraska",0.0
780,"Garfield, Montana",0.0
781,"Garfield, Nebraska",0.0
782,"Garfield, Utah",0.0
783,"Garfield, Washington",0.0
784,"Garland, Arkansas",0.0
785,"Garrard, Kentucky",0.0
786,"Garza, Texas",0.0
787,"Gasconade, Missouri",0.0
788,"Gaston, North Carolina",0.0
789,"Gates, North Carolina",0.0
790,"Geary, Kansas",0.0
791,"Geauga, Ohio",0.0
792,"Gem, Idaho",0.0
793,"Genesee, Michigan",0.0
794,"Genesee, New York",0.0
795,"Geneva, Alabama",0.0
796,"Gentry, Missouri",0.0
797,"Georgetown, South Carolina",0.0
798,"Gibson, Indiana",0.0
799,"Gila, Arizona",0.0
800,"Gilchrist, Florida",0.0
801,"Giles, Tennessee",0.0
802,"Giles, Virginia",0.0
803,"Gillespie, Texas",0.0
804,"Gilliam, Oregon",0.0
805,"Gilmer, West Virginia",0.0
806,"Glacier, Montana",0.0
807,"Glades, Florida",0.0
808,"Gladwin, Michigan",0.0
809,"Glasscock, Texas",0.0
810,"Gogebic, Michigan",0.0
811,"Golden valley, Montana",0.0
812,"Golden valley, North Dakota",0.0
813,"Goliad, Texas",0.0
814,"Gonzales, Texas",0.0
815,"Goochland, Virginia",0.0
816,"Goodhue, Minnesota",0.0
817,"Gooding, Idaho",0.0
818,"Goshen, Wyoming",0.0
819,"Gosper, Nebraska",0.0
820,"Grady, Oklahoma",0.0
821,"Grafton, New Hampshire",0.0
822,"Graham county, Arizona",0.0
823,"Graham, Arizona",0.0
824,"Graham, North Carolina",0.0
825,"Grand forks, North Dakota",0.0
826,"Grand isle, Vermont",0.0
827,"Grand traverse, Michigan",0.0
828,"Grand, Utah",0.0
829,"Granite, Montana",0.0
830,"Grant, Arkansas",0.0
831,"Grant, Indiana",0.0
832,"Grant, Kansas",0.0
833,"Grant, Kentucky",0.0
834,"Grant, Louisiana",0.0
835,"Grant, Minnesota",0.0
836,"Grant, Nebraska",0.0
837,"Grant, New Mexico",0.0
838,"Grant, North Dakota",0.0
839,"Grant, Oregon",0.0
840,"Grant, South Dakota",0.0
841,"Grant, Washington",0.0
842,"Grant, West Virginia",0.0
843,"Grant, Wisconsin",0.0
844,"Granville, North Carolina",0.0
845,"Gratiot, Michigan",0.0
846,"Graves, Kentucky",0.0
847,"Gray, Texas",0.0
848,"Grays harbor, Washington",0.0
849,"Grayson, Kentucky",0.0
850,"Grayson, Texas",0.0
851,"Grayson, Virginia",0.0
852,"Greeley, Nebraska",0.0
853,"Green lake, Wisconsin",0.0
854,"Green, Kentucky",0.0
855,"Green, Wisconsin",0.0
856,"Greenbrier, West Virginia",0.0
857,"Greene, Alabama",0.0
858,"Greene, Arkansas",0.0
859,"Greene, Illinois",0.0
860,"Greene, Indiana",0.0
861,"Greene, Missouri",0.0
862,"Greene, New York",0.0
863,"Greene, North Carolina",0.0
864,"Greene, Pennsylvania",0.0
865,"Greene, Virginia",0.0
866,"Greenlee, Arizona",0.0
867,"Greensville, Virginia",0.0
868,"Greenup, Kentucky",0.0
869,"Greenville, South Carolina",0.0
870,"Greenwood, Kansas",0.0
871,"Greenwood, South Carolina",0.0
872,"Gregg, Texas",0.0
873,"Gregory, South Dakota",0.0
874,"Griggs, North Dakota",0.0
875,"Grimes, Texas",0.0
876,"Grundy, Illinois",0.0
877,"Grundy, Missouri",0.0
878,"Guadalupe, New Mexico",0.0
879,"Guadalupe, Texas",0.0
880,"Guilford, North Carolina",0.0
881,"Guillford, North Carolina",0.0
882,"Gulf, Florida",0.0
883,"Hale, Alabama",0.0
884,"Hale, Texas",0.0
885,"Halifax, North Carolina",0.0
886,"Halifax, Virginia",0.0
887,"Hall, Nebraska",0.0
888,"Hall, Texas",0.0
889,"Hamilton, Florida",0.0
890,"Hamilton, Indiana",0.0
891,"Hamilton, Nebraska",0.0
892,"Hamilton, New York",0.0
893,"Hamilton, Tennessee",0.0
894,"Hamilton, Texas",0.0
895,"Hamlin, South Dakota",0.0
896,"Hampden, Massachusetts",0.0
897,"Hampshire, Massachusetts",0.0
898,"Hampshire, West Virginia",0.0
899,"Hampton, South Carolina",0.0
900,"Hancock, Illinois",0.0
901,"Hancock, Indiana",0.0
902,"Hancock, Kentucky",0.0
903,"Hancock, Maine",0.0
904,"Hancock, West Virginia",0.0
905,"Hanover, Virginia",0.0
906,"Hansford, Texas",0.0
907,"Hardee, Florida",0.0
908,"Hardeman, Texas",0.0
909,"Hardin, Illinois",0.0
910,"Hardin, Kentucky",0.0
911,"Hardin, Texas",0.0
912,"Harding, New Mexico",0.0
913,"Harding, South Dakota",0.0
914,"Hardy, West Virginia",0.0
915,"Harford county, Maryland",0.0
916,"Harford, Maryland",0.0
917,"Harlan, Kentucky",0.0
918,"Harlan, Nebraska",0.0
919,"Harnett, North Carolina",0.0
920,"Harney, Oregon",0.0
921,"Harris, Texas",0.0
922,"Harrison, Indiana",0.0
923,"Harrison, Kentucky",0.0
924,"Harrison, Missouri",0.0
925,"Harrison, Texas",0.0
926,"Harrison, West Virginia",0.0
927,"Harrisonburg, Virginia",0.0
928,"Hart, Kentucky",0.0
929,"Hartford, Connecticut",0.0
930,"Hartley, Texas",0.0
931,"Haskell, Texas",0.0
932,"Hawaii, Hawaii",0.0
933,"Hawkins, Tennessee",0.0
934,"Hayes, Nebraska",0.0
935,"Hays, Texas",0.0
936,"Haywood, North Carolina",0.0
937,"Hemphill, Texas",0.0
938,"Hempstead, Arkansas",0.0
939,"Henderson, Illinois",0.0
940,"Henderson, Kentucky",0.0
941,"Henderson, North Carolina",0.0
942,"Henderson, Texas",0.0
943,"Hendricks, Indiana",0.0
944,"Hendry, Florida",0.0
945,"Hennepin, Minnesota",0.0
946,"Henrico, Virginia",0.0
947,"Henry, Alabama",0.0
948,"Henry, Illinois",0.0
949,"Henry, Indiana",0.0
950,"Henry, Kentucky",0.0
951,"Henry, Missouri",0.0
952,"Henry, Virginia",0.0
953,"Herkimer, New York",0.0
954,"Hernando, Florida",0.0
955,"Hertford, North Carolina",0.0
956,"Hickman, Kentucky",0.0
957,"Hickory, Missouri",0.0
958,"Hidalgo, New Mexico",0.0
959,"Hidalgo, Texas",0.0
960,"Highlands, Florida",0.0
961,"Hill, Montana",0.0
962,"Hill, Texas",0.0
963,"Hills, Florida",0.0
964,"Hills, New Hampshire",0.0
965,"Hillsborough county, Florida",0.0
966,"Hillsborough county, New Hampshire",0.0
967,"Hillsborough, Florida",0.0
968,"Hillsborough, New Hampshire",0.0
969,"Hillsdale, Michigan",0.0
970,"Hitchcock, Nebraska",0.0
971,"Hockley, Texas",0.0
972,"Hoke, North Carolina",0.0
973,"Holmes, Florida",0.0
974,"Holt, Missouri",0.0
975,"Holt, Nebraska",0.0
976,"Honolulu, Hawaii",0.0
977,"Hood river, Oregon",0.0
978,"Hood, Texas",0.0
979,"Hooker, Nebraska",0.0
980,"Hopewell, Virginia",0.0
981,"Hopkins, Kentucky",0.0
982,"Hopkins, Texas",0.0
983,"Horry, South Carolina",0.0
984,"Hot spring, Arkansas",0.0
985,"Hot springs, Wyoming",0.0
986,"Houghton, Michigan",0.0
987,"Houston, Alabama",0.0
988,"Houston, Minnesota",0.0
989,"Houston, Texas",0.0
990,"Howard, Arkansas",0.0
991,"Howard, Indiana",0.0
992,"Howard, Missouri",0.0
993,"Howard, Nebraska",0.0
994,"Howard, Texas",0.0
995,"Howell, Missouri",0.0
996,"Hubbard, Minnesota",0.0
997,"Hudspeth, Texas",0.0
998,"Hughes, Oklahoma",0.0
999,"Hughes, South Dakota",0.0
1000,"Humboldt, Nevada",0.0
1001,"Hunt, Texas",0.0
1002,"Huntingdon, Pennsylvania",0.0
1003,"Huntington, Indiana",0.0
1004,"Huron, Michigan",0.0
1005,"Hutchinson, Texas",0.0
1006,"Hyde, North Carolina",0.0
1007,"Iberia parish, Louisiana",0.0
1008,"Iberia, Louisiana",0.0
1009,"Iberville, Louisiana",0.0
1010,"Idaho, Idaho",0.0
1011,"Imperial, California",0.0
1012,"Independence, Arkansas",0.0
1013,"Indian river, Florida",0.0
1014,"Indiana, Pennsylvania",0.0
1015,"Ingham, Michigan",0.0
1016,"Inyo, California",0.0
1017,"Ionia, Michigan",0.0
1018,"Iosco, Michigan",0.0
1019,"Iowa, Wisconsin",0.0
1020,"Iredell, North Carolina",0.0
1021,"Iron, Michigan",0.0
1022,"Iron, Missouri",0.0
1023,"Iron, Utah",0.0
1024,"Iron, Wisconsin",0.0
1025,"Iroquois, Illinois",0.0
1026,"Isabella, Michigan",0.0
1027,"Isanti, Minnesota",0.0
1028,"Island, Washington",0.0
1029,"Itasca, Minnesota",0.0
1030,"Izard, Arkansas",0.0
1031,"Jack, Texas",0.0
1032,"Jackson county, Florida",0.0
1033,"Jackson, Alabama",0.0
1034,"Jackson, Arkansas",0.0
1035,"Jackson, Florida",0.0
1036,"Jackson, Illinois",0.0
1037,"Jackson, Indiana",0.0
1038,"Jackson, Kansas",0.0
1039,"Jackson, Kentucky",0.0
1040,"Jackson, Louisiana",0.0
1041,"Jackson, Michigan",0.0
1042,"Jackson, Minnesota",0.0
1043,"Jackson, Missouri",0.0
1044,"Jackson, North Carolina",0.0031914893617021275
1045,"Jackson, Oklahoma",0.0
1046,"Jackson, Oregon",0.0
1047,"Jackson, Texas",0.0
1048,"Jackson, West Virginia",0.0
1049,"Jackson, Wisconsin",0.0
1050,"James city, Virginia",0.0
1051,"Jasper county, Missouri",0.0
1052,"Jasper, Illinois",0.0
1053,"Jasper, Indiana",0.0
1054,"Jasper, Missouri",0.0
1055,"Jasper, South Carolina",0.0
1056,"Jasper, Texas",0.0
1057,"Jay, Indiana",0.0
1058,"Jeff davis, Texas",0.0
1059,"Jefferson county, Florida",0.0
1060,"Jefferson county, Pennsylvania",0.0
1061,"Jefferson davis, Louisiana",0.0
1062,"Jefferson, Alabama",0.0
1063,"Jefferson, Arkansas",0.0
1064,"Jefferson, Florida",0.0
1065,"Jefferson, Idaho",0.0
1066,"Jefferson, Indiana",0.0
1067,"Jefferson, Kansas",0.0
1068,"Jefferson, Kentucky",0.0
1069,"Jefferson, Louisiana",0.0
1070,"Jefferson, Missouri",0.0
1071,"Jefferson, Montana",0.0
1072,"Jefferson, Nebraska",0.0
1073,"Jefferson, New York",0.0
1074,"Jefferson, Oklahoma",0.0
1075,"Jefferson, Oregon",0.0
1076,"Jefferson, Pennsylvania",0.0
1077,"Jefferson, Texas",0.0
1078,"Jefferson, Washington",0.0
1079,"Jefferson, West Virginia",0.0
1080,"Jefferson, Wisconsin",0.0
1081,"Jennings, Indiana",0.0
1082,"Jerauld, South Dakota",0.0
1083,"Jerome, Idaho",0.0
1084,"Jersey, Illinois",0.0
1085,"Jessamine, Kentucky",0.0
1086,"Jim hogg, Texas",0.0
1087,"Jim wells, Texas",0.0
1088,"Jo daviess, Illinois",0.0
1089,"Johnson, Arkansas",0.0
1090,"Johnson, Illinois",0.0
1091,"Johnson, Indiana",0.0
1092,"Johnson, Kansas",0.0
1093,"Johnson, Kentucky",0.0
1094,"Johnson, Missouri",0.0
1095,"Johnson, Nebraska",0.0
1096,"Johnson, Texas",0.0
1097,"Johnson, Wyoming",0.0
1098,"Johnston, North Carolina",0.0
1099,"Johnston, Oklahoma",0.0
1100,"Jones, North Carolina",0.0
1101,"Jones, Texas",0.0
1102,"Josephine, Oregon",0.0
1103,"Juab, Utah",0.0
1104,"Judith basin, Montana",0.0
1105,"Juneau city and, Alaska",0.0
1106,"Juneau, Wisconsin",0.0
1107,"Juniata, Pennsylvania",0.0
1108,"Kalamazoo, Michigan",0.0
1109,"Kalkaska, Michigan",0.0
1110,"Kanabec, Minnesota",0.0
1111,"Kanawha, West Virginia",0.0
1112,"Kandiyohi, Minnesota",0.0
1113,"Kane, Illinois",0.0
1114,"Kane, Utah",0.0
1115,"Kankakee, Illinois",0.0
1116,"Karnes, Texas",0.0
1117,"Kauai, Hawaii",0.0
1118,"Kaufman, Texas",0.0
1119,"Kay, Oklahoma",0.0
1120,"Kearney, Nebraska",0.0
1121,"Keith, Nebraska",0.0
1122,"Kendall, Illinois",0.0
1123,"Kendall, Texas",0.0
1124,"Kenedy, Texas",0.0
1125,"Kennebec, Maine",0.0
1126,"Kenosha, Wisconsin",0.0
1127,"Kent, Michigan",0.0
1128,"Kent, Rhode Island",0.0
1129,"Kent, Texas",0.0
1130,"Kenton, Kentucky",0.0
1131,"Kern, California",0.0
1132,"Kerr, Texas",0.0
1133,"Kershaw, South Carolina",0.0
1134,"Ketchikan gateway, Alaska",0.0
1135,"Kewaunee, Wisconsin",0.0
1136,"Keweenaw, Michigan",0.0
1137,"Keya paha, Nebraska",0.0
1138,"Kidder, North Dakota",0.0
1139,"Kimball, Nebraska",0.0
1140,"Kimble, Texas",0.0
1141,"King george, Virginia",0.0
1142,"King william, Virginia",0.0
1143,"King, Washington",0.0
1144,"Kings, California",0.0
1145,"Kingsbury, South Dakota",0.0
1146,"Kinney, Texas",0.0
1147,"Kitsap, Washington",0.0
1148,"Kittitas, Washington",0.0
1149,"Kittson, Minnesota",0.0
1150,"Klamath, Oregon",0.0
1151,"Kleberg, Texas",0.0
1152,"Klickitat, Washington",0.0
1153,"Knott, Kentucky",0.0
1154,"Knox, Illinois",0.0
1155,"Knox, Indiana",0.0
1156,"Knox, Kentucky",0.0
1157,"Knox, Maine",0.0
1158,"Knox, Nebraska",0.0
1159,"Knox, Ohio",0.0
1160,"Knox, Tennessee",0.0
1161,"Knox, Texas",0.0
1162,"Koochiching county, Minnesota",0.0
1163,"Koochiching, Minnesota",0.0
1164,"Kootenai, Idaho",0.0
1165,"Kosciusko, Indiana",0.0
1166,"La crosse, Wisconsin",0.0
1167,"La grange, Indiana",0.0
1168,"La paz, Arizona",0.0
1169,"La plata, Colorado",0.0
1170,"La porte, Indiana",0.0
1171,"La salle, Illinois",0.0
1172,"La salle, Louisiana",0.0
1173,"La salle, Texas",0.0
1174,"Labette, Kansas",0.0
1175,"Lac qui parle, Minnesota",0.0
1176,"Lackawanna, Pennsylvania",0.0
1177,"Laclede, Missouri",0.0
1178,"Lafayette parish, Louisiana",0.0
1179,"Lafayette, Arkansas",0.0
1180,"Lafayette, Florida",0.0
1181,"Lafayette, Louisiana",0.0
1182,"Lafayette, Missouri",0.0
1183,"Lafayette, Wisconsin",0.0
1184,"Lafourche, Louisiana",0.0
1185,"Lagrange, Indiana",0.0
1186,"Lake, California",0.0
1187,"Lake, Florida",0.000998003992015968
1188,"Lake, Illinois",0.0
1189,"Lake, Indiana",0.0
1190,"Lake, Michigan",0.0
1191,"Lake, Minnesota",0.0
1192,"Lake, Montana",0.0
1193,"Lake, Oregon",0.0
1194,"Lake, South Dakota",0.0
1195,"Lamar, Alabama",0.0
1196,"Lamar, Texas",0.0
1197,"Lamb, Texas",0.0
1198,"Lamoille, Vermont",0.0
1199,"Lamoure, North Dakota",0.0
1200,"Lampasas, Texas",0.0
1201,"Lancaster county, Pennsylvania",0.0
1202,"Lancaster, Nebraska",0.0
1203,"Lancaster, Pennsylvania",0.0
1204,"Lancaster, South Carolina",0.0
1205,"Lancaster, Virginia",0.0
1206,"Lander, Nevada",0.0
1207,"Lane, Oregon",0.0
1208,"Langlade, Wisconsin",0.0
1209,"Lapeer, Michigan",0.0
1210,"Laporte, Indiana",0.0
1211,"Laramie, Wyoming",0.0
1212,"Larue, Kentucky",0.0
1213,"Lasalle, Illinois",0.0
1214,"Latah, Idaho",0.0
1215,"Lauderdale, Alabama",0.0
1216,"Laurel, Kentucky",0.0
1217,"Laurens, South Carolina",0.0
1218,"Lavaca, Texas",0.0
1219,"Lawrence county, Arkansas",0.0
1220,"Lawrence, Alabama",0.0
1221,"Lawrence, Arkansas",0.0
1222,"Lawrence, Illinois",0.0
1223,"Lawrence, Indiana",0.0
1224,"Lawrence, Kentucky",0.0
1225,"Lawrence, Missouri",0.0
1226,"Lawrence, Pennsylvania",0.0
1227,"Lawrence, South Dakota",0.0
1228,"Le sueur, Minnesota",0.0
1229,"Lea, New Mexico",0.0
1230,"Leavenworth, Kansas",0.0
1231,"Lebanon county, Pennsylvania",0.0
1232,"Lebanon, Pennsylvania",0.0
1233,"Lee county, South Carolina",0.0
1234,"Lee, Alabama",0.0
1235,"Lee, Arkansas",0.0
1236,"Lee, Florida",0.0
1237,"Lee, Illinois",0.0
1238,"Lee, Kentucky",0.0
1239,"Lee, North Carolina",0.0
1240,"Lee, South Carolina",0.0
1241,"Lee, Texas",0.0
1242,"Lee, Virginia",0.0
1243,"Leelanau, Michigan",0.0
1244,"Lehigh county, Pennsylvania",0.0
1245,"Lehigh, Pennsylvania",0.0
1246,"Lemhi, Idaho",0.0
1247,"Lenawee, Michigan",0.0
1248,"Lenoir, North Carolina",0.0
1249,"Leon, Florida",0.0
1250,"Leon, Texas",0.0
1251,"Leslie, Kentucky",0.0
1252,"Letcher, Kentucky",0.0
1253,"Levy county, Florida",0.0
1254,"Levy, Florida",0.0
1255,"Lewis and clark, Montana",0.0
1256,"Lewis county, Washington",0.0
1257,"Lewis, Idaho",0.0
1258,"Lewis, Kentucky",0.0
1259,"Lewis, Missouri",0.0
1260,"Lewis, New York",0.029411764705882353
1261,"Lewis, Washington",0.0
1262,"Lewis, West Virginia",0.0
1263,"Lexington county, South Carolina",0.0
1264,"Lexington, South Carolina",0.0
1265,"Liberty, Florida",0.0
1266,"Liberty, Montana",0.0
1267,"Liberty, Texas",0.0
1268,"Limestone, Alabama",0.0
1269,"Limestone, Texas",0.0
1270,"Lincoln parish, Louisiana",0.0
1271,"Lincoln, Arkansas",0.0
1272,"Lincoln, Idaho",0.0
1273,"Lincoln, Kentucky",0.0
1274,"Lincoln, Louisiana",0.0
1275,"Lincoln, Maine",0.0
1276,"Lincoln, Minnesota",0.0
1277,"Lincoln, Missouri",0.0
1278,"Lincoln, Montana",0.0
1279,"Lincoln, Nebraska",0.0
1280,"Lincoln, Nevada",0.0
1281,"Lincoln, New Mexico",0.0
1282,"Lincoln, North Carolina",0.0
1283,"Lincoln, Oklahoma",0.0
1284,"Lincoln, Oregon",0.0
1285,"Lincoln, Washington",0.0
1286,"Lincoln, West Virginia",0.0
1287,"Lincoln, Wisconsin",0.0
1288,"Lincoln, Wyoming",0.0
1289,"Linn county, Oregon",0.0
1290,"Linn, Kansas",0.0
1291,"Linn, Missouri",0.0
1292,"Linn, Oregon",0.0
1293,"Lipscomb, Texas",0.0
1294,"Litchfield, Connecticut",0.0
1295,"Little river, Arkansas",0.0
1296,"Live oak, Texas",0.0
1297,"Livingston county, New York",0.0
1298,"Livingston parish, Louisiana",0.0
1299,"Livingston, Illinois",0.0
1300,"Livingston, Kentucky",0.0
1301,"Livingston, Louisiana",0.0
1302,"Livingston, Michigan",0.0
1303,"Livingston, Missouri",0.0
1304,"Livingston, New York",0.0
1305,"Llano, Texas",0.0
1306,"Logan, Arkansas",0.0
1307,"Logan, Illinois",0.0
1308,"Logan, Nebraska",0.0
1309,"Logan, North Dakota",0.0
1310,"Logan, West Virginia",0.0
1311,"Lonoke, Arkansas",0.0
1312,"Los alamos, New Mexico",0.0
1313,"Los angeles, California",0.25356576862123614
1314,"Loudoun, Virginia",0.0
1315,"Louisa, Virginia",0.0
1316,"Loup, Nebraska",0.0
1317,"Love, Oklahoma",0.0
1318,"Loving, Texas",0.0
1319,"Lowndes, Alabama",0.0
1320,"Lubbock, Texas",0.0
1321,"Lucas, Ohio",0.0
1322,"Luce, Michigan",0.0
1323,"Luna, New Mexico",0.0
1324,"Lunenburg, Virginia",0.0
1325,"Luzerne county, Pennsylvania",0.0
1326,"Luzerne, Pennsylvania",0.0
1327,"Lycoming county, Pennsylvania",0.0
1328,"Lycoming, Pennsylvania",0.0
1329,"Lyman, South Dakota",0.0
1330,"Lynchburg, Virginia",0.0
1331,"Lynn, Texas",0.0
1332,"Lyon, Kansas",0.0
1333,"Lyon, Kentucky",0.0
1334,"Lyon, Minnesota",0.0
1335,"Lyon, Nevada",0.0
1336,"Mackinac, Michigan",0.0
1337,"Macomb, Michigan",0.0
1338,"Macon, Alabama",0.0
1339,"Macon, Illinois",0.0
1340,"Macon, Missouri",0.0
1341,"Macon, North Carolina",0.0
1342,"Macoupin, Illinois",0.0
1343,"Madera county, California",0.0
1344,"Madera, California",0.0
1345,"Madison, Alabama",0.0
1346,"Madison, Florida",0.0
1347,"Madison, Idaho",0.0
1348,"Madison, Illinois",0.0
1349,"Madison, Indiana",0.0
1350,"Madison, Kentucky",0.0
1351,"Madison, Louisiana",0.0
1352,"Madison, Missouri",0.0
1353,"Madison, Montana",0.0
1354,"Madison, Nebraska",0.0
1355,"Madison, New York",0.0
1356,"Madison, North Carolina",0.0
1357,"Madison, Texas",0.0
1358,"Madison, Virginia",0.0
1359,"Magoffin, Kentucky",0.0
1360,"Mahnomen, Minnesota",0.0
1361,"Major, Oklahoma",0.0
1362,"Malheur, Oregon",0.0
1363,"Manassas, Virginia",0.0
1364,"Manatee county, Florida",0.0
1365,"Manatee, Florida",0.0
1366,"Manistee, Michigan",0.0
1367,"Manitowoc, Wisconsin",0.0
1368,"Marathon, Wisconsin",0.0
1369,"Marengo, Alabama",0.0
1370,"Maricopa, Arizona",0.0
1371,"Maries county, Missouri",0.0
1372,"Maries, Missouri",0.0
1373,"Marin, California",0.0
1374,"Marinette, Wisconsin",0.0
1375,"Marion county, Missouri",0.0
1376,"Marion, Alabama",0.0
1377,"Marion, Arkansas",0.0
1378,"Marion, Florida",0.0
1379,"Marion, Illinois",0.0
1380,"Marion, Indiana",0.0
1381,"Marion, Kansas",0.0
1382,"Marion, Kentucky",0.0
1383,"Marion, Missouri",0.0
1384,"Marion, Ohio",0.0
1385,"Marion, Oregon",0.0
1386,"Marion, South Carolina",0.0
1387,"Marion, Texas",0.0
1388,"Marion, West Virginia",0.0
1389,"Mariposa, California",0.0
1390,"Marlboro, South Carolina",0.0
1391,"Marquette, Michigan",0.0
1392,"Marquette, Wisconsin",0.0
1393,"Marshall, Alabama",0.0
1394,"Marshall, Illinois",0.0
1395,"Marshall, Indiana",0.0
1396,"Marshall, Kentucky",0.0
1397,"Marshall, Minnesota",0.0
1398,"Marshall, West Virginia",0.0
1399,"Martin county, Florida",0.0
1400,"Martin, Florida",0.0
1401,"Martin, Indiana",0.0
1402,"Martin, Kentucky",0.0
1403,"Martin, Minnesota",0.0
1404,"Martin, North Carolina",0.0
1405,"Martin, Texas",0.0
1406,"Martinsville, Virginia",0.0
1407,"Mason, Illinois",0.0
1408,"Mason, Kentucky",0.0
1409,"Mason, Michigan",0.0
1410,"Mason, Texas",0.0
1411,"Mason, Washington",0.0
1412,"Mason, West Virginia",0.0
1413,"Massac, Illinois",0.0
1414,"Matagorda, Texas",0.0
1415,"Maui, Hawaii",0.0
1416,"Maverick, Texas",0.0
1417,"Mayes, Oklahoma",0.0
1418,"Mcclain, Oklahoma",0.0
1419,"Mccone, Montana",0.0
1420,"Mccook, South Dakota",0.0
1421,"Mccormick, South Carolina",0.0
1422,"Mccracken, Kentucky",0.0
1423,"Mccreary, Kentucky",0.0
1424,"Mcculloch, Texas",0.0
1425,"Mcdonald, Missouri",0.0
1426,"Mcdonough, Illinois",0.0
1427,"Mcdowell, North Carolina",0.0
1428,"Mcdowell, West Virginia",0.0
1429,"Mchenry, Illinois",0.0
1430,"Mchenry, North Dakota",0.0
1431,"Mcintosh, North Dakota",0.0
1432,"Mckean county, Pennsylvania",0.0
1433,"Mckean, Pennsylvania",0.0
1434,"Mckenzie, North Dakota",0.0
1435,"Mckinley, New Mexico",0.0
1436,"Mclean, Illinois",0.0
1437,"Mclean, Kentucky",0.0
1438,"Mclean, North Dakota",0.0
1439,"Mclennan, Texas",0.0
1440,"Mcleod, Minnesota",0.0
1441,"Mcmullen, Texas",0.0
1442,"Mcpherson, Nebraska",0.0
1443,"Meade, Kentucky",0.0
1444,"Meade, South Dakota",0.0
1445,"Meagher, Montana",0.0
1446,"Mecklenburg, North Carolina",0.0
1447,"Mecklenburg, Virginia",0.0
1448,"Mecosta, Michigan",0.0
1449,"Medina, Ohio",0.0
1450,"Medina, Texas",0.0
1451,"Meeker, Minnesota",0.0
1452,"Menard, Illinois",0.0
1453,"Menard, Texas",0.0
1454,"Mendocino, California",0.0
1455,"Menifee, Kentucky",0.0
1456,"Menominee, Michigan",0.0
1457,"Merced, California",0.0
1458,"Mercer county, Pennsylvania",0.0
1459,"Mercer, Illinois",0.0
1460,"Mercer, Kentucky",0.0
1461,"Mercer, Missouri",0.0
1462,"Mercer, North Dakota",0.0
1463,"Mercer, Pennsylvania",0.0
1464,"Mercer, West Virginia",0.0
1465,"Merrick, Nebraska",0.0
1466,"Merrimack, New Hampshire",0.0
1467,"Miami, Indiana",0.0
1468,"Miami, Kansas",0.0
1469,"Miami, Ohio",0.0
1470,"Miami-dade, Florida",0.0
1471,"Middlesex, Connecticut",0.0
1472,"Middlesex, Massachusetts",0.0
1473,"Midland, Michigan",0.0
1474,"Midland, Texas",0.0
1475,"Mifflin, Pennsylvania",0.0
1476,"Milam, Texas",0.0
1477,"Millard, Utah",0.0
1478,"Mille lacs county, Minnesota",0.0
1479,"Mille lacs, Minnesota",0.0
1480,"Miller, Arkansas",0.0
1481,"Miller, Missouri",0.0
1482,"Mills, Texas",0.0
1483,"Milwaukee, Wisconsin",0.0
1484,"Miner, South Dakota",0.0
1485,"Mineral, Montana",0.0
1486,"Mineral, Nevada",0.0
1487,"Mineral, West Virginia",0.0
1488,"Mingo, West Virginia",0.0
1489,"Minidoka, Idaho",0.0
1490,"Minnehaha, South Dakota",0.0
1491,"Missaukee, Michigan",0.0
1492,"Mississippi, Arkansas",0.0
1493,"Mississippi, Missouri",0.0
1494,"Missoula, Montana",0.0
1495,"Mitchell, Kansas",0.0
1496,"Mitchell, North Carolina",0.0
1497,"Mitchell, Texas",0.0
1498,"Mobile, Alabama",0.0
1499,"Modoc, California",0.0
1500,"Mohave, Arizona",0.0
1501,"Moniteau, Missouri",0.0
1502,"Mono, California",0.0
1503,"Monongalia, West Virginia",0.0
1504,"Monroe county, Pennsylvania",0.0
1505,"Monroe, Alabama",0.0
1506,"Monroe, Arkansas",0.0
1507,"Monroe, Florida",0.0
1508,"Monroe, Illinois",0.0
1509,"Monroe, Indiana",0.0
1510,"Monroe, Kentucky",0.0
1511,"Monroe, Michigan",0.0
1512,"Monroe, Missouri",0.0
1513,"Monroe, New York",0.0
1514,"Monroe, Pennsylvania",0.0
1515,"Monroe, West Virginia",0.0
1516,"Monroe, Wisconsin",0.0
1517,"Montague, Texas",0.0
1518,"Montcalm, Michigan",0.0
1519,"Monterey, California",0.0
1520,"Montgomery county, Pennsylvania",0.0
1521,"Montgomery, Alabama",0.0
1522,"Montgomery, Arkansas",0.0
1523,"Montgomery, Illinois",0.0
1524,"Montgomery, Indiana",0.0
1525,"Montgomery, Kansas",0.0
1526,"Montgomery, Kentucky",0.0
1527,"Montgomery, Maryland",0.0
1528,"Montgomery, Missouri",0.0
1529,"Montgomery, New York",0.0
1530,"Montgomery, North Carolina",0.0
1531,"Montgomery, Pennsylvania",0.0
1532,"Montgomery, Texas",0.0
1533,"Montgomery, Virginia",0.0
1534,"Montmorency, Michigan",0.0
1535,"Montour, Pennsylvania",0.0
1536,"Moody, South Dakota",0.0
1537,"Moore, North Carolina",0.0
1538,"Moore, Texas",0.0
1539,"Mora, New Mexico",0.0
1540,"Morehouse, Louisiana",0.0
1541,"Morgan, Alabama",0.0
1542,"Morgan, Illinois",0.0
1543,"Morgan, Indiana",0.0
1544,"Morgan, Kentucky",0.0
1545,"Morgan, Missouri",0.0
1546,"Morgan, Utah",0.0
1547,"Morgan, West Virginia",0.0
1548,"Morrill, Nebraska",0.0
1549,"Morris, Kansas",0.0
1550,"Morris, Texas",0.0
1551,"Morrison, Minnesota",0.0
1552,"Morrow, Oregon",0.0
1553,"Morton, North Dakota",0.0
1554,"Motley, Texas",0.0
1555,"Moultrie, Illinois",0.0
1556,"Mountrail, North Dakota",0.0
1557,"Mower, Minnesota",0.0
1558,"Muhlenberg, Kentucky",0.0
1559,"Multnomah county, Oregon",0.0
1560,"Multnomah, Oregon",0.0
1561,"Murray, Minnesota",0.0
1562,"Muskegon, Michigan",0.0
1563,"Musselshell, Montana",0.0
1564,"Nacogdoches, Texas",0.0
1565,"Nance, Nebraska",0.0
1566,"Nantucket, Massachusetts",0.0
1567,"Napa, California",0.0
1568,"Nash, North Carolina",0.0
1569,"Nassau, Florida",0.0
1570,"Nassau, New York",0.0
1571,"Natchitoches, Louisiana",0.0
1572,"Natrona, Wyoming",0.0
1573,"Navajo, Arizona",0.0
1574,"Navarro, Texas",0.0
1575,"Nelson, Kentucky",0.1
1576,"Nelson, North Dakota",0.0
1577,"Nelson, Virginia",0.0
1578,"Nemaha, Nebraska",0.0
1579,"Neosho, Kansas",0.0
1580,"Nevada county, Arkansas",0.0
1581,"Nevada, Arkansas",0.0
1582,"Nevada, California",0.0
1583,"New hanover, North Carolina",0.0
1584,"New haven, Connecticut",0.0
1585,"New london, Connecticut",0.0
1586,"New madrid, Missouri",0.0
1587,"Newaygo, Michigan",0.0
1588,"Newberry, South Carolina",0.0
1589,"Newport, Rhode Island",0.0
1590,"Newton county, Arkansas",0.0
1591,"Newton, Arkansas",0.0
1592,"Newton, Indiana",0.0
1593,"Newton, Missouri",0.0
1594,"Newton, Texas",0.0
1595,"Nez perce, Idaho",0.0
1596,"Niagara, New York",0.0
1597,"Nicholas, Kentucky",0.0
1598,"Nicholas, West Virginia",0.0
1599,"Nicollet, Minnesota",0.0
1600,"Niobrara, Wyoming",0.0
1601,"Noble, Indiana",0.0
1602,"Nobles, Minnesota",0.0
1603,"Nodaway, Missouri",0.0
1604,"Nolan, Texas",0.0
1605,"Norfolk, Massachusetts",0.0
1606,"Norfolk, Virginia",0.0
1607,"North slope, Alaska",0.0
1608,"Northampton county, Pennsylvania",0.0
1609,"Northampton, North Carolina",0.0
1610,"Northampton, Pennsylvania",0.0
1611,"Northampton, Virginia",0.0
1612,"Northumberland, Pennsylvania",0.0
1613,"Northumberland, Virginia",0.0
1614,"Norton, Kansas",0.0
1615,"Nottoway, Virginia",0.0
1616,"Nuckolls, Nebraska",0.0
1617,"Nueces, Texas",0.0
1618,"Nye, Nevada",0.0
1619,"Oakland, Michigan",0.0
1620,"Oceana, Michigan",0.0
1621,"Ochiltree, Texas",0.0
1622,"Oconee, South Carolina",0.0
1623,"Oconto, Wisconsin",0.0
1624,"Ogemaw, Michigan",0.0
1625,"Ogle, Illinois",0.0
1626,"Ohio, Indiana",0.0
1627,"Ohio, Kentucky",0.0
1628,"Ohio, West Virginia",0.0
1629,"Okaloosa county, Florida",0.0
1630,"Okaloosa, Florida",0.0
1631,"Okanogan, Washington",0.0
1632,"Okeechobee, Florida",0.0
1633,"Oklahoma, Oklahoma",0.0
1634,"Oldham, Kentucky",0.0
1635,"Oldham, Texas",0.0
1636,"Olmsted, Minnesota",0.0
1637,"Oneida, Idaho",0.0
1638,"Oneida, New York",0.0
1639,"Oneida, Wisconsin",0.0
1640,"Onondaga, New York",0.0
1641,"Onslow, North Carolina",0.0
1642,"Ontario, New York",0.02142857142857143
1643,"Ontonagon, Michigan",0.0
1644,"Orange, California",0.0
1645,"Orange, Florida",0.0
1646,"Orange, New York",0.0
1647,"Orange, North Carolina",0.0
1648,"Orange, Texas",0.0
1649,"Orange, Vermont",0.0
1650,"Orange, Virginia",0.0
1651,"Orangeburg, South Carolina",0.0
1652,"Oregon, Missouri",0.0
1653,"Orleans, Louisiana",0.0
1654,"Orleans, New York",0.0
1655,"Orleans, Vermont",0.0
1656,"Osage, Kansas",0.0
1657,"Osage, Missouri",0.0
1658,"Osage, Oklahoma",0.0
1659,"Osceola, Florida",0.0
1660,"Osceola, Michigan",0.0
1661,"Oscoda, Michigan",0.0
1662,"Oswego, New York",0.0
1663,"Otero county, New Mexico",0.0
1664,"Otero, New Mexico",0.0
1665,"Otoe, Nebraska",0.0
1666,"Otsego, Michigan",0.0
1667,"Otsego, New York",0.0
1668,"Ottawa, Michigan",0.0
1669,"Otter tail, Minnesota",0.0
1670,"Ouachita, Arkansas",0.0
1671,"Ouachita, Louisiana",0.0
1672,"Outagamie, Wisconsin",0.0
1673,"Owen, Indiana",0.0
1674,"Owen, Kentucky",0.0
1675,"Owsley, Kentucky",0.0
1676,"Owyhee, Idaho",0.0
1677,"Oxford, Maine",0.0
1678,"Ozark, Missouri",0.0
1679,"Ozaukee, Wisconsin",0.0
1680,"Pacific, Washington",0.0
1681,"Page, Virginia",0.0
1682,"Palm beach, Florida",0.0
1683,"Palo pinto, Texas",0.0
1684,"Pamlico, North Carolina",0.0
1685,"Panola, Texas",0.0
1686,"Park, Montana",0.0
1687,"Park, Wyoming",0.0
1688,"Parke, Indiana",0.0
1689,"Parker, Texas",0.0
1690,"Parmer, Texas",0.0
1691,"Pasco county, Florida",0.0
1692,"Pasco, Florida",0.0
1693,"Pasquotank, North Carolina",0.0
1694,"Patrick, Virginia",0.0
1695,"Pawnee, Nebraska",0.0
1696,"Payette, Idaho",0.0
1697,"Payne, Oklahoma",0.0
1698,"Pecos, Texas",0.0
1699,"Pembina, North Dakota",0.0
1700,"Pemiscot, Missouri",0.0
1701,"Pend oreille, Washington",0.0
1702,"Pender, North Carolina",0.0
1703,"Pendleton, Kentucky",0.0
1704,"Pendleton, West Virginia",0.0
1705,"Pennington, Minnesota",0.0
1706,"Pennington, South Dakota",0.0
1707,"Penobscot, Maine",0.0
1708,"Peoria, Illinois",0.0
1709,"Pepin, Wisconsin",0.0
1710,"Perkins, Nebraska",0.0
1711,"Perquimans, North Carolina",0.0
1712,"Perry county, Pennsylvania",0.0
1713,"Perry, Alabama",0.0
1714,"Perry, Arkansas",0.0
1715,"Perry, Illinois",0.0
1716,"Perry, Indiana",0.0
1717,"Perry, Kentucky",0.0
1718,"Perry, Missouri",0.0
1719,"Perry, Pennsylvania",0.0
1720,"Pershing, Nevada",0.0
1721,"Person, North Carolina",0.0
1722,"Petroleum, Montana",0.0
1723,"Pettis, Missouri",0.0
1724,"Phelps, Missouri",0.0
1725,"Phelps, Nebraska",0.0
1726,"Philadelphia, Pennsylvania",0.0
1727,"Phillips, Arkansas",0.0
1728,"Phillips, Kansas",0.0
1729,"Phillips, Montana",0.0
1730,"Piatt, Illinois",0.0
1731,"Pickens, Alabama",0.0
1732,"Pickens, South Carolina",0.0
1733,"Pierce county, Washington",0.0
1734,"Pierce, Nebraska",0.0
1735,"Pierce, North Dakota",0.0
1736,"Pierce, Washington",0.0
1737,"Pierce, Wisconsin",0.0
1738,"Pike, Alabama",0.0
1739,"Pike, Arkansas",0.0
1740,"Pike, Illinois",0.0
1741,"Pike, Indiana",0.0
1742,"Pike, Kentucky",0.0
1743,"Pike, Missouri",0.0
1744,"Pike, Pennsylvania",0.0
1745,"Pima, Arizona",0.0
1746,"Pinal, Arizona",0.0
1747,"Pine, Minnesota",0.0
1748,"Pinellas, Florida",0.0
1749,"Pipestone, Minnesota",0.0
1750,"Piscataquis, Maine",0.0
1751,"Pitt, North Carolina",0.0
1752,"Pittsburg, Oklahoma",0.0
1753,"Pittsylvania, Virginia",0.0
1754,"Piute, Utah",0.0
1755,"Placer, California",0.0
1756,"Plaquemines, Louisiana",0.0
1757,"Platte, Missouri",0.0
1758,"Platte, Nebraska",0.0
1759,"Platte, Wyoming",0.0
1760,"Pleasants, West Virginia",0.0
1761,"Plymouth, Massachusetts",0.0
1762,"Pocahontas, West Virginia",0.0
1763,"Poinsett, Arkansas",0.0
1764,"Pointe coupee parish, Louisiana",0.0
1765,"Pointe coupee, Louisiana",0.0
1766,"Polk, Arkansas",0.0
1767,"Polk, Florida",0.0
1768,"Polk, Minnesota",0.0
1769,"Polk, Missouri",0.0
1770,"Polk, Nebraska",0.0
1771,"Polk, North Carolina",0.0
1772,"Polk, Oregon",0.0
1773,"Polk, Texas",0.0
1774,"Polk, Wisconsin",0.0
1775,"Pondera, Montana",0.0
1776,"Pontotoc, Oklahoma",0.0
1777,"Pope, Arkansas",0.0
1778,"Pope, Illinois",0.0
1779,"Pope, Minnesota",0.0
1780,"Portage county, Wisconsin",0.0
1781,"Portage, Wisconsin",0.0
1782,"Porter, Indiana",0.0
1783,"Portsmouth, Virginia",0.0
1784,"Posey, Indiana",0.0
1785,"Potter, Pennsylvania",0.0
1786,"Potter, Texas",0.0
1787,"Powder river, Montana",0.0
1788,"Powell, Kentucky",0.0
1789,"Powell, Montana",0.0
1790,"Power, Idaho",0.0
1791,"Prairie, Arkansas",0.0
1792,"Prairie, Montana",0.0
1793,"Presidio, Texas",0.0
1794,"Presque isle, Michigan",0.0
1795,"Preston, West Virginia",0.0
1796,"Price, Wisconsin",0.0
1797,"Prince george's, Maryland",0.0
1798,"Prince george, Virginia",0.0
1799,"Prince william, Virginia",0.0
1800,"Providence, Rhode Island",0.015384615384615385
1801,"Pulaski, Arkansas",0.0
1802,"Pulaski, Illinois",0.0
1803,"Pulaski, Indiana",0.0
1804,"Pulaski, Kentucky",0.0
1805,"Pulaski, Missouri",0.0
1806,"Pulaski, Virginia",0.0
1807,"Putnam county, Indiana",0.0
1808,"Putnam, Florida",0.0
1809,"Putnam, Illinois",0.0
1810,"Putnam, Indiana",0.0
1811,"Putnam, Missouri",0.0
1812,"Putnam, New York",0.0
1813,"Putnam, Tennessee",0.0
1814,"Putnam, West Virginia",0.0
1815,"Quay, New Mexico",0.0
1816,"Racine, Wisconsin",0.0
1817,"Radford, Virginia",0.0
1818,"Rains, Texas",0.0
1819,"Raleigh, West Virginia",0.0
1820,"Ramsey, Minnesota",0.0
1821,"Ramsey, North Dakota",0.0
1822,"Randall, Texas",0.0
1823,"Randolph, Alabama",0.0
1824,"Randolph, Arkansas",0.0
1825,"Randolph, Illinois",0.0
1826,"Randolph, Indiana",0.0
1827,"Randolph, Missouri",0.0
1828,"Randolph, North Carolina",0.0
1829,"Randolph, West Virginia",0.0
1830,"Ransom, North Dakota",0.0
1831,"Rapides, Louisiana",0.0
1832,"Ravalli, Montana",0.0
1833,"Ray, Missouri",0.0
1834,"Real, Texas",0.0
1835,"Red lake, Minnesota",0.0
1836,"Red river, Louisiana",0.0
1837,"Red river, Texas",0.0
1838,"Red willow, Nebraska",0.0
1839,"Redwood, Minnesota",0.0
1840,"Reeves, Texas",0.0
1841,"Refugio, Texas",0.0
1842,"Rensselaer, New York",0.0
1843,"Renville, Minnesota",0.0
1844,"Reynolds, Missouri",0.0
1845,"Rice, Minnesota",0.0
1846,"Rich, Utah",0.0
1847,"Richardson, Nebraska",0.0
1848,"Richland, Illinois",0.0
1849,"Richland, Louisiana",0.0
1850,"Richland, Montana",0.0
1851,"Richland, North Dakota",0.0
1852,"Richland, Ohio",0.0
1853,"Richland, South Carolina",0.0
1854,"Richland, Wisconsin",0.0
1855,"Richmond, North Carolina",0.0
1856,"Richmond, Virginia",0.0
1857,"Riley, Kansas",0.0
1858,"Rio arriba, New Mexico",0.0
1859,"Ripley, Indiana",0.0
1860,"Ripley, Missouri",0.0
1861,"Ritchie, West Virginia",0.0
1862,"Riverside, California",0.0
1863,"Roane, West Virginia",0.0
1864,"Roanoke, Virginia",0.0
1865,"Roberts, South Dakota",0.0
1866,"Roberts, Texas",0.0
1867,"Robertson, Texas",0.0
1868,"Robeson, North Carolina",0.0
1869,"Rock island, Illinois",0.0
1870,"Rock, Minnesota",0.0
1871,"Rock, Nebraska",0.0
1872,"Rock, Wisconsin",0.0
1873,"Rockbridge, Virginia",0.0
1874,"Rockcastle, Kentucky",0.0
1875,"Rockingham, New Hampshire",0.0
1876,"Rockingham, North Carolina",0.0
1877,"Rockingham, Virginia",0.0
1878,"Rockland, New York",0.0
1879,"Rolette, North Dakota",0.0
1880,"Roosevelt, Montana",0.0
1881,"Roosevelt, New Mexico",0.0
1882,"Roscommon, Michigan",0.0
1883,"Roseau, Minnesota",0.0
1884,"Rosebud, Montana",0.0
1885,"Rowan county, North Carolina",0.0
1886,"Rowan, Kentucky",0.0
1887,"Rowan, North Carolina",0.0
1888,"Runnels, Texas",0.0
1889,"Rush, Indiana",0.0
1890,"Rusk, Texas",0.0
1891,"Rusk, Wisconsin",0.0
1892,"Russell, Alabama",0.0
1893,"Russell, Kansas",0.0
1894,"Russell, Kentucky",0.0
1895,"Russell, Virginia",0.0
1896,"Rutherford, North Carolina",0.0
1897,"Rutland, Vermont",0.0
1898,"Sabine, Louisiana",0.0
1899,"Sabine, Texas",0.0
1900,"Sacramento county, California",0.0
1901,"Sacramento, California",0.0
1902,"Sagadahoc, Maine",0.0
1903,"Saginaw, Michigan",0.0
1904,"Saint bernard, Louisiana",0.0
1905,"Saint charles, Missouri",0.0
1906,"Saint clair, Michigan",0.0
1907,"Saint francois, Missouri",0.0
1908,"Saint james, Louisiana",0.0
1909,"Saint joseph, Michigan",0.0
1910,"Saint landry, Louisiana",0.0
1911,"Saint lawrence, New York",0.0
1912,"Saint louis, Minnesota",0.0
1913,"Saint louis, Missouri",0.0
1914,"Saint tammany, Louisiana",0.0
1915,"Salem, Virginia",0.0
1916,"Saline county, Arkansas",0.0
1917,"Saline, Arkansas",0.0
1918,"Saline, Illinois",0.0
1919,"Saline, Kansas",0.0
1920,"Saline, Missouri",0.0
1921,"Saline, Nebraska",0.0
1922,"Salt lake, Utah",0.0
1923,"Saluda, South Carolina",0.0
1924,"Sampson, North Carolina",0.0
1925,"San augustine, Texas",0.0
1926,"San benito, California",0.0
1927,"San bernardino county, California",0.0
1928,"San bernardino, California",0.0
1929,"San diego county, California",0.0
1930,"San diego, California",0.0
1931,"San francisco, California",0.0
1932,"San jacinto, Texas",0.0
1933,"San joaquin, California",0.0
1934,"San juan, New Mexico",0.0
1935,"San juan, Utah",0.0
1936,"San juan, Washington",0.0
1937,"San luis obispo, California",0.0
1938,"San mateo, California",0.0
1939,"San miguel, New Mexico",0.0
1940,"San patricio, Texas",0.0
1941,"San saba, Texas",0.0
1942,"Sanborn, South Dakota",0.0
1943,"Sanders, Montana",0.0
1944,"Sandoval, New Mexico",0.0
1945,"Sangamon, Illinois",0.0
1946,"Sanilac, Michigan",0.0
1947,"Sanpete, Utah",0.0
1948,"Santa barbara, California",0.0
1949,"Santa clara, California",0.0
1950,"Santa cruz, Arizona",0.0
1951,"Santa cruz, California",0.0
1952,"Santa fe, New Mexico",0.0
1953,"Santa rosa county, Florida",0.0
1954,"Santa rosa, Florida",0.0
1955,"Sarasota, Florida",0.0
1956,"Saratoga, New York",0.0
1957,"Sargent, North Dakota",0.0
1958,"Sarpy, Nebraska",0.0
1959,"Sauk, Wisconsin",0.0
1960,"Saunders, Nebraska",0.0
1961,"Sawyer, Wisconsin",0.0
1962,"Schenectady, New York",0.0
1963,"Schleicher, Texas",0.0
1964,"Schoharie, New York",0.0
1965,"Schoolcraft, Michigan",0.0
1966,"Schuyler, Illinois",0.0
1967,"Schuyler, New York",0.0
1968,"Schuylkill, Pennsylvania",0.0
1969,"Scotland, Missouri",0.0
1970,"Scotland, North Carolina",0.0
1971,"Scott, Arkansas",0.0
1972,"Scott, Illinois",0.0
1973,"Scott, Indiana",0.0
1974,"Scott, Kentucky",0.0
1975,"Scott, Minnesota",0.0
1976,"Scott, Missouri",0.0
1977,"Scott, Virginia",0.0
1978,"Scotts bluff, Nebraska",0.0
1979,"Scurry, Texas",0.0
1980,"Searcy, Arkansas",0.0
1981,"Sebastian, Arkansas",0.0
1982,"Sedgwick, Kansas",0.0
1983,"Seminole county, Florida",0.0
1984,"Seminole, Florida",0.0
1985,"Seneca, New York",0.0
1986,"Seneca, Ohio",0.0
1987,"Sevier, Arkansas",0.0
1988,"Sevier, Utah",0.0
1989,"Seward, Nebraska",0.0
1990,"Shackelford, Texas",0.0
1991,"Shannon, Missouri",0.0
1992,"Shannon, South Dakota",0.0
1993,"Sharp county, Arkansas",0.0
1994,"Sharp, Arkansas",0.0
1995,"Shasta, California",0.0
1996,"Shawano, Wisconsin",0.0
1997,"Shawnee, Kansas",0.0
1998,"Sheboygan, Wisconsin",0.0
1999,"Shelby, Alabama",0.0
2000,"Shelby, Illinois",0.0
2001,"Shelby, Indiana",0.0
2002,"Shelby, Kentucky",0.0
2003,"Shelby, Missouri",0.0
2004,"Shelby, Ohio",0.0
2005,"Shelby, Tennessee",0.0
2006,"Shelby, Texas",0.0
2007,"Shenandoah, Virginia",0.0
2008,"Sherburne, Minnesota",0.0
2009,"Sheridan, Montana",0.0
2010,"Sheridan, Nebraska",0.0
2011,"Sheridan, North Dakota",0.0
2012,"Sheridan, Wyoming",0.0
2013,"Sherman, Nebraska",0.0
2014,"Sherman, Oregon",0.0
2015,"Sherman, Texas",0.0
2016,"Shiawassee, Michigan",0.0
2017,"Shoshone, Idaho",0.0
2018,"Sibley, Minnesota",0.0
2019,"Sierra, New Mexico",0.0
2020,"Silver bow, Montana",0.0
2021,"Silverbow, Montana",0.0
2022,"Simpson, Kentucky",0.0
2023,"Sioux, Nebraska",0.0
2024,"Sioux, North Dakota",0.0
2025,"Skagit, Washington",0.0
2026,"Skamania, Washington",0.0
2027,"Slope, North Dakota",0.0
2028,"Smith, Texas",0.0
2029,"Smyth, Virginia",0.0
2030,"Snohomish, Washington",0.0
2031,"Snyder county, Pennsylvania",0.0
2032,"Snyder, Pennsylvania",0.0
2033,"Socorro, New Mexico",0.0
2034,"Solano, California",0.0
2035,"Somerset county, Pennsylvania",0.0
2036,"Somerset, Maine",0.0
2037,"Somerset, Maryland",0.0
2038,"Somerset, Pennsylvania",0.0
2039,"Somervell, Texas",0.0
2040,"Sonoma, California",0.0
2041,"Southampton, Virginia",0.0
2042,"Southeast fairbanks, Alaska",0.0
2043,"Spartanburg, South Carolina",0.0
2044,"Spencer, Indiana",0.0
2045,"Spink county, South Dakota",0.0
2046,"Spokane, Washington",0.0
2047,"Spotsylvania, Virginia",0.0
2048,"St clair, Alabama",0.0
2049,"St helena, Louisiana",0.0
2050,"St joseph, Indiana",0.0
2051,"St landry, Louisiana",0.0
2052,"St lawrence, New York",0.0
2053,"St louis, Missouri",0.0
2054,"St tammany, Louisiana",0.0
2055,"St. bernard, Louisiana",0.0
2056,"St. charles, Louisiana",0.0
2057,"St. charles, Missouri",0.0
2058,"St. clair county, Missouri",0.0
2059,"St. clair, Alabama",0.0
2060,"St. clair, Illinois",0.0
2061,"St. clair, Michigan",0.0
2062,"St. clair, Missouri",0.0
2063,"St. croix, Wisconsin",0.0
2064,"St. francis, Arkansas",0.0
2065,"St. francois, Missouri",0.0
2066,"St. helena, Louisiana",0.0
2067,"St. james, Louisiana",0.0
2068,"St. john the baptist parish, Louisiana",0.0
2069,"St. john the baptist, Louisiana",0.0
2070,"St. johns, Florida",0.0
2071,"St. joseph county, Indiana",0.0
2072,"St. joseph, Indiana",0.0
2073,"St. joseph, Michigan",0.0
2074,"St. landry, Louisiana",0.0
2075,"St. lawrence, New York",0.0
2076,"St. louis city, Missouri",0.0
2077,"St. louis, Minnesota",0.0
2078,"St. louis, Missouri",0.0
2079,"St. lucie, Florida",0.0
2080,"St. martin, Louisiana",0.0
2081,"St. mary parish, Louisiana",0.0
2082,"St. mary, Louisiana",0.0
2083,"St. tammany parish, Louisiana",0.0
2084,"St. tammany, Louisiana",0.0
2085,"Stafford, Virginia",0.0
2086,"Stanislaus, California",0.0
2087,"Stanly, North Carolina",0.0
2088,"Stanton, Nebraska",0.0
2089,"Stark, Illinois",0.0
2090,"Stark, North Dakota",0.0
2091,"Starke, Indiana",0.0
2092,"Starr, Texas",0.0
2093,"Staunton, Virginia",0.0
2094,"Ste. genevieve, Missouri",0.0
2095,"Stearns, Minnesota",0.0
2096,"Steele, Minnesota",0.0
2097,"Stephens, Texas",0.0
2098,"Stephenson, Illinois",0.0
2099,"Sterling, Texas",0.0
2100,"Steuben, Indiana",0.0
2101,"Steuben, New York",0.0
2102,"Stevens, Minnesota",0.0
2103,"Stevens, Washington",0.0
2104,"Stillwater, Montana",0.0
2105,"Stoddard, Missouri",0.0
2106,"Stokes, North Carolina",0.0
2107,"Stone, Arkansas",0.0
2108,"Stone, Missouri",0.0
2109,"Stonewall, Texas",0.0
2110,"Storey, Nevada",0.0
2111,"Strafford, New Hampshire",0.0
2112,"Stutsman, North Dakota",0.0
2113,"Sublette, Wyoming",0.0
2114,"Suffolk city, Virginia",0.0
2115,"Suffolk, Massachusetts",0.0
2116,"Suffolk, Virginia",0.0
2117,"Sullivan, Indiana",0.0
2118,"Sullivan, Missouri",0.0
2119,"Sullivan, New Hampshire",0.0
2120,"Sullivan, New York",0.0
2121,"Sullivan, Pennsylvania",0.0
2122,"Summers, West Virginia",0.0
2123,"Summit, Utah",0.0
2124,"Sumner, Kansas",0.0
2125,"Sumter, Alabama",0.0
2126,"Sumter, Florida",0.0
2127,"Sumter, South Carolina",0.0
2128,"Surry, North Carolina",0.0
2129,"Surry, Virginia",0.0
2130,"Susquehanna, Pennsylvania",0.0
2131,"Sutter, California",0.0
2132,"Sutton, Texas",0.0
2133,"Suwannee, Florida",0.0
2134,"Swain, North Carolina",0.0
2135,"Sweet grass, Montana",0.0
2136,"Sweetwater county, Wyoming",0.0
2137,"Sweetwater, Wyoming",0.0
2138,"Swift county, Minnesota",0.0
2139,"Swift, Minnesota",0.0
2140,"Swisher, Texas",0.0
2141,"Switzerland, Indiana",0.0
2142,"Talladega, Alabama",0.0
2143,"Tallapoosa, Alabama",0.0
2144,"Taney, Missouri",0.0
2145,"Tangipahoa parish, Louisiana",0.0
2146,"Tangipahoa, Louisiana",0.0
2147,"Taos, New Mexico",0.0
2148,"Tarrant, Texas",0.0
2149,"Taylor, Florida",0.0
2150,"Taylor, Kentucky",0.0
2151,"Taylor, Texas",0.0
2152,"Taylor, West Virginia",0.0
2153,"Taylor, Wisconsin",0.0
2154,"Tazewell, Illinois",0.0
2155,"Tazewell, Virginia",0.0
2156,"Tensas, Louisiana",0.0
2157,"Terrebonne, Louisiana",0.0
2158,"Terrell, Texas",0.0
2159,"Terry, Texas",0.0
2160,"Teton, Idaho",0.0
2161,"Teton, Montana",0.0
2162,"Teton, Wyoming",0.0
2163,"Texas, Missouri",0.0
2164,"Texas, Oklahoma",0.0
2165,"Thayer, Nebraska",0.0
2166,"Thomas, Nebraska",0.0
2167,"Throckmorton, Texas",0.0
2168,"Thurston, Nebraska",0.0
2169,"Thurston, Washington",0.0
2170,"Tillamook county, Oregon",0.0
2171,"Tillamook, Oregon",0.0
2172,"Tillman, Oklahoma",0.0
2173,"Tioga county, Pennsylvania",0.0
2174,"Tioga, New York",0.0
2175,"Tioga, Pennsylvania",0.0
2176,"Tippecanoe, Indiana",0.0
2177,"Tipton, Indiana",0.0
2178,"Titus, Texas",0.0
2179,"Todd, Kentucky",0.0
2180,"Todd, Minnesota",0.0
2181,"Todd, South Dakota",0.0
2182,"Tolland, Connecticut",0.0
2183,"Tom green, Texas",0.0
2184,"Tompkins, New York",0.0
2185,"Tooele, Utah",0.0
2186,"Toole, Montana",0.0
2187,"Torrance, New Mexico",0.0
2188,"Towner, North Dakota",0.0
2189,"Traill, North Dakota",0.0
2190,"Transylvania, North Carolina",0.0
2191,"Traverse, Minnesota",0.0
2192,"Travis, Texas",0.0
2193,"Treasure, Montana",0.0
2194,"Trempealeau, Wisconsin",0.0
2195,"Trigg, Kentucky",0.0
2196,"Trimble, Kentucky",0.0
2197,"Trinity, Texas",0.0
2198,"Tripp, South Dakota",0.0
2199,"Tucker, West Virginia",0.0
2200,"Tulare, California",0.0
2201,"Turner, South Dakota",0.0
2202,"Tuscaloosa, Alabama",0.0
2203,"Tuscola, Michigan",0.0
2204,"Twin falls, Idaho",0.0
2205,"Tyler, Texas",0.0
2206,"Tyler, West Virginia",0.0
2207,"Tyrrell, North Carolina",0.0
2208,"Uinta, Wyoming",0.0
2209,"Uintah, Utah",0.0
2210,"Ulster, New York",0.0
2211,"Umatilla, Oregon",0.0
2212,"Union parish, Louisiana",0.0
2213,"Union, Arkansas",0.0
2214,"Union, Florida",0.0
2215,"Union, Illinois",0.0
2216,"Union, Indiana",0.0
2217,"Union, Kentucky",0.0
2218,"Union, Louisiana",0.0
2219,"Union, New Mexico",0.0
2220,"Union, North Carolina",0.0
2221,"Union, Oregon",0.0
2222,"Union, Pennsylvania",0.0
2223,"Union, South Carolina",0.0
2224,"Union, South Dakota",0.0
2225,"Unknown, South Carolina",0.0
2226,"Upshur, Texas",0.0
2227,"Upshur, West Virginia",0.0
2228,"Upton, Texas",0.0
2229,"Utah, Utah",0.0
2230,"Uvalde, Texas",0.0
2231,"Val verde, Texas",0.0
2232,"Valencia, New Mexico",0.0
2233,"Valley, Idaho",0.0
2234,"Valley, Montana",0.0
2235,"Valley, Nebraska",0.0
2236,"Van buren, Arkansas",0.0
2237,"Van buren, Michigan",0.0
2238,"Van wert, Ohio",0.0
2239,"Van zandt, Texas",0.0
2240,"Vance, North Carolina",0.0
2241,"Vanderburgh, Indiana",0.0
2242,"Venango county, Pennsylvania",0.0
2243,"Venango, Pennsylvania",0.0
2244,"Ventura, California",0.0
2245,"Vermilion, Illinois",0.0
2246,"Vermilion, Louisiana",0.0
2247,"Vermillion county, Indiana",0.0
2248,"Vermillion, Indiana",0.0
2249,"Vernon, Louisiana",0.0
2250,"Vernon, Missouri",0.0
2251,"Vernon, Wisconsin",0.0
2252,"Victoria, Texas",0.0
2253,"Vigo, Indiana",0.0
2254,"Vilas, Wisconsin",0.0
2255,"Volusia, Florida",0.0
2256,"Wabash, Illinois",0.0
2257,"Wabash, Indiana",0.0
2258,"Wabasha, Minnesota",0.0
2259,"Wabaunsee, Kansas",0.0
2260,"Wadena, Minnesota",0.0
2261,"Wahkiakum, Washington",0.0
2262,"Wake, North Carolina",0.0380407429598562
2263,"Wakulla, Florida",0.0
2264,"Waldo, Maine",0.0
2265,"Walker, Alabama",0.0
2266,"Walker, Texas",0.0
2267,"Walla walla, Washington",0.0
2268,"Waller, Texas",0.0
2269,"Wallowa, Oregon",0.0
2270,"Walsh, North Dakota",0.0
2271,"Walton, Florida",0.0
2272,"Walworth, South Dakota",0.0
2273,"Walworth, Wisconsin",0.0
2274,"Ward, North Dakota",0.0
2275,"Ward, Texas",0.0
2276,"Warren county, Pennsylvania",0.0
2277,"Warren, Illinois",0.0
2278,"Warren, Indiana",0.0
2279,"Warren, Kentucky",0.0
2280,"Warren, Missouri",0.0
2281,"Warren, New York",0.0
2282,"Warren, North Carolina",0.0
2283,"Warren, Pennsylvania",0.0
2284,"Warren, Virginia",0.0
2285,"Warrick, Indiana",0.0
2286,"Wasatch, Utah",0.0
2287,"Wasco, Oregon",0.0
2288,"Waseca, Minnesota",0.0
2289,"Washakie, Wyoming",0.0
2290,"Washburn, Wisconsin",0.0
2291,"Washington parish, Louisiana",0.0
2292,"Washington, Alabama",0.0
2293,"Washington, Arkansas",0.0
2294,"Washington, Florida",0.0
2295,"Washington, Idaho",0.0
2296,"Washington, Illinois",0.0
2297,"Washington, Indiana",0.0
2298,"Washington, Kentucky",0.0
2299,"Washington, Louisiana",0.0
2300,"Washington, Maine",0.0
2301,"Washington, Maryland",0.0
2302,"Washington, Minnesota",0.0
2303,"Washington, Missouri",0.0
2304,"Washington, Nebraska",0.0
2305,"Washington, New York",0.0
2306,"Washington, North Carolina",0.0
2307,"Washington, Oklahoma",0.0
2308,"Washington, Oregon",0.0
2309,"Washington, Pennsylvania",0.0
2310,"Washington, Rhode Island",0.0
2311,"Washington, Texas",0.0
2312,"Washington, Utah",0.0
2313,"Washington, Vermont",0.0
2314,"Washington, Virginia",0.0
2315,"Washington, Wisconsin",0.0
2316,"Washita, Oklahoma",0.0
2317,"Washoe, Nevada",0.0
2318,"Washtenaw, Michigan",0.0
2319,"Watauga, North Carolina",0.0
2320,"Watonwan, Minnesota",0.0
2321,"Waukesha, Wisconsin",0.0
2322,"Waupaca, Wisconsin",0.0
2323,"Waushara, Wisconsin",0.0
2324,"Wayne, Illinois",0.0
2325,"Wayne, Indiana",0.0
2326,"Wayne, Kentucky",0.0
2327,"Wayne, Michigan",0.0
2328,"Wayne, Missouri",0.0
2329,"Wayne, Nebraska",0.0
2330,"Wayne, New York",0.0
2331,"Wayne, North Carolina",0.0
2332,"Wayne, Pennsylvania",0.0
2333,"Wayne, Utah",0.0
2334,"Wayne, West Virginia",0.0
2335,"Waynesboro city, Virginia",0.0
2336,"Webb county, Texas",0.0
2337,"Webb, Texas",0.0
2338,"Weber, Utah",0.0
2339,"Webster, Kentucky",0.0
2340,"Webster, Louisiana",0.0
2341,"Webster, Missouri",0.0
2342,"Webster, Nebraska",0.0
2343,"Webster, West Virginia",0.0
2344,"Wells, Indiana",0.0
2345,"Wells, North Dakota",0.0
2346,"West baton rouge, Louisiana",0.0
2347,"West carroll parish, Louisiana",0.0
2348,"West carroll, Louisiana",0.0
2349,"West feliciana, Louisiana",0.0
2350,"Westchester, New York",0.0
2351,"Westmoreland, Pennsylvania",0.0
2352,"Westmoreland, Virginia",0.0
2353,"Weston, Wyoming",0.0
2354,"Wetzel, West Virginia",0.0
2355,"Wexford, Michigan",0.0
2356,"Wharton, Texas",0.0
2357,"Whatcom, Washington",0.0
2358,"Wheatland, Montana",0.0
2359,"Wheeler, Nebraska",0.0
2360,"Wheeler, Oregon",0.0
2361,"Wheeler, Texas",0.0
2362,"White pine, Nevada",0.0
2363,"White, Arkansas",0.0
2364,"White, Illinois",0.0
2365,"White, Indiana",0.0
2366,"Whiteside, Illinois",0.0
2367,"Whitley, Indiana",0.0
2368,"Whitley, Kentucky",0.0
2369,"Whitman, Washington",0.0
2370,"Wibaux, Montana",0.0
2371,"Wichita, Texas",0.0
2372,"Wicomico, Maryland",0.0
2373,"Wilbarger, Texas",0.0
2374,"Wilcox, Alabama",0.0
2375,"Wilkes, North Carolina",0.0
2376,"Will, Illinois",0.0
2377,"Willacy county, Texas",0.0
2378,"Willacy, Texas",0.0
2379,"Williams, North Dakota",0.0
2380,"Williamsburg, South Carolina",0.0
2381,"Williamson, Illinois",0.0
2382,"Williamson, Texas",0.0
2383,"Wilson, Kansas",0.0
2384,"Wilson, North Carolina",0.0
2385,"Wilson, Texas",0.0
2386,"Winchester, Virginia",0.0
2387,"Windham, Connecticut",0.0
2388,"Windham, Vermont",0.0
2389,"Windsor, Vermont",0.0
2390,"Winkler, Texas",0.0
2391,"Winn, Louisiana",0.0
2392,"Winnebago, Illinois",0.0
2393,"Winnebago, Wisconsin",0.0
2394,"Winona, Minnesota",0.0
2395,"Winston, Alabama",0.0
2396,"Wise, Texas",0.0
2397,"Wolfe, Kentucky",0.0
2398,"Wood, Texas",0.0
2399,"Wood, West Virginia",0.0
2400,"Wood, Wisconsin",0.0
2401,"Woodford, Illinois",0.0
2402,"Woodford, Kentucky",0.0
2403,"Woodruff, Arkansas",0.0
2404,"Woods, Oklahoma",0.0
2405,"Woodson, Kansas",0.0
2406,"Woodward, Oklahoma",0.0
2407,"Worcester, Maryland",0.0
2408,"Worcester, Massachusetts",0.002150537634408602
2409,"Worth, Missouri",0.0
2410,"Wright, Minnesota",0.0
2411,"Wright, Missouri",0.0
2412,"Wyandotte, Kansas",0.0
2413,"Wyoming, New York",0.0
2414,"Wyoming, Pennsylvania",0.0
2415,"Wyoming, West Virginia",0.0
2416,"Wythe, Virginia",0.0
2417,"Yadkin, North Carolina",0.0
2418,"Yakima, Washington",0.0
2419,"Yakutat, Alaska",0.0
2420,"Yamhill, Oregon",0.0
2421,"Yancey, North Carolina",0.0
2422,"Yankton, South Dakota",0.0
2423,"Yates, New York",0.0
2424,"Yavapai, Arizona",0.0
2425,"Yell, Arkansas",0.0
2426,"Yellow medicine county, Minnesota",0.0
2427,"Yellow medicine, Minnesota",0.0
2428,"Yellowstone, Montana",0.0
2429,"Yoakum, Texas",0.0
2430,"Yolo, California",0.0
2431,"York county, Pennsylvania",0.0
2432,"York, Maine",0.0
2433,"York, Nebraska",0.0
2434,"York, Pennsylvania",0.0
2435,"York, South Carolina",0.0
2436,"Young, Texas",0.0
2437,"Yuba, California",0.0
2438,"Yukon-koyukuk, Alaska",0.0
2439,"Yuma county, Arizona",0.0
2440,"Yuma, Arizona",0.0
2441,"Zapata county, Texas",0.0
2442,"Zapata, Texas",0.0
2443,"Zavala, Texas",0.0
