,county,trichloroethyl
0,"-, Arizona",0.0
1,"Abbeville, South Carolina",0.0
2,"Acadia, Louisiana",0.0
3,"Accomack, Virginia",0.0
4,"Ada, Idaho",0.0040776699029126205
5,"Adair, Iowa",0.0
6,"Adair, Kentucky",0.0
7,"Adair, Missouri",0.0
8,"Adair, Oklahoma",0.0
9,"Adams, Idaho",0.0
10,"Adams, Illinois",0.0
11,"Adams, Indiana",0.0
12,"Adams, Iowa",0.0
13,"Adams, Nebraska",0.007837837837837838
14,"Adams, Ohio",0.0
15,"Adams, Pennsylvania",0.05598795180722892
16,"Adams, Washington",0.0
17,"Adams, Wisconsin",0.0
18,"Addison, Vermont",0.0
19,"Aiken, South Carolina",0.0
20,"Aitkin, Minnesota",0.0
21,"Alachua, Florida",0.042266666666666675
22,"Alamance, North Carolina",0.0
23,"Alameda, California",0.0
24,"Albany, New York",0.0
25,"Albany, Wyoming",0.0
26,"Albemarle, Virginia",0.0
27,"Alcona, Michigan",0.0
28,"Aleutians east borough, Alaska",0.0
29,"Aleutians east, Alaska",0.0
30,"Aleutians west census area, Alaska",0.0
31,"Aleutians west, Alaska",0.028636363636363637
32,"Alexander, Illinois",0.0
33,"Alexander, North Carolina",0.0
34,"Alfalfa, Oklahoma",0.0
35,"Alger, Michigan",0.0
36,"Allamakee county, Iowa",0.0
37,"Allamakee, Iowa",0.023749999999999997
38,"Allegan, Michigan",0.01694915254237288
39,"Allegany, Maryland",0.0
40,"Allegany, New York",0.007246376811594203
41,"Alleghany, North Carolina",0.0
42,"Alleghany, Virginia",0.0
43,"Allegheny county, Pennsylvania",0.0
44,"Allegheny, Pennsylvania",0.073952
45,"Allen, Indiana",0.0
46,"Allen, Kansas",0.0
47,"Allen, Kentucky",0.0
48,"Allen, Louisiana",0.0
49,"Allen, Ohio",0.0
50,"Allendale, South Carolina",0.0
51,"Alpena, Michigan",0.0
52,"Alpine, California",0.10625
53,"Amador, California",0.0
54,"Amelia, Virginia",0.0
55,"American samoa, American Samoa",0.0
56,"Amherst, Virginia",0.0
57,"Anchorage municipality, Alaska",0.0
58,"Anchorage, Alaska",0.0
59,"Anderson, Kansas",0.0
60,"Anderson, Kentucky",0.0
61,"Anderson, South Carolina",0.0
62,"Anderson, Tennessee",0.0
63,"Anderson, Texas",0.0
64,"Andrew, Missouri",0.0
65,"Andrews, Texas",0.0
66,"Androscoggin, Maine",0.0
67,"Angelina, Texas",0.0
68,"Anne arundel, Maryland",0.0014354066985645933
69,"Anoka, Minnesota",0.03494423791821562
70,"Anson, North Carolina",0.0
71,"Antelope, Nebraska",0.0
72,"Antrim, Michigan",0.0
73,"Apache, Arizona",0.006578947368421052
74,"Appanoose, Iowa",0.0
75,"Appomattox, Virginia",0.0
76,"Aransas, Texas",0.0
77,"Archer, Texas",0.0
78,"Arenac, Michigan",0.0
79,"Arkansas, Arkansas",0.0
80,"Armstrong county, Pennsylvania",0.0
81,"Armstrong, Pennsylvania",0.02744444444444444
82,"Armstrong, Texas",0.0
83,"Aroostook, Maine",0.0
84,"Arthur, Nebraska",0.0
85,"Ascension, Louisiana",0.0
86,"Ashe, North Carolina",0.0
87,"Ashland, Ohio",0.0
88,"Ashland, Wisconsin",0.0
89,"Ashley, Arkansas",0.0
90,"Ashtabula, Ohio",0.0
91,"Asotin, Washington",0.0
92,"Assumption, Louisiana",0.0
93,"Atascosa county, Texas",0.0
94,"Atascosa, Texas",0.0
95,"Atchison, Kansas",0.0
96,"Atchison, Missouri",0.0
97,"Athens, Ohio",0.0
98,"Atlantic, New Jersey",0.007622857142857143
99,"Atoka, Oklahoma",0.0
100,"Audrain, Missouri",0.0
101,"Audubon, Iowa",0.0
102,"Auglaize, Ohio",0.0
103,"Augusta, Virginia",0.0
104,"Aurora, South Dakota",0.0
105,"Austin, Texas",0.0
106,"Autauga, Alabama",0.0
107,"Avery, North Carolina",0.0
108,"Avoyelles, Louisiana",0.0
109,"B, Oklahoma",0.0
110,"Bailey, Texas",0.0
111,"Baker county, Florida",0.0
112,"Baker, Florida",0.0
113,"Baker, Oregon",0.0
114,"Baldwin, Alabama",0.0
115,"Ballard, Kentucky",0.0
116,"Baltimore city, Maryland",0.0
117,"Baltimore, Maryland",0.0
118,"Bamberg, South Carolina",1.165483870967742
119,"Bandera, Texas",0.0
120,"Banner, Nebraska",0.0
121,"Bannock, Idaho",0.08615853658536585
122,"Baraga, Michigan",0.0
123,"Barber, Kansas",0.0
124,"Barbour, Alabama",0.0
125,"Barbour, West Virginia",0.0
126,"Barnes, North Dakota",1.212
127,"Barnstable, Massachusetts",0.0008933717579250721
128,"Barnwell, South Carolina",0.0
129,"Barren, Kentucky",0.0
130,"Barron, Wisconsin",0.0
131,"Barry, Michigan",0.0
132,"Barry, Missouri",0.0
133,"Bartholomew, Indiana",2.768421052631579
134,"Barton, Kansas",0.0
135,"Barton, Missouri",0.0
136,"Bastrop, Texas",0.0
137,"Bates, Missouri",0.0
138,"Bath, Virginia",0.0
139,"Baxter, Arkansas",0.0
140,"Bay, Florida",0.0
141,"Bay, Michigan",0.0
142,"Bayfield, Wisconsin",0.0
143,"Baylor, Texas",0.0
144,"Beadle, South Dakota",0.0
145,"Bear lake, Idaho",0.0
146,"Beaufort, North Carolina",0.0
147,"Beaufort, South Carolina",0.0
148,"Beauregard, Louisiana",0.0
149,"Beaver county, Pennsylvania",0.0
150,"Beaver, Oklahoma",0.0
151,"Beaver, Pennsylvania",0.005185185185185185
152,"Beaver, Utah",0.0
153,"Beaverhead, Montana",0.0
154,"Becker, Minnesota",0.0
155,"Beckham, Oklahoma",0.0
156,"Bedford county, Pennsylvania",0.0
157,"Bedford, Pennsylvania",0.32839506172839505
158,"Bedford, Tennessee",0.0
159,"Bedford, Virginia",0.0
160,"Bee, Texas",0.0
161,"Belknap, New Hampshire",0.0
162,"Bell, Kentucky",0.0
163,"Bell, Texas",0.0
164,"Belmont, Ohio",0.4491780821917809
165,"Beltrami county, Minnesota",0.0
166,"Beltrami, Minnesota",0.0
167,"Benewah, Idaho",0.0
168,"Bennett, South Dakota",0.0
169,"Bennington, Vermont",0.0
170,"Benson, North Dakota",0.0
171,"Benton county, Arkansas",0.0
172,"Benton, Arkansas",0.0
173,"Benton, Indiana",0.0
174,"Benton, Iowa",0.0
175,"Benton, Minnesota",0.0014492753623188406
176,"Benton, Missouri",0.0
177,"Benton, Oregon",0.0
178,"Benton, Tennessee",0.0
179,"Benton, Washington",0.005164319248826292
180,"Benzie, Michigan",0.0
181,"Bergen, New Jersey",0.010717189314750292
182,"Berkeley, South Carolina",0.0
183,"Berkeley, West Virginia",0.0
184,"Berks county, Pennsylvania",0.0
185,"Berks, Pennsylvania",0.08081474296799221
186,"Berkshire, Massachusetts",0.0
187,"Bernalillo, New Mexico",0.0028196721311475412
188,"Berrien, Michigan",0.0
189,"Bertie, North Carolina",0.0
190,"Bethel census area, Alaska",0.0
191,"Bethel, Alaska",0.0
192,"Bexar, Texas",0.0
193,"Bibb, Alabama",0.0
194,"Bienville, Louisiana",0.0
195,"Big horn, Montana",0.00847457627118644
196,"Big horn, Wyoming",0.0
197,"Big stone, Minnesota",0.0
198,"Billings, North Dakota",0.0
199,"Bingham, Idaho",0.0
200,"Black hawk, Iowa",0.0
201,"Blackford, Indiana",0.0
202,"Bladen, North Carolina",0.0
203,"Blaine, Idaho",0.0
204,"Blaine, Montana",0.0
205,"Blaine, Nebraska",0.0
206,"Blaine, Oklahoma",0.0
207,"Blair county, Pennsylvania",0.0
208,"Blair, Pennsylvania",0.0
209,"Blanco, Texas",0.0
210,"Bland, Virginia",0.0
211,"Bledsoe, Tennessee",0.0
212,"Blount, Alabama",0.0
213,"Blount, Tennessee",0.0
214,"Blue earth, Minnesota",0.0
215,"Boise, Idaho",0.0
216,"Bollinger, Missouri",0.0
217,"Bon homme, South Dakota",0.0
218,"Bond, Illinois",0.0
219,"Bonner, Idaho",0.0
220,"Bonneville, Idaho",0.0
221,"Boone, Arkansas",0.0
222,"Boone, Illinois",0.05372897196261682
223,"Boone, Indiana",0.0
224,"Boone, Iowa",0.0
225,"Boone, Kentucky",0.0
226,"Boone, Missouri",0.0
227,"Boone, Nebraska",0.0
228,"Boone, West Virginia",0.0
229,"Bosque, Texas",0.0
230,"Bossier, Louisiana",0.0
231,"Botetourt, Virginia",0.0
232,"Bottineau, North Dakota",0.0
233,"Boundary, Idaho",0.0
234,"Bourbon, Kansas",0.0
235,"Bourbon, Kentucky",0.0
236,"Bowie, Texas",0.0
237,"Bowman, North Dakota",0.0
238,"Box butte, Nebraska",0.0
239,"Box elder, Utah",0.0
240,"Boyd, Kentucky",0.0
241,"Boyd, Nebraska",0.0
242,"Boyle, Kentucky",0.0
243,"Bracken, Kentucky",0.0
244,"Bradford, Florida",0.0
245,"Bradford, Pennsylvania",0.12754098360655738
246,"Bradley, Arkansas",0.0
247,"Bradley, Tennessee",0.0
248,"Branch, Michigan",0.0
249,"Braxton, West Virginia",0.0
250,"Brazoria, Texas",0.0
251,"Brazos, Texas",0.0
252,"Breathitt, Kentucky",0.0
253,"Breckinridge, Kentucky",0.0
254,"Bremer, Iowa",0.0
255,"Brevard, Florida",0.0
256,"Brewster, Texas",0.0
257,"Briscoe, Texas",0.0
258,"Bristol bay, Alaska",0.0
259,"Bristol, Massachusetts",0.0
260,"Bristol, Rhode Island",0.0
261,"Bristol, Virginia",0.0
262,"Broadwater, Montana",0.0
263,"Brooke, West Virginia",0.06363636363636364
264,"Brookings, South Dakota",0.0
265,"Brooks, Texas",0.0
266,"Broome, New York",0.008436724565756823
267,"Broward county, Florida",0.0
268,"Broward, Florida",0.00036885245901639344
269,"Brown, Illinois",0.0
270,"Brown, Indiana",0.0
271,"Brown, Kansas",0.0
272,"Brown, Minnesota",0.002926829268292683
273,"Brown, Nebraska",0.0
274,"Brown, Ohio",0.0
275,"Brown, South Dakota",0.0
276,"Brown, Texas",0.0
277,"Brown, Wisconsin",0.0
278,"Brule, South Dakota",0.0
279,"Brunswick, North Carolina",0.0
280,"Brunswick, Virginia",0.0
281,"Bryan, Oklahoma",0.03333333333333333
282,"Buchanan, Iowa",0.0
283,"Buchanan, Virginia",0.0
284,"Buckingham, Virginia",0.0
285,"Bucks county, Pennsylvania",0.01726027397260274
286,"Bucks, Pennsylvania",0.1547617119722382
287,"Buena vista, Iowa",0.0
288,"Buena vista, Virginia",0.0
289,"Buffalo, Nebraska",0.0
290,"Buffalo, Wisconsin",0.0
291,"Bullock, Alabama",0.0
292,"Buncombe, North Carolina",0.01368421052631579
293,"Bureau, Illinois",0.0
294,"Burke, North Carolina",0.0
295,"Burke, North Dakota",0.0
296,"Burleigh, North Dakota",0.0
297,"Burleson, Texas",0.0
298,"Burlington, New Jersey",0.005884907709011944
299,"Burnet, Texas",0.0
300,"Burnett, Wisconsin",0.0
301,"Burt, Nebraska",0.0
302,"Butler county, Pennsylvania",0.0
303,"Butler, Alabama",0.0
304,"Butler, Iowa",0.0
305,"Butler, Kansas",0.0
306,"Butler, Kentucky",0.0
307,"Butler, Missouri",0.0
308,"Butler, Nebraska",0.0
309,"Butler, Ohio",0.0
310,"Butler, Pennsylvania",0.006844106463878327
311,"Butte, California",0.03874251497005988
312,"Butte, Idaho",0.35714285714285715
313,"Butte, South Dakota",0.0
314,"Cabarrus, North Carolina",0.0
315,"Cabell, West Virginia",0.0
316,"Cache, Utah",0.0
317,"Caddo parish, Louisiana",0.0
318,"Caddo, Louisiana",0.0
319,"Caddo, Oklahoma",0.0
320,"Calaveras, California",0.0
321,"Calcasieu, Louisiana",0.0
322,"Caldwell, Kentucky",0.0
323,"Caldwell, Louisiana",0.0
324,"Caldwell, Missouri",0.0
325,"Caldwell, North Carolina",0.0
326,"Caldwell, Texas",0.0
327,"Caledonia, Vermont",0.0
328,"Calhoun, Alabama",1.1199999999999999
329,"Calhoun, Arkansas",0.0
330,"Calhoun, Florida",0.0
331,"Calhoun, Illinois",0.0
332,"Calhoun, Iowa",0.0
333,"Calhoun, Michigan",0.0
334,"Calhoun, South Carolina",0.0
335,"Calhoun, Texas",0.0
336,"Calhoun, West Virginia",0.0
337,"Callahan, Texas",0.0
338,"Callaway, Missouri",0.0
339,"Calloway, Kentucky",0.0
340,"Calumet, Wisconsin",0.0
341,"Calvert, Maryland",0.0
342,"Camas, Idaho",0.0
343,"Cambria county, Pennsylvania",0.0
344,"Cambria, Pennsylvania",0.0
345,"Camden, Missouri",0.0
346,"Camden, New Jersey",0.025065180102915953
347,"Camden, North Carolina",0.0
348,"Cameron, Louisiana",0.0
349,"Cameron, Pennsylvania",0.0
350,"Cameron, Texas",0.0
351,"Camp, Texas",0.0
352,"Campbell, Kentucky",0.0
353,"Campbell, Tennessee",0.0
354,"Campbell, Virginia",0.11666666666666668
355,"Campbell, Wyoming",0.0
356,"Canadian, Oklahoma",0.0
357,"Cannon, Tennessee",0.0
358,"Canyon, Idaho",0.0
359,"Cape girardeau, Missouri",0.0
360,"Cape may, New Jersey",0.0033030303030303033
361,"Carbon county, Pennsylvania",0.0
362,"Carbon, Montana",0.0
363,"Carbon, Pennsylvania",0.008620689655172414
364,"Carbon, Utah",0.0
365,"Carbon, Wyoming",0.0
366,"Caribou, Idaho",0.0
367,"Carlisle, Kentucky",0.0
368,"Carlton, Minnesota",0.0
369,"Caroline, Maryland",0.0
370,"Caroline, Virginia",0.0029411764705882353
371,"Carroll, Arkansas",0.0
372,"Carroll, Illinois",0.0
373,"Carroll, Indiana",0.0
374,"Carroll, Iowa",0.0
375,"Carroll, Kentucky",0.09
376,"Carroll, Maryland",0.011409395973154362
377,"Carroll, Missouri",0.0
378,"Carroll, New Hampshire",0.0
379,"Carroll, Ohio",0.0
380,"Carroll, Tennessee",0.0
381,"Carroll, Virginia",0.009459459459459458
382,"Carson city, Nevada",0.0
383,"Carson, Texas",0.0
384,"Carter, Kentucky",0.0
385,"Carter, Missouri",0.0
386,"Carter, Montana",0.0
387,"Carter, Oklahoma",0.0
388,"Carter, Tennessee",0.0
389,"Carteret, North Carolina",0.0
390,"Carver, Minnesota",0.001834862385321101
391,"Cascade, Montana",0.0
392,"Casey, Kentucky",0.0
393,"Cass, Illinois",0.0
394,"Cass, Indiana",0.0
395,"Cass, Iowa",0.10666666666666667
396,"Cass, Michigan",0.0
397,"Cass, Minnesota",0.007142857142857143
398,"Cass, Missouri",0.0
399,"Cass, Nebraska",0.0
400,"Cass, North Dakota",0.0
401,"Cass, Texas",0.0
402,"Cassia, Idaho",0.0
403,"Castro, Texas",0.0
404,"Caswell, North Carolina",0.0
405,"Catahoula, Louisiana",0.0
406,"Catawba, North Carolina",0.0020697167755991284
407,"Catron, New Mexico",0.0
408,"Cattaraugus, New York",0.09894308943089429
409,"Cavalier, North Dakota",0.0
410,"Cayuga county, New York",0.0
411,"Cayuga, New York",0.02083177570093458
412,"Cecil, Maryland",0.0
413,"Cedar, Iowa",0.0
414,"Cedar, Missouri",0.0
415,"Cedar, Nebraska",0.0
416,"Centre county, Pennsylvania",0.0
417,"Centre, Pennsylvania",0.021939890710382517
418,"Cerro gordo, Iowa",0.0
419,"Chambers, Alabama",0.0
420,"Chambers, Texas",0.0
421,"Champaign, Illinois",0.0
422,"Champaign, Ohio",0.017786259541984734
423,"Chariton, Missouri",0.0
424,"Charles city, Virginia",0.0
425,"Charles mix, South Dakota",0.0
426,"Charles, Maryland",0.006306306306306306
427,"Charleston county, South Carolina",0.0
428,"Charleston, South Carolina",0.0
429,"Charlevoix, Michigan",0.0
430,"Charlotte, Florida",0.0
431,"Charlotte, Virginia",0.0
432,"Chase, Kansas",0.0
433,"Chase, Nebraska",0.0
434,"Chatham, North Carolina",0.0
435,"Chautauqua, Kansas",0.0
436,"Chautauqua, New York",0.006010928961748634
437,"Chaves, New Mexico",0.6780918367346941
438,"Cheatham, Tennessee",0.0
439,"Cheboygan, Michigan",0.0
440,"Chelan, Washington",0.0
441,"Chemung, New York",0.02857142857142857
442,"Chenango, New York",0.0
443,"Cherokee, Alabama",0.0
444,"Cherokee, Iowa",0.0
445,"Cherokee, Kansas",0.0
446,"Cherokee, North Carolina",0.0
447,"Cherokee, Oklahoma",0.0
448,"Cherokee, South Carolina",0.0
449,"Cherokee, Texas",0.0
450,"Cherry, Nebraska",0.0
451,"Chesapeake city, Virginia",0.0
452,"Chesapeake, Virginia",0.0
453,"Cheshire, New Hampshire",0.0
454,"Chester county, Pennsylvania",0.0
455,"Chester, Pennsylvania",0.022284122562674095
456,"Chester, South Carolina",0.0
457,"Chester, Tennessee",0.0
458,"Chesterfield, South Carolina",0.0
459,"Chesterfield, Virginia",0.0
460,"Cheyenne, Kansas",0.0
461,"Cheyenne, Nebraska",0.0
462,"Chickasaw, Iowa",0.0
463,"Chicot, Arkansas",0.0
464,"Chilton, Alabama",0.0
465,"Chippewa, Michigan",0.0
466,"Chippewa, Minnesota",0.0
467,"Chippewa, Wisconsin",0.0
468,"Chisago, Minnesota",0.0
469,"Chittenden, Vermont",0.0
470,"Choctaw, Alabama",0.0
471,"Choctaw, Oklahoma",0.0
472,"Chouteau, Montana",0.0
473,"Chowan, North Carolina",0.0
474,"Christian, Illinois",0.0
475,"Christian, Kentucky",0.0
476,"Christian, Missouri",0.01111764705882353
477,"Churchill, Nevada",0.0
478,"Cibola, New Mexico",0.0
479,"Cimarron, Oklahoma",0.0
480,"Citrus county, Florida",0.0
481,"Citrus, Florida",0.0
482,"Clackamas, Oregon",0.0
483,"Claiborne, Louisiana",0.0
484,"Claiborne, Tennessee",0.0
485,"Clallam, Washington",0.0
486,"Clare, Michigan",0.0
487,"Clarendon, South Carolina",0.0
488,"Clarion, Pennsylvania",0.0
489,"Clark county, Nevada",0.0
490,"Clark, Arkansas",0.0
491,"Clark, Idaho",0.0
492,"Clark, Illinois",0.0
493,"Clark, Indiana",0.17
494,"Clark, Kansas",0.0
495,"Clark, Kentucky",0.0
496,"Clark, Missouri",0.0
497,"Clark, Nevada",0.003209169054441261
498,"Clark, Ohio",0.11359307359307359
499,"Clark, South Dakota",0.0
500,"Clark, Washington",0.05008695652173913
501,"Clark, Wisconsin",0.0
502,"Clarke, Alabama",0.0
503,"Clarke, Iowa",0.0
504,"Clarke, Virginia",0.0
505,"Clatsop, Oregon",0.0
506,"Clay, Alabama",0.0
507,"Clay, Arkansas",0.0
508,"Clay, Florida",0.0
509,"Clay, Illinois",0.0
510,"Clay, Indiana",0.0
511,"Clay, Iowa",0.0
512,"Clay, Kansas",0.0
513,"Clay, Kentucky",0.0
514,"Clay, Minnesota",0.07352941176470588
515,"Clay, Missouri",0.0
516,"Clay, Nebraska",0.0
517,"Clay, North Carolina",0.0
518,"Clay, South Dakota",0.0
519,"Clay, Tennessee",0.0
520,"Clay, Texas",0.0
521,"Clay, West Virginia",0.0
522,"Clayton, Iowa",0.0
523,"Clearfield county, Pennsylvania",0.0
524,"Clearfield, Pennsylvania",0.0
525,"Clearwater, Idaho",0.0
526,"Clearwater, Minnesota",0.0
527,"Cleburne, Alabama",0.0
528,"Cleburne, Arkansas",0.0
529,"Clermont, Ohio",0.16588888888888892
530,"Cleveland, Arkansas",0.0
531,"Cleveland, North Carolina",0.0
532,"Cleveland, Oklahoma",0.12677852348993288
533,"Clinton, Illinois",0.0
534,"Clinton, Indiana",0.0
535,"Clinton, Iowa",0.0
536,"Clinton, Kentucky",0.0
537,"Clinton, Michigan",0.0
538,"Clinton, Missouri",0.0
539,"Clinton, New York",0.0
540,"Clinton, Ohio",0.0
541,"Clinton, Pennsylvania",0.0
542,"Cloud, Kansas",0.0
543,"Coal, Oklahoma",0.0
544,"Cochise, Arizona",0.0022163588390501318
545,"Cochran, Texas",0.0
546,"Cocke, Tennessee",0.0
547,"Coconino, Arizona",0.1
548,"Codington, South Dakota",0.0
549,"Coffee, Alabama",0.0
550,"Coffee, Tennessee",0.03736842105263158
551,"Coffey, Kansas",0.0
552,"Coke, Texas",0.0
553,"Colbert, Alabama",0.0
554,"Cole, Missouri",0.0
555,"Coleman, Texas",0.0
556,"Coles, Illinois",0.0
557,"Colfax, Nebraska",0.0
558,"Colfax, New Mexico",0.0
559,"Colleton, South Carolina",0.0
560,"Collier, Florida",0.0
561,"Collin, Texas",0.0
562,"Collingsworth, Texas",0.0
563,"Colorado, Texas",0.0
564,"Columbia county, Pennsylvania",0.0
565,"Columbia, Arkansas",0.0
566,"Columbia, Florida",0.0
567,"Columbia, New York",0.0
568,"Columbia, Oregon",0.0
569,"Columbia, Pennsylvania",0.006578947368421052
570,"Columbia, Washington",0.0
571,"Columbia, Wisconsin",0.001056910569105691
572,"Columbiana, Ohio",0.0
573,"Columbus county, North Carolina",0.0
574,"Columbus, North Carolina",0.0
575,"Colusa, California",0.0
576,"Comal, Texas",0.0
577,"Comanche, Kansas",0.0
578,"Comanche, Oklahoma",0.0
579,"Comanche, Texas",0.0
580,"Concho, Texas",0.0
581,"Concordia, Louisiana",0.0
582,"Conecuh, Alabama",0.0
583,"Contra costa, California",0.0
584,"Converse, Wyoming",0.0
585,"Conway, Arkansas",0.0
586,"Cook, Illinois",0.0
587,"Cook, Minnesota",0.0
588,"Cooke, Texas",0.0
589,"Cooper, Missouri",0.0
590,"Coos, New Hampshire",0.0
591,"Coos, Oregon",0.0
592,"Coosa, Alabama",0.0
593,"Corson, South Dakota",0.0
594,"Cortland, New York",0.012259887005649717
595,"Coryell, Texas",0.0
596,"Coshocton, Ohio",0.0
597,"Cottle, Texas",0.0
598,"Cotton, Oklahoma",0.0
599,"Cottonwood county, Minnesota",0.0
600,"Cottonwood, Minnesota",0.0
601,"Covington, Alabama",0.002966101694915254
602,"Covington, Virginia",0.0
603,"Cowley, Kansas",0.02870967741935484
604,"Cowlitz, Washington",0.05042016806722689
605,"Craig, Oklahoma",0.0
606,"Craig, Virginia",0.0
607,"Craighead, Arkansas",0.032840909090909094
608,"Crane, Texas",0.0
609,"Craven, North Carolina",0.0
610,"Crawford county, Pennsylvania",0.0
611,"Crawford, Arkansas",0.0
612,"Crawford, Illinois",0.0
613,"Crawford, Indiana",0.0
614,"Crawford, Iowa",0.0
615,"Crawford, Kansas",0.0
616,"Crawford, Michigan",0.0
617,"Crawford, Missouri",0.0
618,"Crawford, Ohio",0.0
619,"Crawford, Pennsylvania",0.020833333333333332
620,"Crawford, Wisconsin",0.09146875
621,"Creek, Oklahoma",0.0
622,"Crenshaw, Alabama",0.0
623,"Crittenden, Arkansas",0.0
624,"Crittenden, Kentucky",0.0
625,"Crockett, Tennessee",0.0
626,"Crockett, Texas",0.0
627,"Crook, Oregon",0.0
628,"Crook, Wyoming",0.0
629,"Crosby, Texas",0.0
630,"Cross, Arkansas",0.0
631,"Crow wing, Minnesota",0.0031446540880503146
632,"Culberson, Texas",0.0
633,"Cullman, Alabama",0.0
634,"Culpeper, Virginia",0.3572992700729927
635,"Cumberland county, Pennsylvania",0.0
636,"Cumberland, Illinois",0.0
637,"Cumberland, Kentucky",0.0
638,"Cumberland, Maine",0.0
639,"Cumberland, New Jersey",0.05867557715674362
640,"Cumberland, North Carolina",0.001851851851851852
641,"Cumberland, Pennsylvania",0.008730964467005078
642,"Cumberland, Tennessee",0.0
643,"Cumberland, Virginia",0.0
644,"Cuming, Nebraska",0.060263157894736845
645,"Currituck, North Carolina",0.0
646,"Curry, New Mexico",0.0
647,"Curry, Oregon",0.0
648,"Custer, Idaho",0.005769230769230769
649,"Custer, Montana",0.0
650,"Custer, Nebraska",0.2775641025641026
651,"Custer, Oklahoma",0.0
652,"Custer, South Dakota",0.0
653,"Cuyahoga, Ohio",0.035333333333333335
654,"Dade, Florida",0.0
655,"Dade, Missouri",0.0
656,"Daggett, Utah",0.0
657,"Dakota, Minnesota",0.008272251308900525
658,"Dakota, Nebraska",0.0
659,"Dale, Alabama",0.0
660,"Dallam, Texas",0.0
661,"Dallas, Alabama",0.0
662,"Dallas, Arkansas",0.0
663,"Dallas, Iowa",0.0
664,"Dallas, Missouri",0.0
665,"Dallas, Texas",0.0
666,"Dane, Wisconsin",0.08890688259109311
667,"Daniels, Montana",0.0
668,"Danville, Virginia",0.0
669,"Dare, North Carolina",0.0
670,"Darke, Ohio",0.0
671,"Darlington, South Carolina",0.0
672,"Dauphin county, Pennsylvania",0.0
673,"Dauphin, Pennsylvania",0.05010582010582011
674,"Davidson, North Carolina",0.0
675,"Davidson, Tennessee",0.0
676,"Davie, North Carolina",0.0
677,"Daviess, Indiana",0.0
678,"Daviess, Kentucky",0.0
679,"Daviess, Missouri",0.0
680,"Davis, Iowa",0.0
681,"Davis, Utah",0.12698412698412703
682,"Dawes, Nebraska",0.0
683,"Dawson, Montana",0.0
684,"Dawson, Nebraska",0.0
685,"Dawson, Texas",0.0
686,"Day, South Dakota",0.0
687,"De baca, New Mexico",0.0
688,"De kalb, Indiana",0.0
689,"De kalb, Missouri",0.0
690,"De soto, Florida",0.0
691,"De soto, Louisiana",0.054
692,"De witt, Illinois",0.0
693,"Deaf smith, Texas",0.0
694,"Dearborn, Indiana",0.0
695,"Decatur, Indiana",0.0
696,"Decatur, Iowa",0.0
697,"Decatur, Kansas",0.0
698,"Decatur, Tennessee",0.0
699,"Deer lodge, Montana",0.0
700,"Defiance, Ohio",0.0
701,"Dekalb, Alabama",0.0
702,"Dekalb, Illinois",0.08639072847682121
703,"Dekalb, Indiana",0.0
704,"Dekalb, Missouri",0.0
705,"Dekalb, Tennessee",0.0
706,"Del norte county, California",0.0
707,"Del norte, California",0.0
708,"Delaware, Indiana",0.0
709,"Delaware, Iowa",0.0
710,"Delaware, New York",0.8679532163742691
711,"Delaware, Ohio",0.0
712,"Delaware, Oklahoma",0.0
713,"Delaware, Pennsylvania",0.0
714,"Delta, Michigan",0.0
715,"Delta, Texas",0.0
716,"Denali, Alaska",0.0
717,"Dent, Missouri",0.0
718,"Denton, Texas",0.0
719,"Des moines, Iowa",0.0
720,"Deschutes, Oregon",0.0
721,"Desha, Arkansas",0.0
722,"Desoto, Florida",0.0
723,"Deuel, Nebraska",0.0
724,"Dewey, Oklahoma",0.0
725,"Dewey, South Dakota",0.0
726,"Dewitt, Texas",0.0
727,"Dickens, Texas",0.0
728,"Dickenson, Virginia",0.0
729,"Dickey, North Dakota",0.0
730,"Dickinson, Iowa",0.0
731,"Dickinson, Kansas",0.0
732,"Dickinson, Michigan",0.0
733,"Dickson, Tennessee",0.0
734,"Dillingham, Alaska",0.0
735,"Dillon, South Carolina",0.0
736,"Dimmit, Texas",0.0
737,"Dinwiddie, Virginia",0.0
738,"District of columbia, District of Columbia",0.0
739,"Dixie, Florida",0.0
740,"Dixon, Nebraska",0.0
741,"Doddridge, West Virginia",0.0
742,"Dodge, Minnesota",0.0
743,"Dodge, Nebraska",0.0
744,"Dodge, Wisconsin",0.011424418604651163
745,"Dona ana, New Mexico",0.009307272727272727
746,"Doniphan, Kansas",0.0
747,"Donley, Texas",0.0
748,"Door, Wisconsin",0.0
749,"Dorchester, Maryland",0.03975903614457831
750,"Dorchester, South Carolina",0.1096190476190476
751,"Douglas, Illinois",0.0
752,"Douglas, Kansas",0.0
753,"Douglas, Minnesota",0.005714285714285714
754,"Douglas, Missouri",0.0
755,"Douglas, Nebraska",0.03511347517730497
756,"Douglas, Nevada",0.0
757,"Douglas, Oregon",0.0
758,"Douglas, South Dakota",0.0
759,"Douglas, Washington",0.0
760,"Douglas, Wisconsin",0.0
761,"Drew, Arkansas",0.0
762,"Du page, Illinois",0.0
763,"Dubois, Indiana",0.0
764,"Dubuque, Iowa",0.0
765,"Duchesne, Utah",0.0
766,"Dukes, Massachusetts",0.0
767,"Dundy, Nebraska",0.0
768,"Dunklin, Missouri",0.0
769,"Dunn, North Dakota",0.0
770,"Dunn, Wisconsin",0.0
771,"Dupage, Illinois",0.04554479418886198
772,"Duplin, North Carolina",0.0
773,"Durham, North Carolina",0.0
774,"Dutchess, New York",0.05590304925723221
775,"Duval county, Florida",0.0
776,"Duval, Florida",0.0
777,"Duval, Texas",0.0
778,"Dyer, Tennessee",0.0
779,"East baton rouge parish, Louisiana",0.0
780,"East baton rouge, Louisiana",0.0
781,"East carroll, Louisiana",0.0
782,"East feliciana, Louisiana",0.0
783,"Eastland, Texas",0.0
784,"Eaton, Michigan",0.0
785,"Eau claire, Wisconsin",0.004225806451612904
786,"Ector, Texas",0.0
787,"Eddy, New Mexico",0.00022727272727272727
788,"Eddy, North Dakota",0.0
789,"Edgar, Illinois",0.0
790,"Edgecombe, North Carolina",0.0
791,"Edgefield, South Carolina",0.0
792,"Edmonson, Kentucky",0.0
793,"Edmunds, South Dakota",0.0
794,"Edwards, Illinois",0.0
795,"Edwards, Kansas",0.0
796,"Edwards, Texas",0.0
797,"Effingham, Illinois",0.0
798,"El dorado, California",0.0
799,"El paso, Texas",0.0297029702970297
800,"Elk, Kansas",0.0
801,"Elk, Pennsylvania",0.0
802,"Elkhart, Indiana",0.027192982456140352
803,"Elko, Nevada",0.0
804,"Elliott, Kentucky",0.0
805,"Ellis, Kansas",0.0
806,"Ellis, Oklahoma",0.0
807,"Ellis, Texas",0.0
808,"Ellsworth, Kansas",0.0
809,"Elmore, Alabama",0.0208955223880597
810,"Elmore, Idaho",0.0
811,"Emery, Utah",0.0
812,"Emmet, Iowa",0.0
813,"Emmet, Michigan",0.0
814,"Emmons, North Dakota",0.0
815,"Erath, Texas",0.0
816,"Erie county, Pennsylvania",0.0
817,"Erie, New York",0.07567307692307691
818,"Erie, Ohio",0.0
819,"Erie, Pennsylvania",0.003930131004366812
820,"Escambia, Alabama",0.06309210526315791
821,"Escambia, Florida",0.06369999999999999
822,"Esmeralda, Nevada",0.0
823,"Essex county, New York",0.0
824,"Essex, Massachusetts",1.0084182776801405
825,"Essex, New Jersey",0.025514603616133516
826,"Essex, New York",0.0
827,"Essex, Vermont",0.0
828,"Essex, Virginia",0.007142857142857143
829,"Estill, Kentucky",0.0
830,"Etowah, Alabama",0.08333333333333333
831,"Eureka county, Nevada",0.0
832,"Eureka, Nevada",0.0
833,"Evangeline parish, Louisiana",0.0
834,"Evangeline, Louisiana",0.0
835,"Fairbanks north star, Alaska",0.0
836,"Fairfax, Virginia",0.0
837,"Fairfield, Connecticut",0.05882270606531882
838,"Fairfield, Ohio",0.0
839,"Fairfield, South Carolina",0.0
840,"Fall river, South Dakota",0.0
841,"Fallon, Montana",0.0
842,"Falls, Texas",0.0
843,"Fannin, Texas",0.0
844,"Faribault, Minnesota",0.0
845,"Faulk, South Dakota",0.0
846,"Fauquier, Virginia",0.14119718309859153
847,"Fayette, Alabama",0.0
848,"Fayette, Illinois",0.0
849,"Fayette, Indiana",0.0
850,"Fayette, Iowa",0.0
851,"Fayette, Kentucky",0.0
852,"Fayette, Ohio",0.0
853,"Fayette, Pennsylvania",0.0
854,"Fayette, Tennessee",0.0
855,"Fayette, Texas",0.0
856,"Fayette, West Virginia",0.0
857,"Fentress, Tennessee",0.0
858,"Fergus, Montana",0.0
859,"Ferry, Washington",0.0
860,"Fillmore, Minnesota",0.0
861,"Fillmore, Nebraska",0.0
862,"Finney, Kansas",0.0
863,"Fisher, Texas",0.0
864,"Flagler, Florida",0.0
865,"Flathead, Montana",0.0
866,"Fleming, Kentucky",0.0
867,"Florence, South Carolina",0.0
868,"Florence, Wisconsin",0.0
869,"Floyd, Indiana",0.0
870,"Floyd, Iowa",0.0
871,"Floyd, Kentucky",0.0
872,"Floyd, Texas",0.0
873,"Floyd, Virginia",0.0
874,"Fluvanna, Virginia",0.0
875,"Foard, Texas",0.0
876,"Fond du lac, Wisconsin",0.2830372492836676
877,"Ford, Illinois",0.0
878,"Ford, Kansas",0.11676923076923076
879,"Forest, Pennsylvania",0.0
880,"Forest, Wisconsin",0.0
881,"Forsyth, North Carolina",0.0
882,"Fort bend county, Texas",0.0
883,"Fort bend, Texas",0.0
884,"Foster, North Dakota",0.0
885,"Fountain, Indiana",0.5571428571428572
886,"Franklin county, Missouri",0.384764705882353
887,"Franklin county, New York",0.0
888,"Franklin county, Ohio",0.0
889,"Franklin county, Pennsylvania",0.0
890,"Franklin, Alabama",0.0
891,"Franklin, Arkansas",0.0
892,"Franklin, Florida",0.0
893,"Franklin, Idaho",0.0
894,"Franklin, Illinois",0.0
895,"Franklin, Indiana",0.0
896,"Franklin, Iowa",0.0
897,"Franklin, Kansas",0.0
898,"Franklin, Kentucky",0.0
899,"Franklin, Louisiana",0.0
900,"Franklin, Maine",0.0
901,"Franklin, Massachusetts",0.0
902,"Franklin, Missouri",0.03453441295546558
903,"Franklin, Nebraska",0.0
904,"Franklin, New York",0.0
905,"Franklin, North Carolina",0.0
906,"Franklin, Ohio",0.0
907,"Franklin, Pennsylvania",0.0
908,"Franklin, Tennessee",0.0
909,"Franklin, Texas",0.0
910,"Franklin, Vermont",0.0
911,"Franklin, Virginia",0.0
912,"Franklin, Washington",0.0
913,"Frederick, Maryland",0.020648967551622415
914,"Frederick, Virginia",0.0
915,"Freeborn, Minnesota",0.0
916,"Freestone, Texas",0.0
917,"Fremont, Idaho",0.0
918,"Fremont, Iowa",0.0
919,"Fremont, Wyoming",0.0
920,"Fresno, California",0.17734057971014483
921,"Frio, Texas",0.0
922,"Frontier, Nebraska",0.0
923,"Fulton, Arkansas",0.0
924,"Fulton, Illinois",0.0
925,"Fulton, Indiana",0.0
926,"Fulton, Kentucky",0.0
927,"Fulton, New York",0.0
928,"Fulton, Ohio",0.0
929,"Fulton, Pennsylvania",0.07651162790697674
930,"Furnas, Nebraska",0.0
931,"Gadsden, Florida",0.0
932,"Gage, Nebraska",0.0
933,"Gaines, Texas",0.0
934,"Galax, Virginia",0.0
935,"Gallatin, Illinois",0.0
936,"Gallatin, Kentucky",0.0
937,"Gallatin, Montana",0.0013440860215053765
938,"Gallia, Ohio",0.0
939,"Galveston, Texas",0.0
940,"Garden, Nebraska",0.0
941,"Garfield, Montana",0.0
942,"Garfield, Nebraska",0.0
943,"Garfield, Oklahoma",0.0
944,"Garfield, Utah",0.0
945,"Garfield, Washington",0.0
946,"Garland, Arkansas",0.0
947,"Garrard, Kentucky",0.0
948,"Garrett, Maryland",0.0
949,"Garvin, Oklahoma",0.0
950,"Garza, Texas",0.0
951,"Gasconade, Missouri",0.0
952,"Gaston, North Carolina",0.16965601965601962
953,"Gates, North Carolina",0.0
954,"Geary, Kansas",0.0
955,"Geauga, Ohio",0.0
956,"Gem, Idaho",0.0
957,"Genesee, Michigan",0.0
958,"Genesee, New York",0.0
959,"Geneva, Alabama",0.0
960,"Gentry, Missouri",0.0
961,"Georgetown, South Carolina",0.0
962,"Gibson, Indiana",0.0
963,"Gibson, Tennessee",0.0
964,"Gila, Arizona",0.0
965,"Gilchrist, Florida",0.0
966,"Giles, Tennessee",0.0
967,"Giles, Virginia",0.1268918918918919
968,"Gillespie, Texas",0.0
969,"Gilliam, Oregon",0.0
970,"Gilmer, West Virginia",0.0
971,"Glacier, Montana",0.0
972,"Glades, Florida",0.0
973,"Gladwin, Michigan",0.0
974,"Glasscock, Texas",0.0
975,"Glenn, California",0.0
976,"Gloucester, New Jersey",0.015199579831932774
977,"Gloucester, Virginia",0.015151515151515152
978,"Gogebic, Michigan",0.0
979,"Golden valley, Montana",0.0
980,"Golden valley, North Dakota",0.0
981,"Goliad, Texas",0.0
982,"Gonzales, Texas",0.0
983,"Goochland, Virginia",0.0
984,"Goodhue, Minnesota",0.0
985,"Gooding, Idaho",0.0
986,"Goshen, Wyoming",0.0
987,"Gosper, Nebraska",0.0
988,"Gove, Kansas",0.0
989,"Grady, Oklahoma",0.0
990,"Grafton, New Hampshire",0.0
991,"Graham county, Arizona",0.0
992,"Graham, Arizona",0.0
993,"Graham, Kansas",0.0
994,"Graham, North Carolina",0.0
995,"Grainger, Tennessee",0.0
996,"Grand forks, North Dakota",0.0
997,"Grand isle, Vermont",0.0
998,"Grand traverse, Michigan",0.0
999,"Grand, Utah",0.0
1000,"Granite, Montana",0.0
1001,"Grant, Arkansas",0.0
1002,"Grant, Indiana",0.0
1003,"Grant, Kansas",0.0
1004,"Grant, Kentucky",0.0
1005,"Grant, Louisiana",0.0
1006,"Grant, Minnesota",0.0
1007,"Grant, Nebraska",0.0
1008,"Grant, New Mexico",0.22977011494252875
1009,"Grant, North Dakota",0.0
1010,"Grant, Oklahoma",0.0
1011,"Grant, Oregon",0.0
1012,"Grant, South Dakota",0.0
1013,"Grant, Washington",0.0865927977839335
1014,"Grant, West Virginia",0.0
1015,"Grant, Wisconsin",0.0008681818181818182
1016,"Granville, North Carolina",0.11358490566037735
1017,"Gratiot, Michigan",0.0
1018,"Graves, Kentucky",0.0
1019,"Gray, Kansas",0.0
1020,"Gray, Texas",0.0
1021,"Grays harbor, Washington",0.0
1022,"Grayson, Kentucky",0.0
1023,"Grayson, Texas",0.0
1024,"Grayson, Virginia",0.0
1025,"Greeley, Kansas",0.0
1026,"Greeley, Nebraska",0.0
1027,"Green lake, Wisconsin",0.007613333333333333
1028,"Green, Kentucky",0.0
1029,"Green, Wisconsin",0.0
1030,"Greenbrier, West Virginia",0.006521739130434782
1031,"Greene, Alabama",0.0
1032,"Greene, Arkansas",0.0
1033,"Greene, Illinois",0.0
1034,"Greene, Indiana",0.0
1035,"Greene, Iowa",0.0
1036,"Greene, Missouri",0.12676470588235295
1037,"Greene, New York",0.0
1038,"Greene, North Carolina",0.0
1039,"Greene, Ohio",0.0
1040,"Greene, Pennsylvania",0.0
1041,"Greene, Tennessee",0.0
1042,"Greene, Virginia",0.0
1043,"Greenlee, Arizona",0.0
1044,"Greensville, Virginia",0.0
1045,"Greenup, Kentucky",0.0
1046,"Greenville, South Carolina",0.0
1047,"Greenwood, Kansas",0.0
1048,"Greenwood, South Carolina",0.0
1049,"Greer, Oklahoma",0.0
1050,"Gregg, Texas",0.0
1051,"Gregory, South Dakota",0.0
1052,"Griggs, North Dakota",0.0
1053,"Grimes, Texas",0.0
1054,"Grundy, Illinois",0.0058823529411764705
1055,"Grundy, Iowa",0.0
1056,"Grundy, Missouri",0.0
1057,"Grundy, Tennessee",0.0
1058,"Guadalupe, New Mexico",0.0
1059,"Guadalupe, Texas",0.0
1060,"Guernsey, Ohio",0.0
1061,"Guilford, North Carolina",0.02217248908296943
1062,"Guillford, North Carolina",0.0
1063,"Gulf, Florida",0.0
1064,"Guthrie, Iowa",0.0
1065,"Haines, Alaska",0.0
1066,"Hale, Alabama",0.0
1067,"Hale, Texas",0.0
1068,"Halifax, North Carolina",0.0
1069,"Halifax, Virginia",0.0
1070,"Hall, Nebraska",0.0
1071,"Hall, Texas",0.0
1072,"Hamblen, Tennessee",0.0
1073,"Hamilton, Florida",0.0
1074,"Hamilton, Indiana",0.0
1075,"Hamilton, Iowa",0.0
1076,"Hamilton, Kansas",0.0
1077,"Hamilton, Nebraska",0.0
1078,"Hamilton, New York",0.0
1079,"Hamilton, Ohio",0.0
1080,"Hamilton, Tennessee",0.0
1081,"Hamilton, Texas",0.0
1082,"Hamlin, South Dakota",0.0
1083,"Hampden, Massachusetts",0.0
1084,"Hampshire, Massachusetts",0.021322314049586778
1085,"Hampshire, West Virginia",0.0
1086,"Hampton, South Carolina",0.0
1087,"Hancock, Illinois",0.0
1088,"Hancock, Indiana",0.0
1089,"Hancock, Iowa",0.0
1090,"Hancock, Kentucky",0.0
1091,"Hancock, Maine",0.00906515580736544
1092,"Hancock, Ohio",0.0
1093,"Hancock, Tennessee",0.0
1094,"Hancock, West Virginia",0.8692307692307691
1095,"Hanover, Virginia",0.0
1096,"Hansford, Texas",0.0
1097,"Hardee, Florida",0.0
1098,"Hardeman, Tennessee",0.12290322580645162
1099,"Hardeman, Texas",0.0
1100,"Hardin, Illinois",0.0
1101,"Hardin, Iowa",0.02727272727272727
1102,"Hardin, Kentucky",0.0
1103,"Hardin, Ohio",0.0
1104,"Hardin, Tennessee",0.0
1105,"Hardin, Texas",0.0
1106,"Harding, New Mexico",0.0
1107,"Harding, South Dakota",0.0
1108,"Hardy, West Virginia",0.0
1109,"Harford county, Maryland",0.0
1110,"Harford, Maryland",0.04454409566517189
1111,"Harlan, Kentucky",0.0
1112,"Harlan, Nebraska",0.0
1113,"Harmon, Oklahoma",0.0
1114,"Harnett, North Carolina",0.0
1115,"Harney, Oregon",0.0819047619047619
1116,"Harper, Kansas",0.0
1117,"Harper, Oklahoma",0.0
1118,"Harris, Texas",0.0025939650608787714
1119,"Harrison, Indiana",0.0
1120,"Harrison, Iowa",0.0
1121,"Harrison, Kentucky",0.0
1122,"Harrison, Missouri",0.0
1123,"Harrison, Ohio",0.0
1124,"Harrison, Texas",0.0
1125,"Harrison, West Virginia",0.0
1126,"Harrisonburg, Virginia",0.0
1127,"Hart, Kentucky",0.0
1128,"Hartford, Connecticut",0.13120745022479127
1129,"Hartley, Texas",0.0
1130,"Harvey, Kansas",0.0
1131,"Haskell, Kansas",0.0
1132,"Haskell, Oklahoma",0.0
1133,"Haskell, Texas",0.0
1134,"Hawaii, Hawaii",0.0
1135,"Hawkins, Tennessee",0.0
1136,"Hayes, Nebraska",0.0
1137,"Hays, Texas",0.0
1138,"Haywood, North Carolina",0.0
1139,"Haywood, Tennessee",0.0
1140,"Hemphill, Texas",0.0
1141,"Hempstead, Arkansas",0.0
1142,"Henderson, Illinois",0.0
1143,"Henderson, Kentucky",0.0
1144,"Henderson, North Carolina",0.0
1145,"Henderson, Tennessee",0.0
1146,"Henderson, Texas",0.0
1147,"Hendricks, Indiana",0.0
1148,"Hendry, Florida",0.0
1149,"Hennepin, Minnesota",0.09129186602870815
1150,"Henrico, Virginia",0.0
1151,"Henry, Alabama",0.0
1152,"Henry, Illinois",0.0
1153,"Henry, Indiana",0.0
1154,"Henry, Iowa",0.0
1155,"Henry, Kentucky",0.0
1156,"Henry, Missouri",0.0
1157,"Henry, Ohio",0.0
1158,"Henry, Tennessee",0.0
1159,"Henry, Virginia",0.0
1160,"Herkimer, New York",0.00435483870967742
1161,"Hernando, Florida",0.0
1162,"Hertford, North Carolina",0.0
1163,"Hickman, Kentucky",0.0
1164,"Hickman, Tennessee",0.0
1165,"Hickory, Missouri",0.0
1166,"Hidalgo, New Mexico",0.0
1167,"Hidalgo, Texas",0.0
1168,"Highland, Ohio",0.0
1169,"Highland, Virginia",0.0
1170,"Highlands, Florida",0.0
1171,"Hill, Montana",0.0
1172,"Hill, Texas",0.0
1173,"Hills, Florida",0.0
1174,"Hills, New Hampshire",0.0073478760045924225
1175,"Hillsborough county, Florida",0.0
1176,"Hillsborough county, New Hampshire",0.0
1177,"Hillsborough, Florida",0.0
1178,"Hillsborough, New Hampshire",0.0
1179,"Hillsdale, Michigan",0.015151515151515152
1180,"Hitchcock, Nebraska",0.0
1181,"Hocking, Ohio",0.0
1182,"Hockley, Texas",0.0
1183,"Hodgeman, Kansas",0.0
1184,"Hoke, North Carolina",0.0
1185,"Holmes, Florida",0.0
1186,"Holmes, Ohio",0.0
1187,"Holt, Missouri",0.0
1188,"Holt, Nebraska",0.0
1189,"Honolulu, Hawaii",0.009030100334448161
1190,"Hood river, Oregon",0.0
1191,"Hood, Texas",0.0
1192,"Hooker, Nebraska",0.0
1193,"Hoonah-angoon, Alaska",0.0
1194,"Hopewell, Virginia",0.0
1195,"Hopkins, Kentucky",0.0
1196,"Hopkins, Texas",0.0
1197,"Horry, South Carolina",0.021842105263157895
1198,"Hot spring, Arkansas",0.0
1199,"Hot springs, Wyoming",0.0
1200,"Houghton, Michigan",0.0
1201,"Houston, Alabama",0.08427672955974844
1202,"Houston, Minnesota",0.4323913043478261
1203,"Houston, Texas",0.0
1204,"Howard, Arkansas",0.0
1205,"Howard, Indiana",0.0
1206,"Howard, Iowa",0.0
1207,"Howard, Maryland",0.03212435233160622
1208,"Howard, Missouri",0.0
1209,"Howard, Nebraska",0.0
1210,"Howard, Texas",0.0
1211,"Howell, Missouri",0.0
1212,"Hubbard, Minnesota",0.0
1213,"Hudson, New Jersey",0.0
1214,"Hudspeth, Texas",0.0
1215,"Hughes, Oklahoma",0.0
1216,"Hughes, South Dakota",0.06573529411764706
1217,"Humboldt, California",0.0
1218,"Humboldt, Iowa",0.0
1219,"Humboldt, Nevada",0.0
1220,"Humphreys, Tennessee",0.0
1221,"Hunt, Texas",0.0
1222,"Hunterdon, New Jersey",0.0058762886597938145
1223,"Huntingdon, Pennsylvania",0.005526315789473684
1224,"Huntington, Indiana",0.0
1225,"Huron, Michigan",0.0
1226,"Huron, Ohio",0.0
1227,"Hutchinson, South Dakota",0.0
1228,"Hutchinson, Texas",0.0
1229,"Hyde, North Carolina",0.0
1230,"Iberia parish, Louisiana",0.0
1231,"Iberia, Louisiana",0.0
1232,"Iberville, Louisiana",0.0
1233,"Ida, Iowa",0.0
1234,"Idaho, Idaho",0.0
1235,"Imperial, California",0.0
1236,"Independence, Arkansas",0.0
1237,"Indian river, Florida",0.006415094339622642
1238,"Indiana, Pennsylvania",0.0
1239,"Ingham, Michigan",0.0
1240,"Inyo, California",0.0
1241,"Ionia, Michigan",0.0
1242,"Iosco, Michigan",0.0
1243,"Iowa, Iowa",0.0
1244,"Iowa, Wisconsin",0.4374074074074074
1245,"Iredell, North Carolina",0.0
1246,"Irion, Texas",0.0
1247,"Iron, Michigan",0.0
1248,"Iron, Missouri",0.0
1249,"Iron, Utah",0.0
1250,"Iron, Wisconsin",0.0
1251,"Iroquois, Illinois",0.0
1252,"Isabella, Michigan",0.0
1253,"Isanti, Minnesota",0.0
1254,"Island, Washington",0.0
1255,"Isle of wight, Virginia",0.0
1256,"Itasca, Minnesota",0.0
1257,"Izard, Arkansas",0.0
1258,"Jack, Texas",0.0
1259,"Jackson county, Florida",0.0
1260,"Jackson, Alabama",0.0
1261,"Jackson, Arkansas",0.0
1262,"Jackson, Florida",0.0
1263,"Jackson, Illinois",0.0
1264,"Jackson, Indiana",0.0
1265,"Jackson, Iowa",0.15214285714285714
1266,"Jackson, Kansas",0.0
1267,"Jackson, Kentucky",0.0
1268,"Jackson, Louisiana",0.01392156862745098
1269,"Jackson, Michigan",0.0
1270,"Jackson, Minnesota",0.0
1271,"Jackson, Missouri",0.0
1272,"Jackson, North Carolina",0.0
1273,"Jackson, Ohio",0.0
1274,"Jackson, Oklahoma",0.0
1275,"Jackson, Oregon",0.0
1276,"Jackson, South Dakota",0.0
1277,"Jackson, Tennessee",0.0
1278,"Jackson, Texas",0.0
1279,"Jackson, West Virginia",0.0
1280,"Jackson, Wisconsin",0.0025806451612903226
1281,"James (city), Virginia",0.0
1282,"James city, Virginia",0.0
1283,"Jasper county, Missouri",0.0
1284,"Jasper, Illinois",0.0
1285,"Jasper, Indiana",0.0
1286,"Jasper, Iowa",0.0
1287,"Jasper, Missouri",0.0
1288,"Jasper, South Carolina",0.0
1289,"Jasper, Texas",0.0
1290,"Jay, Indiana",0.0
1291,"Jeff davis, Texas",0.0
1292,"Jefferson county, Florida",0.0
1293,"Jefferson county, Pennsylvania",0.0
1294,"Jefferson davis, Louisiana",0.0
1295,"Jefferson, Alabama",0.1650943396226415
1296,"Jefferson, Arkansas",0.0
1297,"Jefferson, Florida",0.0
1298,"Jefferson, Idaho",0.0
1299,"Jefferson, Indiana",0.0
1300,"Jefferson, Iowa",0.0
1301,"Jefferson, Kansas",0.0
1302,"Jefferson, Kentucky",0.0
1303,"Jefferson, Louisiana",0.0
1304,"Jefferson, Missouri",0.0
1305,"Jefferson, Montana",0.0
1306,"Jefferson, Nebraska",0.0
1307,"Jefferson, New York",0.0
1308,"Jefferson, Ohio",0.017704918032786888
1309,"Jefferson, Oklahoma",0.0
1310,"Jefferson, Oregon",0.0
1311,"Jefferson, Pennsylvania",0.0
1312,"Jefferson, Tennessee",0.0
1313,"Jefferson, Texas",0.0
1314,"Jefferson, Washington",0.0
1315,"Jefferson, West Virginia",0.2232183908045977
1316,"Jefferson, Wisconsin",0.0
1317,"Jennings, Indiana",0.0
1318,"Jerauld, South Dakota",0.0
1319,"Jerome, Idaho",0.0
1320,"Jersey, Illinois",0.0
1321,"Jessamine, Kentucky",0.0
1322,"Jewell, Kansas",0.0
1323,"Jim hogg, Texas",0.0
1324,"Jim wells, Texas",0.0
1325,"Jo daviess, Illinois",0.0
1326,"Johnson, Arkansas",0.0
1327,"Johnson, Illinois",0.0
1328,"Johnson, Indiana",0.0
1329,"Johnson, Iowa",0.0
1330,"Johnson, Kansas",0.0
1331,"Johnson, Kentucky",0.0
1332,"Johnson, Missouri",0.0
1333,"Johnson, Nebraska",0.0
1334,"Johnson, Tennessee",0.0
1335,"Johnson, Texas",0.0
1336,"Johnson, Wyoming",0.0
1337,"Johnston, North Carolina",0.0
1338,"Johnston, Oklahoma",0.0
1339,"Jones, Iowa",0.02
1340,"Jones, North Carolina",0.0
1341,"Jones, Texas",0.0
1342,"Josephine, Oregon",0.0
1343,"Juab, Utah",0.0
1344,"Judith basin, Montana",0.0
1345,"Juneau city and, Alaska",0.0
1346,"Juneau, Alaska",0.0
1347,"Juneau, Wisconsin",0.07288288288288289
1348,"Juniata, Pennsylvania",0.0
1349,"Kalamazoo, Michigan",0.0
1350,"Kalkaska, Michigan",0.0
1351,"Kanabec, Minnesota",0.0
1352,"Kanawha, West Virginia",0.0
1353,"Kandiyohi, Minnesota",0.0016949152542372883
1354,"Kane, Illinois",0.015825471698113207
1355,"Kane, Utah",0.0
1356,"Kankakee, Illinois",0.0
1357,"Karnes, Texas",0.0
1358,"Kauai, Hawaii",0.0
1359,"Kaufman, Texas",0.0
1360,"Kay, Oklahoma",0.0
1361,"Kearney, Nebraska",0.0
1362,"Kearny, Kansas",0.0
1363,"Keith, Nebraska",0.0
1364,"Kenai peninsula, Alaska",0.0
1365,"Kendall, Illinois",0.0
1366,"Kendall, Texas",0.0
1367,"Kenedy, Texas",0.0
1368,"Kennebec, Maine",0.0
1369,"Kenosha, Wisconsin",0.0
1370,"Kent, Maryland",0.010869565217391304
1371,"Kent, Michigan",0.0
1372,"Kent, Rhode Island",0.0
1373,"Kent, Texas",0.0
1374,"Kenton, Kentucky",0.0
1375,"Keokuk, Iowa",0.0
1376,"Kern, California",0.12610042735042737
1377,"Kerr, Texas",0.0
1378,"Kershaw, South Carolina",0.0
1379,"Ketchikan gateway, Alaska",0.0
1380,"Kewaunee, Wisconsin",0.0
1381,"Keweenaw, Michigan",0.0
1382,"Keya paha, Nebraska",0.0
1383,"Kidder, North Dakota",0.0
1384,"Kimball, Nebraska",0.0
1385,"Kimble, Texas",0.0
1386,"King and queen, Virginia",0.0
1387,"King george, Virginia",0.0
1388,"King william, Virginia",0.0
1389,"King, Texas",0.0
1390,"King, Washington",0.02196969696969697
1391,"Kingfisher, Oklahoma",0.0
1392,"Kingman, Kansas",0.0
1393,"Kings, California",0.0
1394,"Kingsbury, South Dakota",0.0
1395,"Kinney, Texas",0.0
1396,"Kiowa, Kansas",0.0
1397,"Kiowa, Oklahoma",0.0
1398,"Kitsap, Washington",0.0
1399,"Kittitas, Washington",0.0
1400,"Kittson, Minnesota",0.022222222222222223
1401,"Klamath, Oregon",0.0
1402,"Kleberg, Texas",0.0
1403,"Klickitat, Washington",0.0
1404,"Knott, Kentucky",0.0
1405,"Knox, Illinois",0.0
1406,"Knox, Indiana",0.0
1407,"Knox, Kentucky",0.0
1408,"Knox, Maine",0.0
1409,"Knox, Nebraska",0.0
1410,"Knox, Ohio",0.0
1411,"Knox, Tennessee",0.0
1412,"Knox, Texas",0.0
1413,"Kodiak island, Alaska",0.0
1414,"Koochiching county, Minnesota",0.0
1415,"Koochiching, Minnesota",0.0
1416,"Kootenai, Idaho",0.0
1417,"Kosciusko, Indiana",0.0
1418,"Kossuth, Iowa",0.0
1419,"La crosse, Wisconsin",0.06906142506142506
1420,"La grange, Indiana",0.0
1421,"La paz, Arizona",0.0
1422,"La plata, Colorado",0.0
1423,"La porte, Indiana",0.0
1424,"La salle, Illinois",0.0
1425,"La salle, Louisiana",0.0
1426,"La salle, Texas",0.0
1427,"Labette, Kansas",0.0
1428,"Lac qui parle, Minnesota",0.0
1429,"Lackawanna county, Pennsylvania",0.0
1430,"Lackawanna, Pennsylvania",0.0
1431,"Laclede, Missouri",0.0
1432,"Lafayette parish, Louisiana",0.0
1433,"Lafayette, Arkansas",0.0
1434,"Lafayette, Florida",0.0
1435,"Lafayette, Louisiana",0.0
1436,"Lafayette, Missouri",0.0
1437,"Lafayette, Wisconsin",0.0
1438,"Lafourche, Louisiana",0.0
1439,"Lagrange, Indiana",0.0
1440,"Lake and peninsula, Alaska",0.0
1441,"Lake of the woods, Minnesota",0.0
1442,"Lake, California",0.0
1443,"Lake, Florida",0.0054684838160136305
1444,"Lake, Illinois",0.0
1445,"Lake, Indiana",0.0
1446,"Lake, Michigan",0.0
1447,"Lake, Minnesota",0.0
1448,"Lake, Montana",0.0
1449,"Lake, Ohio",0.0
1450,"Lake, Oregon",0.0
1451,"Lake, South Dakota",0.2609545454545455
1452,"Lake, Tennessee",0.0
1453,"Lamar, Alabama",0.0
1454,"Lamar, Texas",0.0
1455,"Lamb, Texas",0.0
1456,"Lamoille, Vermont",0.0
1457,"Lamoure, North Dakota",0.0
1458,"Lampasas, Texas",0.0
1459,"Lancaster county, Pennsylvania",0.0
1460,"Lancaster, Nebraska",0.03984732824427481
1461,"Lancaster, Pennsylvania",0.06013765978367749
1462,"Lancaster, South Carolina",0.0
1463,"Lancaster, Virginia",0.0
1464,"Lander, Nevada",0.0
1465,"Lane, Kansas",0.0
1466,"Lane, Oregon",0.0
1467,"Langlade, Wisconsin",0.0
1468,"Lapeer, Michigan",0.0
1469,"Laporte, Indiana",0.0
1470,"Laramie, Wyoming",0.0
1471,"Larue, Kentucky",0.0
1472,"Lasalle, Illinois",0.0
1473,"Lassen, California",0.21511111111111111
1474,"Latah, Idaho",0.0
1475,"Latimer, Oklahoma",0.0
1476,"Lauderdale, Alabama",0.0
1477,"Lauderdale, Tennessee",0.0
1478,"Laurel, Kentucky",0.0
1479,"Laurens, South Carolina",0.0
1480,"Lavaca, Texas",0.0
1481,"Lawrence county, Arkansas",0.0
1482,"Lawrence, Alabama",0.0
1483,"Lawrence, Arkansas",0.0
1484,"Lawrence, Illinois",0.0
1485,"Lawrence, Indiana",0.0
1486,"Lawrence, Kentucky",0.0
1487,"Lawrence, Missouri",0.0
1488,"Lawrence, Ohio",0.34133333333333327
1489,"Lawrence, Pennsylvania",0.0
1490,"Lawrence, South Dakota",0.0
1491,"Lawrence, Tennessee",0.0
1492,"Le flore, Oklahoma",0.0
1493,"Le sueur, Minnesota",0.08
1494,"Lea, New Mexico",0.0010256410256410256
1495,"Leavenworth, Kansas",0.0
1496,"Lebanon county, Pennsylvania",0.0
1497,"Lebanon, Pennsylvania",0.003297872340425532
1498,"Lee county, South Carolina",0.0
1499,"Lee, Alabama",0.0
1500,"Lee, Arkansas",0.0
1501,"Lee, Florida",0.0
1502,"Lee, Illinois",0.0
1503,"Lee, Iowa",0.0
1504,"Lee, Kentucky",0.0
1505,"Lee, North Carolina",0.0
1506,"Lee, South Carolina",0.0
1507,"Lee, Texas",0.0
1508,"Lee, Virginia",0.0
1509,"Leelanau, Michigan",0.0
1510,"Lehigh county, Pennsylvania",0.47500000000000003
1511,"Lehigh, Pennsylvania",0.13086680761099367
1512,"Lemhi, Idaho",0.0
1513,"Lenawee, Michigan",0.0
1514,"Lenoir, North Carolina",0.0
1515,"Leon, Florida",0.010060975609756098
1516,"Leon, Texas",0.0
1517,"Leslie, Kentucky",0.0
1518,"Letcher, Kentucky",0.0
1519,"Levy county, Florida",0.0
1520,"Levy, Florida",0.0
1521,"Lewis and clark, Montana",0.007042253521126761
1522,"Lewis county, Washington",0.0
1523,"Lewis, Idaho",0.0
1524,"Lewis, Kentucky",0.0
1525,"Lewis, Missouri",0.0
1526,"Lewis, New York",0.09516129032258064
1527,"Lewis, Tennessee",0.0
1528,"Lewis, Washington",0.0
1529,"Lewis, West Virginia",0.0
1530,"Lexington county, South Carolina",0.0
1531,"Lexington, South Carolina",0.0037075718015665794
1532,"Liberty, Florida",0.0
1533,"Liberty, Montana",0.0
1534,"Liberty, Texas",0.0
1535,"Licking, Ohio",0.0
1536,"Limestone, Alabama",0.0
1537,"Limestone, Texas",0.0
1538,"Lincoln parish, Louisiana",0.0
1539,"Lincoln, Arkansas",0.0
1540,"Lincoln, Idaho",0.0
1541,"Lincoln, Kansas",0.0
1542,"Lincoln, Kentucky",0.0
1543,"Lincoln, Louisiana",0.0
1544,"Lincoln, Maine",0.1257936507936508
1545,"Lincoln, Minnesota",0.0
1546,"Lincoln, Missouri",0.09999999999999999
1547,"Lincoln, Montana",0.10472527472527472
1548,"Lincoln, Nebraska",0.03073394495412844
1549,"Lincoln, Nevada",0.0
1550,"Lincoln, New Mexico",0.0044444444444444444
1551,"Lincoln, North Carolina",0.0
1552,"Lincoln, Oklahoma",0.0
1553,"Lincoln, Oregon",0.0
1554,"Lincoln, South Dakota",0.0
1555,"Lincoln, Tennessee",0.0
1556,"Lincoln, Washington",0.11791044776119403
1557,"Lincoln, West Virginia",0.0
1558,"Lincoln, Wisconsin",0.0
1559,"Lincoln, Wyoming",0.0
1560,"Linn county, Oregon",0.0
1561,"Linn, Iowa",0.0
1562,"Linn, Kansas",0.0
1563,"Linn, Missouri",0.0
1564,"Linn, Oregon",0.0
1565,"Lipscomb, Texas",0.0
1566,"Litchfield, Connecticut",0.04068654019873533
1567,"Little river, Arkansas",0.0
1568,"Live oak, Texas",0.0
1569,"Livingston county, New York",0.0
1570,"Livingston parish, Louisiana",0.0
1571,"Livingston, Illinois",0.0
1572,"Livingston, Kentucky",0.0
1573,"Livingston, Louisiana",0.007142857142857143
1574,"Livingston, Michigan",0.0
1575,"Livingston, Missouri",0.0
1576,"Livingston, New York",0.0
1577,"Llano, Texas",0.0
1578,"Logan, Arkansas",0.0
1579,"Logan, Illinois",0.0
1580,"Logan, Kansas",0.0
1581,"Logan, Nebraska",0.0
1582,"Logan, North Dakota",0.0
1583,"Logan, Ohio",0.02
1584,"Logan, Oklahoma",0.0
1585,"Logan, West Virginia",0.0
1586,"Lonoke, Arkansas",0.0
1587,"Lorain, Ohio",0.0
1588,"Los alamos, New Mexico",0.0
1589,"Los angeles county, California",0.6342182302062545
1590,"Los angeles, California",0.7351950350644452
1591,"Loudon, Tennessee",0.0
1592,"Loudoun, Virginia",0.0
1593,"Louisa, Iowa",0.0
1594,"Louisa, Virginia",0.0
1595,"Loup, Nebraska",0.0
1596,"Love, Oklahoma",0.0
1597,"Loving, Texas",0.0
1598,"Lowndes, Alabama",0.0
1599,"Lubbock, Texas",0.014285714285714285
1600,"Lucas, Iowa",0.0
1601,"Lucas, Ohio",0.0
1602,"Luce, Michigan",0.0
1603,"Luna, New Mexico",0.0
1604,"Lunenburg, Virginia",0.0
1605,"Luzerne county, Pennsylvania",0.0
1606,"Luzerne, Pennsylvania",0.022222222222222216
1607,"Lycoming county, Pennsylvania",0.0
1608,"Lycoming, Pennsylvania",0.011940298507462687
1609,"Lyman, South Dakota",0.0
1610,"Lynchburg, Virginia",0.0
1611,"Lynn, Texas",0.0
1612,"Lyon, Iowa",0.0
1613,"Lyon, Kansas",0.0
1614,"Lyon, Kentucky",0.0
1615,"Lyon, Minnesota",0.0
1616,"Lyon, Nevada",0.0
1617,"Mackinac, Michigan",0.0
1618,"Macomb, Michigan",0.0
1619,"Macon, Alabama",0.0
1620,"Macon, Illinois",0.0
1621,"Macon, Missouri",0.0
1622,"Macon, North Carolina",0.0
1623,"Macon, Tennessee",0.0
1624,"Macoupin, Illinois",0.0
1625,"Madera county, California",0.012307692307692308
1626,"Madera, California",0.0
1627,"Madison, Alabama",0.5471739130434783
1628,"Madison, Florida",0.0
1629,"Madison, Idaho",0.0
1630,"Madison, Illinois",0.1314036448598131
1631,"Madison, Indiana",0.12162162162162163
1632,"Madison, Iowa",0.0
1633,"Madison, Kentucky",0.0
1634,"Madison, Louisiana",0.0
1635,"Madison, Missouri",0.0
1636,"Madison, Montana",0.0
1637,"Madison, Nebraska",0.0
1638,"Madison, New York",0.0
1639,"Madison, North Carolina",0.0
1640,"Madison, Ohio",0.0
1641,"Madison, Tennessee",0.0
1642,"Madison, Texas",0.0
1643,"Madison, Virginia",0.0
1644,"Magoffin, Kentucky",0.0
1645,"Mahaska, Iowa",0.0
1646,"Mahnomen, Minnesota",0.0
1647,"Mahoning, Ohio",0.0
1648,"Major, Oklahoma",0.0
1649,"Malheur, Oregon",0.0
1650,"Manassas, Virginia",0.0
1651,"Manatee county, Florida",0.0
1652,"Manatee, Florida",0.0
1653,"Manistee, Michigan",0.0
1654,"Manitowoc, Wisconsin",0.0
1655,"Marathon, Wisconsin",0.0036555891238670693
1656,"Marengo, Alabama",0.0
1657,"Maricopa, Arizona",0.007440585009140768
1658,"Maries county, Missouri",0.0
1659,"Maries, Missouri",0.0
1660,"Marin, California",0.0
1661,"Marinette, Wisconsin",0.06314685314685314
1662,"Marion county, Florida",0.0
1663,"Marion county, Missouri",0.0
1664,"Marion, Alabama",0.0
1665,"Marion, Arkansas",0.0
1666,"Marion, Florida",0.0001856763925729443
1667,"Marion, Illinois",0.0
1668,"Marion, Indiana",0.0
1669,"Marion, Iowa",0.0
1670,"Marion, Kansas",0.0
1671,"Marion, Kentucky",0.0
1672,"Marion, Missouri",0.0
1673,"Marion, Ohio",0.0
1674,"Marion, Oregon",0.08557870370370371
1675,"Marion, South Carolina",0.0
1676,"Marion, Tennessee",0.0
1677,"Marion, Texas",0.0
1678,"Marion, West Virginia",0.0
1679,"Mariposa, California",0.0
1680,"Marlboro, South Carolina",0.0
1681,"Marquette, Michigan",0.0
1682,"Marquette, Wisconsin",0.007123287671232877
1683,"Marshall, Alabama",0.0
1684,"Marshall, Illinois",0.0
1685,"Marshall, Indiana",0.0
1686,"Marshall, Iowa",1.5956521739130436
1687,"Marshall, Kansas",0.0
1688,"Marshall, Kentucky",0.0
1689,"Marshall, Minnesota",0.0125
1690,"Marshall, Oklahoma",0.0
1691,"Marshall, South Dakota",0.0
1692,"Marshall, Tennessee",0.0
1693,"Marshall, West Virginia",0.6791666666666667
1694,"Martin county, Florida",0.0
1695,"Martin, Florida",0.028079096045197732
1696,"Martin, Indiana",0.0
1697,"Martin, Kentucky",0.0
1698,"Martin, Minnesota",0.0
1699,"Martin, North Carolina",0.0
1700,"Martin, Texas",0.0
1701,"Martinsville, Virginia",0.08
1702,"Mason, Illinois",0.0
1703,"Mason, Kentucky",0.0
1704,"Mason, Michigan",0.0
1705,"Mason, Texas",0.0
1706,"Mason, Washington",0.0
1707,"Mason, West Virginia",0.3263157894736842
1708,"Massac, Illinois",0.0
1709,"Matagorda, Texas",0.0
1710,"Matanuska-susitna borough, Alaska",0.0
1711,"Matanuska-susitna, Alaska",0.002241758241758242
1712,"Mathews, Virginia",0.0
1713,"Maui, Hawaii",0.0
1714,"Maury, Tennessee",0.0
1715,"Maverick, Texas",0.0
1716,"Mayes, Oklahoma",0.0
1717,"Mcclain, Oklahoma",0.0
1718,"Mccone, Montana",0.0
1719,"Mccook, South Dakota",0.0
1720,"Mccormick, South Carolina",0.0
1721,"Mccracken, Kentucky",0.0
1722,"Mccreary, Kentucky",0.0
1723,"Mcculloch, Texas",0.0
1724,"Mccurtain, Oklahoma",0.0
1725,"Mcdonald, Missouri",0.0
1726,"Mcdonough, Illinois",0.0
1727,"Mcdowell, North Carolina",0.0
1728,"Mcdowell, West Virginia",0.0
1729,"Mchenry, Illinois",0.8848782161234994
1730,"Mchenry, North Dakota",0.0
1731,"Mcintosh, North Dakota",0.0
1732,"Mcintosh, Oklahoma",0.0
1733,"Mckean county, Pennsylvania",0.0
1734,"Mckean, Pennsylvania",0.05454545454545455
1735,"Mckenzie, North Dakota",0.0
1736,"Mckinley, New Mexico",0.0013513513513513514
1737,"Mclean, Illinois",0.0
1738,"Mclean, Kentucky",0.0
1739,"Mclean, North Dakota",0.0
1740,"Mclennan, Texas",0.0
1741,"Mcleod, Minnesota",0.0
1742,"Mcminn, Tennessee",0.0
1743,"Mcmullen, Texas",0.0
1744,"Mcnairy, Tennessee",0.0
1745,"Mcpherson, Kansas",0.0
1746,"Mcpherson, Nebraska",0.0
1747,"Meade, Kansas",0.0
1748,"Meade, Kentucky",0.0
1749,"Meade, South Dakota",0.0
1750,"Meagher, Montana",0.0
1751,"Mecklenburg, North Carolina",0.06694610778443114
1752,"Mecklenburg, Virginia",0.0
1753,"Mecosta, Michigan",0.0
1754,"Medina, Ohio",0.0
1755,"Medina, Texas",0.0
1756,"Meeker, Minnesota",0.0
1757,"Meigs, Ohio",0.5392307692307692
1758,"Meigs, Tennessee",0.0
1759,"Menard, Illinois",0.0
1760,"Menard, Texas",0.0
1761,"Mendocino, California",0.0
1762,"Menifee, Kentucky",0.0
1763,"Menominee, Michigan",0.0
1764,"Menominee, Wisconsin",0.0
1765,"Merced, California",0.006371134020618556
1766,"Mercer county, Pennsylvania",0.0
1767,"Mercer, Illinois",0.0
1768,"Mercer, Kentucky",0.0
1769,"Mercer, Missouri",0.0
1770,"Mercer, New Jersey",0.15572183098591547
1771,"Mercer, North Dakota",0.0
1772,"Mercer, Ohio",0.0
1773,"Mercer, Pennsylvania",0.0
1774,"Mercer, West Virginia",0.0
1775,"Merrick, Nebraska",0.0
1776,"Merrimack, New Hampshire",0.0
1777,"Miami, Indiana",0.0
1778,"Miami, Kansas",0.0
1779,"Miami, Ohio",0.0037037037037037034
1780,"Miami-dade, Florida",0.019266055045871557
1781,"Middlesex county, Massachusetts",0.0
1782,"Middlesex, Connecticut",0.12078987730061347
1783,"Middlesex, Massachusetts",0.03139148936170212
1784,"Middlesex, New Jersey",0.06380597014925372
1785,"Middlesex, Virginia",0.0
1786,"Midland, Michigan",0.0
1787,"Midland, Texas",0.28563636363636363
1788,"Mifflin county, Pennsylvania",0.0
1789,"Mifflin, Pennsylvania",0.0
1790,"Milam, Texas",0.0
1791,"Millard, Utah",0.0
1792,"Mille lacs county, Minnesota",0.0
1793,"Mille lacs, Minnesota",0.0
1794,"Miller, Arkansas",0.0
1795,"Miller, Missouri",0.0
1796,"Mills, Iowa",0.0
1797,"Mills, Texas",0.0
1798,"Milwaukee, Wisconsin",0.0
1799,"Miner, South Dakota",0.0
1800,"Mineral, Montana",0.0
1801,"Mineral, Nevada",0.0
1802,"Mineral, West Virginia",0.0
1803,"Mingo, West Virginia",0.0
1804,"Minidoka, Idaho",0.0
1805,"Minnehaha, South Dakota",0.0
1806,"Missaukee, Michigan",0.0
1807,"Mississippi, Arkansas",0.0
1808,"Mississippi, Missouri",0.0
1809,"Missoula, Montana",0.00234192037470726
1810,"Mitchell, Iowa",0.0
1811,"Mitchell, Kansas",0.0
1812,"Mitchell, North Carolina",0.0
1813,"Mitchell, Texas",0.0
1814,"Mobile, Alabama",0.0
1815,"Modoc, California",0.0
1816,"Mohave, Arizona",0.0
1817,"Moniteau, Missouri",0.0
1818,"Monmouth, New Jersey",0.00013003901170351105
1819,"Mono, California",0.0
1820,"Monona, Iowa",0.07777777777777778
1821,"Monongalia, West Virginia",0.0
1822,"Monroe county, Pennsylvania",0.0
1823,"Monroe, Alabama",0.0
1824,"Monroe, Arkansas",0.0
1825,"Monroe, Florida",0.0
1826,"Monroe, Illinois",0.0
1827,"Monroe, Indiana",0.0
1828,"Monroe, Kentucky",0.0
1829,"Monroe, Michigan",0.0
1830,"Monroe, Missouri",0.0
1831,"Monroe, New York",0.07142857142857142
1832,"Monroe, Ohio",0.0
1833,"Monroe, Pennsylvania",0.007197549770290964
1834,"Monroe, Tennessee",0.0
1835,"Monroe, West Virginia",0.0
1836,"Monroe, Wisconsin",0.0
1837,"Montague, Texas",0.0
1838,"Montcalm, Michigan",0.0
1839,"Monterey, California",0.027123789583878555
1840,"Montgomery county, Pennsylvania",3.0967986111111108
1841,"Montgomery, Alabama",0.15424999999999994
1842,"Montgomery, Arkansas",0.0
1843,"Montgomery, Illinois",0.0
1844,"Montgomery, Indiana",0.0
1845,"Montgomery, Iowa",0.0
1846,"Montgomery, Kansas",0.2818181818181818
1847,"Montgomery, Kentucky",0.0
1848,"Montgomery, Maryland",0.001832460732984293
1849,"Montgomery, Missouri",0.0
1850,"Montgomery, New York",0.015625
1851,"Montgomery, North Carolina",0.0
1852,"Montgomery, Ohio",0.004148471615720524
1853,"Montgomery, Pennsylvania",0.15152132049518563
1854,"Montgomery, Tennessee",0.0
1855,"Montgomery, Texas",0.0
1856,"Montgomery, Virginia",0.2553191489361702
1857,"Montmorency, Michigan",0.0
1858,"Montour, Pennsylvania",0.0
1859,"Moody, South Dakota",0.0
1860,"Moore county, Texas",0.0
1861,"Moore, North Carolina",0.34210526315789475
1862,"Moore, Tennessee",0.0
1863,"Moore, Texas",0.0
1864,"Mora, New Mexico",0.0
1865,"Morehouse, Louisiana",0.0
1866,"Morgan, Alabama",0.0
1867,"Morgan, Illinois",0.0
1868,"Morgan, Indiana",0.0
1869,"Morgan, Kentucky",0.0
1870,"Morgan, Missouri",0.0
1871,"Morgan, Ohio",0.027450980392156862
1872,"Morgan, Tennessee",0.0
1873,"Morgan, Utah",0.0
1874,"Morgan, West Virginia",0.0
1875,"Morrill, Nebraska",0.0
1876,"Morris, Kansas",0.0
1877,"Morris, New Jersey",0.008624942263279447
1878,"Morris, Texas",0.0
1879,"Morrison, Minnesota",0.003448275862068966
1880,"Morrow, Ohio",0.0
1881,"Morrow, Oregon",0.0
1882,"Morton, Kansas",0.0
1883,"Morton, North Dakota",0.0
1884,"Motley, Texas",0.0
1885,"Moultrie, Illinois",0.0
1886,"Mountrail, North Dakota",0.0
1887,"Mower, Minnesota",0.013636363636363637
1888,"Muhlenberg, Kentucky",0.0
1889,"Multnomah county, Oregon",0.0
1890,"Multnomah, Oregon",0.08306666666666666
1891,"Murray, Minnesota",0.0
1892,"Murray, Oklahoma",0.0
1893,"Muscatine, Iowa",0.0
1894,"Muskegon, Michigan",0.0
1895,"Muskingum, Ohio",0.0
1896,"Muskogee, Oklahoma",0.0
1897,"Musselshell, Montana",0.0
1898,"Nacogdoches, Texas",0.0
1899,"Nance, Nebraska",0.0
1900,"Nantucket, Massachusetts",0.0
1901,"Napa, California",0.0
1902,"Nash, North Carolina",0.00690909090909091
1903,"Nassau, Florida",0.01803921568627451
1904,"Nassau, New York",0.29454277475168134
1905,"Natchitoches, Louisiana",0.0
1906,"Natrona, Wyoming",0.0
1907,"Navajo, Arizona",0.007515923566878982
1908,"Navarro, Texas",0.0
1909,"Nelson, Kentucky",0.0
1910,"Nelson, North Dakota",0.0
1911,"Nelson, Virginia",0.0
1912,"Nemaha, Kansas",0.0
1913,"Nemaha, Nebraska",0.0
1914,"Neosho, Kansas",0.0
1915,"Ness, Kansas",0.0
1916,"Nevada county, Arkansas",0.0
1917,"Nevada, Arkansas",0.0
1918,"Nevada, California",0.0
1919,"New hanover, North Carolina",0.0
1920,"New haven, Connecticut",0.08049999999999997
1921,"New kent, Virginia",0.0
1922,"New london, Connecticut",0.02595222724338283
1923,"New madrid, Missouri",0.0
1924,"Newaygo, Michigan",0.0
1925,"Newberry, South Carolina",0.0
1926,"Newport news, Virginia",0.0
1927,"Newport, Rhode Island",0.0
1928,"Newton county, Arkansas",0.0
1929,"Newton, Arkansas",0.0
1930,"Newton, Indiana",0.0
1931,"Newton, Missouri",0.05929577464788732
1932,"Newton, Texas",0.0
1933,"Nez perce, Idaho",0.0
1934,"Niagara, New York",0.0
1935,"Nicholas, Kentucky",0.0
1936,"Nicholas, West Virginia",0.0
1937,"Nicollet, Minnesota",0.0
1938,"Niobrara, Wyoming",0.0
1939,"Noble, Indiana",0.0
1940,"Noble, Ohio",0.0
1941,"Noble, Oklahoma",0.0
1942,"Nobles, Minnesota",0.004166666666666667
1943,"Nodaway, Missouri",0.0
1944,"Nolan, Texas",0.0
1945,"Nome, Alaska",0.0
1946,"Norfolk, Massachusetts",0.014048780487804878
1947,"Norfolk, Virginia",0.0
1948,"Norman, Minnesota",0.0
1949,"North slope, Alaska",0.0
1950,"Northampton county, Pennsylvania",0.0
1951,"Northampton, North Carolina",0.0
1952,"Northampton, Pennsylvania",0.007033639143730888
1953,"Northampton, Virginia",0.0
1954,"Northumberland, Pennsylvania",0.10689655172413794
1955,"Northumberland, Virginia",0.0
1956,"Northwest arctic borough, Alaska",0.0
1957,"Northwest arctic, Alaska",0.0
1958,"Norton, Kansas",0.0
1959,"Norton, Virginia",0.0
1960,"Nottoway, Virginia",0.0
1961,"Nowata, Oklahoma",0.0
1962,"Nuckolls, Nebraska",0.0
1963,"Nueces, Texas",0.0
1964,"Nye, Nevada",0.0026538461538461538
1965,"O'brien, Iowa",0.0
1966,"Oakland, Michigan",0.08694690265486726
1967,"Obion, Tennessee",0.0684
1968,"Obrien, Iowa",0.0
1969,"Ocean, New Jersey",0.001229946524064171
1970,"Oceana, Michigan",0.0
1971,"Ochiltree, Texas",0.0
1972,"Oconee, South Carolina",0.0
1973,"Oconto, Wisconsin",0.013750000000000002
1974,"Ogemaw, Michigan",0.0
1975,"Ogle, Illinois",0.08776397515527949
1976,"Ohio, Indiana",0.0
1977,"Ohio, Kentucky",0.014914285714285715
1978,"Ohio, West Virginia",0.0
1979,"Okaloosa county, Florida",0.023809523809523808
1980,"Okaloosa, Florida",0.0
1981,"Okanogan, Washington",0.0
1982,"Okeechobee, Florida",0.0
1983,"Okfuskee, Oklahoma",0.0
1984,"Oklahoma, Oklahoma",0.027272727272727275
1985,"Okmulgee, Oklahoma",0.0
1986,"Oldham, Kentucky",0.0
1987,"Oldham, Texas",0.0
1988,"Olmsted, Minnesota",0.022247191011235956
1989,"Oneida, Idaho",0.0
1990,"Oneida, New York",0.05845360824742268
1991,"Oneida, Wisconsin",0.02326797385620915
1992,"Onondaga, New York",0.0
1993,"Onslow, North Carolina",0.0
1994,"Ontario, New York",0.0
1995,"Ontonagon, Michigan",0.0
1996,"Orange, California",0.06815494114426499
1997,"Orange, Florida",0.010954356846473029
1998,"Orange, New York",0.014133738601823707
1999,"Orange, North Carolina",0.0
2000,"Orange, Texas",0.0
2001,"Orange, Vermont",0.0
2002,"Orange, Virginia",0.0
2003,"Orangeburg, South Carolina",0.0
2004,"Oregon, Missouri",0.7081818181818181
2005,"Orleans, Louisiana",0.0
2006,"Orleans, New York",0.0
2007,"Orleans, Vermont",0.0
2008,"Osage, Kansas",0.0
2009,"Osage, Missouri",0.0
2010,"Osage, Oklahoma",0.0
2011,"Osborne, Kansas",0.0
2012,"Osceola, Florida",0.0
2013,"Osceola, Iowa",0.0
2014,"Osceola, Michigan",0.0
2015,"Oscoda, Michigan",0.0
2016,"Oswego, New York",0.0
2017,"Otero county, New Mexico",0.0
2018,"Otero, New Mexico",0.0
2019,"Otoe, Nebraska",0.0
2020,"Otsego, Michigan",0.0
2021,"Otsego, New York",0.0
2022,"Ottawa, Kansas",0.0
2023,"Ottawa, Michigan",0.0
2024,"Ottawa, Ohio",0.0
2025,"Ottawa, Oklahoma",0.0
2026,"Otter tail, Minnesota",0.0
2027,"Ouachita, Arkansas",0.0
2028,"Ouachita, Louisiana",0.0
2029,"Outagamie, Wisconsin",0.0
2030,"Overton, Tennessee",0.0
2031,"Owen, Indiana",0.0
2032,"Owen, Kentucky",0.0
2033,"Owsley, Kentucky",0.0
2034,"Owyhee, Idaho",0.0
2035,"Oxford, Maine",0.0
2036,"Ozark, Missouri",0.0
2037,"Ozaukee, Wisconsin",0.053448795180722895
2038,"Pacific, Washington",0.0
2039,"Page, Iowa",0.0
2040,"Page, Virginia",0.0
2041,"Palm beach, Florida",0.002702702702702703
2042,"Palo alto, Iowa",0.0
2043,"Palo pinto, Texas",0.0
2044,"Pamlico, North Carolina",0.0
2045,"Panola, Texas",0.0
2046,"Park, Montana",0.0
2047,"Park, Wyoming",0.0
2048,"Parke, Indiana",0.0
2049,"Parker, Texas",0.029271844660194175
2050,"Parmer, Texas",0.0
2051,"Pasco county, Florida",0.0
2052,"Pasco, Florida",0.0
2053,"Pasquotank, North Carolina",0.0
2054,"Passaic, New Jersey",0.04094545454545454
2055,"Patrick, Virginia",0.0
2056,"Paulding, Ohio",0.0
2057,"Pawnee, Kansas",0.0
2058,"Pawnee, Nebraska",0.0
2059,"Pawnee, Oklahoma",0.0
2060,"Payette, Idaho",0.0
2061,"Payne, Oklahoma",0.0
2062,"Pecos, Texas",0.0
2063,"Pembina, North Dakota",0.0
2064,"Pemiscot, Missouri",0.0
2065,"Pend oreille, Washington",0.0
2066,"Pender, North Carolina",0.0
2067,"Pendleton, Kentucky",0.0
2068,"Pendleton, West Virginia",0.0
2069,"Pennington, Minnesota",0.0
2070,"Pennington, South Dakota",0.0
2071,"Penobscot, Maine",0.0
2072,"Peoria, Illinois",0.0
2073,"Pepin, Wisconsin",0.0
2074,"Perkins, Nebraska",0.0
2075,"Perquimans, North Carolina",0.0
2076,"Perry county, Pennsylvania",0.0
2077,"Perry, Alabama",0.0375
2078,"Perry, Arkansas",0.0
2079,"Perry, Illinois",0.0
2080,"Perry, Indiana",0.0
2081,"Perry, Kentucky",0.0
2082,"Perry, Missouri",0.0
2083,"Perry, Ohio",0.0
2084,"Perry, Pennsylvania",0.0
2085,"Perry, Tennessee",0.0
2086,"Pershing, Nevada",0.0
2087,"Person, North Carolina",0.0
2088,"Petersburg, Alaska",0.0
2089,"Petroleum, Montana",0.0
2090,"Pettis, Missouri",0.0
2091,"Phelps, Missouri",0.0
2092,"Phelps, Nebraska",0.0
2093,"Philadelphia, Pennsylvania",0.0
2094,"Phillips, Arkansas",0.0
2095,"Phillips, Kansas",0.0
2096,"Phillips, Montana",0.0
2097,"Piatt, Illinois",0.0
2098,"Pickaway, Ohio",0.0
2099,"Pickens, Alabama",0.0
2100,"Pickens, South Carolina",0.0
2101,"Pickett, Tennessee",0.0
2102,"Pierce county, Washington",0.0
2103,"Pierce, Nebraska",0.0
2104,"Pierce, North Dakota",0.0
2105,"Pierce, Washington",0.013726775956284151
2106,"Pierce, Wisconsin",0.0
2107,"Pike, Alabama",0.0
2108,"Pike, Arkansas",0.0
2109,"Pike, Illinois",0.0
2110,"Pike, Indiana",0.0
2111,"Pike, Kentucky",0.0
2112,"Pike, Missouri",0.0
2113,"Pike, Ohio",0.0
2114,"Pike, Pennsylvania",0.0
2115,"Pima, Arizona",0.007045101088646968
2116,"Pinal, Arizona",0.0
2117,"Pine, Minnesota",0.0
2118,"Pinellas, Florida",0.0
2119,"Pipestone, Minnesota",0.005
2120,"Piscataquis, Maine",0.0
2121,"Pitt, North Carolina",0.0
2122,"Pittsburg, Oklahoma",0.0
2123,"Pittsylvania, Virginia",0.06629213483146067
2124,"Piute, Utah",0.0
2125,"Placer, California",0.003160377358490566
2126,"Plaquemines, Louisiana",0.0
2127,"Platte, Missouri",0.0
2128,"Platte, Nebraska",0.14452173913043476
2129,"Platte, Wyoming",0.0
2130,"Pleasants, West Virginia",0.0
2131,"Plumas, California",0.0
2132,"Plymouth, Iowa",0.0
2133,"Plymouth, Massachusetts",0.007834196891191709
2134,"Pocahontas, Iowa",0.0
2135,"Pocahontas, West Virginia",0.0
2136,"Poinsett, Arkansas",0.0
2137,"Pointe coupee parish, Louisiana",0.0
2138,"Pointe coupee, Louisiana",0.0
2139,"Polk, Arkansas",0.0
2140,"Polk, Florida",0.0007908163265306122
2141,"Polk, Iowa",0.0
2142,"Polk, Minnesota",0.0
2143,"Polk, Missouri",0.0
2144,"Polk, Nebraska",0.0
2145,"Polk, North Carolina",0.0
2146,"Polk, Oregon",0.0
2147,"Polk, Tennessee",0.0
2148,"Polk, Texas",0.0
2149,"Polk, Wisconsin",0.0
2150,"Pondera, Montana",0.0
2151,"Pontotoc, Oklahoma",0.0
2152,"Pope, Arkansas",0.0
2153,"Pope, Illinois",0.0
2154,"Pope, Minnesota",0.0
2155,"Portage county, Wisconsin",0.0
2156,"Portage, Ohio",0.01623255813953488
2157,"Portage, Wisconsin",0.0
2158,"Porter, Indiana",0.0
2159,"Portsmouth, Virginia",0.0
2160,"Posey, Indiana",0.0
2161,"Pottawatomie, Kansas",0.045180722891566265
2162,"Pottawatomie, Oklahoma",0.0
2163,"Pottawattamie, Iowa",0.0
2164,"Potter, Pennsylvania",0.0
2165,"Potter, Texas",0.0
2166,"Powder river, Montana",0.0
2167,"Powell, Kentucky",0.0
2168,"Powell, Montana",0.0
2169,"Power, Idaho",0.0
2170,"Poweshiek, Iowa",0.0
2171,"Powhatan, Virginia",0.0
2172,"Prairie, Arkansas",0.0
2173,"Prairie, Montana",0.0
2174,"Pratt, Kansas",0.0
2175,"Preble, Ohio",0.0
2176,"Presidio, Texas",0.0
2177,"Presque isle, Michigan",0.0
2178,"Preston, West Virginia",0.0
2179,"Price, Wisconsin",0.0
2180,"Prince edward, Virginia",0.0
2181,"Prince george's, Maryland",0.0
2182,"Prince george, Virginia",0.0
2183,"Prince georges, Maryland",0.0
2184,"Prince of wales-hyder, Alaska",0.0
2185,"Prince william, Virginia",0.0
2186,"Providence, Rhode Island",0.006910891089108911
2187,"Pulaski, Arkansas",0.0
2188,"Pulaski, Illinois",0.0
2189,"Pulaski, Indiana",0.0
2190,"Pulaski, Kentucky",0.0
2191,"Pulaski, Missouri",0.0
2192,"Pulaski, Virginia",0.0
2193,"Pushmataha, Oklahoma",0.0
2194,"Putnam county, Indiana",0.0
2195,"Putnam, Florida",0.0
2196,"Putnam, Illinois",0.0
2197,"Putnam, Indiana",0.0
2198,"Putnam, Missouri",0.0
2199,"Putnam, New York",0.08021936864633492
2200,"Putnam, Ohio",0.0
2201,"Putnam, Tennessee",0.0
2202,"Putnam, West Virginia",0.0
2203,"Quay, New Mexico",0.0
2204,"Queen anne's, Maryland",0.0
2205,"Racine, Wisconsin",0.0
2206,"Radford, Virginia",0.0
2207,"Rains, Texas",0.0
2208,"Raleigh, West Virginia",0.0
2209,"Ramsey, Minnesota",0.0
2210,"Ramsey, North Dakota",0.0
2211,"Randall, Texas",0.0
2212,"Randolph, Alabama",0.0
2213,"Randolph, Arkansas",0.0
2214,"Randolph, Illinois",0.0
2215,"Randolph, Indiana",0.0
2216,"Randolph, Missouri",0.0
2217,"Randolph, North Carolina",0.028384279475982533
2218,"Randolph, West Virginia",0.0
2219,"Ransom, North Dakota",0.0
2220,"Rapides, Louisiana",0.0
2221,"Rappahannock, Virginia",0.0
2222,"Ravalli, Montana",0.0
2223,"Rawlins, Kansas",0.0
2224,"Ray, Missouri",0.0
2225,"Reagan, Texas",0.0
2226,"Real, Texas",0.0
2227,"Red lake county, Minnesota",0.0
2228,"Red lake, Minnesota",0.0
2229,"Red river, Louisiana",0.0
2230,"Red river, Texas",0.0
2231,"Red willow, Nebraska",0.0
2232,"Redwood, Minnesota",0.0
2233,"Reeves, Texas",0.0
2234,"Refugio, Texas",0.0
2235,"Reno, Kansas",0.0
2236,"Rensselaer, New York",0.0
2237,"Renville, Minnesota",0.0
2238,"Republic, Kansas",0.0
2239,"Reynolds, Missouri",0.0
2240,"Rhea, Tennessee",0.0
2241,"Rice, Kansas",0.04230769230769231
2242,"Rice, Minnesota",0.05762886597938144
2243,"Rich, Utah",0.0
2244,"Richardson, Nebraska",0.0
2245,"Richland, Illinois",0.0
2246,"Richland, Louisiana",0.0
2247,"Richland, Montana",0.0
2248,"Richland, North Dakota",0.0
2249,"Richland, Ohio",0.14285714285714285
2250,"Richland, South Carolina",0.07604166666666666
2251,"Richland, Wisconsin",0.0
2252,"Richmond, North Carolina",0.0
2253,"Richmond, Virginia",0.0
2254,"Riley, Kansas",0.0
2255,"Rio arriba, New Mexico",0.0030508474576271187
2256,"Ripley, Indiana",0.0
2257,"Ripley, Missouri",0.0
2258,"Ritchie, West Virginia",0.0
2259,"Riverside, California",0.2214971482889738
2260,"Roane, Tennessee",0.0
2261,"Roane, West Virginia",0.0
2262,"Roanoke, Virginia",0.003767123287671233
2263,"Roberts, South Dakota",0.0
2264,"Roberts, Texas",0.0
2265,"Robertson, Tennessee",0.0
2266,"Robertson, Texas",0.0
2267,"Robeson, North Carolina",0.0
2268,"Rock island, Illinois",0.0
2269,"Rock, Minnesota",0.0
2270,"Rock, Nebraska",0.0
2271,"Rock, Wisconsin",0.0
2272,"Rockbridge, Virginia",0.0
2273,"Rockcastle, Kentucky",0.0
2274,"Rockingham, New Hampshire",0.015627822944896112
2275,"Rockingham, North Carolina",0.0
2276,"Rockingham, Virginia",0.0
2277,"Rockland, New York",0.224662027833002
2278,"Roger mills, Oklahoma",0.0
2279,"Rogers, Oklahoma",0.0
2280,"Rolette, North Dakota",0.0
2281,"Rooks, Kansas",0.0
2282,"Roosevelt, Montana",0.0
2283,"Roosevelt, New Mexico",0.0
2284,"Roscommon, Michigan",0.0
2285,"Roseau, Minnesota",0.0
2286,"Rosebud, Montana",0.0
2287,"Ross, Ohio",0.0
2288,"Rowan county, North Carolina",0.0
2289,"Rowan, Kentucky",0.0
2290,"Rowan, North Carolina",0.006557377049180328
2291,"Runnels, Texas",0.0
2292,"Rush, Indiana",0.0
2293,"Rush, Kansas",0.02903225806451613
2294,"Rusk, Texas",0.0
2295,"Rusk, Wisconsin",0.0
2296,"Russell, Alabama",0.0
2297,"Russell, Kansas",0.0
2298,"Russell, Kentucky",0.0
2299,"Russell, Virginia",0.0
2300,"Rutherford, North Carolina",0.0
2301,"Rutherford, Tennessee",0.0
2302,"Rutland, Vermont",0.0
2303,"Sabine, Louisiana",0.0
2304,"Sabine, Texas",0.0
2305,"Sac, Iowa",0.0
2306,"Sacramento county, California",0.0
2307,"Sacramento, California",0.04189582071471833
2308,"Sagadahoc, Maine",0.0
2309,"Saginaw, Michigan",0.0
2310,"Saint bernard, Louisiana",0.0
2311,"Saint charles, Missouri",0.0
2312,"Saint clair, Michigan",0.0
2313,"Saint francois, Missouri",0.0
2314,"Saint james, Louisiana",0.0
2315,"Saint joseph, Michigan",0.0
2316,"Saint landry, Louisiana",0.0
2317,"Saint lawrence, New York",0.0
2318,"Saint louis, Minnesota",0.0
2319,"Saint louis, Missouri",0.0
2320,"Saint marys, Maryland",0.0
2321,"Saint tammany, Louisiana",0.0
2322,"Salem, New Jersey",0.0009392265193370167
2323,"Salem, Virginia",0.0
2324,"Saline county, Arkansas",0.0
2325,"Saline, Arkansas",0.0
2326,"Saline, Illinois",0.0
2327,"Saline, Kansas",0.0
2328,"Saline, Missouri",0.0
2329,"Saline, Nebraska",0.0
2330,"Salt lake, Utah",0.001643835616438356
2331,"Saluda, South Carolina",0.0
2332,"Sampson, North Carolina",0.0
2333,"San augustine, Texas",0.0
2334,"San benito, California",0.0
2335,"San bernardino county, California",0.0
2336,"San bernardino, California",0.20781580838323319
2337,"San diego county, California",0.0
2338,"San diego, California",0.07164000000000001
2339,"San francisco, California",0.0
2340,"San jacinto, Texas",0.0
2341,"San joaquin, California",0.14796892341842396
2342,"San juan, New Mexico",0.5608888888888889
2343,"San juan, Utah",0.0
2344,"San juan, Washington",0.0
2345,"San luis obispo, California",0.8640718562874251
2346,"San mateo, California",0.08331024930747923
2347,"San miguel, New Mexico",0.0
2348,"San patricio, Texas",0.0
2349,"San saba, Texas",0.0
2350,"Sanborn, South Dakota",0.0
2351,"Sanders, Montana",0.0
2352,"Sandoval, New Mexico",0.004471153846153846
2353,"Sandusky, Ohio",0.07839622641509433
2354,"Sangamon, Illinois",0.0
2355,"Sanilac, Michigan",0.0
2356,"Sanpete, Utah",0.0
2357,"Santa barbara, California",0.05633228840125391
2358,"Santa clara, California",0.0
2359,"Santa cruz, Arizona",0.029649122807017543
2360,"Santa cruz, California",0.026966019417475732
2361,"Santa fe, New Mexico",0.006790450928381963
2362,"Santa rosa county, Florida",0.0
2363,"Santa rosa, Florida",0.0
2364,"Sarasota, Florida",0.0
2365,"Saratoga, New York",0.0
2366,"Sargent, North Dakota",0.0
2367,"Sarpy, Nebraska",0.0
2368,"Sauk, Wisconsin",0.0
2369,"Saunders, Nebraska",0.0
2370,"Sawyer, Wisconsin",0.007500000000000001
2371,"Schenectady, New York",0.021465968586387434
2372,"Schleicher, Texas",0.0
2373,"Schoharie, New York",0.0
2374,"Schoolcraft, Michigan",0.0
2375,"Schuyler, Illinois",0.0
2376,"Schuyler, New York",0.0
2377,"Schuylkill county, Pennsylvania",0.0
2378,"Schuylkill, Pennsylvania",1.271455108359133
2379,"Scioto, Ohio",0.0
2380,"Scotland, Missouri",0.0
2381,"Scotland, North Carolina",0.0
2382,"Scott, Arkansas",0.0
2383,"Scott, Illinois",0.0
2384,"Scott, Indiana",0.0
2385,"Scott, Iowa",0.0
2386,"Scott, Kansas",0.0
2387,"Scott, Kentucky",0.0
2388,"Scott, Minnesota",0.000591715976331361
2389,"Scott, Missouri",0.06610091743119266
2390,"Scott, Tennessee",0.0
2391,"Scott, Virginia",0.0
2392,"Scotts bluff, Nebraska",0.0
2393,"Scurry, Texas",0.0
2394,"Searcy, Arkansas",0.0
2395,"Sebastian, Arkansas",0.0
2396,"Sedgwick, Kansas",0.0
2397,"Seminole county, Florida",0.0
2398,"Seminole, Florida",0.003745318352059925
2399,"Seminole, Oklahoma",0.0
2400,"Seneca, New York",0.0
2401,"Seneca, Ohio",0.0
2402,"Sequatchie, Tennessee",0.0
2403,"Sequoyah, Oklahoma",0.0
2404,"Sevier, Arkansas",0.0
2405,"Sevier, Tennessee",0.0
2406,"Sevier, Utah",0.0
2407,"Seward, Kansas",0.0
2408,"Seward, Nebraska",0.0
2409,"Shackelford, Texas",0.0
2410,"Shannon, Missouri",0.0
2411,"Shannon, South Dakota",0.0
2412,"Sharp county, Arkansas",0.0
2413,"Sharp, Arkansas",0.0
2414,"Shasta, California",0.0
2415,"Shawano, Wisconsin",0.0
2416,"Shawnee, Kansas",0.0
2417,"Sheboygan, Wisconsin",0.0
2418,"Shelby, Alabama",0.047071823204419896
2419,"Shelby, Illinois",0.0
2420,"Shelby, Indiana",0.0
2421,"Shelby, Iowa",0.0
2422,"Shelby, Kentucky",0.0
2423,"Shelby, Missouri",0.0
2424,"Shelby, Ohio",0.14173228346456693
2425,"Shelby, Tennessee",0.0
2426,"Shelby, Texas",0.0
2427,"Shenandoah, Virginia",0.0
2428,"Sherburne, Minnesota",0.0
2429,"Sheridan, Kansas",0.0
2430,"Sheridan, Montana",0.0
2431,"Sheridan, Nebraska",0.0
2432,"Sheridan, North Dakota",0.0
2433,"Sheridan, Wyoming",0.0
2434,"Sherman, Kansas",0.0
2435,"Sherman, Nebraska",0.0
2436,"Sherman, Oregon",0.0
2437,"Sherman, Texas",0.0
2438,"Shiawassee, Michigan",0.0
2439,"Shoshone, Idaho",0.0
2440,"Sibley, Minnesota",0.0
2441,"Sierra, California",0.0
2442,"Sierra, New Mexico",0.0
2443,"Silver bow, Montana",0.0
2444,"Silverbow, Montana",0.0
2445,"Simpson, Kentucky",0.0
2446,"Sioux, Iowa",0.0
2447,"Sioux, Nebraska",0.0
2448,"Sioux, North Dakota",0.0
2449,"Siskiyou, California",0.0
2450,"Sitka city and, Alaska",0.0
2451,"Skagit, Washington",0.0
2452,"Skagway, Alaska",0.0
2453,"Skamania, Washington",0.0
2454,"Slope, North Dakota",0.0
2455,"Smith, Kansas",0.0
2456,"Smith, Tennessee",0.0
2457,"Smith, Texas",0.0
2458,"Smyth, Virginia",0.0
2459,"Snohomish county, Washington",0.0
2460,"Snohomish, Washington",0.0
2461,"Snyder county, Pennsylvania",0.0
2462,"Snyder, Pennsylvania",0.0
2463,"Socorro, New Mexico",0.07289156626506026
2464,"Solano, California",0.004222648752399232
2465,"Somerset county, Pennsylvania",0.0
2466,"Somerset, Maine",0.0
2467,"Somerset, Maryland",0.0
2468,"Somerset, New Jersey",0.009545454545454544
2469,"Somerset, Pennsylvania",0.0
2470,"Somervell, Texas",0.0
2471,"Sonoma, California",0.19029374201787994
2472,"Southampton, Virginia",0.0
2473,"Southeast fairbanks census area, Alaska",0.0
2474,"Southeast fairbanks, Alaska",0.0
2475,"Spartanburg, South Carolina",0.0
2476,"Spencer, Indiana",0.0
2477,"Spink county, South Dakota",0.0
2478,"Spink, South Dakota",0.0
2479,"Spokane, Washington",0.019428571428571427
2480,"Spotsylvania, Virginia",0.0
2481,"St clair, Alabama",0.0
2482,"St helena, Louisiana",0.0
2483,"St joseph, Indiana",0.0
2484,"St landry, Louisiana",0.04411764705882353
2485,"St lawrence, New York",0.0
2486,"St louis, Missouri",0.0
2487,"St lucie, Florida",0.0
2488,"St mary's, Maryland",0.0
2489,"St tammany, Louisiana",0.0
2490,"St. bernard, Louisiana",0.0
2491,"St. charles, Louisiana",0.0
2492,"St. charles, Missouri",0.0
2493,"St. clair county, Missouri",0.0
2494,"St. clair, Alabama",0.0
2495,"St. clair, Illinois",0.0
2496,"St. clair, Michigan",0.0
2497,"St. clair, Missouri",0.0
2498,"St. croix, Wisconsin",0.0030683229813664595
2499,"St. francis, Arkansas",1.5781927710843375
2500,"St. francois, Missouri",0.0
2501,"St. helena, Louisiana",0.0
2502,"St. james, Louisiana",0.0
2503,"St. john the baptist parish, Louisiana",0.0
2504,"St. john the baptist, Louisiana",0.0
2505,"St. johns, Florida",0.0
2506,"St. joseph county, Indiana",0.0
2507,"St. joseph, Indiana",0.008450704225352112
2508,"St. joseph, Michigan",0.009259259259259259
2509,"St. landry, Louisiana",0.0
2510,"St. lawrence, New York",0.0
2511,"St. louis city, Missouri",0.0
2512,"St. louis, Minnesota",0.001342281879194631
2513,"St. louis, Missouri",0.0
2514,"St. lucie, Florida",0.0
2515,"St. martin parish, Louisiana",0.0
2516,"St. martin, Louisiana",0.0
2517,"St. mary parish, Louisiana",0.0
2518,"St. mary's county, Maryland",0.0
2519,"St. mary's, Maryland",0.003472222222222222
2520,"St. mary, Louisiana",0.0
2521,"St. tammany parish, Louisiana",0.0
2522,"St. tammany, Louisiana",0.006278195488721805
2523,"Stafford, Kansas",0.0
2524,"Stafford, Virginia",0.0
2525,"Stanislaus, California",0.1373913043478261
2526,"Stanly, North Carolina",0.011904761904761904
2527,"Stanton, Kansas",0.0
2528,"Stanton, Nebraska",0.0
2529,"Stark, Illinois",0.0
2530,"Stark, North Dakota",0.0
2531,"Stark, Ohio",0.0
2532,"Starke, Indiana",0.0
2533,"Starr, Texas",0.0
2534,"Staunton, Virginia",0.0
2535,"Ste. genevieve, Missouri",0.0
2536,"Stearns, Minnesota",0.0
2537,"Steele, Minnesota",0.008823529411764706
2538,"Stephens, Oklahoma",0.0
2539,"Stephens, Texas",0.0
2540,"Stephenson, Illinois",0.0
2541,"Sterling, Texas",0.0
2542,"Steuben, Indiana",0.0
2543,"Steuben, New York",0.2748971193415638
2544,"Stevens, Kansas",0.0
2545,"Stevens, Minnesota",0.0
2546,"Stevens, Washington",0.0
2547,"Stewart, Tennessee",0.0
2548,"Stillwater, Montana",0.0
2549,"Stoddard, Missouri",0.0
2550,"Stokes, North Carolina",0.0
2551,"Stone, Arkansas",0.0
2552,"Stone, Missouri",0.0
2553,"Stonewall, Texas",0.0
2554,"Storey, Nevada",0.0
2555,"Story, Iowa",0.0
2556,"Strafford, New Hampshire",0.0
2557,"Stutsman, North Dakota",0.0
2558,"Sublette, Wyoming",0.0
2559,"Suffolk city, Virginia",0.0
2560,"Suffolk, Massachusetts",0.0
2561,"Suffolk, Virginia",0.0
2562,"Sullivan, Indiana",0.0
2563,"Sullivan, Missouri",0.0
2564,"Sullivan, New Hampshire",0.0
2565,"Sullivan, New York",0.0
2566,"Sullivan, Pennsylvania",0.29473684210526313
2567,"Sullivan, Tennessee",0.0
2568,"Summers, West Virginia",0.0
2569,"Summit, Ohio",0.0029792746113989636
2570,"Summit, Utah",0.0
2571,"Sumner, Kansas",0.0
2572,"Sumner, Tennessee",0.0
2573,"Sumter, Alabama",0.0
2574,"Sumter, Florida",0.0
2575,"Sumter, South Carolina",0.3441866028708133
2576,"Surry, North Carolina",0.004030303030303031
2577,"Surry, Virginia",0.0
2578,"Susquehanna, Pennsylvania",0.0
2579,"Sussex, New Jersey",0.012432900432900433
2580,"Sussex, Virginia",0.0
2581,"Sutter, California",0.01
2582,"Sutton, Texas",0.0
2583,"Suwannee, Florida",0.0
2584,"Swain, North Carolina",0.0
2585,"Sweet grass, Montana",0.0
2586,"Sweetwater county, Wyoming",0.0
2587,"Sweetwater, Wyoming",0.0
2588,"Swift county, Minnesota",0.0
2589,"Swift, Minnesota",0.0
2590,"Swisher, Texas",0.0
2591,"Switzerland, Indiana",0.0
2592,"Talbot, Maryland",0.0
2593,"Talladega, Alabama",0.025520833333333336
2594,"Tallapoosa, Alabama",0.0
2595,"Tama, Iowa",0.0
2596,"Taney, Missouri",0.0
2597,"Tangipahoa parish, Louisiana",0.0
2598,"Tangipahoa, Louisiana",0.0
2599,"Taos, New Mexico",0.0
2600,"Tarrant, Texas",0.0
2601,"Taylor, Florida",0.0
2602,"Taylor, Kentucky",0.0
2603,"Taylor, Texas",0.0
2604,"Taylor, West Virginia",0.0
2605,"Taylor, Wisconsin",0.0
2606,"Tazewell, Illinois",0.0
2607,"Tazewell, Virginia",0.0
2608,"Tehama, California",0.0
2609,"Tensas, Louisiana",0.0
2610,"Terrebonne, Louisiana",0.0
2611,"Terrell, Texas",0.0
2612,"Terry, Texas",0.0
2613,"Teton, Idaho",0.0
2614,"Teton, Montana",0.0
2615,"Teton, Wyoming",0.0
2616,"Texas, Missouri",0.0
2617,"Texas, Oklahoma",0.0
2618,"Thayer, Nebraska",0.0
2619,"Thomas, Kansas",0.0
2620,"Thomas, Nebraska",0.0
2621,"Throckmorton, Texas",0.0
2622,"Thurston, Nebraska",0.0
2623,"Thurston, Washington",0.0
2624,"Tillamook county, Oregon",0.0
2625,"Tillamook, Oregon",0.0
2626,"Tillman, Oklahoma",0.0
2627,"Tioga county, Pennsylvania",0.0
2628,"Tioga, New York",0.0
2629,"Tioga, Pennsylvania",0.0
2630,"Tippecanoe, Indiana",0.0
2631,"Tipton, Indiana",0.0
2632,"Tipton, Tennessee",0.0
2633,"Titus, Texas",0.0
2634,"Todd, Kentucky",0.0
2635,"Todd, Minnesota",0.0
2636,"Todd, South Dakota",0.0
2637,"Tolland, Connecticut",0.009886899151743638
2638,"Tom green, Texas",0.0
2639,"Tompkins, New York",0.0
2640,"Tooele, Utah",0.0
2641,"Toole, Montana",0.0
2642,"Torrance, New Mexico",0.00038202247191011237
2643,"Towner, North Dakota",0.0
2644,"Traill, North Dakota",0.0
2645,"Transylvania, North Carolina",0.0
2646,"Traverse, Minnesota",0.22307692307692306
2647,"Travis, Texas",0.0
2648,"Treasure, Montana",0.0
2649,"Trego, Kansas",0.0
2650,"Trempealeau, Wisconsin",0.0
2651,"Trigg, Kentucky",0.0
2652,"Trimble, Kentucky",0.0
2653,"Trinity, California",0.0
2654,"Trinity, Texas",0.0
2655,"Tripp, South Dakota",0.0
2656,"Trousdale, Tennessee",0.0
2657,"Trumbull, Ohio",0.0
2658,"Tucker, West Virginia",0.0
2659,"Tulare, California",0.005643835616438356
2660,"Tulsa, Oklahoma",0.0
2661,"Tuolumne, California",0.0
2662,"Turner, South Dakota",0.0
2663,"Tuscaloosa, Alabama",0.0
2664,"Tuscarawas, Ohio",0.17938271604938272
2665,"Tuscola, Michigan",0.0
2666,"Twin falls, Idaho",0.0
2667,"Tyler, Texas",0.0
2668,"Tyler, West Virginia",0.0
2669,"Tyrrell, North Carolina",0.0
2670,"Uinta, Wyoming",0.0
2671,"Uintah, Utah",0.0
2672,"Ulster, New York",0.0
2673,"Umatilla, Oregon",0.0
2674,"Unicoi, Tennessee",0.0
2675,"Union county, Pennsylvania",0.0
2676,"Union parish, Louisiana",0.0
2677,"Union, Arkansas",0.0
2678,"Union, Florida",0.0
2679,"Union, Illinois",0.0
2680,"Union, Indiana",0.0
2681,"Union, Iowa",0.0
2682,"Union, Kentucky",0.0
2683,"Union, Louisiana",0.0
2684,"Union, New Jersey",0.0
2685,"Union, New Mexico",0.029411764705882353
2686,"Union, North Carolina",0.0
2687,"Union, Ohio",0.0
2688,"Union, Oregon",0.0
2689,"Union, Pennsylvania",0.0
2690,"Union, South Carolina",0.0
2691,"Union, South Dakota",0.0
2692,"Union, Tennessee",0.0
2693,"Unknown, South Carolina",0.0
2694,"Upshur, Texas",0.0
2695,"Upshur, West Virginia",0.0
2696,"Upton, Texas",0.0
2697,"Utah, Utah",0.0
2698,"Uvalde, Texas",0.0
2699,"Val verde, Texas",0.0
2700,"Valdez-cordova census area, Alaska",0.0
2701,"Valdez-cordova, Alaska",0.0
2702,"Valencia, New Mexico",0.0
2703,"Valley, Idaho",0.0
2704,"Valley, Montana",0.015151515151515152
2705,"Valley, Nebraska",0.0
2706,"Van buren, Arkansas",0.0
2707,"Van buren, Michigan",0.0
2708,"Van buren, Tennessee",0.0
2709,"Van wert, Ohio",0.0
2710,"Van zandt, Texas",0.0
2711,"Vance, North Carolina",0.0
2712,"Vanderburgh, Indiana",0.0
2713,"Venango county, Pennsylvania",0.0
2714,"Venango, Pennsylvania",0.0
2715,"Ventura, California",0.010752688172043012
2716,"Vermilion, Illinois",0.0
2717,"Vermilion, Louisiana",0.0
2718,"Vermillion county, Indiana",0.0
2719,"Vermillion, Indiana",0.0
2720,"Vernon, Louisiana",0.0
2721,"Vernon, Missouri",0.0
2722,"Vernon, Wisconsin",0.004688172043010753
2723,"Victoria, Texas",0.0
2724,"Vigo, Indiana",0.0
2725,"Vilas, Wisconsin",0.0
2726,"Vinton, Ohio",0.0
2727,"Volusia, Florida",0.0
2728,"Wabash, Illinois",0.0245
2729,"Wabash, Indiana",0.0
2730,"Wabasha, Minnesota",0.01517857142857143
2731,"Wabaunsee, Kansas",0.0
2732,"Wade hampton, Alaska",0.0
2733,"Wadena, Minnesota",0.0
2734,"Wagoner, Oklahoma",0.0
2735,"Wahkiakum, Washington",0.0
2736,"Wake, North Carolina",0.006351986330627936
2737,"Wakulla, Florida",0.0
2738,"Waldo, Maine",0.0
2739,"Walker, Alabama",0.0
2740,"Walker, Texas",0.0
2741,"Walla walla, Washington",0.0
2742,"Wallace, Kansas",0.0
2743,"Waller, Texas",0.0
2744,"Wallowa, Oregon",0.0
2745,"Walsh, North Dakota",0.0
2746,"Walton, Florida",0.007518796992481203
2747,"Walworth, South Dakota",0.0
2748,"Walworth, Wisconsin",0.006105263157894737
2749,"Wapello, Iowa",0.0
2750,"Ward, North Dakota",0.0
2751,"Ward, Texas",0.0
2752,"Warren county, Pennsylvania",0.0
2753,"Warren, Illinois",0.0
2754,"Warren, Indiana",0.0
2755,"Warren, Iowa",0.0
2756,"Warren, Kentucky",0.0
2757,"Warren, Missouri",0.0
2758,"Warren, New Jersey",0.06523592085235921
2759,"Warren, New York",0.0
2760,"Warren, North Carolina",0.0
2761,"Warren, Ohio",0.0
2762,"Warren, Pennsylvania",0.0
2763,"Warren, Tennessee",0.0
2764,"Warren, Virginia",0.0
2765,"Warrick, Indiana",0.0
2766,"Wasatch, Utah",0.0
2767,"Wasco, Oregon",0.0
2768,"Waseca, Minnesota",0.0
2769,"Washakie, Wyoming",0.0
2770,"Washburn, Wisconsin",0.0
2771,"Washington county, Florida",0.0
2772,"Washington county, Pennsylvania",0.0
2773,"Washington county, Rhode Island",0.0
2774,"Washington parish, Louisiana",0.0
2775,"Washington, Alabama",0.0
2776,"Washington, Arkansas",0.0
2777,"Washington, Florida",0.0
2778,"Washington, Idaho",0.0
2779,"Washington, Illinois",0.0
2780,"Washington, Indiana",0.0
2781,"Washington, Iowa",0.0
2782,"Washington, Kansas",0.0
2783,"Washington, Kentucky",0.0
2784,"Washington, Louisiana",0.0
2785,"Washington, Maine",0.03616071428571428
2786,"Washington, Maryland",0.058394160583941604
2787,"Washington, Minnesota",0.31107936507936507
2788,"Washington, Missouri",0.0
2789,"Washington, Nebraska",0.0
2790,"Washington, New York",0.016494845360824743
2791,"Washington, North Carolina",0.0
2792,"Washington, Ohio",0.01728395061728395
2793,"Washington, Oklahoma",0.0
2794,"Washington, Oregon",0.0
2795,"Washington, Pennsylvania",0.0
2796,"Washington, Rhode Island",0.000976491862567812
2797,"Washington, Tennessee",0.0
2798,"Washington, Texas",0.0
2799,"Washington, Utah",0.0
2800,"Washington, Vermont",0.0015503875968992248
2801,"Washington, Virginia",0.0
2802,"Washington, Wisconsin",0.21786223277909741
2803,"Washita, Oklahoma",0.5081632653061225
2804,"Washoe, Nevada",0.025486381322957195
2805,"Washtenaw, Michigan",0.0
2806,"Watauga, North Carolina",0.0
2807,"Watonwan, Minnesota",0.0
2808,"Waukesha, Wisconsin",0.018367346938775512
2809,"Waupaca, Wisconsin",0.0
2810,"Waushara, Wisconsin",0.0
2811,"Wayne, Illinois",0.0
2812,"Wayne, Indiana",0.0
2813,"Wayne, Kentucky",0.0
2814,"Wayne, Michigan",0.0
2815,"Wayne, Missouri",0.0
2816,"Wayne, Nebraska",0.0
2817,"Wayne, New York",0.0
2818,"Wayne, North Carolina",0.0
2819,"Wayne, Ohio",0.020287262872628727
2820,"Wayne, Pennsylvania",0.022590361445783132
2821,"Wayne, Tennessee",0.017586206896551725
2822,"Wayne, Utah",0.0
2823,"Wayne, West Virginia",0.0
2824,"Waynesboro city, Virginia",0.0
2825,"Weakley, Tennessee",0.0
2826,"Webb county, Texas",0.0
2827,"Webb, Texas",0.0
2828,"Weber, Utah",0.0
2829,"Webster, Iowa",0.3405405405405405
2830,"Webster, Kentucky",0.0
2831,"Webster, Louisiana",0.0
2832,"Webster, Missouri",0.05813333333333333
2833,"Webster, Nebraska",0.0
2834,"Webster, West Virginia",0.0
2835,"Wells, Indiana",0.0
2836,"Wells, North Dakota",0.0
2837,"West baton rouge, Louisiana",0.0
2838,"West carroll parish, Louisiana",0.0
2839,"West carroll, Louisiana",0.0
2840,"West feliciana, Louisiana",0.0
2841,"Westchester, New York",0.0182035175879397
2842,"Westmoreland, Pennsylvania",0.0
2843,"Westmoreland, Virginia",0.0
2844,"Weston, Wyoming",0.0
2845,"Wetzel, West Virginia",0.05135135135135135
2846,"Wexford, Michigan",0.0
2847,"Wharton, Texas",0.0
2848,"Whatcom, Washington",0.0
2849,"Wheatland, Montana",0.0
2850,"Wheeler, Nebraska",0.0
2851,"Wheeler, Oregon",0.0
2852,"Wheeler, Texas",0.0
2853,"White pine, Nevada",0.0
2854,"White, Arkansas",0.0
2855,"White, Illinois",0.0
2856,"White, Indiana",0.0
2857,"White, Tennessee",0.0
2858,"Whiteside, Illinois",0.02133720930232558
2859,"Whitley, Indiana",0.0
2860,"Whitley, Kentucky",0.0
2861,"Whitman, Washington",0.0
2862,"Wibaux, Montana",0.0
2863,"Wichita, Kansas",0.0
2864,"Wichita, Texas",0.0
2865,"Wicomico, Maryland",0.012719298245614035
2866,"Wilbarger, Texas",0.0
2867,"Wilcox, Alabama",0.0
2868,"Wilkes, North Carolina",0.018032786885245903
2869,"Wilkin, Minnesota",0.0
2870,"Will, Illinois",0.0
2871,"Willacy county, Texas",0.0
2872,"Willacy, Texas",0.0
2873,"Williams, North Dakota",0.0
2874,"Williams, Ohio",0.0
2875,"Williamsburg, South Carolina",0.0
2876,"Williamson, Illinois",0.0
2877,"Williamson, Tennessee",0.0
2878,"Williamson, Texas",0.0
2879,"Wilson, Kansas",0.0
2880,"Wilson, North Carolina",0.0
2881,"Wilson, Tennessee",0.0
2882,"Wilson, Texas",0.0
2883,"Winchester, Virginia",0.0
2884,"Windham, Connecticut",0.024971363115693014
2885,"Windham, Vermont",0.00674373795761079
2886,"Windsor, Vermont",0.0
2887,"Winkler, Texas",0.31176470588235294
2888,"Winn, Louisiana",0.0
2889,"Winnebago, Illinois",0.4052425373134328
2890,"Winnebago, Iowa",0.0
2891,"Winnebago, Wisconsin",0.0
2892,"Winneshiek, Iowa",0.0
2893,"Winona, Minnesota",0.002666666666666667
2894,"Winston, Alabama",0.0
2895,"Wise, Texas",0.0
2896,"Wise, Virginia",0.009615384615384616
2897,"Wolfe, Kentucky",0.0
2898,"Wood, Ohio",0.03758865248226951
2899,"Wood, Texas",0.0
2900,"Wood, West Virginia",0.0
2901,"Wood, Wisconsin",0.07485714285714286
2902,"Woodbury, Iowa",0.4551724137931034
2903,"Woodford, Illinois",0.0
2904,"Woodford, Kentucky",0.0
2905,"Woodruff, Arkansas",0.0
2906,"Woods, Oklahoma",0.0
2907,"Woodson, Kansas",0.0
2908,"Woodward, Oklahoma",0.0
2909,"Worcester, Maryland",0.0
2910,"Worcester, Massachusetts",0.009374057315233787
2911,"Worth, Iowa",0.0
2912,"Worth, Missouri",0.0
2913,"Wrangell, Alaska",0.0
2914,"Wright, Iowa",0.0
2915,"Wright, Minnesota",0.047712418300653585
2916,"Wright, Missouri",0.0
2917,"Wyandot, Ohio",0.0
2918,"Wyandotte, Kansas",0.0
2919,"Wyoming, New York",0.01020408163265306
2920,"Wyoming, Pennsylvania",0.0
2921,"Wyoming, West Virginia",0.0
2922,"Wythe, Virginia",0.0
2923,"Yadkin, North Carolina",0.03522012578616352
2924,"Yakima, Washington",0.0
2925,"Yakutat, Alaska",0.0
2926,"Yamhill, Oregon",0.0
2927,"Yancey, North Carolina",0.0
2928,"Yankton, South Dakota",0.0
2929,"Yates, New York",0.0
2930,"Yavapai, Arizona",0.03701386138613861
2931,"Yell, Arkansas",0.0
2932,"Yellow medicine county, Minnesota",0.0
2933,"Yellow medicine, Minnesota",0.0
2934,"Yellowstone, Montana",0.0
2935,"Yoakum, Texas",0.0
2936,"Yolo, California",0.0016451612903225807
2937,"York county, Pennsylvania",0.07115789473684211
2938,"York, Maine",0.011851851851851851
2939,"York, Nebraska",0.0
2940,"York, Pennsylvania",0.08599634369287021
2941,"York, South Carolina",0.0
2942,"York, Virginia",0.0
2943,"Young, Texas",0.0
2944,"Yuba, California",0.0
2945,"Yukon-koyukuk census area, Alaska",0.0
2946,"Yukon-koyukuk, Alaska",0.0
2947,"Yuma county, Arizona",0.0
2948,"Yuma, Arizona",0.0
2949,"Zapata county, Texas",0.0
2950,"Zapata, Texas",0.0
2951,"Zavala, Texas",0.0
