,county,cyanide
0,"-, Arizona",0.0
1,"Acadia, Louisiana",0.0
2,"Accomack, Virginia",0.0
3,"Ada, Idaho",0.2
4,"Adair, Kentucky",0.0
5,"Adair, Oklahoma",0.0
6,"Adams, Idaho",0.0
7,"Adams, Illinois",0.0
8,"Adams, Indiana",0.0
9,"Adams, Nebraska",0.0
10,"Adams, Ohio",0.0
11,"Adams, Pennsylvania",0.0
12,"Adams, Washington",0.0
13,"Addison, Vermont",0.0
14,"Aitkin, Minnesota",0.0
15,"Alachua, Florida",1.3035087719298246
16,"Alamance, North Carolina",0.0
17,"Alameda, California",0.0
18,"Albany, New York",0.24509803921568626
19,"Albany, Wyoming",0.0
20,"Albemarle, Virginia",0.2222222222222222
21,"Alcona, Michigan",0.0
22,"Aleutians east borough, Alaska",0.0
23,"Aleutians east, Alaska",0.0
24,"Aleutians west census area, Alaska",0.0
25,"Aleutians west, Alaska",0.0
26,"Alexander, Illinois",0.0
27,"Alexander, North Carolina",0.0
28,"Alfalfa, Oklahoma",0.0
29,"Alger, Michigan",0.0
30,"Allegan, Michigan",0.0
31,"Allegany, New York",1.247191011235955
32,"Alleghany, North Carolina",0.0
33,"Alleghany, Virginia",0.0
34,"Allegheny county, Pennsylvania",0.0
35,"Allegheny, Pennsylvania",0.0
36,"Allen, Indiana",0.20588235294117646
37,"Allen, Kentucky",0.0
38,"Allen, Louisiana",0.0
39,"Allen, Ohio",0.0
40,"Alpena, Michigan",0.0
41,"Alpine, California",1.5555555555555556
42,"Amador, California",0.0
43,"Amelia, Virginia",0.0
44,"American samoa, American Samoa",0.0
45,"Amherst, Virginia",0.0
46,"Anchorage, Alaska",0.25
47,"Anderson, Kentucky",0.0
48,"Anderson, Tennessee",0.0
49,"Anderson, Texas",1.7
50,"Androscoggin, Maine",0.0
51,"Angelina, Texas",6.233333333333333
52,"Anoka, Minnesota",0.0
53,"Anson, North Carolina",0.0
54,"Antelope, Nebraska",0.0
55,"Antrim, Michigan",0.0
56,"Apache, Arizona",0.08333333333333333
57,"Appomattox, Virginia",0.0
58,"Arenac, Michigan",0.0
59,"Arkansas, Arkansas",0.0
60,"Armstrong, Pennsylvania",0.0
61,"Aroostook, Maine",0.0
62,"Arthur, Nebraska",0.0
63,"Ascension, Louisiana",0.0
64,"Ashe, North Carolina",0.0
65,"Ashland, Ohio",0.0
66,"Ashland, Wisconsin",0.0
67,"Ashley, Arkansas",0.0
68,"Ashtabula, Ohio",0.0
69,"Asotin, Washington",0.0
70,"Assumption, Louisiana",0.0
71,"Atascosa, Texas",16.0
72,"Athens, Ohio",0.0
73,"Atlantic, New Jersey",0.06514657980456026
74,"Atoka, Oklahoma",0.0
75,"Audrain, Missouri",0.0
76,"Auglaize, Ohio",0.0
77,"Augusta, Virginia",0.0
78,"Austin, Texas",0.0
79,"Autauga, Alabama",0.0
80,"Avery, North Carolina",2.2735042735042734
81,"Avoyelles, Louisiana",0.0
82,"B, Oklahoma",0.0
83,"Bailey, Texas",0.0
84,"Baker county, Florida",5.5
85,"Baker, Florida",1.3178571428571428
86,"Baker, Oregon",0.0
87,"Baldwin, Alabama",0.0673076923076923
88,"Ballard, Kentucky",0.0
89,"Bandera, Texas",0.0
90,"Banner, Nebraska",0.0
91,"Baraga, Michigan",0.0
92,"Barbour, Alabama",0.0746551724137931
93,"Barbour, West Virginia",0.0
94,"Barnstable, Massachusetts",0.06711409395973154
95,"Barren, Kentucky",0.0
96,"Barry, Michigan",0.0
97,"Barry, Missouri",0.0
98,"Bartholomew, Indiana",0.0
99,"Bastrop, Texas",0.0
100,"Bath, Virginia",0.0
101,"Baxter, Arkansas",0.0
102,"Bay, Florida",0.8636363636363636
103,"Bayfield, Wisconsin",0.0
104,"Bear lake, Idaho",0.0
105,"Beaufort, North Carolina",0.0
106,"Beauregard, Louisiana",0.0
107,"Beaver, Oklahoma",0.0
108,"Beaver, Pennsylvania",3.2413793103448274
109,"Beaver, Utah",0.0
110,"Becker, Minnesota",0.0
111,"Beckham, Oklahoma",0.0
112,"Bedford county, Pennsylvania",0.0
113,"Bedford, Pennsylvania",0.0
114,"Bedford, Tennessee",0.0
115,"Bedford, Virginia",0.0
116,"Belknap, New Hampshire",0.0
117,"Bell, Kentucky",0.0
118,"Bell, Texas",0.0
119,"Belmont, Ohio",0.0
120,"Beltrami county, Minnesota",0.0
121,"Beltrami, Minnesota",2.3076923076923075
122,"Benewah, Idaho",0.0
123,"Bennett, South Dakota",0.0
124,"Bennington, Vermont",0.0
125,"Benton county, Arkansas",0.0
126,"Benton, Arkansas",82.29032258064517
127,"Benton, Indiana",0.0
128,"Benton, Minnesota",0.0
129,"Benton, Missouri",0.0
130,"Benton, Oregon",1.317948717948718
131,"Benton, Tennessee",0.0
132,"Benton, Washington",0.547945205479452
133,"Benzie, Michigan",0.0
134,"Bergen, New Jersey",0.2399103139013453
135,"Berkeley, West Virginia",0.0
136,"Berks county, Pennsylvania",0.0
137,"Berks, Pennsylvania",0.0
138,"Berkshire, Massachusetts",0.0
139,"Bernalillo, New Mexico",1.379
140,"Berrien, Michigan",0.0
141,"Bertie, North Carolina",0.0
142,"Bethel census area, Alaska",3.4
143,"Bethel, Alaska",0.26
144,"Bexar, Texas",5.515384615384615
145,"Bibb, Alabama",0.0
146,"Bienville, Louisiana",0.0
147,"Big horn, Montana",0.0
148,"Big horn, Wyoming",0.0
149,"Big stone, Minnesota",14.285714285714286
150,"Bingham, Idaho",0.0
151,"Blackford, Indiana",0.0
152,"Bladen, North Carolina",0.0
153,"Blaine, Idaho",0.0
154,"Blaine, Montana",0.0
155,"Blaine, Nebraska",0.0
156,"Blaine, Oklahoma",0.0
157,"Blair, Pennsylvania",0.0
158,"Blanco, Texas",0.0
159,"Bland, Virginia",0.0
160,"Bledsoe, Tennessee",0.0
161,"Blount, Alabama",0.8333333333333334
162,"Blount, Tennessee",0.0
163,"Blue earth, Minnesota",4.444444444444445
164,"Boise, Idaho",0.0
165,"Bollinger, Missouri",0.0
166,"Bond, Illinois",0.0
167,"Bonner, Idaho",0.0
168,"Bonneville, Idaho",0.0
169,"Boone, Arkansas",2.3529411764705883
170,"Boone, Illinois",0.0
171,"Boone, Indiana",0.0
172,"Boone, Kentucky",0.0
173,"Boone, Missouri",0.0
174,"Boone, Nebraska",0.0
175,"Boone, West Virginia",0.7176470588235294
176,"Bosque, Texas",2.5
177,"Bossier, Louisiana",0.0
178,"Botetourt, Virginia",0.0
179,"Boundary, Idaho",0.0
180,"Bourbon, Kentucky",0.0
181,"Bowie, Texas",0.0
182,"Box butte, Nebraska",0.0
183,"Box elder, Utah",0.0594059405940594
184,"Boyd, Kentucky",0.0
185,"Boyd, Nebraska",0.0
186,"Boyle, Kentucky",0.0
187,"Bracken, Kentucky",5.0
188,"Bradford, Florida",0.3892857142857143
189,"Bradford, Pennsylvania",0.125
190,"Bradley, Arkansas",0.0
191,"Bradley, Tennessee",0.0
192,"Branch, Michigan",0.0
193,"Braxton, West Virginia",0.0
194,"Brazoria, Texas",2.8947368421052633
195,"Brazos, Texas",0.0
196,"Breathitt, Kentucky",0.0
197,"Breckinridge, Kentucky",0.0
198,"Brevard, Florida",3.3560000000000003
199,"Brewster, Texas",0.0
200,"Bristol bay, Alaska",0.0
201,"Bristol, Massachusetts",27.724137931034484
202,"Bristol, Rhode Island",0.0
203,"Brooke, West Virginia",0.0
204,"Broome, New York",2.1262626262626263
205,"Broward county, Florida",0.0
206,"Broward, Florida",0.33513513513513515
207,"Brown, Illinois",0.0
208,"Brown, Indiana",0.0
209,"Brown, Minnesota",15.0
210,"Brown, Nebraska",0.0
211,"Brown, Ohio",0.0
212,"Brown, Wisconsin",1.3846153846153846
213,"Brunswick, North Carolina",6.25
214,"Brunswick, Virginia",0.0
215,"Buchanan, Virginia",0.0
216,"Buckingham, Virginia",0.0
217,"Bucks county, Pennsylvania",0.0
218,"Bucks, Pennsylvania",0.043209876543209874
219,"Buffalo, Nebraska",0.0
220,"Bullock, Alabama",0.0
221,"Buncombe, North Carolina",3.7037037037037037
222,"Bureau, Illinois",0.6285714285714286
223,"Burke, North Carolina",0.0
224,"Burleson, Texas",0.0
225,"Burlington, New Jersey",0.3080684596577017
226,"Burnet, Texas",1.8181818181818181
227,"Burnett, Wisconsin",12.25
228,"Burt, Nebraska",0.0
229,"Butler county, Pennsylvania",0.0
230,"Butler, Alabama",0.0
231,"Butler, Kentucky",0.0
232,"Butler, Missouri",0.0
233,"Butler, Nebraska",0.0
234,"Butler, Ohio",0.0
235,"Butler, Pennsylvania",0.10416666666666667
236,"Butte, California",0.034782608695652174
237,"Cabarrus, North Carolina",0.0
238,"Cabell, West Virginia",0.0
239,"Cache, Utah",0.0
240,"Caddo parish, Louisiana",0.0
241,"Caddo, Louisiana",0.0
242,"Caddo, Oklahoma",0.0
243,"Calaveras, California",0.0
244,"Calcasieu, Louisiana",0.0
245,"Caldwell, Kentucky",0.0
246,"Caldwell, Louisiana",0.0
247,"Caldwell, North Carolina",0.0
248,"Caledonia, Vermont",0.0
249,"Calhoun, Alabama",0.0
250,"Calhoun, Arkansas",0.0
251,"Calhoun, Florida",0.0
252,"Calhoun, Illinois",0.0
253,"Calhoun, Michigan",0.0
254,"Calhoun, West Virginia",0.0
255,"Callaway, Missouri",0.0
256,"Calloway, Kentucky",0.0
257,"Calumet, Wisconsin",19.0
258,"Calvert, Maryland",0.0
259,"Cambria county, Pennsylvania",0.0
260,"Cambria, Pennsylvania",0.0
261,"Camden, Missouri",0.0907142857142857
262,"Camden, New Jersey",0.36633663366336633
263,"Camden, North Carolina",0.0
264,"Cameron, Louisiana",0.0
265,"Cameron, Pennsylvania",0.0
266,"Cameron, Texas",29.0
267,"Campbell, Kentucky",0.0
268,"Campbell, Tennessee",0.0
269,"Campbell, Virginia",0.0
270,"Campbell, Wyoming",0.0
271,"Canadian, Oklahoma",0.0
272,"Cannon, Tennessee",0.0
273,"Canyon, Idaho",0.20512820512820512
274,"Cape girardeau, Missouri",0.17391304347826086
275,"Cape may, New Jersey",0.30246913580246915
276,"Carbon county, Pennsylvania",0.0
277,"Carbon, Pennsylvania",0.11428571428571428
278,"Carbon, Utah",0.0
279,"Carbon, Wyoming",0.0
280,"Caribou, Idaho",0.0
281,"Carlisle, Kentucky",0.0
282,"Carlton, Minnesota",0.0
283,"Caroline, Maryland",0.0
284,"Caroline, Virginia",0.0
285,"Carroll, Arkansas",0.0
286,"Carroll, Illinois",0.0
287,"Carroll, Indiana",0.0
288,"Carroll, Kentucky",0.0
289,"Carroll, New Hampshire",0.01485148514851485
290,"Carroll, Ohio",0.0
291,"Carroll, Tennessee",0.0
292,"Carroll, Virginia",0.0
293,"Carson city, Nevada",0.49019607843137253
294,"Carter, Kentucky",0.0
295,"Carter, Missouri",0.0
296,"Carter, Oklahoma",0.0
297,"Carter, Tennessee",0.0
298,"Carteret, North Carolina",0.6686440677966102
299,"Carver, Minnesota",4.545454545454546
300,"Cascade, Montana",0.0
301,"Casey, Kentucky",0.0
302,"Cass, Illinois",0.0
303,"Cass, Indiana",0.0
304,"Cass, Michigan",0.0
305,"Cass, Minnesota",3.111111111111111
306,"Cass, Missouri",0.0
307,"Cass, Nebraska",0.0
308,"Cass, North Dakota",9.0
309,"Cass, Texas",3.6666666666666665
310,"Cassia, Idaho",0.0
311,"Castro, Texas",0.0
312,"Caswell, North Carolina",0.0
313,"Catahoula, Louisiana",0.0
314,"Catawba, North Carolina",0.4065040650406504
315,"Catron, New Mexico",0.16322580645161291
316,"Cattaraugus, New York",0.8359375
317,"Cayuga county, New York",0.0
318,"Cayuga, New York",0.02857142857142857
319,"Cedar, Missouri",0.0
320,"Cedar, Nebraska",0.0
321,"Centre county, Pennsylvania",0.0
322,"Centre, Pennsylvania",0.0
323,"Chambers, Alabama",0.0
324,"Chambers, Texas",0.0
325,"Champaign, Illinois",0.17105263157894737
326,"Champaign, Ohio",0.0
327,"Chariton, Missouri",0.0
328,"Charles city, Virginia",0.0
329,"Charlevoix, Michigan",0.0
330,"Charlotte, Florida",1.1875
331,"Charlotte, Virginia",0.0
332,"Chase, Nebraska",0.0
333,"Chatham, North Carolina",0.0
334,"Chautauqua, New York",0.3181818181818182
335,"Chaves, New Mexico",0.07575757575757576
336,"Cheatham, Tennessee",0.0
337,"Cheboygan, Michigan",0.0
338,"Chelan, Washington",0.10784313725490197
339,"Chemung, New York",3.164705882352941
340,"Chenango, New York",1.7857142857142858
341,"Cherokee, Alabama",0.0
342,"Cherokee, North Carolina",0.0
343,"Cherokee, Oklahoma",0.0
344,"Cherry, Nebraska",0.0
345,"Chesapeake city, Virginia",1.25
346,"Chesapeake, Virginia",0.0
347,"Cheshire, New Hampshire",0.0
348,"Chester county, Pennsylvania",0.0
349,"Chester, Pennsylvania",0.0
350,"Chester, Tennessee",0.0
351,"Chesterfield, Virginia",0.0
352,"Cheyenne, Nebraska",0.0
353,"Chicot, Arkansas",0.0
354,"Chilton, Alabama",0.0
355,"Chippewa, Michigan",0.0
356,"Chippewa, Minnesota",0.0
357,"Chippewa, Wisconsin",11.5
358,"Chisago, Minnesota",0.0
359,"Chittenden, Vermont",0.0
360,"Choctaw, Alabama",0.0
361,"Choctaw, Oklahoma",0.0
362,"Chowan, North Carolina",0.0
363,"Christian, Illinois",0.5283333333333334
364,"Christian, Kentucky",0.0
365,"Christian, Missouri",0.0
366,"Churchill, Nevada",0.0
367,"Cibola, New Mexico",0.0
368,"Cimarron, Oklahoma",0.0
369,"Citrus county, Florida",0.0
370,"Citrus, Florida",0.10505050505050507
371,"Clackamas, Oregon",0.4917808219178082
372,"Claiborne, Louisiana",0.0
373,"Claiborne, Tennessee",0.0
374,"Clallam, Washington",0.0
375,"Clare, Michigan",0.0
376,"Clarion, Pennsylvania",0.0
377,"Clark, Arkansas",4.444444444444445
378,"Clark, Illinois",0.0
379,"Clark, Indiana",0.0
380,"Clark, Kentucky",0.0
381,"Clark, Nevada",0.03249630723781388
382,"Clark, Ohio",0.11415094339622642
383,"Clark, Washington",0.8333333333333334
384,"Clark, Wisconsin",0.0
385,"Clarke, Alabama",0.0
386,"Clarke, Virginia",0.0
387,"Clatsop, Oregon",0.0
388,"Clay, Alabama",0.0
389,"Clay, Arkansas",0.0
390,"Clay, Florida",0.3917431192660551
391,"Clay, Illinois",0.0
392,"Clay, Indiana",0.0
393,"Clay, Kentucky",0.0
394,"Clay, Minnesota",0.0
395,"Clay, Nebraska",0.0
396,"Clay, North Carolina",0.0
397,"Clay, Tennessee",0.0
398,"Clay, Texas",20.5
399,"Clay, West Virginia",0.0
400,"Clearfield county, Pennsylvania",0.0
401,"Clearfield, Pennsylvania",0.0
402,"Clearwater, Idaho",0.0
403,"Clearwater, Minnesota",0.0
404,"Cleburne, Alabama",0.0
405,"Cleburne, Arkansas",12.857142857142858
406,"Clermont, Ohio",0.0
407,"Cleveland, Arkansas",0.0
408,"Cleveland, North Carolina",0.8888888888888888
409,"Cleveland, Oklahoma",0.2777777777777778
410,"Clinton, Illinois",0.0
411,"Clinton, Indiana",0.0
412,"Clinton, Iowa",0.0
413,"Clinton, Kentucky",0.0
414,"Clinton, Michigan",0.0
415,"Clinton, New York",2.5714285714285716
416,"Clinton, Ohio",0.5
417,"Clinton, Pennsylvania",0.0
418,"Cochise, Arizona",0.0
419,"Cochran, Texas",0.0
420,"Cocke, Tennessee",1.35
421,"Coconino, Arizona",0.07874015748031496
422,"Coffee, Alabama",0.6485714285714287
423,"Coffee, Tennessee",0.014285714285714287
424,"Colbert, Alabama",0.0
425,"Cole, Missouri",0.0
426,"Coles, Illinois",0.0
427,"Colfax, Nebraska",0.0
428,"Colfax, New Mexico",0.0
429,"Collier, Florida",2.9453125
430,"Collin, Texas",3.65
431,"Colorado, Texas",0.0
432,"Columbia county, Pennsylvania",0.0
433,"Columbia, Arkansas",0.0
434,"Columbia, Florida",0.7517241379310345
435,"Columbia, New York",0.0967741935483871
436,"Columbia, Oregon",0.0
437,"Columbia, Pennsylvania",0.0
438,"Columbia, Washington",0.0
439,"Columbia, Wisconsin",2.4444444444444446
440,"Columbiana, Ohio",0.23861386138613863
441,"Columbus county, North Carolina",6.666666666666667
442,"Columbus, North Carolina",0.6756756756756757
443,"Colusa, California",0.0
444,"Comal, Texas",4.15
445,"Comanche, Oklahoma",0.0
446,"Comanche, Texas",0.0
447,"Concordia, Louisiana",0.0
448,"Conecuh, Alabama",0.7333333333333333
449,"Contra costa, California",6.0227272727272725
450,"Converse, Wyoming",0.0
451,"Conway, Arkansas",0.0
452,"Cook, Illinois",0.12946428571428573
453,"Cook, Minnesota",0.0
454,"Cooke, Texas",34.5
455,"Cooper, Missouri",0.0
456,"Coos, New Hampshire",0.0
457,"Coos, Oregon",0.0
458,"Coosa, Alabama",0.0
459,"Cortland, New York",0.10891089108910891
460,"Coshocton, Ohio",0.0
461,"Cottonwood county, Minnesota",0.0
462,"Cottonwood, Minnesota",0.0
463,"Covington, Alabama",1.1454545454545455
464,"Cowlitz, Washington",3.245454545454545
465,"Craig, Oklahoma",0.0
466,"Craig, Virginia",0.0
467,"Craighead, Arkansas",0.0
468,"Craven, North Carolina",0.0
469,"Crawford county, Pennsylvania",0.0
470,"Crawford, Arkansas",0.0
471,"Crawford, Illinois",0.625
472,"Crawford, Indiana",0.0
473,"Crawford, Michigan",0.625
474,"Crawford, Missouri",0.0
475,"Crawford, Ohio",0.0
476,"Crawford, Pennsylvania",0.3673469387755102
477,"Creek, Oklahoma",0.0
478,"Crenshaw, Alabama",0.0
479,"Crittenden, Arkansas",0.0
480,"Crittenden, Kentucky",0.0
481,"Crockett, Tennessee",0.0
482,"Crook, Oregon",0.0
483,"Crook, Wyoming",0.0
484,"Cross, Arkansas",0.0
485,"Crow wing, Minnesota",0.0
486,"Cullman, Alabama",0.0
487,"Culpeper, Virginia",0.3076923076923077
488,"Cumberland, Illinois",0.0
489,"Cumberland, Kentucky",0.0
490,"Cumberland, Maine",0.0
491,"Cumberland, New Jersey",0.01762114537444934
492,"Cumberland, North Carolina",0.0
493,"Cumberland, Pennsylvania",0.0
494,"Cumberland, Tennessee",0.0
495,"Cumberland, Virginia",0.0
496,"Cuming, Nebraska",0.0
497,"Currituck, North Carolina",0.0
498,"Curry, New Mexico",0.0
499,"Curry, Oregon",0.4125
500,"Custer, Idaho",0.0
501,"Custer, Nebraska",0.0
502,"Custer, Oklahoma",0.0
503,"Custer, South Dakota",0.0
504,"Cuyahoga, Ohio",0.0
505,"Dade, Florida",0.0
506,"Dade, Missouri",0.0
507,"Daggett, Utah",0.0
508,"Dakota, Minnesota",2.0
509,"Dakota, Nebraska",60.26315789473684
510,"Dale, Alabama",0.4
511,"Dallas, Alabama",0.78125
512,"Dallas, Arkansas",0.0
513,"Dallas, Missouri",0.0
514,"Dallas, Texas",3.65
515,"Dane, Wisconsin",0.0
516,"Danville, Virginia",0.0
517,"Dare, North Carolina",4.545454545454546
518,"Darke, Ohio",0.0
519,"Dauphin county, Pennsylvania",0.0
520,"Dauphin, Pennsylvania",0.0
521,"Davidson, North Carolina",0.0
522,"Davidson, Tennessee",0.0
523,"Davie, North Carolina",0.45
524,"Daviess, Indiana",0.0
525,"Daviess, Kentucky",0.0
526,"Davis, Utah",0.07017543859649122
527,"Dawes, Nebraska",0.0
528,"Dawson, Nebraska",0.0
529,"De baca, New Mexico",0.0
530,"De kalb, Indiana",0.0
531,"De soto, Florida",2.292857142857143
532,"De soto, Louisiana",0.0
533,"De witt, Illinois",0.30434782608695654
534,"Deaf smith, Texas",0.0
535,"Dearborn, Indiana",0.0
536,"Decatur, Indiana",0.0
537,"Decatur, Tennessee",0.0
538,"Defiance, Ohio",0.0
539,"Dekalb, Alabama",0.0
540,"Dekalb, Illinois",0.12396694214876033
541,"Dekalb, Indiana",0.0
542,"Dekalb, Tennessee",0.0
543,"Del norte county, California",0.0
544,"Delaware, Indiana",0.7407407407407407
545,"Delaware, New York",4.112244897959184
546,"Delaware, Ohio",0.0
547,"Delaware, Oklahoma",0.0
548,"Delaware, Pennsylvania",0.4
549,"Delta, Michigan",0.0
550,"Delta, Texas",15.0
551,"Denali, Alaska",0.0
552,"Dent, Missouri",0.0
553,"Denton, Texas",2.55
554,"Deschutes, Oregon",0.0
555,"Desha, Arkansas",0.0
556,"Desoto, Florida",0.35294117647058826
557,"Deuel, Nebraska",0.0
558,"Dewey, Oklahoma",0.0
559,"Dewitt, Texas",0.0
560,"Dickenson, Virginia",0.0
561,"Dickey, North Dakota",0.0
562,"Dickinson, Michigan",0.0
563,"Dickson, Tennessee",0.0
564,"Dillingham, Alaska",0.7692307692307693
565,"Dinwiddie, Virginia",0.0
566,"District of columbia, District of Columbia",2.4285714285714284
567,"Dixie, Florida",1.1916666666666667
568,"Dixon, Nebraska",0.0
569,"Doddridge, West Virginia",0.0
570,"Dodge, Minnesota",0.0
571,"Dodge, Nebraska",0.0
572,"Dodge, Wisconsin",4.6
573,"Dona ana, New Mexico",1.0778443113772456
574,"Douglas, Illinois",0.0
575,"Douglas, Kansas",0.0
576,"Douglas, Minnesota",0.0
577,"Douglas, Missouri",0.0
578,"Douglas, Nebraska",0.0
579,"Douglas, Nevada",0.7350427350427351
580,"Douglas, Oregon",0.0
581,"Douglas, Washington",0.0
582,"Douglas, Wisconsin",7.5
583,"Drew, Arkansas",0.0
584,"Du page, Illinois",0.0
585,"Dubois, Indiana",0.0
586,"Duchesne, Utah",0.0
587,"Dukes, Massachusetts",0.0
588,"Dundy, Nebraska",0.0
589,"Dunklin, Missouri",0.0
590,"Dunn, Wisconsin",0.0
591,"Dupage, Illinois",0.3482142857142857
592,"Duplin, North Carolina",1.362162162162162
593,"Durham, North Carolina",2.9885057471264367
594,"Dutchess, New York",0.18930957683741648
595,"Duval county, Florida",2.5
596,"Duval, Florida",0.5741935483870968
597,"Dyer, Tennessee",0.0
598,"East baton rouge parish, Louisiana",0.0
599,"East baton rouge, Louisiana",0.0
600,"East carroll, Louisiana",0.0
601,"East feliciana, Louisiana",0.0
602,"Eastland, Texas",0.0
603,"Eaton, Michigan",0.0
604,"Eau claire, Wisconsin",0.0
605,"Ector, Texas",0.0
606,"Eddy, New Mexico",0.3447368421052632
607,"Edgar, Illinois",0.48750000000000004
608,"Edgecombe, North Carolina",0.0
609,"Edmonson, Kentucky",0.0
610,"Edwards, Illinois",0.0
611,"Effingham, Illinois",0.0
612,"El dorado, California",0.0625
613,"El paso, Texas",1.1111111111111112
614,"Elk, Pennsylvania",0.0
615,"Elkhart, Indiana",0.0
616,"Elko, Nevada",3.066666666666667
617,"Elliott, Kentucky",0.0
618,"Ellis, Oklahoma",0.0
619,"Ellis, Texas",2.3333333333333335
620,"Elmore, Alabama",0.5333333333333333
621,"Elmore, Idaho",0.0
622,"Emery, Utah",0.0
623,"Emmet, Michigan",0.0
624,"Erie county, Pennsylvania",0.0
625,"Erie, New York",3.8684210526315788
626,"Erie, Ohio",0.2857142857142857
627,"Erie, Pennsylvania",0.0
628,"Escambia, Alabama",0.0
629,"Escambia, Florida",0.6000000000000001
630,"Esmeralda, Nevada",0.0
631,"Essex county, New York",0.0
632,"Essex, Massachusetts",0.0
633,"Essex, New Jersey",0.10256410256410256
634,"Essex, New York",0.09022556390977443
635,"Essex, Vermont",0.0
636,"Essex, Virginia",0.0
637,"Estill, Kentucky",0.0
638,"Etowah, Alabama",0.0
639,"Eureka, Nevada",0.0
640,"Evangeline parish, Louisiana",0.0
641,"Evangeline, Louisiana",0.0
642,"Fairbanks north star, Alaska",0.0
643,"Fairfax, Virginia",0.0
644,"Fairfield, Connecticut",0.1384083044982699
645,"Fairfield, Ohio",0.0
646,"Falls, Texas",0.0
647,"Fannin, Texas",10.0
648,"Faribault, Minnesota",0.0
649,"Fauquier, Virginia",0.0
650,"Fayette, Alabama",0.0
651,"Fayette, Illinois",1.238888888888889
652,"Fayette, Indiana",0.0
653,"Fayette, Kentucky",0.0
654,"Fayette, Ohio",0.0
655,"Fayette, Pennsylvania",0.0
656,"Fayette, Tennessee",0.0
657,"Fayette, West Virginia",2.1548387096774193
658,"Fentress, Tennessee",0.0
659,"Fergus, Montana",0.0
660,"Ferry, Washington",0.0
661,"Fillmore, Minnesota",1.8518518518518519
662,"Fillmore, Nebraska",0.0
663,"Flagler, Florida",1.73448275862069
664,"Fleming, Kentucky",1.1111111111111112
665,"Floyd, Indiana",0.0
666,"Floyd, Kentucky",0.0
667,"Floyd, Virginia",0.0
668,"Fluvanna, Virginia",0.0
669,"Ford, Illinois",0.4837209302325581
670,"Forest, Pennsylvania",0.0
671,"Forest, Wisconsin",8.2
672,"Forsyth, North Carolina",0.0
673,"Fort bend, Texas",0.0
674,"Fountain, Indiana",22.0
675,"Franklin county, Missouri",0.0
676,"Franklin county, New York",0.0
677,"Franklin county, Ohio",0.0
678,"Franklin county, Pennsylvania",0.0
679,"Franklin, Alabama",0.0
680,"Franklin, Arkansas",2.6315789473684212
681,"Franklin, Florida",1.4
682,"Franklin, Illinois",0.0
683,"Franklin, Indiana",0.0
684,"Franklin, Kentucky",0.0
685,"Franklin, Louisiana",0.0
686,"Franklin, Maine",0.0
687,"Franklin, Massachusetts",0.0
688,"Franklin, Missouri",0.8195804195804195
689,"Franklin, Nebraska",0.0
690,"Franklin, New York",0.0
691,"Franklin, North Carolina",0.0
692,"Franklin, Ohio",0.0
693,"Franklin, Pennsylvania",0.0
694,"Franklin, Tennessee",0.0
695,"Franklin, Vermont",0.0
696,"Franklin, Virginia",0.7023809523809523
697,"Franklin, Washington",0.0
698,"Frederick, Maryland",0.0
699,"Frederick, Virginia",0.0
700,"Freeborn, Minnesota",0.0
701,"Freestone, Texas",2.857142857142857
702,"Fremont, Idaho",0.0
703,"Fremont, Wyoming",0.2830188679245283
704,"Fresno, California",0.0
705,"Frontier, Nebraska",0.0
706,"Fulton, Arkansas",0.0
707,"Fulton, Illinois",0.51
708,"Fulton, Indiana",0.0
709,"Fulton, Kentucky",0.0
710,"Fulton, New York",0.47368421052631576
711,"Fulton, Ohio",0.5516129032258065
712,"Fulton, Pennsylvania",0.0
713,"Furnas, Nebraska",0.0
714,"Gadsden, Florida",0.7866666666666666
715,"Gage, Nebraska",0.0
716,"Gaines, Texas",0.0
717,"Gallatin, Illinois",0.0
718,"Gallatin, Kentucky",0.0
719,"Gallatin, Montana",0.0
720,"Gallia, Ohio",0.0
721,"Galveston, Texas",0.0
722,"Garden, Nebraska",0.0
723,"Garfield, Nebraska",0.0
724,"Garfield, Oklahoma",0.0
725,"Garfield, Utah",0.0
726,"Garfield, Washington",0.0
727,"Garland, Arkansas",0.0
728,"Garrard, Kentucky",0.0
729,"Garvin, Oklahoma",0.0
730,"Garza, Texas",0.0
731,"Gasconade, Missouri",0.0
732,"Gaston, North Carolina",0.0
733,"Gates, North Carolina",0.0
734,"Geauga, Ohio",0.0
735,"Gem, Idaho",0.0
736,"Genesee, Michigan",0.0
737,"Genesee, New York",0.0
738,"Geneva, Alabama",0.0
739,"Gibson, Indiana",0.0
740,"Gibson, Tennessee",0.7818181818181817
741,"Gila, Arizona",0.0
742,"Gilchrist, Florida",0.0
743,"Giles, Tennessee",0.0
744,"Giles, Virginia",0.0
745,"Gillespie, Texas",5.6
746,"Gilliam, Oregon",0.0
747,"Gilmer, West Virginia",0.0
748,"Glacier, Montana",0.0
749,"Glades, Florida",1.4444444444444444
750,"Gladwin, Michigan",0.0
751,"Glenn, California",0.0
752,"Gloucester, New Jersey",0.224
753,"Gloucester, Virginia",0.0
754,"Gogebic, Michigan",0.0
755,"Goochland, Virginia",0.0
756,"Goodhue, Minnesota",0.0
757,"Goshen, Wyoming",0.0
758,"Gosper, Nebraska",0.0
759,"Grady, Oklahoma",0.0
760,"Grafton, New Hampshire",0.05333333333333334
761,"Graham county, Arizona",0.0
762,"Graham, Arizona",0.0
763,"Graham, North Carolina",3.8461538461538463
764,"Grand isle, Vermont",0.0
765,"Grand traverse, Michigan",0.0
766,"Grand, Utah",0.1
767,"Grant, Arkansas",0.0
768,"Grant, Indiana",0.0
769,"Grant, Kansas",0.0
770,"Grant, Kentucky",0.0
771,"Grant, Louisiana",0.0
772,"Grant, Minnesota",0.0
773,"Grant, Nebraska",0.0
774,"Grant, New Mexico",0.0
775,"Grant, North Dakota",0.0
776,"Grant, Oklahoma",0.0
777,"Grant, Oregon",0.0
778,"Grant, Washington",0.107981220657277
779,"Grant, West Virginia",0.0
780,"Grant, Wisconsin",0.0
781,"Granville, North Carolina",0.0
782,"Gratiot, Michigan",0.0
783,"Graves, Kentucky",0.0
784,"Gray, Texas",0.0
785,"Grays harbor, Washington",0.0
786,"Grayson, Kentucky",0.0
787,"Grayson, Texas",14.719999999999999
788,"Greeley, Nebraska",0.0
789,"Green, Kentucky",0.0
790,"Green, Wisconsin",0.0
791,"Greenbrier, West Virginia",0.0
792,"Greene, Alabama",0.0
793,"Greene, Arkansas",0.0
794,"Greene, Illinois",0.0
795,"Greene, Indiana",0.0
796,"Greene, Missouri",0.15151515151515152
797,"Greene, New York",0.8383838383838383
798,"Greene, North Carolina",0.0
799,"Greene, Ohio",0.0
800,"Greene, Pennsylvania",0.0
801,"Greene, Tennessee",0.0
802,"Greene, Virginia",0.0
803,"Greenlee, Arizona",0.0
804,"Greensville, Virginia",0.0
805,"Greenup, Kentucky",0.5555555555555556
806,"Greer, Oklahoma",0.0
807,"Grimes, Texas",0.0
808,"Grundy, Illinois",0.0
809,"Grundy, Missouri",0.0
810,"Grundy, Tennessee",0.0
811,"Guadalupe, New Mexico",0.0
812,"Guadalupe, Texas",15.5
813,"Guernsey, Ohio",0.0
814,"Guilford, North Carolina",0.34013377926421406
815,"Guillford, North Carolina",0.0
816,"Gulf, Florida",0.0
817,"Haines, Alaska",0.0
818,"Hale, Alabama",0.0
819,"Hale, Texas",0.0
820,"Halifax, North Carolina",0.0
821,"Halifax, Virginia",0.0
822,"Hall, Nebraska",0.0
823,"Hamblen, Tennessee",0.0
824,"Hamilton, Florida",0.23076923076923078
825,"Hamilton, Indiana",0.0
826,"Hamilton, Nebraska",0.0
827,"Hamilton, New York",0.17647058823529413
828,"Hamilton, Ohio",0.0
829,"Hamilton, Tennessee",0.0
830,"Hampden, Massachusetts",0.05424778761061947
831,"Hampshire, Massachusetts",0.20566265060240965
832,"Hampshire, West Virginia",0.0
833,"Hancock, Illinois",0.0
834,"Hancock, Indiana",0.0
835,"Hancock, Kentucky",0.0
836,"Hancock, Maine",0.0
837,"Hancock, Ohio",0.0
838,"Hancock, Tennessee",0.0
839,"Hancock, West Virginia",1.25
840,"Hanover, Virginia",0.20392156862745098
841,"Hardee, Florida",0.10416666666666667
842,"Hardeman, Tennessee",0.0
843,"Hardin, Illinois",0.0
844,"Hardin, Kentucky",0.0
845,"Hardin, Ohio",0.0
846,"Hardin, Tennessee",0.0
847,"Hardin, Texas",0.0
848,"Harding, New Mexico",0.0
849,"Hardy, West Virginia",0.09090909090909091
850,"Harford, Maryland",0.0
851,"Harlan, Kentucky",0.0
852,"Harlan, Nebraska",0.0
853,"Harmon, Oklahoma",0.0
854,"Harnett, North Carolina",0.0
855,"Harney, Oregon",0.0
856,"Harper, Oklahoma",0.0
857,"Harris, Texas",4.107142857142857
858,"Harrison, Indiana",0.0
859,"Harrison, Kentucky",1.8333333333333333
860,"Harrison, Missouri",1.85
861,"Harrison, Ohio",0.0
862,"Harrison, Texas",0.0
863,"Harrison, West Virginia",0.0
864,"Harrisonburg, Virginia",0.0
865,"Hart, Kentucky",0.0
866,"Hartford, Connecticut",0.04716981132075472
867,"Haskell, Texas",146.66666666666666
868,"Hawaii, Hawaii",0.0
869,"Hawkins, Tennessee",0.0
870,"Hayes, Nebraska",0.0
871,"Hays, Texas",7.142857142857143
872,"Haywood, North Carolina",0.0
873,"Haywood, Tennessee",0.0
874,"Hempstead, Arkansas",2.1951219512195124
875,"Henderson, Illinois",0.0
876,"Henderson, Kentucky",0.0
877,"Henderson, North Carolina",0.0
878,"Henderson, Tennessee",0.0
879,"Henderson, Texas",0.0
880,"Hendricks, Indiana",0.0
881,"Hendry, Florida",0.0
882,"Hennepin, Minnesota",3.6090225563909772
883,"Henrico, Virginia",0.0
884,"Henry, Alabama",0.0
885,"Henry, Illinois",0.1963235294117647
886,"Henry, Indiana",0.0
887,"Henry, Kentucky",0.0
888,"Henry, Missouri",0.0
889,"Henry, Ohio",0.42857142857142855
890,"Henry, Tennessee",0.0
891,"Henry, Virginia",0.0
892,"Herkimer, New York",0.3157894736842105
893,"Hernando, Florida",0.41836734693877553
894,"Hertford, North Carolina",0.0
895,"Hickman, Kentucky",0.0
896,"Hickman, Tennessee",0.0
897,"Hickory, Missouri",0.29411764705882354
898,"Hidalgo, New Mexico",0.0
899,"Hidalgo, Texas",3.5
900,"Highland, Ohio",0.0
901,"Highland, Virginia",0.0
902,"Highlands, Florida",0.03596491228070176
903,"Hill, Texas",0.0
904,"Hills, Florida",0.5470501474926254
905,"Hills, New Hampshire",0.0
906,"Hillsborough county, Florida",0.0
907,"Hillsborough county, New Hampshire",0.0
908,"Hillsborough, Florida",0.592
909,"Hillsborough, New Hampshire",0.0
910,"Hillsdale, Michigan",0.0
911,"Hitchcock, Nebraska",0.0
912,"Hocking, Ohio",1.58
913,"Hockley, Texas",0.0
914,"Hoke, North Carolina",0.0
915,"Holmes, Florida",0.20588235294117646
916,"Holmes, Ohio",0.0
917,"Holt, Nebraska",0.0
918,"Honolulu, Hawaii",0.0
919,"Hood river, Oregon",0.0
920,"Hood, Texas",0.0
921,"Hooker, Nebraska",0.0
922,"Hoonah-angoon, Alaska",0.0
923,"Hopewell, Virginia",0.0
924,"Hopkins, Kentucky",0.0
925,"Hopkins, Texas",2.8428571428571425
926,"Hot spring, Arkansas",0.0
927,"Hot springs, Wyoming",0.0
928,"Houghton, Michigan",0.0
929,"Houston, Alabama",0.0
930,"Houston, Minnesota",0.0
931,"Howard, Arkansas",0.0
932,"Howard, Indiana",0.0
933,"Howard, Nebraska",0.0
934,"Howard, Texas",0.0
935,"Howell, Missouri",0.0
936,"Hubbard, Minnesota",0.0
937,"Hudson, New Jersey",0.0
938,"Hudspeth, Texas",0.0
939,"Humboldt, California",0.0
940,"Humboldt, Nevada",0.0
941,"Humphreys, Tennessee",0.5636363636363636
942,"Hunt, Texas",1.7333333333333334
943,"Hunterdon, New Jersey",0.03133903133903134
944,"Huntingdon, Pennsylvania",0.0
945,"Huntington, Indiana",0.0
946,"Huron, Michigan",0.0
947,"Huron, Ohio",0.0
948,"Hutchinson, Texas",0.0
949,"Hyde, North Carolina",0.0
950,"Iberia parish, Louisiana",0.0
951,"Iberia, Louisiana",0.0
952,"Iberville, Louisiana",0.0
953,"Idaho, Idaho",0.0
954,"Imperial, California",0.0
955,"Independence, Arkansas",13.84375
956,"Indian river, Florida",0.75
957,"Indiana, Pennsylvania",0.0
958,"Ingham, Michigan",0.0
959,"Inyo, California",0.0
960,"Ionia, Michigan",0.0
961,"Iosco, Michigan",0.0
962,"Iowa, Iowa",0.0
963,"Iowa, Wisconsin",0.0
964,"Iredell, North Carolina",0.0
965,"Iron, Michigan",0.0
966,"Iron, Missouri",0.0
967,"Iron, Utah",0.13138686131386862
968,"Iroquois, Illinois",0.4351063829787234
969,"Isabella, Michigan",0.0
970,"Isanti, Minnesota",13.636363636363637
971,"Island, Washington",0.0
972,"Isle of wight, Virginia",0.0
973,"Itasca, Minnesota",0.0
974,"Izard, Arkansas",0.0
975,"Jack, Texas",0.0
976,"Jackson county, Florida",0.0
977,"Jackson, Alabama",0.0
978,"Jackson, Arkansas",0.0
979,"Jackson, Florida",0.4166666666666667
980,"Jackson, Illinois",0.0
981,"Jackson, Indiana",0.0
982,"Jackson, Kentucky",0.0
983,"Jackson, Louisiana",0.0
984,"Jackson, Michigan",0.0
985,"Jackson, Minnesota",0.0
986,"Jackson, Missouri",8.333333333333334
987,"Jackson, North Carolina",0.0
988,"Jackson, Ohio",0.5454545454545454
989,"Jackson, Oklahoma",0.0
990,"Jackson, Oregon",0.2
991,"Jackson, Texas",0.0
992,"Jackson, West Virginia",0.0
993,"Jackson, Wisconsin",1.1466666666666667
994,"James city, Virginia",0.0
995,"Jasper county, Missouri",0.0
996,"Jasper, Illinois",1.0
997,"Jasper, Indiana",0.7777777777777778
998,"Jasper, Missouri",0.0
999,"Jasper, Texas",0.0
1000,"Jay, Indiana",0.0
1001,"Jefferson county, Florida",0.0
1002,"Jefferson county, Pennsylvania",0.0
1003,"Jefferson davis, Louisiana",0.0
1004,"Jefferson, Alabama",0.0
1005,"Jefferson, Arkansas",0.0
1006,"Jefferson, Florida",0.5583333333333333
1007,"Jefferson, Idaho",0.0
1008,"Jefferson, Indiana",0.8333333333333334
1009,"Jefferson, Kentucky",0.0
1010,"Jefferson, Louisiana",0.0
1011,"Jefferson, Missouri",0.8086614173228346
1012,"Jefferson, Nebraska",0.0
1013,"Jefferson, New York",0.05263157894736842
1014,"Jefferson, Ohio",0.0
1015,"Jefferson, Oklahoma",0.0
1016,"Jefferson, Oregon",0.0
1017,"Jefferson, Pennsylvania",0.0
1018,"Jefferson, Tennessee",0.0
1019,"Jefferson, Texas",0.0
1020,"Jefferson, Washington",0.0
1021,"Jefferson, West Virginia",0.05154639175257732
1022,"Jefferson, Wisconsin",13.5
1023,"Jennings, Indiana",0.0
1024,"Jerome, Idaho",0.0
1025,"Jersey, Illinois",0.0
1026,"Jessamine, Kentucky",0.0
1027,"Jim hogg, Texas",0.0
1028,"Jo daviess, Illinois",0.05952380952380952
1029,"Johnson, Arkansas",0.0
1030,"Johnson, Illinois",0.0
1031,"Johnson, Indiana",0.0
1032,"Johnson, Iowa",0.0
1033,"Johnson, Kansas",0.01090909090909091
1034,"Johnson, Kentucky",0.0
1035,"Johnson, Missouri",0.0
1036,"Johnson, Nebraska",0.0
1037,"Johnson, Tennessee",0.0
1038,"Johnson, Texas",7.085714285714286
1039,"Johnson, Wyoming",0.0
1040,"Johnston, North Carolina",0.0
1041,"Johnston, Oklahoma",0.0
1042,"Jones, Iowa",0.0
1043,"Jones, North Carolina",0.0
1044,"Josephine, Oregon",0.0
1045,"Juab, Utah",0.09090909090909091
1046,"Judith basin, Montana",0.0
1047,"Juneau city and, Alaska",0.0
1048,"Juneau, Alaska",0.0
1049,"Juniata, Pennsylvania",0.0
1050,"Kalamazoo, Michigan",0.0
1051,"Kanabec, Minnesota",0.0
1052,"Kanawha, West Virginia",0.10857142857142857
1053,"Kandiyohi, Minnesota",40.0
1054,"Kane, Illinois",0.5555555555555556
1055,"Kane, Utah",0.0
1056,"Kankakee, Illinois",0.24246575342465754
1057,"Karnes, Texas",7.8
1058,"Kauai, Hawaii",0.0
1059,"Kay, Oklahoma",0.0
1060,"Kearney, Nebraska",0.0
1061,"Keith, Nebraska",0.0
1062,"Kenai peninsula, Alaska",0.0
1063,"Kendall, Illinois",2.8472222222222223
1064,"Kendall, Texas",0.0
1065,"Kennebec, Maine",0.0
1066,"Kenosha, Wisconsin",0.0
1067,"Kent, Michigan",0.0
1068,"Kent, Rhode Island",0.0
1069,"Kenton, Kentucky",0.0
1070,"Kern, California",0.0
1071,"Kerr, Texas",5.17
1072,"Ketchikan gateway, Alaska",0.3625
1073,"Kewaunee, Wisconsin",0.0
1074,"Keweenaw, Michigan",0.0
1075,"Keya paha, Nebraska",0.0
1076,"Kimball, Nebraska",0.0
1077,"King and queen, Virginia",0.0
1078,"King george, Virginia",0.36363636363636365
1079,"King william, Virginia",0.0
1080,"King, Washington",0.0
1081,"Kingfisher, Oklahoma",0.0
1082,"Kings, California",0.0
1083,"Kitsap, Washington",0.0
1084,"Kittitas, Washington",0.0
1085,"Kittson, Minnesota",0.0
1086,"Klamath, Oregon",0.0
1087,"Klickitat, Washington",0.425
1088,"Knott, Kentucky",0.0
1089,"Knox, Illinois",0.3391304347826087
1090,"Knox, Indiana",0.0
1091,"Knox, Kentucky",0.0
1092,"Knox, Maine",0.0
1093,"Knox, Nebraska",6.857142857142857
1094,"Knox, Ohio",0.0
1095,"Knox, Tennessee",0.0
1096,"Kodiak island, Alaska",0.0
1097,"Koochiching county, Minnesota",0.0
1098,"Koochiching, Minnesota",0.0
1099,"Kootenai, Idaho",0.0
1100,"Kosciusko, Indiana",0.0
1101,"La crosse, Wisconsin",0.0
1102,"La grange, Indiana",0.0
1103,"La paz, Arizona",0.0
1104,"La plata, Colorado",0.0
1105,"La porte, Indiana",1.1764705882352942
1106,"La salle, Illinois",0.0
1107,"La salle, Louisiana",0.0
1108,"La salle, Texas",0.0
1109,"Lac qui parle, Minnesota",0.0
1110,"Lackawanna, Pennsylvania",0.0
1111,"Laclede, Missouri",0.0
1112,"Lafayette parish, Louisiana",0.0
1113,"Lafayette, Arkansas",0.0
1114,"Lafayette, Florida",0.0
1115,"Lafayette, Louisiana",0.0
1116,"Lafourche, Louisiana",0.0
1117,"Lagrange, Indiana",0.0
1118,"Lake and peninsula, Alaska",1.25
1119,"Lake of the woods, Minnesota",0.0
1120,"Lake, California",0.0
1121,"Lake, Florida",0.2997737556561086
1122,"Lake, Illinois",0.09176470588235293
1123,"Lake, Indiana",0.0
1124,"Lake, Michigan",0.0
1125,"Lake, Minnesota",0.0
1126,"Lake, Montana",0.0
1127,"Lake, Ohio",0.2
1128,"Lake, Oregon",0.0
1129,"Lake, Tennessee",0.0
1130,"Lamar, Alabama",0.0
1131,"Lamb, Texas",0.0
1132,"Lamoille, Vermont",0.0
1133,"Lamoure, North Dakota",0.0
1134,"Lancaster county, Pennsylvania",0.0
1135,"Lancaster, Nebraska",0.0
1136,"Lancaster, Pennsylvania",0.0
1137,"Lancaster, Virginia",3.9726027397260273
1138,"Lander, Nevada",0.0
1139,"Lane, Oregon",0.09333333333333334
1140,"Lapeer, Michigan",0.0
1141,"Laporte, Indiana",0.0
1142,"Laramie, Wyoming",0.0
1143,"Larue, Kentucky",0.0
1144,"Lasalle, Illinois",0.6544117647058824
1145,"Lassen, California",0.0
1146,"Latah, Idaho",0.0
1147,"Lauderdale, Alabama",0.0
1148,"Lauderdale, Tennessee",0.0
1149,"Laurel, Kentucky",0.5555555555555556
1150,"Lawrence county, Arkansas",0.0
1151,"Lawrence, Alabama",0.0
1152,"Lawrence, Arkansas",0.0
1153,"Lawrence, Illinois",0.0
1154,"Lawrence, Indiana",0.0
1155,"Lawrence, Kentucky",0.0
1156,"Lawrence, Missouri",0.0
1157,"Lawrence, Ohio",0.0
1158,"Lawrence, Pennsylvania",0.0
1159,"Lawrence, Tennessee",0.0
1160,"Le sueur, Minnesota",0.0
1161,"Lea, New Mexico",0.0
1162,"Leavenworth, Kansas",0.0
1163,"Lebanon, Pennsylvania",0.0
1164,"Lee, Alabama",0.696969696969697
1165,"Lee, Arkansas",0.0
1166,"Lee, Florida",2.9036144578313254
1167,"Lee, Illinois",0.06506024096385543
1168,"Lee, Kentucky",0.0
1169,"Lee, North Carolina",0.0
1170,"Lee, Virginia",0.0
1171,"Leelanau, Michigan",0.0
1172,"Lehigh, Pennsylvania",0.0
1173,"Lenawee, Michigan",0.0
1174,"Lenoir, North Carolina",0.0
1175,"Leon, Florida",0.19586206896551722
1176,"Leon, Texas",2.2666666666666666
1177,"Leslie, Kentucky",0.0
1178,"Letcher, Kentucky",0.0
1179,"Levy county, Florida",0.0
1180,"Levy, Florida",0.48
1181,"Lewis county, Washington",0.0
1182,"Lewis, Kentucky",0.0
1183,"Lewis, New York",0.0
1184,"Lewis, Tennessee",0.0
1185,"Lewis, Washington",0.16129032258064516
1186,"Lewis, West Virginia",0.0
1187,"Liberty, Florida",0.0
1188,"Liberty, Texas",0.0
1189,"Licking, Ohio",1.5183098591549296
1190,"Limestone, Alabama",0.0
1191,"Limestone, Texas",0.0
1192,"Lincoln parish, Louisiana",0.0
1193,"Lincoln, Arkansas",0.0
1194,"Lincoln, Kentucky",0.0
1195,"Lincoln, Louisiana",0.0
1196,"Lincoln, Maine",0.0
1197,"Lincoln, Missouri",0.7131578947368421
1198,"Lincoln, Nebraska",0.0
1199,"Lincoln, Nevada",0.0
1200,"Lincoln, New Mexico",0.05102040816326531
1201,"Lincoln, North Carolina",0.0
1202,"Lincoln, Oklahoma",0.0
1203,"Lincoln, Oregon",0.0
1204,"Lincoln, Tennessee",0.0
1205,"Lincoln, Washington",0.0
1206,"Lincoln, West Virginia",1.1153846153846154
1207,"Lincoln, Wyoming",0.0
1208,"Linn county, Oregon",0.0
1209,"Linn, Iowa",0.0
1210,"Linn, Missouri",0.0
1211,"Linn, Oregon",0.051388888888888894
1212,"Lipscomb, Texas",0.0
1213,"Litchfield, Connecticut",0.03514986376021798
1214,"Little river, Arkansas",0.0
1215,"Live oak, Texas",98.0
1216,"Livingston county, New York",0.0
1217,"Livingston parish, Louisiana",0.0
1218,"Livingston, Illinois",1.25
1219,"Livingston, Kentucky",0.0
1220,"Livingston, Louisiana",0.0
1221,"Livingston, Michigan",0.0
1222,"Livingston, New York",0.0
1223,"Llano, Texas",0.0
1224,"Logan, Arkansas",0.0
1225,"Logan, Illinois",0.6425
1226,"Logan, Nebraska",0.0
1227,"Logan, Ohio",0.0
1228,"Logan, Oklahoma",0.0
1229,"Logan, West Virginia",1.5033142857142856
1230,"Lonoke, Arkansas",0.0
1231,"Lorain, Ohio",0.3235294117647059
1232,"Los alamos, New Mexico",0.0
1233,"Los angeles county, California",0.0
1234,"Los angeles, California",0.01469242501270971
1235,"Loudon, Tennessee",0.0
1236,"Loudoun, Virginia",0.3063063063063063
1237,"Louisa, Virginia",0.0
1238,"Loup, Nebraska",0.0
1239,"Love, Oklahoma",0.0
1240,"Lowndes, Alabama",0.0
1241,"Lubbock, Texas",14.8
1242,"Lucas, Ohio",0.0
1243,"Luce, Michigan",0.0
1244,"Luna, New Mexico",0.0
1245,"Lunenburg, Virginia",0.0
1246,"Luzerne county, Pennsylvania",0.0
1247,"Luzerne, Pennsylvania",1.0526315789473684
1248,"Lycoming county, Pennsylvania",0.0
1249,"Lycoming, Pennsylvania",0.6956521739130435
1250,"Lyon, Kentucky",0.0
1251,"Lyon, Minnesota",0.0
1252,"Lyon, Nevada",0.821917808219178
1253,"Mackinac, Michigan",0.0
1254,"Macomb, Michigan",0.0
1255,"Macon, Alabama",0.0
1256,"Macon, Illinois",0.0
1257,"Macon, Missouri",0.0
1258,"Macon, North Carolina",0.0
1259,"Macon, Tennessee",0.0
1260,"Macoupin, Illinois",0.0
1261,"Madera county, California",0.0
1262,"Madera, California",0.0
1263,"Madison, Alabama",0.0
1264,"Madison, Florida",0.0
1265,"Madison, Idaho",0.0
1266,"Madison, Illinois",0.4576271186440678
1267,"Madison, Indiana",0.0
1268,"Madison, Kentucky",0.0
1269,"Madison, Louisiana",0.0
1270,"Madison, Nebraska",0.0
1271,"Madison, New York",0.4528301886792453
1272,"Madison, North Carolina",0.0
1273,"Madison, Ohio",0.0
1274,"Madison, Tennessee",0.0
1275,"Madison, Texas",0.0
1276,"Madison, Virginia",0.0
1277,"Magoffin, Kentucky",0.0
1278,"Mahnomen, Minnesota",20.0
1279,"Mahoning, Ohio",1.2586206896551724
1280,"Major, Oklahoma",0.0
1281,"Malheur, Oregon",0.5
1282,"Manassas, Virginia",0.0
1283,"Manatee county, Florida",2.5833333333333335
1284,"Manatee, Florida",0.26
1285,"Manistee, Michigan",0.0
1286,"Manitowoc, Wisconsin",10.4
1287,"Marathon, Wisconsin",6.333333333333333
1288,"Marengo, Alabama",0.0
1289,"Maricopa, Arizona",0.22699386503067484
1290,"Maries county, Missouri",0.0
1291,"Maries, Missouri",0.0
1292,"Marin, California",0.0
1293,"Marinette, Wisconsin",10.0
1294,"Marion county, Florida",0.0
1295,"Marion, Alabama",0.0
1296,"Marion, Arkansas",0.0
1297,"Marion, Florida",0.7828519855595669
1298,"Marion, Illinois",0.0
1299,"Marion, Indiana",0.13333333333333333
1300,"Marion, Kentucky",0.0
1301,"Marion, Ohio",0.0
1302,"Marion, Oregon",0.052173913043478265
1303,"Marion, Tennessee",0.0
1304,"Marion, West Virginia",0.0
1305,"Mariposa, California",0.0
1306,"Marquette, Michigan",0.0
1307,"Marquette, Wisconsin",0.0
1308,"Marshall, Alabama",0.0
1309,"Marshall, Illinois",0.6444444444444444
1310,"Marshall, Indiana",0.0
1311,"Marshall, Kentucky",0.0
1312,"Marshall, Minnesota",26.363636363636363
1313,"Marshall, Oklahoma",0.0
1314,"Marshall, Tennessee",0.0
1315,"Marshall, West Virginia",0.0
1316,"Martin county, Florida",0.0
1317,"Martin, Florida",3.3289855072463777
1318,"Martin, Indiana",0.0
1319,"Martin, Kentucky",0.0
1320,"Martin, Minnesota",0.0
1321,"Martin, North Carolina",0.0
1322,"Martinsville, Virginia",0.0
1323,"Mason, Illinois",0.0
1324,"Mason, Kentucky",0.9090909090909091
1325,"Mason, Michigan",0.0
1326,"Mason, Washington",0.0
1327,"Mason, West Virginia",0.0
1328,"Massac, Illinois",0.0
1329,"Matagorda, Texas",0.0
1330,"Matanuska-susitna borough, Alaska",0.0
1331,"Matanuska-susitna, Alaska",0.023333333333333334
1332,"Mathews, Virginia",0.0
1333,"Maui, Hawaii",0.0
1334,"Maury, Tennessee",6.3
1335,"Mcclain, Oklahoma",0.0
1336,"Mccracken, Kentucky",0.0
1337,"Mccreary, Kentucky",0.0
1338,"Mcculloch, Texas",0.0
1339,"Mccurtain, Oklahoma",0.0
1340,"Mcdonald, Missouri",0.0
1341,"Mcdonough, Illinois",1.2121212121212122
1342,"Mcdowell, North Carolina",4.166666666666667
1343,"Mcdowell, West Virginia",7.103125
1344,"Mchenry, Illinois",0.0
1345,"Mckean county, Pennsylvania",0.0
1346,"Mckean, Pennsylvania",0.0
1347,"Mckenzie, North Dakota",0.0
1348,"Mckinley, New Mexico",5.625
1349,"Mclean, Illinois",0.2987341772151899
1350,"Mclean, Kentucky",0.0
1351,"Mclennan, Texas",0.0
1352,"Mcleod, Minnesota",0.0
1353,"Mcminn, Tennessee",0.0
1354,"Mcnairy, Tennessee",0.0
1355,"Mcpherson, Nebraska",0.0
1356,"Meade, Kentucky",0.0
1357,"Meade, South Dakota",0.0
1358,"Mecklenburg, North Carolina",0.0
1359,"Mecklenburg, Virginia",0.23055555555555557
1360,"Mecosta, Michigan",0.0
1361,"Medina, Ohio",0.0
1362,"Medina, Texas",0.0
1363,"Meeker, Minnesota",12.666666666666666
1364,"Meigs, Ohio",0.0
1365,"Meigs, Tennessee",0.0
1366,"Menard, Illinois",0.0
1367,"Mendocino, California",0.0
1368,"Menifee, Kentucky",0.0
1369,"Menominee, Michigan",0.0
1370,"Menominee, Wisconsin",21.0
1371,"Merced, California",0.0
1372,"Mercer county, Pennsylvania",0.0
1373,"Mercer, Illinois",0.1565217391304348
1374,"Mercer, Kentucky",0.0
1375,"Mercer, New Jersey",0.14383561643835616
1376,"Mercer, Ohio",0.0
1377,"Mercer, Pennsylvania",0.16129032258064516
1378,"Mercer, West Virginia",1.7428571428571429
1379,"Merrick, Nebraska",0.0
1380,"Merrimack, New Hampshire",0.018115942028985508
1381,"Miami, Indiana",0.8333333333333334
1382,"Miami, Ohio",0.0
1383,"Miami-dade, Florida",3.017333333333333
1384,"Middlesex, Connecticut",0.07621951219512195
1385,"Middlesex, Massachusetts",1.1026694045174539
1386,"Middlesex, New Jersey",0.7363636363636363
1387,"Middlesex, Virginia",0.0
1388,"Midland, Michigan",0.0
1389,"Midland, Texas",0.0
1390,"Mifflin, Pennsylvania",0.0
1391,"Millard, Utah",1.3943661971830985
1392,"Mille lacs county, Minnesota",0.0
1393,"Mille lacs, Minnesota",0.0
1394,"Miller, Arkansas",0.0
1395,"Miller, Missouri",0.0
1396,"Milwaukee, Wisconsin",1.375
1397,"Mineral, Nevada",2.9444444444444446
1398,"Mineral, West Virginia",0.0
1399,"Mingo, West Virginia",0.025
1400,"Missaukee, Michigan",0.0
1401,"Mississippi, Arkansas",0.0
1402,"Mississippi, Missouri",0.0
1403,"Mitchell, North Carolina",0.0
1404,"Mobile, Alabama",1.1923076923076923
1405,"Mohave, Arizona",0.22732558139534884
1406,"Moniteau, Missouri",0.24615384615384617
1407,"Monmouth, New Jersey",0.11174785100286533
1408,"Mono, California",0.0
1409,"Monongalia, West Virginia",0.0
1410,"Monroe county, Pennsylvania",0.0
1411,"Monroe, Alabama",0.9117647058823529
1412,"Monroe, Arkansas",4.166666666666667
1413,"Monroe, Florida",0.65
1414,"Monroe, Illinois",0.0
1415,"Monroe, Indiana",0.0
1416,"Monroe, Kentucky",0.0
1417,"Monroe, Missouri",0.0
1418,"Monroe, New York",1.4285714285714286
1419,"Monroe, Ohio",0.0
1420,"Monroe, Pennsylvania",0.0
1421,"Monroe, Tennessee",0.6222222222222222
1422,"Monroe, West Virginia",4.618181818181818
1423,"Monroe, Wisconsin",0.0
1424,"Montague, Texas",0.0
1425,"Montcalm, Michigan",0.0
1426,"Monterey, California",0.0
1427,"Montgomery county, Pennsylvania",0.0
1428,"Montgomery, Alabama",0.9552238805970149
1429,"Montgomery, Arkansas",0.0
1430,"Montgomery, Illinois",0.7407407407407407
1431,"Montgomery, Indiana",0.0
1432,"Montgomery, Kentucky",0.0
1433,"Montgomery, Missouri",0.0
1434,"Montgomery, New York",2.2467532467532467
1435,"Montgomery, North Carolina",0.0
1436,"Montgomery, Ohio",0.07432432432432433
1437,"Montgomery, Pennsylvania",0.0
1438,"Montgomery, Tennessee",0.0
1439,"Montgomery, Texas",0.0
1440,"Montgomery, Virginia",0.0
1441,"Montmorency, Michigan",0.0
1442,"Montour, Pennsylvania",0.0
1443,"Moore, North Carolina",0.0
1444,"Moore, Tennessee",0.0
1445,"Mora, New Mexico",0.0
1446,"Morehouse, Louisiana",0.0
1447,"Morgan, Alabama",0.0
1448,"Morgan, Illinois",0.0
1449,"Morgan, Indiana",0.0
1450,"Morgan, Kentucky",0.0
1451,"Morgan, Missouri",0.08354430379746836
1452,"Morgan, Ohio",0.0
1453,"Morgan, Tennessee",0.0
1454,"Morgan, Utah",0.0
1455,"Morgan, West Virginia",0.0
1456,"Morrill, Nebraska",0.0
1457,"Morris, New Jersey",0.1042830540037244
1458,"Morrison, Minnesota",5.625
1459,"Morrow, Ohio",0.0
1460,"Morrow, Oregon",0.2421052631578947
1461,"Motley, Texas",0.0
1462,"Moultrie, Illinois",1.0833333333333333
1463,"Mountrail, North Dakota",0.0
1464,"Mower, Minnesota",15.76923076923077
1465,"Muhlenberg, Kentucky",0.0
1466,"Multnomah county, Oregon",0.0
1467,"Multnomah, Oregon",0.0
1468,"Murray, Minnesota",0.0
1469,"Muskegon, Michigan",0.0
1470,"Muskingum, Ohio",0.0
1471,"Nacogdoches, Texas",0.0
1472,"Nance, Nebraska",0.0
1473,"Nantucket, Massachusetts",0.0
1474,"Napa, California",0.0
1475,"Nash, North Carolina",0.060240963855421686
1476,"Nassau, Florida",0.508888888888889
1477,"Nassau, New York",0.0
1478,"Natchitoches, Louisiana",0.0
1479,"Natrona, Wyoming",0.0
1480,"Navajo, Arizona",0.0
1481,"Nelson, Kentucky",0.0
1482,"Nelson, Virginia",0.0
1483,"Nemaha, Nebraska",0.0
1484,"Nevada county, Arkansas",0.0
1485,"Nevada, Arkansas",0.0
1486,"Nevada, California",0.0
1487,"New hanover, North Carolina",5.597350993377484
1488,"New haven, Connecticut",0.1509433962264151
1489,"New kent, Virginia",0.0
1490,"New london, Connecticut",0.4408352668213457
1491,"Newaygo, Michigan",0.0
1492,"Newport news, Virginia",0.0
1493,"Newport, Rhode Island",0.0
1494,"Newton county, Arkansas",0.0
1495,"Newton, Arkansas",87.88461538461539
1496,"Newton, Indiana",0.0
1497,"Newton, Missouri",0.0
1498,"Nez perce, Idaho",0.0
1499,"Niagara, New York",0.0
1500,"Nicholas, Kentucky",0.0
1501,"Nicholas, West Virginia",0.0
1502,"Nicollet, Minnesota",0.0
1503,"Niobrara, Wyoming",0.0
1504,"Noble, Indiana",0.0
1505,"Noble, Ohio",0.0
1506,"Nobles, Minnesota",0.0
1507,"Nolan, Texas",0.0
1508,"Nome, Alaska",1.0
1509,"Norfolk, Massachusetts",0.0
1510,"Norfolk, Virginia",0.0
1511,"Norman, Minnesota",340.0
1512,"North slope, Alaska",0.0
1513,"Northampton county, Pennsylvania",0.0
1514,"Northampton, North Carolina",0.0
1515,"Northampton, Pennsylvania",0.0
1516,"Northampton, Virginia",0.0
1517,"Northumberland, Pennsylvania",0.0
1518,"Northumberland, Virginia",0.7349397590361446
1519,"Northwest arctic borough, Alaska",0.0
1520,"Northwest arctic, Alaska",0.0
1521,"Norton, Virginia",0.0
1522,"Nottoway, Virginia",0.0
1523,"Nuckolls, Nebraska",0.0
1524,"Nye, Nevada",0.33783783783783783
1525,"Oakland, Michigan",0.0
1526,"Obion, Tennessee",0.0
1527,"Ocean, New Jersey",0.07945205479452055
1528,"Oceana, Michigan",0.0
1529,"Ogemaw, Michigan",0.0
1530,"Ogle, Illinois",0.0
1531,"Ohio, Indiana",0.0
1532,"Ohio, Kentucky",0.18181818181818182
1533,"Ohio, West Virginia",0.0
1534,"Okaloosa county, Florida",0.0
1535,"Okaloosa, Florida",0.5301507537688442
1536,"Okanogan, Washington",0.2840909090909091
1537,"Okeechobee, Florida",0.845945945945946
1538,"Okfuskee, Oklahoma",0.0
1539,"Oklahoma, Oklahoma",0.0
1540,"Oldham, Kentucky",0.0
1541,"Olmsted, Minnesota",2.142857142857143
1542,"Oneida, New York",0.0
1543,"Oneida, Wisconsin",0.0
1544,"Onondaga, New York",0.7121212121212122
1545,"Onslow, North Carolina",0.9254237288135593
1546,"Ontario, New York",0.7804878048780488
1547,"Ontonagon, Michigan",6.666666666666667
1548,"Orange, California",0.0
1549,"Orange, Florida",0.6806629834254144
1550,"Orange, New York",0.3089005235602094
1551,"Orange, North Carolina",0.058823529411764705
1552,"Orange, Texas",0.0
1553,"Orange, Vermont",0.0
1554,"Orange, Virginia",0.0
1555,"Oregon, Missouri",0.0
1556,"Orleans, Louisiana",0.0
1557,"Orleans, New York",0.5555555555555556
1558,"Orleans, Vermont",0.0
1559,"Osage, Missouri",0.0
1560,"Osage, Oklahoma",0.0
1561,"Osceola, Florida",2.09
1562,"Osceola, Michigan",0.0
1563,"Oscoda, Michigan",0.0
1564,"Oswego, New York",0.0
1565,"Otero, New Mexico",0.0
1566,"Otoe, Nebraska",0.0
1567,"Otsego, Michigan",0.0
1568,"Otsego, New York",0.06363636363636363
1569,"Ottawa, Michigan",0.0
1570,"Ottawa, Ohio",0.0
1571,"Ottawa, Oklahoma",0.0
1572,"Otter tail, Minnesota",4.0
1573,"Ouachita, Arkansas",7.2727272727272725
1574,"Ouachita, Louisiana",0.0
1575,"Outagamie, Wisconsin",2.2222222222222223
1576,"Overton, Tennessee",0.0
1577,"Owen, Indiana",0.0
1578,"Owen, Kentucky",0.0
1579,"Owsley, Kentucky",0.0
1580,"Owyhee, Idaho",0.0
1581,"Oxford, Maine",0.0
1582,"Ozark, Missouri",0.0
1583,"Ozaukee, Wisconsin",0.0
1584,"Pacific, Washington",1.0144927536231885
1585,"Page, Virginia",0.0
1586,"Palm beach, Florida",1.9517241379310346
1587,"Pamlico, North Carolina",0.0
1588,"Park, Wyoming",0.0
1589,"Parke, Indiana",0.0
1590,"Parker, Texas",2.5
1591,"Parmer, Texas",0.0
1592,"Pasco county, Florida",0.0
1593,"Pasco, Florida",0.4822942643391521
1594,"Pasquotank, North Carolina",0.0
1595,"Passaic, New Jersey",0.02112676056338028
1596,"Patrick, Virginia",0.0
1597,"Paulding, Ohio",0.7416666666666667
1598,"Pawnee, Nebraska",0.0
1599,"Pawnee, Oklahoma",0.0
1600,"Payette, Idaho",0.0
1601,"Payne, Oklahoma",0.0
1602,"Pecos, Texas",0.0
1603,"Pemiscot, Missouri",0.0
1604,"Pend oreille, Washington",5.770833333333333
1605,"Pender, North Carolina",3.932142857142857
1606,"Pendleton, Kentucky",0.0
1607,"Pendleton, West Virginia",0.0
1608,"Pennington, Minnesota",179.16666666666666
1609,"Pennington, South Dakota",0.0
1610,"Penobscot, Maine",0.0
1611,"Peoria, Illinois",0.0
1612,"Perkins, Nebraska",0.0
1613,"Perquimans, North Carolina",0.0
1614,"Perry county, Pennsylvania",0.0
1615,"Perry, Alabama",0.0
1616,"Perry, Arkansas",0.0
1617,"Perry, Illinois",0.0
1618,"Perry, Indiana",0.0
1619,"Perry, Kentucky",0.0
1620,"Perry, Missouri",0.0
1621,"Perry, Ohio",0.0
1622,"Perry, Pennsylvania",0.0
1623,"Perry, Tennessee",1.46
1624,"Pershing, Nevada",0.0
1625,"Person, North Carolina",0.0
1626,"Petersburg, Alaska",0.0
1627,"Pettis, Missouri",0.0
1628,"Phelps, Missouri",0.0
1629,"Phelps, Nebraska",0.0
1630,"Philadelphia, Pennsylvania",44.333333333333336
1631,"Phillips, Arkansas",10.0
1632,"Piatt, Illinois",0.0
1633,"Pickaway, Ohio",0.309433962264151
1634,"Pickens, Alabama",0.0
1635,"Pierce county, Washington",0.0
1636,"Pierce, Nebraska",0.0
1637,"Pierce, Washington",0.028417266187050358
1638,"Pike, Alabama",1.3333333333333333
1639,"Pike, Arkansas",0.0
1640,"Pike, Illinois",0.0
1641,"Pike, Indiana",0.5
1642,"Pike, Kentucky",0.0
1643,"Pike, Missouri",0.0
1644,"Pike, Ohio",0.0
1645,"Pike, Pennsylvania",0.0
1646,"Pima, Arizona",0.020491803278688523
1647,"Pinal, Arizona",0.11864406779661017
1648,"Pine, Minnesota",0.0
1649,"Pinellas, Florida",0.21212121212121213
1650,"Pipestone, Minnesota",0.0
1651,"Piscataquis, Maine",0.0
1652,"Pitt, North Carolina",0.2518518518518519
1653,"Pittsburg, Oklahoma",0.0
1654,"Pittsylvania, Virginia",0.0
1655,"Piute, Utah",0.0
1656,"Placer, California",2.1543624161073827
1657,"Plaquemines, Louisiana",0.0
1658,"Platte, Missouri",0.0
1659,"Platte, Nebraska",0.0
1660,"Platte, Wyoming",0.0
1661,"Pleasants, West Virginia",0.0
1662,"Plumas, California",0.0
1663,"Plymouth, Massachusetts",0.07042253521126761
1664,"Pocahontas, Iowa",0.0
1665,"Pocahontas, West Virginia",0.0
1666,"Poinsett, Arkansas",0.0
1667,"Pointe coupee parish, Louisiana",0.0
1668,"Pointe coupee, Louisiana",0.0
1669,"Polk, Arkansas",0.0
1670,"Polk, Florida",0.32418772563176906
1671,"Polk, Minnesota",0.0
1672,"Polk, Missouri",0.0
1673,"Polk, Nebraska",0.0
1674,"Polk, North Carolina",0.0
1675,"Polk, Oregon",0.0
1676,"Polk, Tennessee",0.0
1677,"Polk, Texas",0.0
1678,"Pope, Arkansas",0.0
1679,"Pope, Illinois",0.0
1680,"Pope, Minnesota",0.0
1681,"Portage, Ohio",0.12378048780487803
1682,"Porter, Indiana",0.0
1683,"Portsmouth, Virginia",0.0
1684,"Posey, Indiana",0.0
1685,"Pottawatomie, Oklahoma",0.0
1686,"Potter, Pennsylvania",0.0
1687,"Powell, Kentucky",0.0
1688,"Power, Idaho",0.0
1689,"Powhatan, Virginia",0.0
1690,"Prairie, Arkansas",0.0
1691,"Preble, Ohio",0.0
1692,"Presidio, Texas",0.0
1693,"Presque isle, Michigan",0.0
1694,"Preston, West Virginia",0.0
1695,"Price, Wisconsin",0.0
1696,"Prince edward, Virginia",0.0
1697,"Prince george, Virginia",0.0
1698,"Prince of wales-hyder, Alaska",0.0
1699,"Prince william, Virginia",0.0
1700,"Providence, Rhode Island",0.0
1701,"Pulaski, Arkansas",0.0
1702,"Pulaski, Illinois",0.0
1703,"Pulaski, Indiana",1.25
1704,"Pulaski, Kentucky",0.0
1705,"Pulaski, Missouri",0.0
1706,"Pulaski, Virginia",0.0
1707,"Putnam county, Indiana",0.0
1708,"Putnam, Florida",1.554545454545455
1709,"Putnam, Illinois",0.0
1710,"Putnam, Indiana",0.0
1711,"Putnam, New York",0.3349875930521092
1712,"Putnam, Ohio",0.3333333333333333
1713,"Putnam, Tennessee",0.0
1714,"Putnam, West Virginia",0.0
1715,"Quay, New Mexico",0.0
1716,"Queen anne's, Maryland",0.0
1717,"Racine, Wisconsin",7.75
1718,"Raleigh, West Virginia",0.0
1719,"Ramsey, Minnesota",4.137931034482759
1720,"Ramsey, North Dakota",0.0
1721,"Randall, Texas",0.0
1722,"Randolph, Alabama",1.9333333333333333
1723,"Randolph, Arkansas",0.0
1724,"Randolph, Illinois",0.5645833333333333
1725,"Randolph, Indiana",1.4285714285714286
1726,"Randolph, Missouri",0.0
1727,"Randolph, North Carolina",0.16741573033707866
1728,"Randolph, West Virginia",0.0
1729,"Rapides, Louisiana",0.0
1730,"Rappahannock, Virginia",0.0
1731,"Red lake county, Minnesota",0.0
1732,"Red lake, Minnesota",0.0
1733,"Red river, Louisiana",0.0
1734,"Red willow, Nebraska",0.0
1735,"Redwood, Minnesota",0.0
1736,"Refugio, Texas",0.0
1737,"Rensselaer, New York",2.7735849056603774
1738,"Renville, Minnesota",0.0
1739,"Reynolds, Missouri",0.0
1740,"Rhea, Tennessee",0.0
1741,"Rice, Minnesota",52.888888888888886
1742,"Rich, Utah",0.0
1743,"Richardson, Nebraska",0.0
1744,"Richland, Illinois",0.0
1745,"Richland, Louisiana",0.0
1746,"Richland, Ohio",0.09875776397515529
1747,"Richmond, North Carolina",0.0
1748,"Richmond, Virginia",2.375
1749,"Rio arriba, New Mexico",0.0
1750,"Ripley, Indiana",0.0
1751,"Ripley, Missouri",0.0
1752,"Ritchie, West Virginia",0.0
1753,"Riverside, California",0.48792041686404547
1754,"Roane, Tennessee",0.0
1755,"Roane, West Virginia",0.0
1756,"Roanoke, Virginia",0.0
1757,"Robertson, Tennessee",0.0
1758,"Robertson, Texas",0.0
1759,"Robeson, North Carolina",0.0
1760,"Rock island, Illinois",0.143125
1761,"Rock, Minnesota",0.0
1762,"Rock, Nebraska",0.0
1763,"Rock, Wisconsin",0.0
1764,"Rockbridge, Virginia",0.0
1765,"Rockcastle, Kentucky",3.0
1766,"Rockingham, New Hampshire",0.08761061946902655
1767,"Rockingham, North Carolina",0.547945205479452
1768,"Rockingham, Virginia",0.0
1769,"Rockland, New York",0.03773584905660377
1770,"Roosevelt, New Mexico",0.0
1771,"Roscommon, Michigan",0.0
1772,"Roseau, Minnesota",51.48148148148148
1773,"Ross, Ohio",0.0
1774,"Rowan county, North Carolina",0.0
1775,"Rowan, Kentucky",0.0
1776,"Rowan, North Carolina",0.0
1777,"Rush, Indiana",0.0
1778,"Rusk, Texas",10.0
1779,"Russell, Alabama",0.0
1780,"Russell, Kentucky",0.0
1781,"Russell, Virginia",0.0
1782,"Rutherford, North Carolina",0.0
1783,"Rutherford, Tennessee",0.0
1784,"Rutland, Vermont",0.0
1785,"Sabine, Louisiana",0.0
1786,"Sabine, Texas",0.0
1787,"Sacramento county, California",0.0
1788,"Sacramento, California",0.0
1789,"Sagadahoc, Maine",0.0
1790,"Saginaw, Michigan",0.0
1791,"Saint bernard, Louisiana",0.0
1792,"Saint charles, Missouri",0.0
1793,"Saint clair, Michigan",0.0
1794,"Saint francois, Missouri",0.0
1795,"Saint james, Louisiana",0.0
1796,"Saint joseph, Michigan",0.0
1797,"Saint landry, Louisiana",0.0
1798,"Saint lawrence, New York",10.733333333333333
1799,"Saint louis, Minnesota",0.0
1800,"Saint louis, Missouri",0.0
1801,"Saint tammany, Louisiana",0.0
1802,"Salem, New Jersey",0.0763888888888889
1803,"Salem, Virginia",0.0
1804,"Saline county, Arkansas",0.0
1805,"Saline, Arkansas",0.0
1806,"Saline, Illinois",0.0
1807,"Saline, Nebraska",0.0
1808,"Salt lake, Utah",0.3233695652173913
1809,"Sampson, North Carolina",0.0
1810,"San benito, California",0.0
1811,"San bernardino county, California",0.0
1812,"San bernardino, California",0.02169378389653734
1813,"San diego county, California",0.0
1814,"San diego, California",0.33277870216306155
1815,"San francisco, California",0.0
1816,"San jacinto, Texas",0.0
1817,"San joaquin, California",0.09394812680115275
1818,"San juan, New Mexico",0.05629213483146067
1819,"San juan, Utah",0.38461538461538464
1820,"San juan, Washington",0.0
1821,"San luis obispo, California",0.5008944543828264
1822,"San mateo, California",0.0
1823,"San miguel, New Mexico",1.2866666666666666
1824,"San patricio, Texas",0.0
1825,"Sandoval, New Mexico",0.16574585635359115
1826,"Sandusky, Ohio",0.18181818181818182
1827,"Sangamon, Illinois",0.0
1828,"Sanilac, Michigan",0.0
1829,"Sanpete, Utah",0.0
1830,"Santa barbara, California",0.2631578947368421
1831,"Santa clara, California",0.017487046632124352
1832,"Santa cruz, Arizona",0.6610169491525424
1833,"Santa cruz, California",0.0
1834,"Santa fe, New Mexico",0.2511520737327189
1835,"Santa rosa county, Florida",0.6785714285714286
1836,"Santa rosa, Florida",0.05714285714285714
1837,"Sarasota, Florida",0.40975609756097564
1838,"Saratoga, New York",0.22082018927444794
1839,"Sarpy, Nebraska",0.0
1840,"Sauk, Wisconsin",0.0
1841,"Saunders, Nebraska",0.0
1842,"Sawyer, Wisconsin",1.3636363636363635
1843,"Schenectady, New York",2.4166666666666665
1844,"Schoharie, New York",0.0
1845,"Schoolcraft, Michigan",0.0
1846,"Schuyler, Illinois",1.55
1847,"Schuyler, New York",0.19
1848,"Schuylkill, Pennsylvania",0.20408163265306123
1849,"Scioto, Ohio",0.0
1850,"Scotland, Missouri",0.0
1851,"Scotland, North Carolina",0.0
1852,"Scott, Arkansas",0.0
1853,"Scott, Illinois",0.0
1854,"Scott, Indiana",0.0
1855,"Scott, Iowa",0.0
1856,"Scott, Kentucky",0.0
1857,"Scott, Minnesota",4.823529411764706
1858,"Scott, Missouri",0.0
1859,"Scott, Tennessee",0.0
1860,"Scott, Virginia",0.0
1861,"Scotts bluff, Nebraska",0.0
1862,"Searcy, Arkansas",4.285714285714286
1863,"Sebastian, Arkansas",0.0
1864,"Seminole county, Florida",1.2
1865,"Seminole, Florida",2.4733870967741933
1866,"Seminole, Oklahoma",0.0
1867,"Seneca, New York",4.828571428571428
1868,"Seneca, Ohio",1.8679245283018868
1869,"Sevier, Arkansas",0.0
1870,"Sevier, Tennessee",0.0
1871,"Sevier, Utah",1.465201465201465
1872,"Seward, Nebraska",0.0
1873,"Shannon, Missouri",1.125
1874,"Shannon, South Dakota",0.0
1875,"Sharp county, Arkansas",0.0
1876,"Sharp, Arkansas",0.0
1877,"Shasta, California",0.0
1878,"Shawano, Wisconsin",0.0
1879,"Sheboygan, Wisconsin",0.0
1880,"Shelby, Alabama",0.05775862068965518
1881,"Shelby, Illinois",0.0
1882,"Shelby, Indiana",0.0
1883,"Shelby, Kentucky",0.0
1884,"Shelby, Missouri",0.0
1885,"Shelby, Ohio",0.0
1886,"Shelby, Tennessee",12.0
1887,"Shelby, Texas",11.4
1888,"Shenandoah, Virginia",0.0
1889,"Sherburne, Minnesota",0.0
1890,"Sheridan, Nebraska",0.0
1891,"Sheridan, Wyoming",0.0
1892,"Sherman, Nebraska",0.0
1893,"Sherman, Oregon",0.0
1894,"Shiawassee, Michigan",0.0
1895,"Shoshone, Idaho",0.0
1896,"Sibley, Minnesota",0.0
1897,"Sierra, New Mexico",0.0
1898,"Silverbow, Montana",0.0
1899,"Simpson, Kentucky",0.0
1900,"Sioux, Nebraska",0.0
1901,"Sitka city and, Alaska",0.0
1902,"Skagit, Washington",0.0
1903,"Skagway, Alaska",0.0
1904,"Skamania, Washington",0.0
1905,"Smith, Tennessee",0.0
1906,"Smith, Texas",2.4444444444444446
1907,"Smyth, Virginia",0.0
1908,"Snohomish county, Washington",0.0
1909,"Snohomish, Washington",0.0
1910,"Snyder county, Pennsylvania",0.0
1911,"Snyder, Pennsylvania",0.0
1912,"Socorro, New Mexico",0.22727272727272727
1913,"Solano, California",0.0
1914,"Somerset, Maine",1.2162162162162162
1915,"Somerset, New Jersey",0.06611570247933884
1916,"Somerset, Pennsylvania",0.0
1917,"Sonoma, California",0.0
1918,"Southampton, Virginia",0.0
1919,"Southeast fairbanks census area, Alaska",0.0
1920,"Southeast fairbanks, Alaska",0.3384615384615385
1921,"Spencer, Indiana",0.0
1922,"Spokane, Washington",0.20977443609022556
1923,"Spotsylvania, Virginia",0.0
1924,"St clair, Alabama",0.0
1925,"St helena, Louisiana",0.0
1926,"St joseph, Indiana",0.0
1927,"St landry, Louisiana",0.0
1928,"St lawrence, New York",0.0
1929,"St louis, Missouri",0.0
1930,"St tammany, Louisiana",0.0
1931,"St. bernard, Louisiana",0.0
1932,"St. charles, Louisiana",0.0
1933,"St. charles, Missouri",0.0
1934,"St. clair, Alabama",0.0
1935,"St. clair, Illinois",0.5700000000000001
1936,"St. clair, Michigan",0.0
1937,"St. clair, Missouri",0.0
1938,"St. croix, Wisconsin",0.0
1939,"St. francis, Arkansas",0.0
1940,"St. francois, Missouri",0.0
1941,"St. helena, Louisiana",0.0
1942,"St. james, Louisiana",0.0
1943,"St. john the baptist parish, Louisiana",0.0
1944,"St. john the baptist, Louisiana",0.0
1945,"St. johns, Florida",0.9246575342465754
1946,"St. joseph county, Indiana",0.0
1947,"St. joseph, Indiana",0.0
1948,"St. joseph, Michigan",0.0
1949,"St. landry, Louisiana",0.0
1950,"St. lawrence, New York",1.2272727272727273
1951,"St. louis, Minnesota",12.448979591836734
1952,"St. lucie, Florida",4.614754098360656
1953,"St. martin parish, Louisiana",0.0
1954,"St. martin, Louisiana",0.0
1955,"St. mary parish, Louisiana",0.0
1956,"St. mary, Louisiana",0.0
1957,"St. tammany parish, Louisiana",0.0
1958,"St. tammany, Louisiana",0.0
1959,"Stafford, Virginia",1.1111111111111112
1960,"Stanislaus, California",0.0
1961,"Stanly, North Carolina",0.0
1962,"Stanton, Nebraska",0.0
1963,"Stark, Illinois",0.0
1964,"Stark, Ohio",0.0
1965,"Starke, Indiana",0.0
1966,"Staunton, Virginia",0.0
1967,"Ste. genevieve, Missouri",0.0
1968,"Stearns, Minnesota",0.0
1969,"Steele, Minnesota",0.0
1970,"Stephenson, Illinois",0.0
1971,"Steuben, Indiana",0.0
1972,"Steuben, New York",4.126344086021505
1973,"Stevens, Minnesota",0.0
1974,"Stevens, Washington",1.922222222222222
1975,"Stewart, Tennessee",0.6222222222222222
1976,"Stoddard, Missouri",0.0
1977,"Stokes, North Carolina",0.0
1978,"Stone, Arkansas",6.666666666666667
1979,"Stone, Missouri",0.06086956521739131
1980,"Storey, Nevada",1.4705882352941178
1981,"Strafford, New Hampshire",0.0
1982,"Stutsman, North Dakota",0.0
1983,"Sublette, Wyoming",0.0
1984,"Suffolk city, Virginia",0.0
1985,"Suffolk, Massachusetts",1.8285714285714285
1986,"Suffolk, Virginia",0.0
1987,"Sullivan, Indiana",0.0
1988,"Sullivan, New Hampshire",0.0
1989,"Sullivan, New York",1.358744394618834
1990,"Sullivan, Pennsylvania",0.0
1991,"Sullivan, Tennessee",2.6
1992,"Summers, West Virginia",0.0
1993,"Summit, Ohio",0.0008786610878661089
1994,"Summit, Utah",0.16374269005847952
1995,"Sumner, Tennessee",0.0
1996,"Sumter, Alabama",0.625
1997,"Sumter, Florida",0.038461538461538464
1998,"Surry, North Carolina",0.0
1999,"Surry, Virginia",0.0
2000,"Susquehanna, Pennsylvania",0.0
2001,"Sussex, New Jersey",0.19406392694063926
2002,"Sussex, Virginia",0.0
2003,"Sutter, California",0.0
2004,"Sutton, Texas",0.0
2005,"Suwannee, Florida",0.565625
2006,"Swain, North Carolina",0.2857142857142857
2007,"Sweetwater county, Wyoming",0.0
2008,"Sweetwater, Wyoming",0.1527777777777778
2009,"Swift county, Minnesota",0.0
2010,"Swift, Minnesota",0.0
2011,"Switzerland, Indiana",0.0
2012,"Talladega, Alabama",3.1594202898550723
2013,"Tallapoosa, Alabama",0.0
2014,"Taney, Missouri",0.1368421052631579
2015,"Tangipahoa parish, Louisiana",0.0
2016,"Tangipahoa, Louisiana",0.0
2017,"Taos, New Mexico",0.07483870967741935
2018,"Tarrant, Texas",15.675
2019,"Taylor, Florida",0.0
2020,"Taylor, Kentucky",0.0
2021,"Taylor, West Virginia",0.6666666666666666
2022,"Tazewell, Illinois",0.11940298507462686
2023,"Tazewell, Virginia",0.0
2024,"Tensas, Louisiana",0.0
2025,"Terrebonne, Louisiana",0.0
2026,"Teton, Idaho",0.0
2027,"Teton, Wyoming",0.0
2028,"Texas, Missouri",0.0
2029,"Texas, Oklahoma",0.0
2030,"Thayer, Nebraska",0.0
2031,"Thomas, Nebraska",0.0
2032,"Thurston, Nebraska",0.0
2033,"Thurston, Washington",0.0
2034,"Tillamook county, Oregon",0.0
2035,"Tillamook, Oregon",0.0
2036,"Tillman, Oklahoma",0.0
2037,"Tioga county, Pennsylvania",0.0
2038,"Tioga, New York",0.0
2039,"Tioga, Pennsylvania",0.0
2040,"Tippecanoe, Indiana",4.545454545454546
2041,"Tipton, Indiana",0.0
2042,"Tipton, Tennessee",0.0
2043,"Titus, Texas",0.0
2044,"Todd, Kentucky",0.0
2045,"Todd, Minnesota",0.0
2046,"Todd, South Dakota",0.0
2047,"Tolland, Connecticut",0.29073482428115016
2048,"Tom green, Texas",0.0
2049,"Tompkins, New York",0.2713178294573643
2050,"Tooele, Utah",0.018292682926829267
2051,"Torrance, New Mexico",0.11320754716981132
2052,"Transylvania, North Carolina",0.0
2053,"Traverse, Minnesota",0.0
2054,"Travis, Texas",1.6666666666666667
2055,"Trigg, Kentucky",0.0
2056,"Trimble, Kentucky",0.0
2057,"Trousdale, Tennessee",0.0
2058,"Trumbull, Ohio",0.41627906976744183
2059,"Tucker, West Virginia",0.0
2060,"Tulare, California",0.0
2061,"Tuolumne, California",0.0
2062,"Tuscaloosa, Alabama",0.0
2063,"Tuscarawas, Ohio",0.0
2064,"Tuscola, Michigan",0.0
2065,"Tyler, Texas",0.0
2066,"Tyler, West Virginia",0.0
2067,"Tyrrell, North Carolina",0.0
2068,"Uinta, Wyoming",0.0
2069,"Uintah, Utah",0.0
2070,"Ulster, New York",0.9668449197860963
2071,"Umatilla, Oregon",0.050746268656716415
2072,"Union county, Pennsylvania",0.0
2073,"Union parish, Louisiana",0.0
2074,"Union, Arkansas",1.2621359223300972
2075,"Union, Florida",0.6111111111111112
2076,"Union, Illinois",0.0
2077,"Union, Indiana",0.0
2078,"Union, Kentucky",0.0
2079,"Union, Louisiana",0.0
2080,"Union, New Jersey",0.0
2081,"Union, New Mexico",0.0
2082,"Union, North Carolina",0.0
2083,"Union, Ohio",0.0
2084,"Union, Oregon",0.0
2085,"Union, Pennsylvania",0.0
2086,"Union, Tennessee",0.0
2087,"Upshur, Texas",4.0
2088,"Upshur, West Virginia",0.0
2089,"Utah, Utah",0.0
2090,"Uvalde, Texas",9.0
2091,"Val verde, Texas",0.0
2092,"Valdez-cordova, Alaska",0.0
2093,"Valencia, New Mexico",0.18793103448275864
2094,"Valley, Idaho",0.0
2095,"Valley, Nebraska",7.0
2096,"Van buren, Arkansas",0.0
2097,"Van buren, Michigan",0.0
2098,"Van wert, Ohio",0.35666666666666663
2099,"Van zandt, Texas",0.0
2100,"Vance, North Carolina",0.0
2101,"Vanderburgh, Indiana",0.0
2102,"Venango, Pennsylvania",0.0
2103,"Ventura, California",0.2658959537572254
2104,"Vermilion, Illinois",0.09999999999999999
2105,"Vermilion, Louisiana",0.0
2106,"Vermillion county, Indiana",0.0
2107,"Vermillion, Indiana",0.21052631578947367
2108,"Vernon, Louisiana",0.0
2109,"Vernon, Missouri",0.0
2110,"Vernon, Wisconsin",6.0
2111,"Victoria, Texas",0.0
2112,"Vigo, Indiana",0.15789473684210525
2113,"Vilas, Wisconsin",0.0
2114,"Vinton, Ohio",0.0
2115,"Volusia, Florida",2.683838383838383
2116,"Wabash, Illinois",0.3125
2117,"Wabash, Indiana",0.0
2118,"Wabasha, Minnesota",0.0
2119,"Wade hampton, Alaska",0.0
2120,"Wadena, Minnesota",0.0
2121,"Wahkiakum, Washington",0.0
2122,"Wake, North Carolina",0.3404669260700389
2123,"Wakulla, Florida",0.0
2124,"Waldo, Maine",0.0
2125,"Walker, Alabama",0.0
2126,"Walker, Texas",0.0
2127,"Walla walla, Washington",0.0
2128,"Waller, Texas",0.0
2129,"Wallowa, Oregon",0.0
2130,"Walsh, North Dakota",0.0
2131,"Walton, Florida",0.0
2132,"Walworth, Wisconsin",0.0
2133,"Ward, Texas",0.0
2134,"Warren county, Pennsylvania",0.0
2135,"Warren, Illinois",0.0
2136,"Warren, Indiana",0.0
2137,"Warren, Kentucky",0.0
2138,"Warren, Missouri",0.39999999999999997
2139,"Warren, New Jersey",0.10952380952380952
2140,"Warren, New York",2.3153846153846156
2141,"Warren, North Carolina",0.0
2142,"Warren, Ohio",0.0
2143,"Warren, Pennsylvania",0.0
2144,"Warren, Tennessee",0.0
2145,"Warren, Virginia",0.0
2146,"Warrick, Indiana",0.0
2147,"Wasatch, Utah",0.0
2148,"Wasco, Oregon",0.0
2149,"Waseca, Minnesota",0.0
2150,"Washakie, Wyoming",0.0
2151,"Washburn, Wisconsin",0.0
2152,"Washington county, Florida",0.0
2153,"Washington county, Pennsylvania",0.0
2154,"Washington county, Rhode Island",0.0
2155,"Washington parish, Louisiana",0.0
2156,"Washington, Alabama",0.47058823529411764
2157,"Washington, Arkansas",0.0
2158,"Washington, Florida",0.42857142857142855
2159,"Washington, Idaho",0.0
2160,"Washington, Illinois",0.0
2161,"Washington, Indiana",0.0
2162,"Washington, Kentucky",0.0
2163,"Washington, Louisiana",0.0
2164,"Washington, Maine",0.0
2165,"Washington, Minnesota",0.0
2166,"Washington, Missouri",0.0
2167,"Washington, Nebraska",0.0
2168,"Washington, New York",0.7142857142857143
2169,"Washington, North Carolina",0.0
2170,"Washington, Ohio",0.0
2171,"Washington, Oregon",0.0
2172,"Washington, Pennsylvania",0.0
2173,"Washington, Rhode Island",0.09774436090225563
2174,"Washington, Tennessee",0.0
2175,"Washington, Utah",0.0
2176,"Washington, Vermont",0.1111111111111111
2177,"Washington, Wisconsin",0.0
2178,"Washita, Oklahoma",0.0
2179,"Washoe, Nevada",0.52018779342723
2180,"Washtenaw, Michigan",0.0
2181,"Watauga, North Carolina",0.5369127516778524
2182,"Watonwan, Minnesota",0.0
2183,"Waukesha, Wisconsin",0.0
2184,"Waushara, Wisconsin",0.0
2185,"Wayne, Illinois",0.0
2186,"Wayne, Indiana",0.5263157894736842
2187,"Wayne, Kentucky",0.0
2188,"Wayne, Missouri",0.0
2189,"Wayne, Nebraska",0.0
2190,"Wayne, New York",0.06493506493506493
2191,"Wayne, North Carolina",0.0
2192,"Wayne, Ohio",0.13846153846153847
2193,"Wayne, Pennsylvania",0.0
2194,"Wayne, Tennessee",0.0
2195,"Wayne, Utah",0.0
2196,"Wayne, West Virginia",0.0
2197,"Waynesboro city, Virginia",0.0
2198,"Weakley, Tennessee",0.0
2199,"Webb, Texas",0.0
2200,"Weber, Utah",0.0
2201,"Webster, Kentucky",0.0
2202,"Webster, Louisiana",0.0
2203,"Webster, Missouri",0.0
2204,"Webster, Nebraska",0.0
2205,"Webster, West Virginia",0.0
2206,"Wells, Indiana",0.0
2207,"West baton rouge, Louisiana",0.0
2208,"West carroll parish, Louisiana",0.0
2209,"West carroll, Louisiana",0.0
2210,"West feliciana, Louisiana",0.0
2211,"Westchester, New York",0.3125714285714286
2212,"Westmoreland, Pennsylvania",0.0
2213,"Westmoreland, Virginia",0.06705882352941177
2214,"Weston, Wyoming",0.0
2215,"Wetzel, West Virginia",0.0
2216,"Wexford, Michigan",0.0
2217,"Wharton, Texas",0.0
2218,"Whatcom, Washington",1.576086956521739
2219,"Wheeler, Nebraska",0.0
2220,"Wheeler, Oregon",0.0
2221,"Wheeler, Texas",0.0
2222,"White pine, Nevada",0.0
2223,"White, Arkansas",0.0
2224,"White, Illinois",0.0
2225,"White, Indiana",0.0
2226,"White, Tennessee",0.0
2227,"Whiteside, Illinois",0.21568627450980393
2228,"Whitley, Indiana",2.2222222222222223
2229,"Whitley, Kentucky",0.0
2230,"Whitman, Washington",0.0
2231,"Wicomico, Maryland",0.0
2232,"Wilcox, Alabama",0.0
2233,"Wilkes, North Carolina",0.0
2234,"Wilkin, Minnesota",0.0
2235,"Will, Illinois",0.28307065217391303
2236,"Willacy county, Texas",110.0
2237,"Williams, Ohio",0.0
2238,"Williamson, Illinois",0.0
2239,"Williamson, Texas",0.0
2240,"Wilson, North Carolina",0.0
2241,"Wilson, Tennessee",0.0
2242,"Wilson, Texas",0.0
2243,"Winchester, Virginia",0.0
2244,"Windham, Connecticut",0.19083969465648856
2245,"Windham, Vermont",0.1953125
2246,"Windsor, Vermont",0.3940476190476191
2247,"Winn, Louisiana",0.23255813953488372
2248,"Winnebago, Illinois",0.06837606837606838
2249,"Winnebago, Wisconsin",3.4285714285714284
2250,"Winneshiek, Iowa",0.0
2251,"Winona, Minnesota",2.2857142857142856
2252,"Winston, Alabama",0.0
2253,"Wise, Texas",0.0
2254,"Wise, Virginia",0.0
2255,"Wolfe, Kentucky",0.0
2256,"Wood, Ohio",0.0
2257,"Wood, Texas",14.333333333333334
2258,"Wood, West Virginia",0.02
2259,"Wood, Wisconsin",0.0
2260,"Woodford, Illinois",0.0
2261,"Woodford, Kentucky",0.0
2262,"Woodruff, Arkansas",0.0
2263,"Woodward, Oklahoma",0.0
2264,"Worcester, Maryland",0.0
2265,"Worcester, Massachusetts",0.11450381679389313
2266,"Wrangell, Alaska",0.0
2267,"Wright, Minnesota",0.0
2268,"Wright, Missouri",0.17083333333333336
2269,"Wyandot, Ohio",0.0
2270,"Wyandotte, Kansas",0.0
2271,"Wyoming, New York",0.35555555555555557
2272,"Wyoming, Pennsylvania",0.0
2273,"Wyoming, West Virginia",2.248484848484848
2274,"Wythe, Virginia",0.0
2275,"Yadkin, North Carolina",0.0
2276,"Yakima, Washington",0.18992248062015504
2277,"Yamhill, Oregon",0.0
2278,"Yancey, North Carolina",0.0
2279,"Yates, New York",1.3793103448275863
2280,"Yavapai, Arizona",0.0
2281,"Yell, Arkansas",0.0
2282,"Yellow medicine county, Minnesota",0.0
2283,"Yellow medicine, Minnesota",0.0
2284,"Yoakum, Texas",0.0
2285,"Yolo, California",0.0
2286,"York county, Pennsylvania",0.0
2287,"York, Maine",0.2014388489208633
2288,"York, Nebraska",0.0
2289,"York, Pennsylvania",0.0
2290,"York, Virginia",0.0
2291,"Yuba, California",8.0
2292,"Yukon-koyukuk census area, Alaska",0.0
2293,"Yukon-koyukuk, Alaska",0.0
2294,"Yuma county, Arizona",0.0
2295,"Yuma, Arizona",0.0
2296,"Zavala, Texas",0.0
