,county,glyphosate
0,"-, Arizona",0.0
1,"Abbeville, South Carolina",0.0
2,"Acadia, Louisiana",0.0
3,"Ada, Idaho",0.0
4,"Adair, Kentucky",0.0
5,"Adair, Oklahoma",0.0
6,"Adams, Idaho",0.0
7,"Adams, Illinois",0.0
8,"Adams, Indiana",0.0
9,"Adams, Nebraska",0.0
10,"Adams, Ohio",0.0
11,"Adams, Pennsylvania",0.0
12,"Adams, Wisconsin",0.0
13,"Aiken, South Carolina",0.0
14,"Aitkin, Minnesota",0.0
15,"Alachua, Florida",0.0
16,"Alameda, California",0.0
17,"Alfalfa, Oklahoma",0.0
18,"Allegany, New York",0.0
19,"Allegheny county, Pennsylvania",0.0
20,"Allegheny, Pennsylvania",0.0
21,"Allen, Indiana",0.0
22,"Allen, Kentucky",0.0
23,"Allen, Louisiana",0.0
24,"Allendale, South Carolina",0.0
25,"Alpena, Michigan",0.0
26,"Alpine, California",0.0
27,"American samoa, American Samoa",0.0
28,"Amherst, Virginia",0.0
29,"Anderson, Kentucky",0.0
30,"Anderson, South Carolina",0.0
31,"Anne arundel, Maryland",0.0
32,"Anoka, Minnesota",0.0
33,"Antelope, Nebraska",0.0
34,"Apache, Arizona",0.0
35,"Arkansas, Arkansas",0.0
36,"Armstrong county, Pennsylvania",0.0
37,"Armstrong, Pennsylvania",0.0
38,"Arthur, Nebraska",0.0
39,"Ascension, Louisiana",0.0
40,"Ashland, Wisconsin",0.0
41,"Ashley, Arkansas",0.0
42,"Asotin, Washington",0.0
43,"Assumption, Louisiana",0.0
44,"Atoka, Oklahoma",0.0
45,"Audrain, Missouri",0.0
46,"Aurora, South Dakota",0.0
47,"Autauga, Alabama",0.0
48,"Avoyelles, Louisiana",0.0
49,"B, Oklahoma",0.0
50,"Baker county, Florida",0.0
51,"Baker, Florida",0.0
52,"Baker, Oregon",0.0
53,"Baldwin, Alabama",0.0
54,"Ballard, Kentucky",0.0
55,"Baltimore city, Maryland",0.0
56,"Bamberg, South Carolina",0.0
57,"Banner, Nebraska",0.0
58,"Bannock, Idaho",0.0
59,"Baraga, Michigan",0.0
60,"Barbour, Alabama",0.0
61,"Barnwell, South Carolina",0.0
62,"Barren, Kentucky",0.0
63,"Barron, Wisconsin",0.0
64,"Barry, Missouri",0.0
65,"Bartholomew, Indiana",0.0
66,"Baxter, Arkansas",0.0
67,"Bay, Florida",0.0
68,"Bayfield, Wisconsin",0.0
69,"Beadle, South Dakota",0.0
70,"Bear lake, Idaho",0.0
71,"Beaufort, South Carolina",0.0
72,"Beauregard, Louisiana",0.0
73,"Beaver county, Pennsylvania",0.0
74,"Beaver, Oklahoma",0.0
75,"Beaver, Pennsylvania",0.0
76,"Becker, Minnesota",0.0
77,"Beckham, Oklahoma",0.0
78,"Bedford, Pennsylvania",0.0
79,"Bedford, Virginia",0.0
80,"Belknap, New Hampshire",0.0
81,"Bell, Kentucky",0.0
82,"Belmont, Ohio",0.0
83,"Beltrami county, Minnesota",0.0
84,"Beltrami, Minnesota",0.0
85,"Benewah, Idaho",0.0
86,"Bennett, South Dakota",0.0
87,"Benton county, Arkansas",0.0
88,"Benton, Arkansas",0.0
89,"Benton, Indiana",0.0
90,"Benton, Minnesota",0.0
91,"Benton, Missouri",0.0
92,"Benton, Oregon",0.0
93,"Benton, Washington",0.0
94,"Berkeley, South Carolina",0.0
95,"Berkeley, West Virginia",0.0
96,"Berks county, Pennsylvania",0.0
97,"Berks, Pennsylvania",0.0
98,"Bernalillo, New Mexico",0.0
99,"Bibb, Alabama",0.0
100,"Bienville, Louisiana",0.0
101,"Big stone, Minnesota",0.0
102,"Bingham, Idaho",0.0
103,"Blackford, Indiana",0.0
104,"Blaine, Idaho",0.0
105,"Blaine, Montana",0.0
106,"Blaine, Nebraska",0.0
107,"Blaine, Oklahoma",0.0
108,"Blair, Pennsylvania",0.0
109,"Blount, Alabama",0.0
110,"Blue earth, Minnesota",0.0
111,"Boise, Idaho",0.0
112,"Bon homme, South Dakota",0.0
113,"Bond, Illinois",0.0
114,"Bonner, Idaho",0.0
115,"Bonneville, Idaho",0.0
116,"Boone, Arkansas",0.0
117,"Boone, Illinois",0.0
118,"Boone, Indiana",0.0
119,"Boone, Kentucky",0.42857142857142855
120,"Boone, Nebraska",0.0
121,"Bossier, Louisiana",0.0
122,"Boundary, Idaho",0.0
123,"Bourbon, Kentucky",0.0
124,"Box butte, Nebraska",0.0
125,"Boyd, Kentucky",0.0
126,"Boyd, Nebraska",0.0
127,"Boyle, Kentucky",0.0
128,"Bracken, Kentucky",0.0
129,"Bradford, Florida",0.0
130,"Bradford, Pennsylvania",0.0
131,"Bradley, Arkansas",0.0
132,"Braxton, West Virginia",0.0
133,"Breathitt, Kentucky",0.0
134,"Breckinridge, Kentucky",0.0
135,"Brevard, Florida",0.0
136,"Brookings, South Dakota",0.0
137,"Broward county, Florida",0.0
138,"Broward, Florida",0.0
139,"Brown, Indiana",0.0
140,"Brown, Minnesota",0.0
141,"Brown, Nebraska",0.0
142,"Brown, Ohio",0.0
143,"Brown, South Dakota",0.0
144,"Brown, Wisconsin",0.0
145,"Brule, South Dakota",0.0
146,"Bryan, Oklahoma",0.0
147,"Bucks county, Pennsylvania",0.0
148,"Bucks, Pennsylvania",0.0
149,"Buffalo, Nebraska",0.0
150,"Buffalo, Wisconsin",0.0
151,"Bullock, Alabama",0.0
152,"Bureau, Illinois",0.0
153,"Burnett, Wisconsin",0.0
154,"Burt, Nebraska",0.0
155,"Butler, Alabama",0.0
156,"Butler, Kentucky",0.0
157,"Butler, Nebraska",0.0
158,"Butler, Ohio",0.0
159,"Butler, Pennsylvania",0.0
160,"Butte, California",0.0
161,"Butte, Idaho",0.0
162,"Butte, South Dakota",0.0
163,"Caddo parish, Louisiana",0.0
164,"Caddo, Louisiana",0.0
165,"Caddo, Oklahoma",0.0
166,"Calaveras, California",0.0
167,"Calcasieu, Louisiana",0.0
168,"Caldwell, Kentucky",0.0
169,"Caldwell, Louisiana",0.0
170,"Calhoun, Alabama",0.0
171,"Calhoun, Arkansas",0.0
172,"Calhoun, Florida",0.0
173,"Calhoun, Illinois",0.0
174,"Calhoun, South Carolina",0.0
175,"Calloway, Kentucky",0.0
176,"Calumet, Wisconsin",0.0
177,"Cambria county, Pennsylvania",0.0
178,"Cambria, Pennsylvania",0.0
179,"Cameron, Louisiana",0.0
180,"Cameron, Pennsylvania",0.0
181,"Campbell, Kentucky",0.0
182,"Canyon, Idaho",0.0
183,"Carbon, Pennsylvania",0.0
184,"Caribou, Idaho",0.0
185,"Carlisle, Kentucky",0.0
186,"Carlton, Minnesota",0.0
187,"Caroline, Virginia",0.0
188,"Carroll, Arkansas",0.0
189,"Carroll, Illinois",0.0
190,"Carroll, Indiana",0.0
191,"Carroll, Kentucky",0.0
192,"Carroll, Maryland",0.0
193,"Carroll, New Hampshire",0.0
194,"Carson city, Nevada",0.0
195,"Carter, Kentucky",0.0
196,"Carver, Minnesota",0.0
197,"Casey, Kentucky",0.0
198,"Cass, Illinois",0.0
199,"Cass, Indiana",0.0
200,"Cass, Minnesota",0.0
201,"Cass, Nebraska",0.0
202,"Cass, North Dakota",0.0
203,"Cassia, Idaho",0.0
204,"Catahoula, Louisiana",0.0
205,"Catron, New Mexico",0.0
206,"Cattaraugus, New York",0.0
207,"Cecil, Maryland",0.0
208,"Cedar, Nebraska",0.0
209,"Centre county, Pennsylvania",0.0
210,"Centre, Pennsylvania",0.0
211,"Chambers, Alabama",0.0
212,"Champaign, Illinois",0.0
213,"Champaign, Ohio",0.0
214,"Chariton, Missouri",0.0
215,"Charles mix, South Dakota",0.0
216,"Charleston county, South Carolina",0.0
217,"Charleston, South Carolina",0.0
218,"Charlotte, Florida",0.0
219,"Chase, Nebraska",0.0
220,"Chaves, New Mexico",0.0
221,"Chemung, New York",0.0
222,"Cherokee, Alabama",0.0
223,"Cherokee, Oklahoma",0.0
224,"Cherokee, South Carolina",0.0
225,"Cherry, Nebraska",0.0
226,"Cheshire, New Hampshire",0.0
227,"Chester county, Pennsylvania",0.0
228,"Chester, Pennsylvania",0.0
229,"Chester, South Carolina",0.0
230,"Chesterfield, South Carolina",0.0
231,"Cheyenne, Nebraska",0.0
232,"Chicot, Arkansas",0.0
233,"Chilton, Alabama",0.0
234,"Chippewa, Michigan",0.0
235,"Chippewa, Minnesota",0.0
236,"Chippewa, Wisconsin",0.0
237,"Chisago, Minnesota",0.0
238,"Choctaw, Alabama",0.0
239,"Choctaw, Oklahoma",0.0
240,"Christian, Illinois",0.0
241,"Christian, Kentucky",0.0
242,"Churchill, Nevada",0.0
243,"Cibola, New Mexico",0.0
244,"Cimarron, Oklahoma",0.0
245,"Citrus county, Florida",0.0
246,"Citrus, Florida",0.0
247,"Clackamas, Oregon",0.0
248,"Claiborne, Louisiana",0.0
249,"Clarendon, South Carolina",0.0
250,"Clarion, Pennsylvania",0.0
251,"Clark county, Nevada",0.0
252,"Clark, Arkansas",0.0
253,"Clark, Illinois",0.0
254,"Clark, Indiana",0.0
255,"Clark, Kentucky",0.0
256,"Clark, Nevada",0.0
257,"Clark, Ohio",0.0
258,"Clark, South Dakota",0.0
259,"Clark, Washington",0.0
260,"Clark, Wisconsin",0.0
261,"Clarke, Alabama",0.0
262,"Clatsop, Oregon",0.0
263,"Clay, Alabama",0.0
264,"Clay, Arkansas",0.0
265,"Clay, Florida",0.0
266,"Clay, Indiana",0.0
267,"Clay, Kentucky",0.0
268,"Clay, Minnesota",0.0
269,"Clay, Nebraska",0.0
270,"Clay, South Dakota",0.0
271,"Clearfield county, Pennsylvania",0.0
272,"Clearfield, Pennsylvania",0.0
273,"Clearwater, Idaho",0.0
274,"Clearwater, Minnesota",0.0
275,"Cleburne, Alabama",0.0
276,"Cleburne, Arkansas",0.0
277,"Clermont, Ohio",0.0
278,"Cleveland, Arkansas",0.0
279,"Cleveland, Oklahoma",0.0
280,"Clinton, Illinois",0.0
281,"Clinton, Indiana",0.0
282,"Clinton, Iowa",0.0
283,"Clinton, Kentucky",0.0
284,"Clinton, Ohio",0.0
285,"Clinton, Pennsylvania",0.0
286,"Cochise, Arizona",0.0
287,"Coconino, Arizona",0.0
288,"Codington, South Dakota",0.0
289,"Coffee, Alabama",0.0
290,"Colbert, Alabama",0.0
291,"Cole, Missouri",0.0
292,"Coles, Illinois",0.0
293,"Colfax, Nebraska",0.0
294,"Colfax, New Mexico",0.0
295,"Colleton, South Carolina",0.0
296,"Collier, Florida",0.0
297,"Columbia, Arkansas",0.0
298,"Columbia, Florida",0.0
299,"Columbia, Oregon",0.0
300,"Columbia, Pennsylvania",0.0
301,"Columbia, Wisconsin",0.0
302,"Columbiana, Ohio",0.0
303,"Colusa, California",0.0
304,"Comanche, Oklahoma",0.0
305,"Concordia, Louisiana",0.0
306,"Conecuh, Alabama",0.0
307,"Contra costa, California",0.0
308,"Conway, Arkansas",0.0
309,"Cook, Illinois",0.0
310,"Cook, Minnesota",0.0
311,"Coos, New Hampshire",0.0
312,"Coos, Oregon",0.0
313,"Coosa, Alabama",0.0
314,"Corson, South Dakota",0.0
315,"Cortland, New York",0.0
316,"Coshocton, Ohio",0.0
317,"Cotton, Oklahoma",0.0
318,"Cottonwood, Minnesota",0.0
319,"Covington, Alabama",0.0
320,"Cowlitz, Washington",0.0
321,"Craighead, Arkansas",0.0
322,"Crawford county, Pennsylvania",0.0
323,"Crawford, Arkansas",0.0
324,"Crawford, Illinois",0.0
325,"Crawford, Indiana",0.0
326,"Crawford, Pennsylvania",0.0
327,"Crawford, Wisconsin",0.0
328,"Creek, Oklahoma",0.0
329,"Crenshaw, Alabama",0.0
330,"Crittenden, Arkansas",0.0
331,"Crittenden, Kentucky",0.0
332,"Crook, Oregon",0.0
333,"Crook, Wyoming",0.0
334,"Cross, Arkansas",0.0
335,"Crow wing, Minnesota",0.0
336,"Cullman, Alabama",0.0
337,"Cumberland county, Pennsylvania",0.0
338,"Cumberland, Illinois",0.0
339,"Cumberland, Kentucky",0.0
340,"Cumberland, Pennsylvania",0.0
341,"Cuming, Nebraska",0.0
342,"Curry, New Mexico",0.0
343,"Curry, Oregon",0.0
344,"Custer, Idaho",0.0
345,"Custer, Nebraska",0.0
346,"Custer, Oklahoma",0.0
347,"Custer, South Dakota",0.0
348,"Cuyahoga, Ohio",0.0
349,"Dade, Florida",0.0
350,"Dakota, Minnesota",0.0
351,"Dakota, Nebraska",0.0
352,"Dale, Alabama",0.0
353,"Dallas, Alabama",0.0
354,"Dallas, Arkansas",0.0
355,"Dane, Wisconsin",0.0
356,"Darlington, South Carolina",0.0
357,"Dauphin county, Pennsylvania",0.0
358,"Dauphin, Pennsylvania",0.0
359,"Davidson, Tennessee",0.0
360,"Daviess, Indiana",0.0
361,"Daviess, Kentucky",0.0
362,"Dawes, Nebraska",0.0
363,"Dawson, Nebraska",0.0
364,"Day, South Dakota",0.0
365,"De baca, New Mexico",0.0
366,"De kalb, Indiana",0.0
367,"De soto, Florida",0.0
368,"De soto, Louisiana",0.0
369,"De witt, Illinois",0.0
370,"Dearborn, Indiana",0.0
371,"Decatur, Indiana",0.0
372,"Defiance, Ohio",0.0
373,"Dekalb, Alabama",0.0
374,"Dekalb, Illinois",0.0
375,"Dekalb, Indiana",0.0
376,"Delaware, Indiana",0.0
377,"Delaware, Ohio",0.0
378,"Delaware, Oklahoma",0.0
379,"Delaware, Pennsylvania",0.0
380,"Deschutes, Oregon",0.0
381,"Desha, Arkansas",0.0
382,"Desoto, Florida",0.0
383,"Deuel, Nebraska",0.0
384,"Dewey, Oklahoma",0.0
385,"Dewey, South Dakota",0.0
386,"Dickey, North Dakota",0.0
387,"Dickson, Tennessee",0.0
388,"Dillon, South Carolina",0.0
389,"District of columbia, District of Columbia",0.0
390,"Dixie, Florida",0.0
391,"Dixon, Nebraska",0.0
392,"Dodge, Minnesota",0.0
393,"Dodge, Nebraska",0.0
394,"Dodge, Wisconsin",0.0
395,"Dona ana, New Mexico",0.0
396,"Door, Wisconsin",0.0
397,"Dorchester, South Carolina",0.0
398,"Douglas, Illinois",0.0
399,"Douglas, Minnesota",0.0
400,"Douglas, Nebraska",0.0
401,"Douglas, Nevada",0.0
402,"Douglas, Oregon",0.0
403,"Douglas, Wisconsin",0.0
404,"Drew, Arkansas",0.0
405,"Du page, Illinois",0.0
406,"Dubois, Indiana",0.0
407,"Dundy, Nebraska",0.0
408,"Dunn, Wisconsin",0.0
409,"Dupage, Illinois",0.0
410,"Duval county, Florida",0.0
411,"Duval, Florida",0.0
412,"East baton rouge parish, Louisiana",0.0
413,"East baton rouge, Louisiana",0.0
414,"East carroll, Louisiana",0.0
415,"East feliciana, Louisiana",0.0
416,"Eau claire, Wisconsin",0.0
417,"Eddy, New Mexico",0.0
418,"Edgar, Illinois",0.0
419,"Edmonson, Kentucky",0.0
420,"Edwards, Illinois",0.0
421,"Effingham, Illinois",0.0
422,"El dorado, California",0.0
423,"Elk, Pennsylvania",0.0
424,"Elkhart, Indiana",0.0
425,"Elko, Nevada",0.0
426,"Elliott, Kentucky",0.0
427,"Ellis, Oklahoma",0.0
428,"Elmore, Alabama",0.0
429,"Elmore, Idaho",0.0
430,"Erie county, Pennsylvania",0.0
431,"Erie, Ohio",0.0
432,"Erie, Pennsylvania",0.0
433,"Escambia, Alabama",0.0
434,"Escambia, Florida",0.0
435,"Esmeralda, Nevada",0.0
436,"Essex, Massachusetts",0.0
437,"Estill, Kentucky",0.0
438,"Etowah, Alabama",0.0
439,"Eureka county, Nevada",0.0
440,"Eureka, Nevada",0.0
441,"Evangeline parish, Louisiana",0.0
442,"Evangeline, Louisiana",0.0
443,"Fairbanks north star, Alaska",0.0
444,"Fairfield, Connecticut",0.0
445,"Fairfield, Ohio",0.0
446,"Fairfield, South Carolina",0.0
447,"Fall river, South Dakota",0.0
448,"Faulk, South Dakota",0.0
449,"Fayette, Alabama",0.0
450,"Fayette, Illinois",0.0
451,"Fayette, Indiana",0.0
452,"Fayette, Kentucky",0.0
453,"Fayette, Ohio",0.0
454,"Fayette, Pennsylvania",0.0
455,"Fayette, West Virginia",0.0
456,"Fillmore, Minnesota",0.0
457,"Fillmore, Nebraska",0.0
458,"Flagler, Florida",0.0
459,"Fleming, Kentucky",0.0
460,"Florence, South Carolina",0.0
461,"Florence, Wisconsin",0.0
462,"Floyd, Indiana",0.0
463,"Floyd, Kentucky",0.0
464,"Fond du lac, Wisconsin",0.0
465,"Ford, Illinois",0.0
466,"Forest, Pennsylvania",0.0
467,"Forest, Wisconsin",0.0
468,"Fountain, Indiana",0.0
469,"Franklin county, Pennsylvania",0.0
470,"Franklin, Alabama",0.0
471,"Franklin, Arkansas",0.0
472,"Franklin, Florida",0.0
473,"Franklin, Idaho",0.0
474,"Franklin, Indiana",0.0
475,"Franklin, Kentucky",0.0
476,"Franklin, Louisiana",0.0
477,"Franklin, Nebraska",0.0
478,"Franklin, Ohio",0.0
479,"Franklin, Pennsylvania",0.0
480,"Frederick, Maryland",0.0
481,"Freeborn, Minnesota",0.0
482,"Fremont, Idaho",0.0
483,"Fremont, Wyoming",0.0
484,"Fresno, California",0.0
485,"Frontier, Nebraska",0.0
486,"Fulton, Arkansas",0.0
487,"Fulton, Illinois",0.0
488,"Fulton, Indiana",0.0
489,"Fulton, Kentucky",0.0
490,"Fulton, Ohio",0.0
491,"Fulton, Pennsylvania",0.0
492,"Furnas, Nebraska",0.0
493,"Gadsden, Florida",0.0
494,"Gage, Nebraska",0.0
495,"Gallatin, Kentucky",0.0
496,"Garden, Nebraska",0.0
497,"Garfield, Nebraska",0.0
498,"Garfield, Oklahoma",0.0
499,"Garland, Arkansas",0.0
500,"Garrard, Kentucky",0.0
501,"Garvin, Oklahoma",0.0
502,"Geauga, Ohio",0.0
503,"Gem, Idaho",0.0
504,"Genesee, New York",0.0
505,"Geneva, Alabama",0.0
506,"Georgetown, South Carolina",0.0
507,"Gibson, Indiana",0.0
508,"Gila, Arizona",0.0
509,"Gilchrist, Florida",0.0
510,"Giles, Tennessee",0.0
511,"Giles, Virginia",0.0
512,"Gilliam, Oregon",0.0
513,"Glacier, Montana",0.0
514,"Glades, Florida",0.0
515,"Glenn, California",0.0
516,"Gogebic, Michigan",0.0
517,"Goodhue, Minnesota",0.0
518,"Gooding, Idaho",0.0
519,"Gosper, Nebraska",0.0
520,"Grady, Oklahoma",0.0
521,"Grafton, New Hampshire",0.0
522,"Graham county, Arizona",0.0
523,"Graham, Arizona",0.0
524,"Grant, Arkansas",0.0
525,"Grant, Indiana",0.0
526,"Grant, Kentucky",0.0
527,"Grant, Louisiana",0.0
528,"Grant, Minnesota",0.0
529,"Grant, Nebraska",0.0
530,"Grant, New Mexico",0.0
531,"Grant, North Dakota",0.0
532,"Grant, Oklahoma",0.0
533,"Grant, Oregon",0.0
534,"Grant, South Dakota",0.0
535,"Grant, Washington",0.0
536,"Grant, Wisconsin",0.0
537,"Graves, Kentucky",0.0
538,"Grayson, Kentucky",0.0
539,"Greeley, Nebraska",0.0
540,"Green lake, Wisconsin",0.0
541,"Green, Kentucky",0.0
542,"Green, Wisconsin",0.0
543,"Greene, Alabama",0.0
544,"Greene, Arkansas",0.0
545,"Greene, Illinois",0.0
546,"Greene, Indiana",0.0
547,"Greene, Missouri",0.0
548,"Greene, Ohio",0.0
549,"Greene, Pennsylvania",0.0
550,"Greenlee, Arizona",0.0
551,"Greenup, Kentucky",0.0
552,"Greenville, South Carolina",0.0
553,"Greenwood, South Carolina",0.0
554,"Greer, Oklahoma",0.0
555,"Gregory, South Dakota",0.0
556,"Grundy, Illinois",0.0
557,"Guadalupe, New Mexico",0.0
558,"Gulf, Florida",0.0
559,"Hale, Alabama",0.0
560,"Hall, Nebraska",0.0
561,"Hamilton, Florida",0.0
562,"Hamilton, Indiana",0.0
563,"Hamilton, Nebraska",0.0
564,"Hamilton, Ohio",0.0
565,"Hamilton, Tennessee",0.0
566,"Hamlin, South Dakota",0.0
567,"Hampton, South Carolina",0.0
568,"Hancock, Illinois",0.0
569,"Hancock, Indiana",0.0
570,"Hancock, Kentucky",0.0
571,"Hardee, Florida",0.0
572,"Hardin, Illinois",0.0
573,"Hardin, Kentucky",0.0
574,"Harding, New Mexico",0.0
575,"Harding, South Dakota",0.0
576,"Harford, Maryland",0.0
577,"Harlan, Kentucky",0.0
578,"Harlan, Nebraska",0.0
579,"Harmon, Oklahoma",0.0
580,"Harney, Oregon",0.0
581,"Harrison, Kentucky",0.0
582,"Hart, Kentucky",0.0
583,"Hartford, Connecticut",0.0
584,"Hawaii, Hawaii",0.0
585,"Hawkins, Tennessee",0.0
586,"Hayes, Nebraska",0.0
587,"Hempstead, Arkansas",0.0
588,"Henderson, Illinois",0.0
589,"Henderson, Kentucky",0.0
590,"Hendricks, Indiana",0.0
591,"Hendry, Florida",0.0
592,"Hennepin, Minnesota",0.0
593,"Henry, Alabama",0.0
594,"Henry, Illinois",0.0
595,"Henry, Indiana",0.0
596,"Henry, Kentucky",0.0
597,"Henry, Ohio",0.0
598,"Herkimer, New York",0.0
599,"Hernando, Florida",0.0
600,"Hickman, Kentucky",0.0
601,"Hidalgo, New Mexico",0.0
602,"Highland, Ohio",0.0
603,"Highlands, Florida",0.0
604,"Hills, Florida",0.0
605,"Hills, New Hampshire",0.0
606,"Hillsborough county, Florida",0.0
607,"Hillsborough county, New Hampshire",0.0
608,"Hillsborough, Florida",0.0
609,"Hillsborough, New Hampshire",0.0
610,"Hitchcock, Nebraska",0.0
611,"Hocking, Ohio",0.0
612,"Holmes, Florida",0.0
613,"Holmes, Ohio",0.0
614,"Holt, Nebraska",0.0
615,"Honolulu, Hawaii",0.0
616,"Hood river, Oregon",0.0
617,"Hooker, Nebraska",0.0
618,"Hopewell, Virginia",0.0
619,"Hopkins, Kentucky",0.0
620,"Horry, South Carolina",0.0
621,"Hot spring, Arkansas",0.0
622,"Houston, Alabama",0.0
623,"Houston, Minnesota",0.0
624,"Howard, Arkansas",0.0
625,"Howard, Indiana",0.0
626,"Howard, Nebraska",0.8714285714285713
627,"Hubbard, Minnesota",0.0
628,"Hughes, Oklahoma",0.0
629,"Hughes, South Dakota",0.0
630,"Humboldt, California",0.0
631,"Humboldt, Nevada",0.0
632,"Huntingdon, Pennsylvania",0.0
633,"Huntington, Indiana",0.0
634,"Huron, Ohio",0.0
635,"Iberia parish, Louisiana",0.0
636,"Iberia, Louisiana",0.0
637,"Iberville, Louisiana",0.0
638,"Idaho, Idaho",0.0
639,"Imperial, California",0.0
640,"Independence, Arkansas",0.0
641,"Indian river, Florida",0.0
642,"Indiana, Pennsylvania",0.0
643,"Inyo, California",0.0
644,"Iowa, Wisconsin",0.0
645,"Iron, Wisconsin",0.0
646,"Iroquois, Illinois",0.0
647,"Isabella, Michigan",0.0
648,"Isanti, Minnesota",0.0
649,"Itasca, Minnesota",0.0
650,"Izard, Arkansas",0.0
651,"Jackson county, Florida",0.0
652,"Jackson, Alabama",0.0
653,"Jackson, Arkansas",0.0
654,"Jackson, Florida",0.0
655,"Jackson, Illinois",0.0
656,"Jackson, Indiana",0.0
657,"Jackson, Kentucky",0.0
658,"Jackson, Louisiana",0.0
659,"Jackson, Minnesota",0.0
660,"Jackson, Oklahoma",0.0
661,"Jackson, Oregon",0.0
662,"Jackson, Wisconsin",0.0
663,"Jasper, Illinois",0.0
664,"Jasper, Indiana",0.0
665,"Jasper, Missouri",0.0
666,"Jasper, South Carolina",0.0
667,"Jay, Indiana",0.0
668,"Jefferson county, Florida",0.0
669,"Jefferson county, Pennsylvania",0.0
670,"Jefferson davis, Louisiana",0.0
671,"Jefferson, Alabama",0.0
672,"Jefferson, Arkansas",0.0
673,"Jefferson, Florida",0.0
674,"Jefferson, Idaho",0.0
675,"Jefferson, Indiana",0.0
676,"Jefferson, Kentucky",0.0
677,"Jefferson, Louisiana",0.0
678,"Jefferson, Nebraska",0.0
679,"Jefferson, New York",0.0
680,"Jefferson, Oklahoma",0.0
681,"Jefferson, Oregon",0.0
682,"Jefferson, Pennsylvania",0.0
683,"Jefferson, West Virginia",0.0
684,"Jefferson, Wisconsin",0.0
685,"Jennings, Indiana",0.0
686,"Jerauld, South Dakota",0.0
687,"Jerome, Idaho",0.0
688,"Jessamine, Kentucky",0.0
689,"Jo daviess, Illinois",0.0
690,"Johnson, Arkansas",0.0
691,"Johnson, Indiana",0.0
692,"Johnson, Kansas",0.0
693,"Johnson, Kentucky",0.0
694,"Johnson, Missouri",0.0
695,"Johnson, Nebraska",0.0
696,"Josephine, Oregon",0.0
697,"Juneau city and, Alaska",0.0
698,"Juneau, Wisconsin",0.0
699,"Juniata, Pennsylvania",0.0
700,"Kanabec, Minnesota",0.0
701,"Kanawha, West Virginia",0.0
702,"Kandiyohi, Minnesota",0.0
703,"Kane, Illinois",0.0
704,"Kankakee, Illinois",0.0
705,"Kauai, Hawaii",0.0
706,"Kay, Oklahoma",0.0
707,"Kearney, Nebraska",0.0
708,"Keith, Nebraska",0.0
709,"Kendall, Illinois",0.0
710,"Kenosha, Wisconsin",0.0
711,"Kenton, Kentucky",0.0
712,"Kern, California",0.2882882882882883
713,"Kershaw, South Carolina",0.0
714,"Ketchikan gateway, Alaska",0.0
715,"Kewaunee, Wisconsin",0.0
716,"Keya paha, Nebraska",0.0
717,"Kimball, Nebraska",0.0
718,"King, Washington",0.0
719,"Kingfisher, Oklahoma",0.0
720,"Kings, California",0.0
721,"Kingsbury, South Dakota",0.0
722,"Kittson, Minnesota",0.0
723,"Klamath, Oregon",0.0
724,"Knott, Kentucky",0.0
725,"Knox, Illinois",0.0
726,"Knox, Indiana",0.0
727,"Knox, Kentucky",0.0
728,"Knox, Nebraska",0.0
729,"Knox, Ohio",0.0
730,"Knox, Tennessee",0.0
731,"Koochiching county, Minnesota",0.0
732,"Koochiching, Minnesota",0.0
733,"Kootenai, Idaho",0.0
734,"Kosciusko, Indiana",0.0
735,"La crosse, Wisconsin",0.0
736,"La grange, Indiana",0.0
737,"La paz, Arizona",0.0
738,"La plata, Colorado",0.0
739,"La porte, Indiana",0.0
740,"La salle, Louisiana",0.0
741,"Lac qui parle, Minnesota",0.0
742,"Lackawanna, Pennsylvania",0.0
743,"Lafayette parish, Louisiana",0.0
744,"Lafayette, Arkansas",0.0
745,"Lafayette, Florida",0.0
746,"Lafayette, Louisiana",0.0
747,"Lafayette, Wisconsin",0.0
748,"Lafourche, Louisiana",0.0
749,"Lagrange, Indiana",0.0
750,"Lake, California",0.0
751,"Lake, Florida",0.0
752,"Lake, Illinois",0.0
753,"Lake, Indiana",0.0
754,"Lake, Minnesota",0.0
755,"Lake, Montana",0.0
756,"Lake, Oregon",0.0
757,"Lake, South Dakota",0.0
758,"Lamar, Alabama",0.0
759,"Lamoure, North Dakota",0.0
760,"Lancaster county, Pennsylvania",0.0
761,"Lancaster, Nebraska",0.0
762,"Lancaster, Pennsylvania",0.0
763,"Lancaster, South Carolina",0.0
764,"Lander, Nevada",0.0
765,"Lane, Oregon",0.0
766,"Langlade, Wisconsin",0.0
767,"Laporte, Indiana",0.0
768,"Laramie, Wyoming",0.0
769,"Larue, Kentucky",0.0
770,"Lasalle, Illinois",0.0
771,"Latah, Idaho",0.0
772,"Lauderdale, Alabama",0.0
773,"Laurel, Kentucky",0.0
774,"Laurens, South Carolina",0.0
775,"Lawrence county, Arkansas",0.0
776,"Lawrence, Alabama",0.0
777,"Lawrence, Arkansas",0.0
778,"Lawrence, Illinois",0.0
779,"Lawrence, Indiana",0.0
780,"Lawrence, Kentucky",0.0
781,"Lawrence, Ohio",0.0
782,"Lawrence, Pennsylvania",0.0
783,"Lawrence, South Dakota",0.0
784,"Le sueur, Minnesota",0.0
785,"Lea, New Mexico",0.0
786,"Lebanon county, Pennsylvania",0.0
787,"Lebanon, Pennsylvania",0.0
788,"Lee county, South Carolina",0.0
789,"Lee, Alabama",0.0
790,"Lee, Arkansas",0.0
791,"Lee, Florida",0.0
792,"Lee, Illinois",0.0
793,"Lee, Kentucky",0.0
794,"Lee, South Carolina",0.0
795,"Leelanau, Michigan",0.0
796,"Lehigh county, Pennsylvania",0.0
797,"Lehigh, Pennsylvania",0.0
798,"Lemhi, Idaho",0.0
799,"Leon, Florida",0.0
800,"Leslie, Kentucky",0.0
801,"Letcher, Kentucky",0.0
802,"Levy county, Florida",0.0
803,"Levy, Florida",0.0
804,"Lewis, Idaho",0.0
805,"Lewis, Kentucky",0.0
806,"Lewis, New York",0.0
807,"Lewis, Washington",0.0
808,"Lewis, West Virginia",0.0
809,"Lexington county, South Carolina",0.0
810,"Lexington, South Carolina",0.0
811,"Liberty, Florida",0.0
812,"Licking, Ohio",0.0
813,"Limestone, Alabama",0.0
814,"Lincoln parish, Louisiana",0.0
815,"Lincoln, Arkansas",0.0
816,"Lincoln, Idaho",0.0
817,"Lincoln, Kentucky",0.0
818,"Lincoln, Louisiana",0.0
819,"Lincoln, Minnesota",0.0
820,"Lincoln, Nebraska",0.0
821,"Lincoln, Nevada",0.0
822,"Lincoln, New Mexico",0.0
823,"Lincoln, Oklahoma",0.0
824,"Lincoln, Oregon",0.0
825,"Lincoln, Washington",0.0
826,"Lincoln, Wisconsin",0.0
827,"Linn county, Oregon",0.0
828,"Linn, Oregon",0.0
829,"Litchfield, Connecticut",0.0
830,"Little river, Arkansas",0.0
831,"Livingston parish, Louisiana",0.0
832,"Livingston, Illinois",0.0
833,"Livingston, Kentucky",0.0
834,"Livingston, Louisiana",0.0
835,"Logan, Arkansas",0.0
836,"Logan, Illinois",0.0
837,"Logan, Nebraska",0.0
838,"Logan, Ohio",0.0
839,"Logan, Oklahoma",0.0
840,"Lonoke, Arkansas",0.0
841,"Los alamos, New Mexico",0.0
842,"Los angeles, California",0.0
843,"Loup, Nebraska",0.0
844,"Love, Oklahoma",0.0
845,"Lowndes, Alabama",0.0
846,"Lucas, Ohio",0.0
847,"Luna, New Mexico",0.0
848,"Luzerne county, Pennsylvania",0.0
849,"Luzerne, Pennsylvania",0.0
850,"Lycoming county, Pennsylvania",0.0
851,"Lycoming, Pennsylvania",0.0
852,"Lyman, South Dakota",0.0
853,"Lyon, Kentucky",0.0
854,"Lyon, Minnesota",0.0
855,"Lyon, Nevada",3.877551020408163
856,"Macon, Alabama",0.0
857,"Macon, Illinois",0.0
858,"Macoupin, Illinois",0.0
859,"Madera, California",0.0
860,"Madison, Alabama",0.0
861,"Madison, Florida",0.0
862,"Madison, Idaho",0.0
863,"Madison, Illinois",0.0
864,"Madison, Indiana",0.0
865,"Madison, Kentucky",0.0
866,"Madison, Louisiana",0.0
867,"Madison, Nebraska",0.0
868,"Madison, Ohio",0.0
869,"Magoffin, Kentucky",0.0
870,"Mahnomen, Minnesota",0.0
871,"Major, Oklahoma",0.0
872,"Malheur, Oregon",0.0
873,"Manatee county, Florida",0.0
874,"Manatee, Florida",0.0
875,"Manitowoc, Wisconsin",0.0
876,"Marathon, Wisconsin",0.0
877,"Marengo, Alabama",0.0
878,"Maricopa, Arizona",0.0
879,"Marin, California",0.0
880,"Marinette, Wisconsin",0.0
881,"Marion, Alabama",0.0
882,"Marion, Arkansas",0.0
883,"Marion, Florida",0.0
884,"Marion, Illinois",0.0
885,"Marion, Indiana",0.0
886,"Marion, Kentucky",0.0
887,"Marion, Ohio",0.0
888,"Marion, Oregon",0.0
889,"Marion, South Carolina",0.0
890,"Marion, West Virginia",0.0
891,"Mariposa, California",0.0
892,"Marlboro, South Carolina",0.0
893,"Marquette, Wisconsin",0.0
894,"Marshall, Alabama",0.0
895,"Marshall, Illinois",0.0
896,"Marshall, Indiana",0.0
897,"Marshall, Kentucky",0.0
898,"Marshall, Minnesota",0.0
899,"Marshall, West Virginia",0.0
900,"Martin county, Florida",0.0
901,"Martin, Florida",0.0
902,"Martin, Indiana",0.0
903,"Martin, Kentucky",0.0
904,"Martin, Minnesota",1.1666666666666667
905,"Mason, Illinois",0.0
906,"Mason, Kentucky",0.0
907,"Massac, Illinois",0.0
908,"Maui, Hawaii",0.0
909,"Mayes, Oklahoma",0.0
910,"Mcclain, Oklahoma",0.0
911,"Mccook, South Dakota",0.0
912,"Mccormick, South Carolina",0.0
913,"Mccracken, Kentucky",0.0
914,"Mccreary, Kentucky",0.0
915,"Mcdonough, Illinois",0.0
916,"Mchenry, Illinois",0.0
917,"Mcintosh, Oklahoma",0.0
918,"Mckean county, Pennsylvania",0.0
919,"Mckean, Pennsylvania",0.0
920,"Mckenzie, North Dakota",0.0
921,"Mckinley, New Mexico",0.0
922,"Mclean, Illinois",0.0
923,"Mclean, Kentucky",0.0
924,"Mcleod, Minnesota",0.0
925,"Mcpherson, Nebraska",0.0
926,"Meade, Kentucky",0.0
927,"Meade, South Dakota",0.0
928,"Medina, Ohio",0.0
929,"Meeker, Minnesota",0.0
930,"Meigs, Ohio",0.0
931,"Mendocino, California",0.0
932,"Menifee, Kentucky",0.0
933,"Merced, California",0.0
934,"Mercer county, Pennsylvania",0.0
935,"Mercer, Illinois",0.0
936,"Mercer, Kentucky",0.0
937,"Mercer, Pennsylvania",0.0
938,"Mercer, West Virginia",0.0
939,"Merrick, Nebraska",0.0
940,"Merrimack, New Hampshire",0.0
941,"Miami, Indiana",0.0
942,"Miami, Ohio",0.0
943,"Miami-dade, Florida",0.0
944,"Middlesex, Connecticut",0.0
945,"Middlesex, Massachusetts",0.0
946,"Mifflin, Pennsylvania",0.0
947,"Mille lacs county, Minnesota",0.0
948,"Mille lacs, Minnesota",0.0
949,"Miller, Arkansas",0.0
950,"Milwaukee, Wisconsin",0.0
951,"Miner, South Dakota",0.0
952,"Mineral, Nevada",0.0
953,"Minidoka, Idaho",0.0
954,"Minnehaha, South Dakota",0.0
955,"Mississippi, Arkansas",0.0
956,"Mobile, Alabama",0.0
957,"Modoc, California",0.0
958,"Mohave, Arizona",0.0
959,"Mono, California",0.0
960,"Monroe county, Pennsylvania",0.0
961,"Monroe, Alabama",0.0
962,"Monroe, Arkansas",0.0
963,"Monroe, Florida",0.0
964,"Monroe, Indiana",0.0
965,"Monroe, Kentucky",0.0
966,"Monroe, Ohio",0.0
967,"Monroe, Pennsylvania",0.0
968,"Monroe, Wisconsin",0.0
969,"Monterey, California",0.0
970,"Montgomery county, Pennsylvania",0.0
971,"Montgomery, Alabama",0.0
972,"Montgomery, Arkansas",0.0
973,"Montgomery, Illinois",0.0
974,"Montgomery, Indiana",0.0
975,"Montgomery, Kentucky",0.0
976,"Montgomery, Maryland",0.0
977,"Montgomery, Ohio",0.0
978,"Montgomery, Pennsylvania",0.0
979,"Montour, Pennsylvania",0.0
980,"Moody, South Dakota",0.0
981,"Mora, New Mexico",0.0
982,"Morehouse, Louisiana",0.0
983,"Morgan, Alabama",0.0
984,"Morgan, Illinois",0.0
985,"Morgan, Indiana",0.0
986,"Morgan, Kentucky",0.0
987,"Morgan, Ohio",0.0
988,"Morgan, West Virginia",0.0
989,"Morrill, Nebraska",0.0
990,"Morrison, Minnesota",0.0
991,"Morrow, Ohio",0.0
992,"Morrow, Oregon",0.0
993,"Mountrail, North Dakota",0.0
994,"Mower, Minnesota",0.0
995,"Muhlenberg, Kentucky",0.0
996,"Multnomah county, Oregon",0.0
997,"Multnomah, Oregon",0.0
998,"Murray, Minnesota",0.0
999,"Muskingum, Ohio",0.0
1000,"Nance, Nebraska",0.0
1001,"Napa, California",0.0
1002,"Nassau, Florida",0.0
1003,"Nassau, New York",0.0
1004,"Natchitoches, Louisiana",0.0
1005,"Navajo, Arizona",0.0
1006,"Nelson, Kentucky",0.6
1007,"Nemaha, Nebraska",0.0
1008,"Nevada county, Arkansas",0.0
1009,"Nevada, Arkansas",0.0
1010,"Nevada, California",0.0
1011,"New haven, Connecticut",0.0
1012,"New london, Connecticut",0.0
1013,"Newberry, South Carolina",0.0
1014,"Newton county, Arkansas",0.0
1015,"Newton, Arkansas",0.0
1016,"Newton, Indiana",0.0
1017,"Newton, Missouri",0.0
1018,"Nez perce, Idaho",0.0
1019,"Niagara, New York",0.0
1020,"Nicholas, Kentucky",0.0
1021,"Nicollet, Minnesota",0.0
1022,"Noble, Indiana",0.0
1023,"Nobles, Minnesota",0.0
1024,"Norfolk, Virginia",0.0
1025,"North slope, Alaska",0.0
1026,"Northampton county, Pennsylvania",0.0
1027,"Northampton, Pennsylvania",0.0
1028,"Northumberland, Pennsylvania",0.0
1029,"Nowata, Oklahoma",0.0
1030,"Nuckolls, Nebraska",0.0
1031,"Nye, Nevada",0.0
1032,"Oconee, South Carolina",0.0
1033,"Oconto, Wisconsin",0.0
1034,"Ogle, Illinois",0.0
1035,"Ohio, Indiana",0.0
1036,"Ohio, Kentucky",0.0
1037,"Okaloosa county, Florida",0.0
1038,"Okaloosa, Florida",0.0
1039,"Okeechobee, Florida",0.0
1040,"Oklahoma, Oklahoma",0.0
1041,"Okmulgee, Oklahoma",0.0
1042,"Oldham, Kentucky",0.0
1043,"Olmsted, Minnesota",0.0
1044,"Oneida, Idaho",0.0
1045,"Oneida, Wisconsin",0.0
1046,"Onondaga, New York",0.0
1047,"Orange, California",0.0
1048,"Orange, Florida",0.0
1049,"Orange, New York",0.0
1050,"Orangeburg, South Carolina",0.0
1051,"Orleans, Louisiana",0.0
1052,"Osage, Oklahoma",0.0
1053,"Osceola, Florida",0.0
1054,"Oswego, New York",0.0
1055,"Otero county, New Mexico",0.0
1056,"Otero, New Mexico",0.0
1057,"Otoe, Nebraska",0.0
1058,"Ottawa, Oklahoma",0.0
1059,"Otter tail, Minnesota",0.19333333333333333
1060,"Ouachita, Arkansas",0.0
1061,"Ouachita, Louisiana",0.0
1062,"Outagamie, Wisconsin",0.0
1063,"Owen, Indiana",0.0
1064,"Owen, Kentucky",0.0
1065,"Owsley, Kentucky",0.0
1066,"Owyhee, Idaho",0.0
1067,"Ozaukee, Wisconsin",0.0
1068,"Palm beach, Florida",0.0
1069,"Parke, Indiana",0.0
1070,"Pasco county, Florida",0.0
1071,"Pasco, Florida",0.0
1072,"Pawnee, Nebraska",0.0
1073,"Pawnee, Oklahoma",0.0
1074,"Payette, Idaho",0.0
1075,"Pend oreille, Washington",0.0
1076,"Pendleton, Kentucky",0.0
1077,"Pendleton, West Virginia",0.0
1078,"Pennington, Minnesota",0.0
1079,"Pennington, South Dakota",0.0
1080,"Peoria, Illinois",0.0
1081,"Pepin, Wisconsin",0.0
1082,"Perkins, Nebraska",0.0
1083,"Perry county, Pennsylvania",0.0
1084,"Perry, Alabama",0.0
1085,"Perry, Arkansas",0.0
1086,"Perry, Illinois",0.0
1087,"Perry, Indiana",0.0
1088,"Perry, Kentucky",0.0
1089,"Perry, Pennsylvania",0.0
1090,"Pershing, Nevada",0.0
1091,"Pettis, Missouri",0.0
1092,"Phelps, Nebraska",0.0
1093,"Philadelphia, Pennsylvania",0.0
1094,"Phillips, Arkansas",0.0
1095,"Piatt, Illinois",0.0
1096,"Pickaway, Ohio",0.0
1097,"Pickens, Alabama",0.0
1098,"Pickens, South Carolina",0.0
1099,"Pierce, Nebraska",0.0
1100,"Pierce, Wisconsin",0.0
1101,"Pike, Alabama",0.0
1102,"Pike, Arkansas",0.0
1103,"Pike, Illinois",0.0
1104,"Pike, Indiana",0.0
1105,"Pike, Kentucky",0.0
1106,"Pike, Ohio",0.0
1107,"Pike, Pennsylvania",0.0
1108,"Pima, Arizona",0.0
1109,"Pinal, Arizona",0.0
1110,"Pine, Minnesota",0.0
1111,"Pinellas, Florida",0.0
1112,"Pipestone, Minnesota",0.0
1113,"Placer, California",0.0
1114,"Plaquemines, Louisiana",0.0
1115,"Platte, Missouri",0.0
1116,"Platte, Nebraska",0.0
1117,"Poinsett, Arkansas",0.0
1118,"Pointe coupee parish, Louisiana",0.0
1119,"Pointe coupee, Louisiana",0.0
1120,"Polk, Arkansas",0.0
1121,"Polk, Florida",0.004580645161290323
1122,"Polk, Minnesota",0.0
1123,"Polk, Nebraska",0.0
1124,"Polk, Oregon",0.0
1125,"Polk, Wisconsin",0.0
1126,"Pontotoc, Oklahoma",0.0
1127,"Pope, Arkansas",0.0
1128,"Pope, Minnesota",0.0
1129,"Portage county, Wisconsin",0.0
1130,"Portage, Wisconsin",0.0
1131,"Porter, Indiana",0.0
1132,"Posey, Indiana",0.0
1133,"Pottawatomie, Oklahoma",0.0
1134,"Potter, Pennsylvania",0.0
1135,"Powell, Kentucky",0.0
1136,"Power, Idaho",0.0
1137,"Prairie, Arkansas",0.0
1138,"Preble, Ohio",0.0
1139,"Price, Wisconsin",0.0
1140,"Prince george's, Maryland",0.0
1141,"Pulaski, Arkansas",0.0
1142,"Pulaski, Illinois",0.0
1143,"Pulaski, Indiana",0.0
1144,"Pulaski, Kentucky",0.0
1145,"Putnam county, Indiana",0.0
1146,"Putnam, Florida",0.0
1147,"Putnam, Illinois",0.0
1148,"Putnam, Indiana",0.0
1149,"Putnam, New York",4.2
1150,"Putnam, Ohio",0.0
1151,"Putnam, Tennessee",0.0
1152,"Quay, New Mexico",0.0
1153,"Racine, Wisconsin",0.0
1154,"Ramsey, Minnesota",0.0
1155,"Ramsey, North Dakota",0.0
1156,"Randolph, Alabama",0.0
1157,"Randolph, Arkansas",0.0
1158,"Randolph, Illinois",0.0
1159,"Randolph, Indiana",0.0
1160,"Rapides, Louisiana",0.0
1161,"Red lake, Minnesota",0.0
1162,"Red river, Louisiana",0.0
1163,"Red willow, Nebraska",0.0
1164,"Redwood, Minnesota",0.0
1165,"Renville, Minnesota",0.0
1166,"Rice, Minnesota",0.0
1167,"Richardson, Nebraska",0.0
1168,"Richland, Illinois",0.0
1169,"Richland, Louisiana",0.0
1170,"Richland, Ohio",0.0
1171,"Richland, South Carolina",0.0
1172,"Richland, Wisconsin",0.0
1173,"Rio arriba, New Mexico",0.0
1174,"Ripley, Indiana",0.0
1175,"Riverside, California",0.0
1176,"Roberts, South Dakota",0.0
1177,"Rock island, Illinois",0.0
1178,"Rock, Minnesota",0.0
1179,"Rock, Nebraska",0.0
1180,"Rock, Wisconsin",0.0
1181,"Rockcastle, Kentucky",0.0
1182,"Rockingham, New Hampshire",0.0
1183,"Rockland, New York",0.0
1184,"Roger mills, Oklahoma",0.0
1185,"Rogers, Oklahoma",0.0
1186,"Roosevelt, New Mexico",0.0
1187,"Roseau, Minnesota",0.0
1188,"Ross, Ohio",0.0
1189,"Rowan, Kentucky",0.0
1190,"Rush, Indiana",0.0
1191,"Rusk, Wisconsin",0.0
1192,"Russell, Alabama",0.0
1193,"Russell, Kentucky",0.0
1194,"Sabine, Louisiana",0.49696969696969695
1195,"Sacramento county, California",0.0
1196,"Sacramento, California",0.0
1197,"Saint bernard, Louisiana",0.0
1198,"Saint charles, Missouri",0.0
1199,"Saint james, Louisiana",0.0
1200,"Saint landry, Louisiana",0.0
1201,"Saint louis, Minnesota",0.0
1202,"Saint tammany, Louisiana",0.0
1203,"Saline county, Arkansas",0.0
1204,"Saline, Arkansas",0.0
1205,"Saline, Illinois",0.0
1206,"Saline, Nebraska",0.0
1207,"Saluda, South Carolina",0.0
1208,"San benito, California",0.0
1209,"San bernardino county, California",0.0
1210,"San bernardino, California",0.0
1211,"San diego county, California",0.0
1212,"San diego, California",0.0
1213,"San francisco, California",0.0
1214,"San joaquin, California",0.0
1215,"San juan, New Mexico",0.0
1216,"San juan, Utah",0.0
1217,"San luis obispo, California",0.0
1218,"San mateo, California",0.0
1219,"San miguel, New Mexico",0.0
1220,"Sanborn, South Dakota",0.0
1221,"Sandoval, New Mexico",0.0
1222,"Sandusky, Ohio",0.0
1223,"Sangamon, Illinois",0.0
1224,"Santa barbara, California",0.0
1225,"Santa clara, California",0.0
1226,"Santa cruz, Arizona",0.0
1227,"Santa cruz, California",0.0
1228,"Santa fe, New Mexico",0.0
1229,"Santa rosa county, Florida",0.0
1230,"Santa rosa, Florida",0.0
1231,"Sarasota, Florida",0.0
1232,"Sarpy, Nebraska",0.0
1233,"Sauk, Wisconsin",0.0
1234,"Saunders, Nebraska",0.0
1235,"Sawyer, Wisconsin",0.0
1236,"Schoharie, New York",0.0
1237,"Schuylkill, Pennsylvania",0.0
1238,"Scott, Arkansas",0.0
1239,"Scott, Illinois",0.0
1240,"Scott, Indiana",0.0
1241,"Scott, Iowa",0.0
1242,"Scott, Kentucky",0.0
1243,"Scott, Minnesota",0.0
1244,"Scotts bluff, Nebraska",0.0
1245,"Searcy, Arkansas",0.0
1246,"Sebastian, Arkansas",0.0
1247,"Seminole county, Florida",0.0
1248,"Seminole, Florida",0.0
1249,"Seneca, Ohio",0.0
1250,"Sevier, Arkansas",0.0
1251,"Seward, Nebraska",0.0
1252,"Shannon, South Dakota",0.0
1253,"Sharp county, Arkansas",0.0
1254,"Sharp, Arkansas",0.0
1255,"Shasta, California",0.0
1256,"Shawano, Wisconsin",0.0
1257,"Sheboygan, Wisconsin",0.0
1258,"Shelby, Alabama",0.0
1259,"Shelby, Illinois",0.0
1260,"Shelby, Indiana",0.0
1261,"Shelby, Kentucky",0.0
1262,"Shelby, Ohio",0.0
1263,"Shelby, Tennessee",0.0
1264,"Sherburne, Minnesota",0.0
1265,"Sheridan, Nebraska",0.0
1266,"Sherman, Nebraska",0.0
1267,"Sherman, Oregon",0.0
1268,"Shoshone, Idaho",0.0
1269,"Sibley, Minnesota",0.0
1270,"Sierra, New Mexico",0.0
1271,"Simpson, Kentucky",0.0
1272,"Sioux, Nebraska",0.0
1273,"Snyder county, Pennsylvania",0.0
1274,"Snyder, Pennsylvania",0.0
1275,"Socorro, New Mexico",0.0
1276,"Solano, California",0.0
1277,"Somerset county, Pennsylvania",0.0
1278,"Somerset, Pennsylvania",0.0
1279,"Sonoma, California",0.0
1280,"Southeast fairbanks, Alaska",0.0
1281,"Spartanburg, South Carolina",0.0
1282,"Spencer, Indiana",0.0
1283,"Spink county, South Dakota",0.0
1284,"Spokane, Washington",0.0
1285,"St clair, Alabama",0.0
1286,"St helena, Louisiana",0.0
1287,"St joseph, Indiana",0.0
1288,"St landry, Louisiana",0.0
1289,"St tammany, Louisiana",0.0
1290,"St. bernard, Louisiana",0.0
1291,"St. charles, Louisiana",0.0
1292,"St. clair, Alabama",0.0
1293,"St. clair, Illinois",0.0
1294,"St. croix, Wisconsin",0.0
1295,"St. francis, Arkansas",0.0
1296,"St. helena, Louisiana",0.0
1297,"St. james, Louisiana",0.0
1298,"St. john the baptist parish, Louisiana",0.0
1299,"St. john the baptist, Louisiana",0.0
1300,"St. johns, Florida",0.0
1301,"St. joseph county, Indiana",0.0
1302,"St. joseph, Indiana",0.0
1303,"St. landry, Louisiana",0.0
1304,"St. louis city, Missouri",0.0
1305,"St. louis, Minnesota",0.0
1306,"St. lucie, Florida",0.0
1307,"St. martin parish, Louisiana",0.0
1308,"St. martin, Louisiana",0.0
1309,"St. mary parish, Louisiana",0.0
1310,"St. mary, Louisiana",0.0
1311,"St. tammany parish, Louisiana",0.0
1312,"St. tammany, Louisiana",0.0
1313,"Stanislaus, California",0.0
1314,"Stanton, Nebraska",0.0
1315,"Stark, Illinois",0.0
1316,"Stark, Ohio",0.0
1317,"Starke, Indiana",0.0
1318,"Stearns, Minnesota",0.0
1319,"Steele, Minnesota",0.0
1320,"Stephens, Oklahoma",0.0
1321,"Stephenson, Illinois",0.0
1322,"Steuben, Indiana",0.0
1323,"Stevens, Minnesota",0.0
1324,"Stevens, Washington",0.0
1325,"Stewart, Tennessee",0.0
1326,"Stone, Arkansas",0.0
1327,"Stone, Missouri",0.0
1328,"Storey, Nevada",0.0
1329,"Strafford, New Hampshire",0.0
1330,"Stutsman, North Dakota",0.0
1331,"Sullivan, Indiana",0.0
1332,"Sullivan, New Hampshire",0.0
1333,"Sullivan, New York",0.0
1334,"Sullivan, Pennsylvania",0.0
1335,"Summers, West Virginia",0.0
1336,"Summit, Ohio",0.0
1337,"Sumter, Alabama",0.0
1338,"Sumter, Florida",0.0
1339,"Sumter, South Carolina",0.0
1340,"Susquehanna, Pennsylvania",0.0
1341,"Sutter, California",0.0
1342,"Suwannee, Florida",0.0
1343,"Swift county, Minnesota",0.0
1344,"Swift, Minnesota",0.0
1345,"Switzerland, Indiana",0.0
1346,"Talladega, Alabama",0.0
1347,"Tallapoosa, Alabama",0.0
1348,"Taney, Missouri",0.0
1349,"Tangipahoa parish, Louisiana",0.0
1350,"Tangipahoa, Louisiana",0.0
1351,"Taos, New Mexico",0.0
1352,"Taylor, Florida",0.0
1353,"Taylor, Kentucky",0.0
1354,"Taylor, Wisconsin",0.0
1355,"Tazewell, Illinois",0.0
1356,"Tensas, Louisiana",0.0
1357,"Terrebonne, Louisiana",0.0
1358,"Teton, Idaho",0.0
1359,"Texas, Oklahoma",0.0
1360,"Thayer, Nebraska",0.0
1361,"Thomas, Nebraska",0.0
1362,"Thurston, Nebraska",0.0
1363,"Tillamook county, Oregon",0.0
1364,"Tillamook, Oregon",0.0
1365,"Tillman, Oklahoma",0.0
1366,"Tioga county, Pennsylvania",0.0
1367,"Tioga, Pennsylvania",0.0
1368,"Tippecanoe, Indiana",0.0
1369,"Tipton, Indiana",0.0
1370,"Todd, Kentucky",0.0
1371,"Todd, Minnesota",0.0
1372,"Todd, South Dakota",0.0
1373,"Tolland, Connecticut",0.01348314606741573
1374,"Torrance, New Mexico",0.0
1375,"Traverse, Minnesota",0.0
1376,"Trempealeau, Wisconsin",0.0
1377,"Trigg, Kentucky",0.0
1378,"Trimble, Kentucky",0.0
1379,"Tripp, South Dakota",0.0
1380,"Trumbull, Ohio",0.0
1381,"Tulare, California",0.0
1382,"Tulsa, Oklahoma",0.0
1383,"Turner, South Dakota",0.0
1384,"Tuscaloosa, Alabama",0.0
1385,"Tuscarawas, Ohio",0.0
1386,"Twin falls, Idaho",0.0
1387,"Tyler, West Virginia",0.0
1388,"Umatilla, Oregon",0.0
1389,"Union parish, Louisiana",0.0
1390,"Union, Arkansas",0.0
1391,"Union, Florida",0.0
1392,"Union, Indiana",0.0
1393,"Union, Kentucky",0.0
1394,"Union, Louisiana",0.0
1395,"Union, New Mexico",0.0
1396,"Union, Oregon",0.0
1397,"Union, Pennsylvania",0.0
1398,"Union, South Carolina",0.0
1399,"Union, South Dakota",0.0
1400,"Unknown, South Carolina",0.0
1401,"Valencia, New Mexico",0.0
1402,"Valley, Idaho",0.0
1403,"Valley, Nebraska",0.0
1404,"Van buren, Arkansas",0.0
1405,"Van wert, Ohio",0.0
1406,"Vanderburgh, Indiana",0.0
1407,"Venango county, Pennsylvania",0.0
1408,"Venango, Pennsylvania",0.0
1409,"Ventura, California",0.0
1410,"Vermilion, Illinois",0.0
1411,"Vermilion, Louisiana",0.0
1412,"Vermillion county, Indiana",0.0
1413,"Vermillion, Indiana",0.0
1414,"Vernon, Louisiana",0.0
1415,"Vernon, Wisconsin",0.0
1416,"Vigo, Indiana",0.0
1417,"Vilas, Wisconsin",0.0
1418,"Volusia, Florida",0.0
1419,"Wabash, Indiana",0.0
1420,"Wabasha, Minnesota",0.0
1421,"Wadena, Minnesota",0.0
1422,"Wagoner, Oklahoma",0.0
1423,"Wake, North Carolina",0.0
1424,"Wakulla, Florida",0.0
1425,"Walker, Alabama",0.0
1426,"Walla walla, Washington",0.0
1427,"Wallowa, Oregon",0.0
1428,"Walsh, North Dakota",0.0
1429,"Walton, Florida",0.0
1430,"Walworth, South Dakota",0.0
1431,"Walworth, Wisconsin",0.0
1432,"Warren county, Pennsylvania",0.0
1433,"Warren, Illinois",0.0
1434,"Warren, Indiana",0.0
1435,"Warren, Kentucky",0.0
1436,"Warren, New York",0.0
1437,"Warren, Ohio",0.0
1438,"Warren, Pennsylvania",0.0
1439,"Warrick, Indiana",0.0
1440,"Wasco, Oregon",0.0
1441,"Waseca, Minnesota",0.0
1442,"Washburn, Wisconsin",0.0
1443,"Washington parish, Louisiana",0.0
1444,"Washington, Alabama",0.0
1445,"Washington, Arkansas",0.0
1446,"Washington, Florida",0.0
1447,"Washington, Idaho",0.0
1448,"Washington, Illinois",0.0
1449,"Washington, Indiana",0.0
1450,"Washington, Kentucky",0.0
1451,"Washington, Louisiana",0.0
1452,"Washington, Minnesota",0.0
1453,"Washington, Nebraska",0.0
1454,"Washington, Ohio",0.0
1455,"Washington, Oklahoma",0.0
1456,"Washington, Oregon",0.0
1457,"Washington, Pennsylvania",0.0
1458,"Washington, Wisconsin",0.0
1459,"Washita, Oklahoma",0.0
1460,"Washoe, Nevada",0.0
1461,"Watonwan, Minnesota",0.0
1462,"Waukesha, Wisconsin",0.0
1463,"Waupaca, Wisconsin",0.0
1464,"Waushara, Wisconsin",0.0
1465,"Wayne, Illinois",0.0
1466,"Wayne, Indiana",0.0
1467,"Wayne, Kentucky",0.0
1468,"Wayne, Nebraska",0.0
1469,"Wayne, Ohio",0.0
1470,"Wayne, Pennsylvania",0.0
1471,"Webster, Kentucky",0.0
1472,"Webster, Louisiana",0.0
1473,"Webster, Nebraska",0.0
1474,"Webster, West Virginia",0.0
1475,"Wells, Indiana",0.0
1476,"West baton rouge, Louisiana",0.0
1477,"West carroll parish, Louisiana",0.0
1478,"West carroll, Louisiana",0.0
1479,"West feliciana, Louisiana",0.0
1480,"Westchester, New York",0.0
1481,"Westmoreland, Pennsylvania",0.0
1482,"Westmoreland, Virginia",0.0
1483,"Wetzel, West Virginia",0.0
1484,"Wheeler, Nebraska",0.0
1485,"Wheeler, Oregon",0.0
1486,"White pine, Nevada",0.0
1487,"White, Arkansas",0.0
1488,"White, Illinois",0.0
1489,"White, Indiana",0.0
1490,"Whiteside, Illinois",0.0
1491,"Whitley, Indiana",0.0
1492,"Whitley, Kentucky",0.0
1493,"Whitman, Washington",0.0
1494,"Wilcox, Alabama",0.0
1495,"Will, Illinois",0.0
1496,"Williamsburg, South Carolina",0.0
1497,"Williamson, Illinois",0.0
1498,"Windham, Connecticut",0.0
1499,"Winn, Louisiana",0.0
1500,"Winnebago, Illinois",0.0
1501,"Winnebago, Wisconsin",0.0
1502,"Winona, Minnesota",0.0
1503,"Winston, Alabama",0.0
1504,"Wolfe, Kentucky",0.0
1505,"Wood, Ohio",0.0
1506,"Wood, Wisconsin",0.0
1507,"Woodford, Illinois",1.6666666666666667
1508,"Woodford, Kentucky",0.0
1509,"Woodruff, Arkansas",0.0
1510,"Woods, Oklahoma",0.0
1511,"Woodward, Oklahoma",0.0
1512,"Worcester, Maryland",0.0
1513,"Worcester, Massachusetts",0.0
1514,"Wright, Minnesota",0.0
1515,"Wyandot, Ohio",0.0
1516,"Wyandotte, Kansas",0.0
1517,"Wyoming, New York",0.0
1518,"Wyoming, Pennsylvania",0.0
1519,"Yakutat, Alaska",0.0
1520,"Yamhill, Oregon",0.0
1521,"Yankton, South Dakota",0.0
1522,"Yavapai, Arizona",0.0
1523,"Yell, Arkansas",0.0
1524,"Yellow medicine county, Minnesota",0.0
1525,"Yellow medicine, Minnesota",0.0
1526,"Yolo, California",0.0
1527,"York county, Pennsylvania",0.0
1528,"York, Nebraska",0.0
1529,"York, Pennsylvania",0.0
1530,"York, South Carolina",0.0
1531,"Yuba, California",0.0
1532,"Yuma county, Arizona",0.0
1533,"Yuma, Arizona",0.0
