,county,heptachlor_epoxide
0,"-, Arizona",0.0
1,"Abbeville, South Carolina",0.0
2,"Acadia, Louisiana",0.0
3,"Accomack, Virginia",0.0
4,"Ada, Idaho",0.0
5,"Adair, Kentucky",0.0
6,"Adair, Missouri",0.0
7,"Adams, Idaho",0.0
8,"Adams, Illinois",0.0012045454545454545
9,"Adams, Indiana",0.0
10,"Adams, Nebraska",0.0
11,"Adams, Pennsylvania",0.0
12,"Adams, Washington",0.0
13,"Adams, Wisconsin",0.0
14,"Addison, Vermont",0.0
15,"Aiken, South Carolina",0.0
16,"Aitkin, Minnesota",0.0
17,"Alachua, Florida",0.0
18,"Alamance, North Carolina",0.0
19,"Alameda, California",0.0
20,"Albany, New York",0.0
21,"Albany, Wyoming",0.0
22,"Albemarle, Virginia",0.0
23,"Alcona, Michigan",0.0
24,"Alexander, Illinois",0.0
25,"Alexander, North Carolina",0.0
26,"Alger, Michigan",0.0
27,"Allegan, Michigan",0.0
28,"Allegany, Maryland",0.0
29,"Allegany, New York",0.0
30,"Alleghany, North Carolina",0.0
31,"Alleghany, Virginia",0.0
32,"Allegheny county, Pennsylvania",0.0
33,"Allegheny, Pennsylvania",0.0
34,"Allen, Indiana",0.0
35,"Allen, Kansas",0.0
36,"Allen, Kentucky",0.0
37,"Allen, Louisiana",0.0
38,"Allendale, South Carolina",0.0
39,"Alpena, Michigan",0.0
40,"Alpine, California",0.0
41,"American samoa, American Samoa",0.0
42,"Amherst, Virginia",0.0
43,"Anderson, Kansas",0.0
44,"Anderson, Kentucky",0.0
45,"Anderson, South Carolina",0.0
46,"Anderson, Texas",0.0
47,"Andrew, Missouri",0.0
48,"Andrews, Texas",0.0
49,"Androscoggin, Maine",0.0
50,"Angelina, Texas",0.0
51,"Anne arundel, Maryland",0.0
52,"Anoka, Minnesota",0.0
53,"Anson, North Carolina",0.0
54,"Antelope, Nebraska",0.0
55,"Antrim, Michigan",0.0
56,"Apache, Arizona",0.0
57,"Aransas, Texas",0.0
58,"Archer, Texas",0.0
59,"Arenac, Michigan",0.0
60,"Arkansas, Arkansas",0.0
61,"Armstrong county, Pennsylvania",0.0
62,"Armstrong, Pennsylvania",0.0
63,"Armstrong, Texas",0.0
64,"Aroostook, Maine",0.0
65,"Arthur, Nebraska",0.0
66,"Ascension, Louisiana",0.0
67,"Ashe, North Carolina",0.0
68,"Ashland, Wisconsin",0.0
69,"Ashley, Arkansas",0.0
70,"Ashtabula, Ohio",0.0
71,"Asotin, Washington",0.0
72,"Assumption, Louisiana",0.0
73,"Atascosa county, Texas",0.0
74,"Atascosa, Texas",0.0
75,"Atchison, Kansas",0.0
76,"Atchison, Missouri",0.0
77,"Atlantic, New Jersey",0.0
78,"Audrain, Missouri",0.0
79,"Augusta, Virginia",0.0
80,"Aurora, South Dakota",0.0
81,"Austin, Texas",0.0
82,"Autauga, Alabama",0.0
83,"Avery, North Carolina",0.0
84,"Avoyelles, Louisiana",0.0
85,"Bailey, Texas",0.0
86,"Baker county, Florida",0.0
87,"Baker, Florida",0.0
88,"Baker, Oregon",0.0
89,"Baldwin, Alabama",0.0
90,"Ballard, Kentucky",0.0
91,"Baltimore city, Maryland",0.0
92,"Baltimore, Maryland",0.0
93,"Bamberg, South Carolina",0.0
94,"Bandera, Texas",0.0
95,"Banner, Nebraska",0.0
96,"Bannock, Idaho",0.0
97,"Baraga, Michigan",0.0
98,"Barbour, Alabama",0.0
99,"Barbour, West Virginia",0.0
100,"Barnes, North Dakota",0.0
101,"Barnstable, Massachusetts",0.0
102,"Barnwell, South Carolina",0.0
103,"Barren, Kentucky",0.0
104,"Barron, Wisconsin",0.0
105,"Barry, Michigan",0.0
106,"Barry, Missouri",0.0
107,"Bartholomew, Indiana",0.0
108,"Barton, Missouri",0.0
109,"Bastrop, Texas",0.0
110,"Bates, Missouri",0.0
111,"Bath, Virginia",0.0
112,"Baxter, Arkansas",0.0
113,"Bay, Florida",0.0
114,"Bay, Michigan",0.0
115,"Bayfield, Wisconsin",0.0
116,"Baylor, Texas",0.0
117,"Beadle, South Dakota",0.0
118,"Bear lake, Idaho",0.0
119,"Beaufort, North Carolina",0.0
120,"Beaufort, South Carolina",0.0
121,"Beauregard, Louisiana",0.0
122,"Beaver county, Pennsylvania",0.0
123,"Beaver, Pennsylvania",0.0
124,"Beaver, Utah",0.0
125,"Beaverhead, Montana",0.0
126,"Becker, Minnesota",0.0
127,"Bedford, Pennsylvania",0.0
128,"Bedford, Virginia",0.0
129,"Bee, Texas",0.0
130,"Belknap, New Hampshire",0.0
131,"Bell, Kentucky",0.0
132,"Bell, Texas",0.0
133,"Beltrami county, Minnesota",0.0
134,"Beltrami, Minnesota",0.0
135,"Benewah, Idaho",0.0
136,"Bennett, South Dakota",0.0
137,"Bennington, Vermont",0.0
138,"Benson, North Dakota",0.0
139,"Benton county, Arkansas",0.0
140,"Benton, Arkansas",0.0
141,"Benton, Indiana",0.0
142,"Benton, Minnesota",0.0
143,"Benton, Missouri",0.0
144,"Benton, Oregon",0.0
145,"Benton, Washington",0.0
146,"Benzie, Michigan",0.0
147,"Bergen, New Jersey",0.0
148,"Berkeley, South Carolina",0.0
149,"Berkeley, West Virginia",0.0
150,"Berks county, Pennsylvania",0.0
151,"Berks, Pennsylvania",0.0
152,"Berkshire, Massachusetts",0.0
153,"Bernalillo, New Mexico",0.0
154,"Berrien, Michigan",0.0
155,"Bertie, North Carolina",0.0
156,"Bethel, Alaska",0.0
157,"Bexar, Texas",0.0
158,"Bibb, Alabama",0.0
159,"Bienville, Louisiana",0.0
160,"Big horn, Montana",0.0
161,"Big horn, Wyoming",0.0
162,"Big stone, Minnesota",0.0
163,"Bingham, Idaho",0.0
164,"Blackford, Indiana",0.0
165,"Bladen, North Carolina",0.0
166,"Blaine, Idaho",0.0
167,"Blaine, Montana",0.0
168,"Blaine, Nebraska",0.0
169,"Blair, Pennsylvania",0.0
170,"Blanco, Texas",0.0
171,"Bland, Virginia",0.0
172,"Blount, Alabama",0.0
173,"Blue earth, Minnesota",0.0
174,"Boise, Idaho",0.0
175,"Bollinger, Missouri",0.0
176,"Bon homme, South Dakota",0.0
177,"Bond, Illinois",0.004523809523809524
178,"Bonner, Idaho",0.0
179,"Bonneville, Idaho",0.0
180,"Boone, Arkansas",0.0
181,"Boone, Illinois",0.0
182,"Boone, Indiana",0.0
183,"Boone, Kentucky",0.0
184,"Boone, Missouri",0.0
185,"Boone, Nebraska",0.0
186,"Boone, West Virginia",0.0
187,"Bosque, Texas",0.0
188,"Bossier, Louisiana",0.0
189,"Botetourt, Virginia",0.0
190,"Bottineau, North Dakota",0.0
191,"Boundary, Idaho",0.0
192,"Bourbon, Kansas",0.0
193,"Bourbon, Kentucky",0.0
194,"Bowie, Texas",0.0
195,"Bowman, North Dakota",0.0
196,"Box butte, Nebraska",0.0
197,"Box elder, Utah",0.0
198,"Boyd, Kentucky",0.0
199,"Boyd, Nebraska",0.003357142857142857
200,"Boyle, Kentucky",0.0
201,"Bracken, Kentucky",0.0
202,"Bradford, Florida",0.0
203,"Bradford, Pennsylvania",0.0
204,"Bradley, Arkansas",0.0
205,"Branch, Michigan",0.0
206,"Braxton, West Virginia",0.0
207,"Brazoria, Texas",0.0
208,"Brazos, Texas",0.0
209,"Breathitt, Kentucky",0.0
210,"Breckinridge, Kentucky",0.0
211,"Brevard, Florida",0.0
212,"Brewster, Texas",0.0
213,"Briscoe, Texas",0.0
214,"Bristol, Massachusetts",0.0
215,"Bristol, Rhode Island",0.0
216,"Bristol, Virginia",0.0
217,"Broadwater, Montana",0.0
218,"Brooke, West Virginia",0.0
219,"Brookings, South Dakota",0.0
220,"Brooks, Texas",0.0
221,"Broome, New York",0.0
222,"Broward county, Florida",0.0
223,"Broward, Florida",0.0
224,"Brown, Illinois",0.0
225,"Brown, Indiana",0.0
226,"Brown, Kansas",0.0
227,"Brown, Minnesota",0.0
228,"Brown, Nebraska",0.0
229,"Brown, South Dakota",0.0
230,"Brown, Texas",0.0
231,"Brown, Wisconsin",0.0
232,"Brule, South Dakota",0.0
233,"Brunswick, North Carolina",0.0
234,"Brunswick, Virginia",0.0
235,"Buchanan, Virginia",0.0
236,"Buckingham, Virginia",0.0
237,"Bucks county, Pennsylvania",0.0
238,"Bucks, Pennsylvania",0.0
239,"Buena vista, Virginia",0.0
240,"Buffalo, Nebraska",0.0
241,"Buffalo, Wisconsin",0.0
242,"Bullock, Alabama",0.0
243,"Buncombe, North Carolina",0.0
244,"Bureau, Illinois",0.0
245,"Burke, North Carolina",0.0
246,"Burke, North Dakota",0.0
247,"Burleigh, North Dakota",0.0
248,"Burleson, Texas",0.0
249,"Burlington, New Jersey",0.0
250,"Burnet, Texas",0.0
251,"Burnett, Wisconsin",0.0
252,"Burt, Nebraska",0.0
253,"Butler, Alabama",0.0
254,"Butler, Kansas",0.0
255,"Butler, Kentucky",0.0
256,"Butler, Missouri",0.0
257,"Butler, Nebraska",0.0
258,"Butler, Ohio",0.0
259,"Butler, Pennsylvania",0.0
260,"Butte, California",0.0
261,"Butte, Idaho",0.0
262,"Butte, South Dakota",0.0
263,"Cabarrus, North Carolina",0.0
264,"Cabell, West Virginia",0.0
265,"Cache, Utah",0.0
266,"Caddo parish, Louisiana",0.0
267,"Caddo, Louisiana",0.0
268,"Calaveras, California",0.0
269,"Calcasieu, Louisiana",0.0
270,"Caldwell, Kentucky",0.0
271,"Caldwell, Louisiana",0.0
272,"Caldwell, Missouri",0.0
273,"Caldwell, North Carolina",0.0
274,"Caldwell, Texas",0.0
275,"Caledonia, Vermont",0.0
276,"Calhoun, Alabama",0.0
277,"Calhoun, Arkansas",0.0
278,"Calhoun, Florida",0.0
279,"Calhoun, Illinois",0.0
280,"Calhoun, Michigan",0.0
281,"Calhoun, South Carolina",0.0
282,"Calhoun, Texas",0.0
283,"Calhoun, West Virginia",0.0
284,"Callahan, Texas",0.0
285,"Callaway, Missouri",0.0
286,"Calloway, Kentucky",0.0
287,"Calumet, Wisconsin",0.0
288,"Calvert, Maryland",0.0
289,"Cambria county, Pennsylvania",0.0
290,"Cambria, Pennsylvania",0.0
291,"Camden, Missouri",0.0
292,"Camden, New Jersey",0.0
293,"Camden, North Carolina",0.0
294,"Cameron, Louisiana",0.0
295,"Cameron, Pennsylvania",0.0
296,"Cameron, Texas",0.0
297,"Camp, Texas",0.0
298,"Campbell, Kentucky",0.0
299,"Campbell, Virginia",0.0
300,"Campbell, Wyoming",0.0
301,"Canyon, Idaho",0.0
302,"Cape girardeau, Missouri",0.0
303,"Cape may, New Jersey",0.0
304,"Carbon, Montana",0.0
305,"Carbon, Pennsylvania",0.0
306,"Carbon, Utah",0.0
307,"Carbon, Wyoming",0.0
308,"Caribou, Idaho",0.0
309,"Carlisle, Kentucky",0.0
310,"Carlton, Minnesota",0.0
311,"Caroline, Maryland",0.0
312,"Caroline, Virginia",0.0
313,"Carroll, Arkansas",0.0
314,"Carroll, Illinois",0.0
315,"Carroll, Indiana",0.0
316,"Carroll, Kentucky",0.0
317,"Carroll, Maryland",0.0
318,"Carroll, Missouri",0.0
319,"Carroll, New Hampshire",0.0
320,"Carroll, Virginia",0.0
321,"Carson city, Nevada",6.024096385542169e-05
322,"Carson, Texas",0.0
323,"Carter, Kentucky",0.0
324,"Carter, Missouri",0.0
325,"Carter, Montana",0.0
326,"Carteret, North Carolina",0.0
327,"Carver, Minnesota",0.0
328,"Cascade, Montana",0.0
329,"Casey, Kentucky",0.0
330,"Cass, Illinois",0.0
331,"Cass, Indiana",0.0
332,"Cass, Michigan",0.0
333,"Cass, Minnesota",0.0
334,"Cass, Missouri",0.0
335,"Cass, Nebraska",0.006689189189189189
336,"Cass, North Dakota",0.0
337,"Cass, Texas",0.00411764705882353
338,"Cassia, Idaho",0.0
339,"Castro, Texas",0.0
340,"Caswell, North Carolina",0.0
341,"Catahoula, Louisiana",0.0
342,"Catawba, North Carolina",0.0017936908517350158
343,"Catron, New Mexico",0.0
344,"Cattaraugus, New York",0.0
345,"Cavalier, North Dakota",0.0
346,"Cayuga county, New York",0.0
347,"Cayuga, New York",0.0
348,"Cecil, Maryland",0.0
349,"Cedar, Missouri",0.0
350,"Cedar, Nebraska",0.0
351,"Centre county, Pennsylvania",0.0
352,"Centre, Pennsylvania",0.0025974025974025974
353,"Chambers, Alabama",0.0
354,"Chambers, Texas",0.0
355,"Champaign, Illinois",0.0
356,"Chariton, Missouri",0.0
357,"Charles mix, South Dakota",0.0
358,"Charles, Maryland",0.0
359,"Charleston county, South Carolina",0.0
360,"Charleston, South Carolina",0.0
361,"Charlevoix, Michigan",0.0
362,"Charlotte, Florida",0.0
363,"Charlotte, Virginia",0.0
364,"Chase, Nebraska",0.0029375
365,"Chatham, North Carolina",0.0020666666666666667
366,"Chautauqua, Kansas",0.0
367,"Chautauqua, New York",0.0
368,"Chaves, New Mexico",0.0
369,"Cheboygan, Michigan",0.0
370,"Chelan, Washington",0.0
371,"Chemung, New York",0.0
372,"Chenango, New York",0.0
373,"Cherokee, Alabama",0.0
374,"Cherokee, Kansas",0.0
375,"Cherokee, North Carolina",0.0
376,"Cherokee, South Carolina",0.0
377,"Cherokee, Texas",0.0
378,"Cherry, Nebraska",0.0
379,"Chesapeake city, Virginia",0.0
380,"Cheshire, New Hampshire",0.0
381,"Chester county, Pennsylvania",0.0
382,"Chester, Pennsylvania",0.0
383,"Chester, South Carolina",0.0
384,"Chesterfield, South Carolina",0.0
385,"Chesterfield, Virginia",0.0
386,"Cheyenne, Nebraska",0.0
387,"Chicot, Arkansas",0.0
388,"Chilton, Alabama",0.0
389,"Chippewa, Michigan",0.0
390,"Chippewa, Minnesota",0.0
391,"Chippewa, Wisconsin",0.0
392,"Chisago, Minnesota",0.0
393,"Chittenden, Vermont",0.0
394,"Choctaw, Alabama",0.0
395,"Chouteau, Montana",0.0
396,"Chowan, North Carolina",0.0
397,"Christian, Illinois",0.0
398,"Christian, Kentucky",0.0
399,"Christian, Missouri",0.0
400,"Churchill, Nevada",0.0
401,"Cibola, New Mexico",0.0
402,"Citrus county, Florida",0.0
403,"Citrus, Florida",0.0008148148148148148
404,"Clackamas, Oregon",0.0
405,"Claiborne, Louisiana",0.0
406,"Clallam, Washington",0.0
407,"Clare, Michigan",0.0
408,"Clarendon, South Carolina",0.0
409,"Clarion, Pennsylvania",0.0
410,"Clark county, Nevada",0.0
411,"Clark, Arkansas",0.0
412,"Clark, Illinois",0.00175
413,"Clark, Indiana",0.0
414,"Clark, Kentucky",0.0
415,"Clark, Missouri",0.0
416,"Clark, Nevada",0.0
417,"Clark, South Dakota",0.0
418,"Clark, Washington",0.0
419,"Clark, Wisconsin",0.0
420,"Clarke, Alabama",0.0
421,"Clarke, Virginia",0.0
422,"Clatsop, Oregon",0.0
423,"Clay, Alabama",0.0
424,"Clay, Arkansas",0.0
425,"Clay, Florida",0.0
426,"Clay, Illinois",0.0
427,"Clay, Indiana",0.0
428,"Clay, Kentucky",0.0
429,"Clay, Minnesota",0.0
430,"Clay, Missouri",0.0
431,"Clay, Nebraska",0.0
432,"Clay, North Carolina",0.0
433,"Clay, South Dakota",0.0
434,"Clay, Texas",0.0
435,"Clay, West Virginia",0.0
436,"Clearfield county, Pennsylvania",0.0
437,"Clearfield, Pennsylvania",0.0
438,"Clearwater, Idaho",0.0
439,"Clearwater, Minnesota",0.0
440,"Cleburne, Alabama",0.06666666666666667
441,"Cleburne, Arkansas",0.0
442,"Cleveland, Arkansas",0.0
443,"Cleveland, North Carolina",0.0
444,"Clinton, Illinois",0.0
445,"Clinton, Indiana",0.0
446,"Clinton, Iowa",0.0
447,"Clinton, Kentucky",0.0
448,"Clinton, Michigan",0.0
449,"Clinton, Missouri",0.0
450,"Clinton, New York",0.0
451,"Clinton, Pennsylvania",0.0
452,"Cochise, Arizona",0.0
453,"Cochran, Texas",0.0
454,"Coconino, Arizona",0.00016949152542372882
455,"Codington, South Dakota",0.0
456,"Coffee, Alabama",0.0
457,"Coffey, Kansas",0.0
458,"Coke, Texas",0.0
459,"Colbert, Alabama",0.0
460,"Cole, Missouri",0.0
461,"Coleman, Texas",0.0
462,"Coles, Illinois",0.0008787878787878789
463,"Colfax, Nebraska",0.0
464,"Colfax, New Mexico",0.0
465,"Colleton, South Carolina",0.0
466,"Collier, Florida",0.0
467,"Collin, Texas",0.001276595744680851
468,"Collingsworth, Texas",0.0
469,"Colorado, Texas",0.0
470,"Columbia, Arkansas",0.0
471,"Columbia, Florida",0.0
472,"Columbia, New York",0.0
473,"Columbia, Oregon",0.0
474,"Columbia, Pennsylvania",0.0
475,"Columbia, Washington",0.0
476,"Columbia, Wisconsin",0.0
477,"Columbus county, North Carolina",0.0
478,"Columbus, North Carolina",0.0
479,"Colusa, California",0.0
480,"Comal, Texas",0.0
481,"Comanche, Texas",0.0
482,"Concho, Texas",0.0
483,"Concordia, Louisiana",0.0
484,"Conecuh, Alabama",0.0
485,"Contra costa, California",6.467661691542288e-05
486,"Converse, Wyoming",0.0
487,"Conway, Arkansas",0.0
488,"Cook, Illinois",0.0
489,"Cook, Minnesota",0.0
490,"Cooke, Texas",0.0
491,"Cooper, Missouri",0.0
492,"Coos, New Hampshire",0.0
493,"Coos, Oregon",0.0
494,"Coosa, Alabama",0.0
495,"Corson, South Dakota",0.0
496,"Cortland, New York",0.0
497,"Coryell, Texas",0.0
498,"Cottle, Texas",0.0
499,"Cottonwood, Minnesota",0.0
500,"Covington, Alabama",0.0
501,"Covington, Virginia",0.0
502,"Cowley, Kansas",0.0
503,"Cowlitz, Washington",0.0
504,"Craighead, Arkansas",0.0
505,"Crane, Texas",0.0
506,"Craven, North Carolina",0.0
507,"Crawford county, Pennsylvania",0.0
508,"Crawford, Arkansas",0.0
509,"Crawford, Illinois",0.0
510,"Crawford, Indiana",0.0
511,"Crawford, Kansas",0.0
512,"Crawford, Michigan",0.0
513,"Crawford, Missouri",0.0
514,"Crawford, Pennsylvania",0.0
515,"Crawford, Wisconsin",0.0
516,"Crenshaw, Alabama",0.0
517,"Crittenden, Arkansas",0.0
518,"Crittenden, Kentucky",0.0
519,"Crockett, Texas",0.0
520,"Crook, Oregon",0.0
521,"Crook, Wyoming",0.0
522,"Crosby, Texas",0.0
523,"Cross, Arkansas",0.0
524,"Crow wing, Minnesota",0.0
525,"Culberson, Texas",0.0
526,"Cullman, Alabama",0.0
527,"Culpeper, Virginia",0.0
528,"Cumberland county, Pennsylvania",0.0
529,"Cumberland, Illinois",0.0
530,"Cumberland, Kentucky",0.0
531,"Cumberland, Maine",0.0
532,"Cumberland, New Jersey",0.0
533,"Cumberland, North Carolina",0.004146686746987952
534,"Cumberland, Pennsylvania",0.0
535,"Cumberland, Virginia",0.0
536,"Cuming, Nebraska",0.0
537,"Currituck, North Carolina",0.0
538,"Curry, New Mexico",0.0
539,"Curry, Oregon",0.0
540,"Custer, Idaho",0.0
541,"Custer, Montana",0.0
542,"Custer, Nebraska",0.020319148936170213
543,"Custer, South Dakota",0.0
544,"Dade, Florida",0.0
545,"Dade, Missouri",0.0
546,"Daggett, Utah",0.0
547,"Dakota, Minnesota",0.0
548,"Dakota, Nebraska",0.0
549,"Dale, Alabama",0.0
550,"Dallam, Texas",0.0
551,"Dallas, Alabama",0.0
552,"Dallas, Arkansas",0.0
553,"Dallas, Missouri",0.0
554,"Dallas, Texas",0.0
555,"Dane, Wisconsin",0.0
556,"Daniels, Montana",0.0
557,"Danville, Virginia",0.0
558,"Dare, North Carolina",0.0
559,"Darlington, South Carolina",0.0
560,"Dauphin county, Pennsylvania",0.0
561,"Dauphin, Pennsylvania",0.0
562,"Davidson, North Carolina",0.0
563,"Davie, North Carolina",0.0
564,"Daviess, Indiana",0.0
565,"Daviess, Kentucky",0.0
566,"Daviess, Missouri",0.0
567,"Davis, Utah",0.0
568,"Dawes, Nebraska",0.0
569,"Dawson, Montana",0.0
570,"Dawson, Nebraska",0.0001939655172413793
571,"Dawson, Texas",0.0
572,"Day, South Dakota",0.0
573,"De baca, New Mexico",0.0
574,"De kalb, Indiana",0.0
575,"De kalb, Missouri",0.0
576,"De soto, Florida",0.0
577,"De soto, Louisiana",0.0
578,"De witt, Illinois",0.0
579,"Deaf smith, Texas",0.0
580,"Dearborn, Indiana",0.0
581,"Decatur, Indiana",0.0
582,"Deer lodge, Montana",0.0
583,"Defiance, Ohio",0.0
584,"Dekalb, Alabama",0.0
585,"Dekalb, Illinois",0.0
586,"Dekalb, Indiana",0.0
587,"Dekalb, Missouri",0.0
588,"Delaware, Indiana",0.0
589,"Delaware, New York",0.0
590,"Delaware, Pennsylvania",0.0
591,"Delta, Michigan",0.0
592,"Delta, Texas",0.0
593,"Dent, Missouri",0.0
594,"Denton, Texas",0.0
595,"Deschutes, Oregon",0.0
596,"Desha, Arkansas",0.0
597,"Desoto, Florida",0.0
598,"Deuel, Nebraska",0.0
599,"Dewey, South Dakota",0.0
600,"Dewitt, Texas",0.0
601,"Dickens, Texas",0.0
602,"Dickey, North Dakota",0.0
603,"Dickinson, Iowa",0.0
604,"Dickinson, Kansas",0.0
605,"Dickinson, Michigan",0.0
606,"Dillon, South Carolina",0.0
607,"Dimmit, Texas",0.0
608,"Dinwiddie, Virginia",0.0
609,"District of columbia, District of Columbia",0.0
610,"Dixie, Florida",0.0
611,"Dixon, Nebraska",0.0
612,"Doddridge, West Virginia",0.0
613,"Dodge, Minnesota",0.0
614,"Dodge, Nebraska",0.0
615,"Dodge, Wisconsin",0.0
616,"Dona ana, New Mexico",0.007126436781609196
617,"Donley, Texas",0.0
618,"Door, Wisconsin",0.0
619,"Dorchester, Maryland",0.0
620,"Dorchester, South Carolina",0.0
621,"Douglas, Illinois",0.0
622,"Douglas, Kansas",0.0
623,"Douglas, Minnesota",0.0
624,"Douglas, Missouri",0.0
625,"Douglas, Nebraska",0.0006786885245901639
626,"Douglas, Nevada",0.0
627,"Douglas, Oregon",0.0
628,"Douglas, Washington",0.0
629,"Douglas, Wisconsin",0.0
630,"Drew, Arkansas",0.0
631,"Du page, Illinois",0.0
632,"Dubois, Indiana",0.0
633,"Duchesne, Utah",0.0
634,"Dukes, Massachusetts",0.0
635,"Dundy, Nebraska",0.0
636,"Dunklin, Missouri",0.0
637,"Dunn, North Dakota",0.0
638,"Dunn, Wisconsin",0.0
639,"Dupage, Illinois",0.00012668463611859837
640,"Duplin, North Carolina",0.0
641,"Durham, North Carolina",0.0
642,"Dutchess, New York",0.0
643,"Duval county, Florida",0.0
644,"Duval, Florida",0.0
645,"Duval, Texas",0.0
646,"East baton rouge parish, Louisiana",0.0
647,"East baton rouge, Louisiana",0.0
648,"East carroll, Louisiana",0.0
649,"East feliciana, Louisiana",0.0
650,"Eastland, Texas",0.0
651,"Eaton, Michigan",0.0
652,"Eau claire, Wisconsin",0.0
653,"Ector, Texas",0.0
654,"Eddy, New Mexico",0.0
655,"Eddy, North Dakota",0.0
656,"Edgar, Illinois",0.0
657,"Edgecombe, North Carolina",0.0
658,"Edmonson, Kentucky",0.0
659,"Edwards, Illinois",0.0
660,"Edwards, Texas",0.0
661,"Effingham, Illinois",0.0
662,"El dorado, California",0.0
663,"El paso, Texas",0.0
664,"Elk, Kansas",0.0
665,"Elk, Pennsylvania",0.0
666,"Elkhart, Indiana",0.0
667,"Elko, Nevada",0.0
668,"Elliott, Kentucky",0.0
669,"Ellis, Texas",0.0
670,"Ellsworth, Kansas",0.0
671,"Elmore, Alabama",0.0
672,"Elmore, Idaho",0.0
673,"Emery, Utah",0.0
674,"Emmet, Michigan",0.0
675,"Emmons, North Dakota",0.0
676,"Erath, Texas",0.0
677,"Erie county, Pennsylvania",0.0
678,"Erie, New York",0.0
679,"Erie, Pennsylvania",0.0
680,"Escambia, Alabama",0.0
681,"Escambia, Florida",0.0008473333333333335
682,"Esmeralda, Nevada",0.0
683,"Essex county, New York",0.0
684,"Essex, Massachusetts",0.0
685,"Essex, New Jersey",0.0
686,"Essex, New York",0.0
687,"Essex, Vermont",0.0
688,"Estill, Kentucky",0.0
689,"Etowah, Alabama",0.0
690,"Eureka county, Nevada",0.0
691,"Eureka, Nevada",0.0
692,"Evangeline parish, Louisiana",0.0
693,"Evangeline, Louisiana",0.0
694,"Fairbanks north star, Alaska",0.0
695,"Fairfax, Virginia",0.0
696,"Fairfield, Connecticut",0.0
697,"Fairfield, South Carolina",0.0
698,"Fall river, South Dakota",0.0
699,"Fallon, Montana",0.0
700,"Falls, Texas",0.0
701,"Fannin, Texas",0.0
702,"Faulk, South Dakota",0.0
703,"Fauquier, Virginia",0.0
704,"Fayette, Alabama",0.0
705,"Fayette, Illinois",0.0
706,"Fayette, Indiana",0.0
707,"Fayette, Kentucky",0.0
708,"Fayette, Pennsylvania",0.0
709,"Fayette, Texas",0.0
710,"Fayette, West Virginia",0.0
711,"Fergus, Montana",0.0
712,"Ferry, Washington",0.0
713,"Fillmore, Minnesota",0.0
714,"Fillmore, Nebraska",0.002435897435897436
715,"Finney, Kansas",0.0
716,"Fisher, Texas",0.0
717,"Flagler, Florida",0.0
718,"Flathead, Montana",0.0
719,"Fleming, Kentucky",0.0
720,"Florence, South Carolina",0.0
721,"Florence, Wisconsin",0.0
722,"Floyd, Indiana",0.0
723,"Floyd, Kentucky",0.0
724,"Floyd, Texas",0.0
725,"Fluvanna, Virginia",0.0
726,"Foard, Texas",0.0
727,"Fond du lac, Wisconsin",0.0
728,"Ford, Illinois",0.0015238095238095239
729,"Forest, Pennsylvania",0.0
730,"Forest, Wisconsin",0.0
731,"Forsyth, North Carolina",0.0
732,"Fort bend county, Texas",0.0
733,"Fort bend, Texas",0.0
734,"Foster, North Dakota",0.0
735,"Fountain, Indiana",0.0
736,"Franklin county, Missouri",0.0
737,"Franklin county, New York",0.0
738,"Franklin county, Pennsylvania",0.0
739,"Franklin, Alabama",0.0
740,"Franklin, Arkansas",0.0
741,"Franklin, Florida",0.0
742,"Franklin, Idaho",0.0
743,"Franklin, Illinois",0.0
744,"Franklin, Indiana",0.0
745,"Franklin, Kansas",0.0
746,"Franklin, Kentucky",0.0
747,"Franklin, Louisiana",0.0
748,"Franklin, Maine",0.0
749,"Franklin, Massachusetts",0.0
750,"Franklin, Missouri",0.0
751,"Franklin, Nebraska",0.0
752,"Franklin, New York",0.0
753,"Franklin, North Carolina",0.0
754,"Franklin, Ohio",0.0
755,"Franklin, Pennsylvania",0.0
756,"Franklin, Texas",0.0
757,"Franklin, Vermont",0.0
758,"Franklin, Virginia",0.0
759,"Franklin, Washington",0.0
760,"Frederick, Maryland",0.00035714285714285714
761,"Frederick, Virginia",0.0
762,"Freeborn, Minnesota",0.0
763,"Freestone, Texas",0.0
764,"Fremont, Idaho",0.0
765,"Fremont, Wyoming",0.0
766,"Fresno, California",0.0
767,"Frio, Texas",0.0
768,"Frontier, Nebraska",0.0
769,"Fulton, Arkansas",0.0
770,"Fulton, Illinois",0.0
771,"Fulton, Indiana",0.0
772,"Fulton, Kentucky",0.0
773,"Fulton, New York",0.0
774,"Fulton, Pennsylvania",0.0
775,"Furnas, Nebraska",0.0
776,"Gadsden, Florida",1.6666666666666667e-06
777,"Gage, Nebraska",0.0
778,"Gaines, Texas",0.0
779,"Galax, Virginia",0.0
780,"Gallatin, Illinois",0.0016666666666666668
781,"Gallatin, Kentucky",0.0
782,"Gallatin, Montana",0.0
783,"Galveston, Texas",0.0
784,"Garden, Nebraska",0.0
785,"Garfield, Montana",0.0
786,"Garfield, Nebraska",0.0
787,"Garfield, Utah",0.0
788,"Garfield, Washington",0.0
789,"Garland, Arkansas",0.0
790,"Garrard, Kentucky",0.0
791,"Garrett, Maryland",0.0
792,"Garza, Texas",0.0
793,"Gasconade, Missouri",0.0
794,"Gaston, North Carolina",0.005058348968105066
795,"Gates, North Carolina",0.0
796,"Geary, Kansas",0.0
797,"Geauga, Ohio",0.0
798,"Gem, Idaho",0.0
799,"Genesee, Michigan",0.0
800,"Genesee, New York",0.0
801,"Geneva, Alabama",0.0
802,"Gentry, Missouri",0.0
803,"Georgetown, South Carolina",0.0
804,"Gibson, Indiana",0.0
805,"Gila, Arizona",0.0
806,"Gilchrist, Florida",0.0
807,"Giles, Tennessee",0.0
808,"Giles, Virginia",0.0
809,"Gillespie, Texas",0.0
810,"Gilliam, Oregon",0.0
811,"Gilmer, West Virginia",0.0
812,"Glacier, Montana",0.0
813,"Glades, Florida",0.0
814,"Gladwin, Michigan",0.0
815,"Glasscock, Texas",0.0
816,"Gloucester, New Jersey",0.0
817,"Gogebic, Michigan",0.0
818,"Golden valley, Montana",0.0
819,"Golden valley, North Dakota",0.0
820,"Goliad, Texas",0.0
821,"Gonzales, Texas",0.0
822,"Goochland, Virginia",0.0
823,"Goodhue, Minnesota",0.0
824,"Gooding, Idaho",0.0
825,"Goshen, Wyoming",0.0
826,"Gosper, Nebraska",0.0
827,"Grafton, New Hampshire",0.0
828,"Graham county, Arizona",0.0
829,"Graham, Arizona",0.0
830,"Graham, North Carolina",0.0
831,"Grand forks, North Dakota",0.0
832,"Grand isle, Vermont",0.0
833,"Grand traverse, Michigan",0.0
834,"Grand, Utah",0.0
835,"Granite, Montana",0.0
836,"Grant, Arkansas",0.0
837,"Grant, Indiana",0.0
838,"Grant, Kansas",0.0
839,"Grant, Kentucky",0.0
840,"Grant, Louisiana",0.0
841,"Grant, Minnesota",0.0
842,"Grant, Nebraska",0.0
843,"Grant, New Mexico",0.0
844,"Grant, North Dakota",0.0
845,"Grant, Oklahoma",0.0
846,"Grant, Oregon",0.0
847,"Grant, South Dakota",0.0
848,"Grant, Washington",0.0
849,"Grant, West Virginia",0.0
850,"Grant, Wisconsin",0.0
851,"Granville, North Carolina",0.0003364485981308411
852,"Gratiot, Michigan",0.0
853,"Graves, Kentucky",0.0
854,"Gray, Texas",0.0
855,"Grays harbor, Washington",0.0
856,"Grayson, Kentucky",0.0
857,"Grayson, Texas",0.00046875
858,"Grayson, Virginia",0.0
859,"Greeley, Nebraska",0.0
860,"Green lake, Wisconsin",0.0
861,"Green, Kentucky",0.0
862,"Green, Wisconsin",0.0
863,"Greenbrier, West Virginia",0.0
864,"Greene, Alabama",0.0
865,"Greene, Arkansas",0.0
866,"Greene, Illinois",0.0
867,"Greene, Indiana",0.0
868,"Greene, Missouri",0.0
869,"Greene, New York",0.0
870,"Greene, North Carolina",0.0
871,"Greene, Ohio",0.0
872,"Greene, Pennsylvania",0.0
873,"Greene, Virginia",0.0
874,"Greenlee, Arizona",0.0
875,"Greensville, Virginia",0.0
876,"Greenup, Kentucky",0.0
877,"Greenville, South Carolina",0.0
878,"Greenwood, Kansas",0.0
879,"Greenwood, South Carolina",0.0
880,"Gregg, Texas",0.0005714285714285715
881,"Gregory, South Dakota",0.0
882,"Griggs, North Dakota",0.0
883,"Grimes, Texas",0.0
884,"Grundy, Illinois",0.0
885,"Grundy, Missouri",0.0
886,"Guadalupe, New Mexico",0.0
887,"Guadalupe, Texas",0.0
888,"Guilford, North Carolina",0.0
889,"Guillford, North Carolina",0.0
890,"Gulf, Florida",0.0
891,"Hale, Alabama",0.0
892,"Hale, Texas",0.0
893,"Halifax, North Carolina",0.0
894,"Halifax, Virginia",0.0
895,"Hall, Nebraska",0.0
896,"Hall, Texas",0.0
897,"Hamilton, Florida",0.0
898,"Hamilton, Indiana",0.0
899,"Hamilton, Nebraska",0.0009591836734693877
900,"Hamilton, New York",0.0
901,"Hamilton, Tennessee",0.0
902,"Hamilton, Texas",0.0
903,"Hamlin, South Dakota",0.0
904,"Hampden, Massachusetts",0.0
905,"Hampshire, Massachusetts",0.0
906,"Hampshire, West Virginia",0.0
907,"Hampton, South Carolina",0.0
908,"Hancock, Illinois",0.0
909,"Hancock, Indiana",0.0
910,"Hancock, Kentucky",0.0
911,"Hancock, Maine",0.0
912,"Hancock, West Virginia",0.0
913,"Hanover, Virginia",0.0
914,"Hansford, Texas",0.0
915,"Hardee, Florida",0.0
916,"Hardeman, Texas",0.0
917,"Hardin, Illinois",0.0
918,"Hardin, Kentucky",0.0
919,"Hardin, Texas",0.0
920,"Harding, New Mexico",0.0
921,"Harding, South Dakota",0.0
922,"Hardy, West Virginia",0.0
923,"Harford county, Maryland",0.0
924,"Harford, Maryland",0.0
925,"Harlan, Kentucky",0.0
926,"Harlan, Nebraska",0.0
927,"Harnett, North Carolina",0.0
928,"Harney, Oregon",0.0
929,"Harris, Texas",0.0
930,"Harrison, Indiana",0.0
931,"Harrison, Kentucky",0.0
932,"Harrison, Missouri",0.0
933,"Harrison, Texas",0.002127659574468085
934,"Harrison, West Virginia",0.0
935,"Harrisonburg, Virginia",0.0
936,"Hart, Kentucky",0.0
937,"Hartford, Connecticut",1.7690875232774673e-06
938,"Hartley, Texas",0.0
939,"Haskell, Texas",0.0
940,"Hawaii, Hawaii",0.0
941,"Hawkins, Tennessee",0.0
942,"Hayes, Nebraska",0.0
943,"Hays, Texas",0.0
944,"Haywood, North Carolina",0.0
945,"Hemphill, Texas",0.0
946,"Hempstead, Arkansas",0.0
947,"Henderson, Illinois",0.0
948,"Henderson, Kentucky",0.0
949,"Henderson, North Carolina",0.0
950,"Henderson, Texas",0.0004666666666666667
951,"Hendricks, Indiana",0.0
952,"Hendry, Florida",0.0
953,"Hennepin, Minnesota",0.0
954,"Henrico, Virginia",0.0
955,"Henry, Alabama",0.0
956,"Henry, Illinois",0.0
957,"Henry, Indiana",0.0
958,"Henry, Kentucky",0.0
959,"Henry, Missouri",0.0
960,"Henry, Virginia",0.0
961,"Herkimer, New York",0.0
962,"Hernando, Florida",0.0
963,"Hertford, North Carolina",0.0
964,"Hickman, Kentucky",0.0
965,"Hickory, Missouri",0.0
966,"Hidalgo, New Mexico",0.0
967,"Hidalgo, Texas",0.0
968,"Highlands, Florida",0.0
969,"Hill, Montana",0.0
970,"Hill, Texas",0.0
971,"Hills, Florida",0.0
972,"Hills, New Hampshire",0.0
973,"Hillsborough county, Florida",0.0
974,"Hillsborough county, New Hampshire",0.0
975,"Hillsborough, Florida",0.0
976,"Hillsborough, New Hampshire",0.0
977,"Hillsdale, Michigan",0.0
978,"Hitchcock, Nebraska",0.0
979,"Hockley, Texas",0.0
980,"Hoke, North Carolina",0.0
981,"Holmes, Florida",0.0
982,"Holt, Missouri",0.0
983,"Holt, Nebraska",0.004480769230769231
984,"Honolulu, Hawaii",2.0066889632107023e-05
985,"Hood river, Oregon",0.0
986,"Hood, Texas",0.0
987,"Hooker, Nebraska",0.0
988,"Hopewell, Virginia",0.0
989,"Hopkins, Kentucky",0.0
990,"Hopkins, Texas",0.0
991,"Horry, South Carolina",0.0
992,"Hot spring, Arkansas",0.0
993,"Hot springs, Wyoming",0.0
994,"Houghton, Michigan",0.0
995,"Houston, Alabama",0.0
996,"Houston, Minnesota",0.0
997,"Houston, Texas",0.0
998,"Howard, Arkansas",0.0
999,"Howard, Indiana",0.0
1000,"Howard, Maryland",0.0
1001,"Howard, Missouri",0.0
1002,"Howard, Nebraska",0.0
1003,"Howard, Texas",0.0
1004,"Howell, Missouri",0.0
1005,"Hubbard, Minnesota",0.0
1006,"Hudson, New Jersey",0.0
1007,"Hudspeth, Texas",0.0
1008,"Hughes, South Dakota",0.0
1009,"Humboldt, Nevada",0.0
1010,"Hunt, Texas",0.0
1011,"Hunterdon, New Jersey",0.0
1012,"Huntingdon, Pennsylvania",0.0
1013,"Huntington, Indiana",0.0
1014,"Huron, Michigan",0.0
1015,"Hutchinson, Texas",0.0
1016,"Hyde, North Carolina",0.0
1017,"Iberia parish, Louisiana",0.0
1018,"Iberia, Louisiana",0.0
1019,"Iberville, Louisiana",0.0
1020,"Idaho, Idaho",0.0
1021,"Imperial, California",0.0
1022,"Independence, Arkansas",0.0
1023,"Indian river, Florida",0.0
1024,"Indiana, Pennsylvania",0.0
1025,"Ingham, Michigan",0.0
1026,"Inyo, California",0.0
1027,"Ionia, Michigan",0.0
1028,"Iosco, Michigan",0.0
1029,"Iowa, Wisconsin",0.0
1030,"Iredell, North Carolina",0.0
1031,"Irion, Texas",0.0
1032,"Iron, Michigan",0.0
1033,"Iron, Missouri",0.0
1034,"Iron, Utah",0.0
1035,"Iron, Wisconsin",0.0
1036,"Iroquois, Illinois",0.0
1037,"Isabella, Michigan",0.0
1038,"Isanti, Minnesota",0.0
1039,"Island, Washington",0.0
1040,"Itasca, Minnesota",0.0
1041,"Izard, Arkansas",0.0
1042,"Jack, Texas",0.0
1043,"Jackson county, Florida",0.0
1044,"Jackson, Alabama",0.0
1045,"Jackson, Arkansas",0.0
1046,"Jackson, Florida",0.0
1047,"Jackson, Illinois",0.0
1048,"Jackson, Indiana",0.0
1049,"Jackson, Kansas",0.0
1050,"Jackson, Kentucky",0.0
1051,"Jackson, Louisiana",0.0
1052,"Jackson, Michigan",0.0
1053,"Jackson, Minnesota",0.0
1054,"Jackson, Missouri",0.0
1055,"Jackson, North Carolina",1.4563106796116505e-05
1056,"Jackson, Oregon",0.0
1057,"Jackson, Texas",0.0
1058,"Jackson, West Virginia",0.0
1059,"Jackson, Wisconsin",0.0
1060,"James city, Virginia",0.0
1061,"Jasper county, Missouri",0.0
1062,"Jasper, Illinois",0.0
1063,"Jasper, Indiana",0.0
1064,"Jasper, Missouri",0.0
1065,"Jasper, South Carolina",0.0
1066,"Jasper, Texas",0.0
1067,"Jay, Indiana",0.0
1068,"Jeff davis, Texas",0.0
1069,"Jefferson county, Florida",0.0
1070,"Jefferson county, Pennsylvania",0.0
1071,"Jefferson davis, Louisiana",0.0
1072,"Jefferson, Alabama",0.0
1073,"Jefferson, Arkansas",0.0
1074,"Jefferson, Florida",0.0
1075,"Jefferson, Idaho",0.0
1076,"Jefferson, Indiana",0.0
1077,"Jefferson, Kansas",0.0
1078,"Jefferson, Kentucky",0.0
1079,"Jefferson, Louisiana",0.0
1080,"Jefferson, Missouri",0.0
1081,"Jefferson, Montana",0.0
1082,"Jefferson, Nebraska",0.0
1083,"Jefferson, New York",0.0
1084,"Jefferson, Oregon",0.0
1085,"Jefferson, Pennsylvania",0.0
1086,"Jefferson, Texas",0.0
1087,"Jefferson, Washington",0.0
1088,"Jefferson, West Virginia",0.0
1089,"Jefferson, Wisconsin",0.0
1090,"Jennings, Indiana",0.004
1091,"Jerauld, South Dakota",0.0
1092,"Jerome, Idaho",0.0
1093,"Jersey, Illinois",0.0
1094,"Jessamine, Kentucky",0.0
1095,"Jim hogg, Texas",0.0
1096,"Jim wells, Texas",0.0
1097,"Jo daviess, Illinois",0.0005084745762711864
1098,"Johnson, Arkansas",0.0
1099,"Johnson, Illinois",0.0
1100,"Johnson, Indiana",0.0
1101,"Johnson, Kansas",0.0
1102,"Johnson, Kentucky",0.0
1103,"Johnson, Missouri",0.0
1104,"Johnson, Nebraska",0.0
1105,"Johnson, Texas",0.0
1106,"Johnson, Wyoming",0.0
1107,"Johnston, North Carolina",0.0
1108,"Jones, North Carolina",0.0
1109,"Jones, Texas",0.0
1110,"Josephine, Oregon",0.0
1111,"Juab, Utah",0.0
1112,"Judith basin, Montana",0.0
1113,"Juneau city and, Alaska",0.0
1114,"Juneau, Wisconsin",0.0
1115,"Juniata, Pennsylvania",0.0
1116,"Kalamazoo, Michigan",0.0
1117,"Kalkaska, Michigan",0.0
1118,"Kanabec, Minnesota",0.0
1119,"Kanawha, West Virginia",0.0
1120,"Kandiyohi, Minnesota",0.0
1121,"Kane, Illinois",0.00038095238095238096
1122,"Kane, Utah",0.0
1123,"Kankakee, Illinois",0.00028571428571428574
1124,"Karnes, Texas",0.0
1125,"Kauai, Hawaii",0.0
1126,"Kaufman, Texas",0.0
1127,"Kearney, Nebraska",0.0
1128,"Keith, Nebraska",0.0
1129,"Kendall, Illinois",0.0003333333333333334
1130,"Kendall, Texas",0.0
1131,"Kenedy, Texas",0.0
1132,"Kennebec, Maine",0.0
1133,"Kenosha, Wisconsin",0.0
1134,"Kent, Maryland",0.0
1135,"Kent, Michigan",0.0
1136,"Kent, Rhode Island",0.0
1137,"Kent, Texas",0.0
1138,"Kenton, Kentucky",0.0
1139,"Kern, California",0.0
1140,"Kerr, Texas",0.0
1141,"Kershaw, South Carolina",0.0
1142,"Ketchikan gateway, Alaska",0.0
1143,"Kewaunee, Wisconsin",0.0
1144,"Keweenaw, Michigan",0.0
1145,"Keya paha, Nebraska",0.0
1146,"Kidder, North Dakota",0.0
1147,"Kimball, Nebraska",0.0
1148,"Kimble, Texas",0.0
1149,"King george, Virginia",0.0
1150,"King william, Virginia",0.0
1151,"King, Texas",0.0
1152,"King, Washington",0.0
1153,"Kings, California",0.0
1154,"Kingsbury, South Dakota",0.0
1155,"Kinney, Texas",0.0
1156,"Kitsap, Washington",0.0
1157,"Kittitas, Washington",0.0
1158,"Kittson, Minnesota",0.0
1159,"Klamath, Oregon",0.0
1160,"Kleberg, Texas",0.0
1161,"Klickitat, Washington",0.0
1162,"Knott, Kentucky",0.0
1163,"Knox, Illinois",0.0
1164,"Knox, Indiana",0.0
1165,"Knox, Kentucky",0.0
1166,"Knox, Maine",0.0
1167,"Knox, Nebraska",0.0
1168,"Knox, Ohio",0.0
1169,"Knox, Tennessee",0.0
1170,"Knox, Texas",0.0
1171,"Koochiching county, Minnesota",0.0
1172,"Koochiching, Minnesota",0.0
1173,"Kootenai, Idaho",0.0
1174,"Kosciusko, Indiana",0.0
1175,"La crosse, Wisconsin",0.0
1176,"La grange, Indiana",0.0
1177,"La paz, Arizona",0.0
1178,"La plata, Colorado",0.0
1179,"La porte, Indiana",0.0
1180,"La salle, Illinois",0.014
1181,"La salle, Louisiana",0.0
1182,"La salle, Texas",0.0
1183,"Labette, Kansas",0.0
1184,"Lac qui parle, Minnesota",0.0
1185,"Lackawanna, Pennsylvania",0.0
1186,"Laclede, Missouri",0.0
1187,"Lafayette parish, Louisiana",0.0
1188,"Lafayette, Arkansas",0.0
1189,"Lafayette, Florida",0.0
1190,"Lafayette, Louisiana",0.0
1191,"Lafayette, Missouri",0.0
1192,"Lafayette, Wisconsin",0.0
1193,"Lafourche, Louisiana",0.0
1194,"Lagrange, Indiana",0.0
1195,"Lake, California",0.0
1196,"Lake, Florida",4.02e-05
1197,"Lake, Illinois",3.685092127303182e-05
1198,"Lake, Indiana",0.0
1199,"Lake, Michigan",0.0
1200,"Lake, Minnesota",0.0
1201,"Lake, Montana",0.0
1202,"Lake, Oregon",0.0
1203,"Lake, South Dakota",0.0
1204,"Lamar, Alabama",0.0
1205,"Lamar, Texas",0.0
1206,"Lamb, Texas",0.0
1207,"Lamoille, Vermont",0.0
1208,"Lamoure, North Dakota",0.0
1209,"Lampasas, Texas",0.0
1210,"Lancaster county, Pennsylvania",0.0
1211,"Lancaster, Nebraska",0.0
1212,"Lancaster, Pennsylvania",0.0
1213,"Lancaster, South Carolina",0.0
1214,"Lancaster, Virginia",0.0
1215,"Lander, Nevada",0.0
1216,"Lane, Oregon",0.0
1217,"Langlade, Wisconsin",0.0
1218,"Lapeer, Michigan",0.0
1219,"Laporte, Indiana",0.0
1220,"Laramie, Wyoming",0.0
1221,"Larue, Kentucky",0.0
1222,"Lasalle, Illinois",0.0
1223,"Latah, Idaho",0.0
1224,"Lauderdale, Alabama",0.0005555555555555556
1225,"Laurel, Kentucky",0.0
1226,"Laurens, South Carolina",0.0
1227,"Lavaca, Texas",0.0
1228,"Lawrence county, Arkansas",0.0
1229,"Lawrence, Alabama",0.0
1230,"Lawrence, Arkansas",0.0
1231,"Lawrence, Illinois",0.0
1232,"Lawrence, Indiana",0.0
1233,"Lawrence, Kentucky",0.0
1234,"Lawrence, Missouri",0.0
1235,"Lawrence, Pennsylvania",0.0
1236,"Lawrence, South Dakota",0.0
1237,"Le sueur, Minnesota",0.0
1238,"Lea, New Mexico",0.0
1239,"Leavenworth, Kansas",0.0
1240,"Lebanon county, Pennsylvania",0.0
1241,"Lebanon, Pennsylvania",0.0
1242,"Lee county, South Carolina",0.0
1243,"Lee, Alabama",0.0
1244,"Lee, Arkansas",0.0
1245,"Lee, Florida",1.5107913669064747e-05
1246,"Lee, Illinois",0.0
1247,"Lee, Kentucky",0.0
1248,"Lee, North Carolina",0.0
1249,"Lee, South Carolina",0.0
1250,"Lee, Texas",0.0
1251,"Lee, Virginia",0.0
1252,"Leelanau, Michigan",0.0
1253,"Lehigh county, Pennsylvania",0.0
1254,"Lehigh, Pennsylvania",0.0
1255,"Lemhi, Idaho",0.0
1256,"Lenawee, Michigan",0.0
1257,"Lenoir, North Carolina",0.0
1258,"Leon, Florida",0.0
1259,"Leon, Texas",0.0
1260,"Leslie, Kentucky",0.0
1261,"Letcher, Kentucky",0.0
1262,"Levy county, Florida",0.0
1263,"Levy, Florida",0.002325581395348837
1264,"Lewis and clark, Montana",0.0
1265,"Lewis county, Washington",0.0
1266,"Lewis, Idaho",0.0
1267,"Lewis, Kentucky",0.0
1268,"Lewis, Missouri",0.0
1269,"Lewis, New York",0.0
1270,"Lewis, Washington",0.0
1271,"Lewis, West Virginia",0.0
1272,"Lexington county, South Carolina",0.0
1273,"Lexington, South Carolina",0.0
1274,"Liberty, Florida",0.0
1275,"Liberty, Montana",0.0
1276,"Liberty, Texas",0.0
1277,"Limestone, Alabama",0.0
1278,"Limestone, Texas",0.0
1279,"Lincoln parish, Louisiana",0.0
1280,"Lincoln, Arkansas",0.0
1281,"Lincoln, Idaho",0.0
1282,"Lincoln, Kentucky",0.0
1283,"Lincoln, Louisiana",0.0
1284,"Lincoln, Maine",0.0
1285,"Lincoln, Minnesota",0.0
1286,"Lincoln, Missouri",0.0
1287,"Lincoln, Montana",0.0
1288,"Lincoln, Nebraska",0.0
1289,"Lincoln, Nevada",0.0
1290,"Lincoln, New Mexico",0.0
1291,"Lincoln, North Carolina",0.0
1292,"Lincoln, Oregon",0.0
1293,"Lincoln, Washington",0.0
1294,"Lincoln, West Virginia",0.0
1295,"Lincoln, Wisconsin",0.0
1296,"Lincoln, Wyoming",0.0
1297,"Linn county, Oregon",0.0
1298,"Linn, Kansas",0.0
1299,"Linn, Missouri",0.0
1300,"Linn, Oregon",0.0
1301,"Lipscomb, Texas",0.0
1302,"Litchfield, Connecticut",0.0
1303,"Little river, Arkansas",0.0
1304,"Live oak, Texas",0.0
1305,"Livingston county, New York",0.0
1306,"Livingston parish, Louisiana",0.0
1307,"Livingston, Illinois",0.0
1308,"Livingston, Kentucky",0.0
1309,"Livingston, Louisiana",0.0
1310,"Livingston, Michigan",0.0
1311,"Livingston, Missouri",0.0
1312,"Livingston, New York",0.0
1313,"Llano, Texas",0.0
1314,"Logan, Arkansas",0.0
1315,"Logan, Illinois",0.0
1316,"Logan, Nebraska",0.0
1317,"Logan, North Dakota",0.0
1318,"Logan, West Virginia",0.0
1319,"Lonoke, Arkansas",0.0
1320,"Los alamos, New Mexico",0.0
1321,"Los angeles, California",0.0
1322,"Loudoun, Virginia",0.0
1323,"Louisa, Virginia",0.0
1324,"Loup, Nebraska",0.0
1325,"Loving, Texas",0.0
1326,"Lowndes, Alabama",0.0
1327,"Lubbock, Texas",0.0
1328,"Lucas, Ohio",0.0
1329,"Luce, Michigan",0.0
1330,"Luna, New Mexico",0.0
1331,"Lunenburg, Virginia",0.0
1332,"Luzerne county, Pennsylvania",0.0
1333,"Luzerne, Pennsylvania",0.0
1334,"Lycoming county, Pennsylvania",0.0
1335,"Lycoming, Pennsylvania",0.0
1336,"Lyman, South Dakota",0.0
1337,"Lynchburg, Virginia",0.0
1338,"Lynn, Texas",0.0
1339,"Lyon, Kansas",0.0
1340,"Lyon, Kentucky",0.0
1341,"Lyon, Minnesota",0.0
1342,"Lyon, Nevada",0.0
1343,"Mackinac, Michigan",0.0
1344,"Macomb, Michigan",0.0
1345,"Macon, Alabama",0.0
1346,"Macon, Illinois",0.0
1347,"Macon, Missouri",0.0
1348,"Macon, North Carolina",0.0
1349,"Macoupin, Illinois",0.0
1350,"Madera county, California",0.0
1351,"Madera, California",0.0
1352,"Madison, Alabama",0.00021978021978021978
1353,"Madison, Florida",0.0
1354,"Madison, Idaho",0.0
1355,"Madison, Illinois",0.0
1356,"Madison, Indiana",0.0
1357,"Madison, Kentucky",0.0
1358,"Madison, Louisiana",0.0
1359,"Madison, Missouri",0.0
1360,"Madison, Montana",0.0
1361,"Madison, Nebraska",0.0
1362,"Madison, New York",0.0
1363,"Madison, North Carolina",0.0
1364,"Madison, Texas",0.0
1365,"Madison, Virginia",0.0
1366,"Magoffin, Kentucky",0.0
1367,"Mahnomen, Minnesota",0.0
1368,"Malheur, Oregon",0.0
1369,"Manassas, Virginia",0.0
1370,"Manatee county, Florida",0.0
1371,"Manatee, Florida",0.0
1372,"Manistee, Michigan",0.0
1373,"Manitowoc, Wisconsin",0.0
1374,"Marathon, Wisconsin",0.0
1375,"Marengo, Alabama",0.0
1376,"Maricopa, Arizona",0.0
1377,"Maries county, Missouri",0.0
1378,"Maries, Missouri",0.0
1379,"Marin, California",0.0
1380,"Marinette, Wisconsin",0.0
1381,"Marion county, Missouri",0.0
1382,"Marion, Alabama",0.0
1383,"Marion, Arkansas",0.0
1384,"Marion, Florida",0.0029106194690265495
1385,"Marion, Illinois",0.0
1386,"Marion, Indiana",0.0
1387,"Marion, Kansas",0.0
1388,"Marion, Kentucky",0.0
1389,"Marion, Missouri",0.0
1390,"Marion, Ohio",0.0
1391,"Marion, Oregon",0.0
1392,"Marion, South Carolina",0.0
1393,"Marion, Texas",0.0
1394,"Marion, West Virginia",0.0
1395,"Mariposa, California",0.0
1396,"Marlboro, South Carolina",0.0
1397,"Marquette, Michigan",0.0
1398,"Marquette, Wisconsin",0.0
1399,"Marshall, Alabama",0.0
1400,"Marshall, Illinois",0.0
1401,"Marshall, Indiana",0.0
1402,"Marshall, Kentucky",0.0
1403,"Marshall, Minnesota",0.0
1404,"Marshall, West Virginia",0.0
1405,"Martin county, Florida",0.0
1406,"Martin, Florida",0.00018518518518518518
1407,"Martin, Indiana",0.0
1408,"Martin, Kentucky",0.0
1409,"Martin, Minnesota",0.0
1410,"Martin, North Carolina",0.0
1411,"Martin, Texas",0.0
1412,"Martinsville, Virginia",0.0
1413,"Mason, Illinois",0.0
1414,"Mason, Kentucky",0.0
1415,"Mason, Michigan",0.0
1416,"Mason, Texas",0.0
1417,"Mason, Washington",0.0
1418,"Mason, West Virginia",0.0
1419,"Massac, Illinois",0.0
1420,"Matagorda, Texas",0.0
1421,"Maui, Hawaii",0.0
1422,"Maverick, Texas",0.0
1423,"Mccone, Montana",0.0
1424,"Mccook, South Dakota",0.0
1425,"Mccormick, South Carolina",0.0
1426,"Mccracken, Kentucky",0.0
1427,"Mccreary, Kentucky",0.0
1428,"Mcculloch, Texas",0.0
1429,"Mcdonald, Missouri",0.0
1430,"Mcdonough, Illinois",0.0
1431,"Mcdowell, North Carolina",0.0
1432,"Mcdowell, West Virginia",0.0
1433,"Mchenry, Illinois",0.0
1434,"Mchenry, North Dakota",0.0
1435,"Mcintosh, North Dakota",0.0
1436,"Mckean county, Pennsylvania",0.0
1437,"Mckean, Pennsylvania",0.0
1438,"Mckenzie, North Dakota",0.0
1439,"Mckinley, New Mexico",0.0
1440,"Mclean, Illinois",0.0
1441,"Mclean, Kentucky",0.0
1442,"Mclean, North Dakota",0.0
1443,"Mclennan, Texas",0.0
1444,"Mcleod, Minnesota",0.0
1445,"Mcmullen, Texas",0.0
1446,"Mcpherson, Nebraska",0.0
1447,"Meade, Kentucky",0.0
1448,"Meade, South Dakota",0.0
1449,"Meagher, Montana",0.0
1450,"Mecklenburg, North Carolina",0.00010176991150442478
1451,"Mecklenburg, Virginia",0.0
1452,"Mecosta, Michigan",0.0
1453,"Medina, Ohio",0.0
1454,"Medina, Texas",0.0
1455,"Meeker, Minnesota",0.0
1456,"Menard, Illinois",0.0
1457,"Menard, Texas",0.0
1458,"Mendocino, California",0.0
1459,"Menifee, Kentucky",0.0
1460,"Menominee, Michigan",0.0
1461,"Merced, California",0.0
1462,"Mercer county, Pennsylvania",0.0
1463,"Mercer, Illinois",0.0016341463414634148
1464,"Mercer, Kentucky",0.0
1465,"Mercer, Missouri",0.0
1466,"Mercer, New Jersey",0.0
1467,"Mercer, North Dakota",0.0
1468,"Mercer, Pennsylvania",0.0
1469,"Mercer, West Virginia",0.0
1470,"Merrick, Nebraska",0.0
1471,"Merrimack, New Hampshire",0.0
1472,"Miami, Indiana",0.0
1473,"Miami, Kansas",0.0
1474,"Miami, Ohio",0.0
1475,"Miami-dade, Florida",0.0
1476,"Middlesex, Connecticut",0.0
1477,"Middlesex, Massachusetts",0.0
1478,"Middlesex, New Jersey",0.0
1479,"Midland, Michigan",0.0
1480,"Midland, Texas",0.0
1481,"Mifflin, Pennsylvania",0.0
1482,"Milam, Texas",0.0
1483,"Millard, Utah",0.0
1484,"Mille lacs county, Minnesota",0.0
1485,"Mille lacs, Minnesota",0.0
1486,"Miller, Arkansas",0.0
1487,"Miller, Missouri",0.0
1488,"Mills, Texas",0.0
1489,"Milwaukee, Wisconsin",0.0
1490,"Miner, South Dakota",0.0
1491,"Mineral, Montana",0.0
1492,"Mineral, Nevada",0.00045454545454545455
1493,"Mineral, West Virginia",0.0
1494,"Mingo, West Virginia",0.0
1495,"Minidoka, Idaho",0.0
1496,"Minnehaha, South Dakota",0.0
1497,"Missaukee, Michigan",0.0
1498,"Mississippi, Arkansas",0.0
1499,"Mississippi, Missouri",0.0
1500,"Missoula, Montana",0.0
1501,"Mitchell, Kansas",0.0
1502,"Mitchell, North Carolina",0.0
1503,"Mitchell, Texas",0.0
1504,"Mobile, Alabama",0.0
1505,"Modoc, California",0.0
1506,"Mohave, Arizona",0.0
1507,"Moniteau, Missouri",0.0
1508,"Monmouth, New Jersey",0.0
1509,"Mono, California",0.0
1510,"Monongalia, West Virginia",0.0
1511,"Monroe county, Pennsylvania",0.0
1512,"Monroe, Alabama",0.0
1513,"Monroe, Arkansas",0.0
1514,"Monroe, Florida",0.0
1515,"Monroe, Illinois",0.0021790875
1516,"Monroe, Indiana",0.0
1517,"Monroe, Kentucky",0.0
1518,"Monroe, Michigan",0.0
1519,"Monroe, Missouri",0.0
1520,"Monroe, New York",0.0
1521,"Monroe, Pennsylvania",0.0
1522,"Monroe, West Virginia",0.0
1523,"Monroe, Wisconsin",0.0
1524,"Montague, Texas",0.0
1525,"Montcalm, Michigan",0.0
1526,"Monterey, California",0.0
1527,"Montgomery county, Pennsylvania",0.0
1528,"Montgomery, Alabama",0.0
1529,"Montgomery, Arkansas",0.0
1530,"Montgomery, Illinois",0.001
1531,"Montgomery, Indiana",0.0
1532,"Montgomery, Kansas",0.0
1533,"Montgomery, Kentucky",0.0
1534,"Montgomery, Maryland",0.0
1535,"Montgomery, Missouri",0.0
1536,"Montgomery, New York",0.0
1537,"Montgomery, North Carolina",0.0
1538,"Montgomery, Pennsylvania",0.0
1539,"Montgomery, Texas",0.0
1540,"Montgomery, Virginia",0.0
1541,"Montmorency, Michigan",0.0
1542,"Montour, Pennsylvania",0.0
1543,"Moody, South Dakota",0.0
1544,"Moore county, Texas",0.0
1545,"Moore, North Carolina",0.0
1546,"Moore, Texas",0.0
1547,"Mora, New Mexico",0.0
1548,"Morehouse, Louisiana",0.0
1549,"Morgan, Alabama",0.0
1550,"Morgan, Illinois",0.0
1551,"Morgan, Indiana",0.0
1552,"Morgan, Kentucky",0.0
1553,"Morgan, Missouri",0.0
1554,"Morgan, Utah",0.0
1555,"Morgan, West Virginia",0.0
1556,"Morrill, Nebraska",0.0
1557,"Morris, Kansas",0.0
1558,"Morris, New Jersey",0.0
1559,"Morris, Texas",0.0
1560,"Morrison, Minnesota",0.0
1561,"Morrow, Oregon",0.0
1562,"Morton, North Dakota",0.0
1563,"Motley, Texas",0.0
1564,"Moultrie, Illinois",0.0
1565,"Mountrail, North Dakota",0.0
1566,"Mower, Minnesota",0.0
1567,"Muhlenberg, Kentucky",0.0
1568,"Multnomah county, Oregon",0.0
1569,"Multnomah, Oregon",0.0
1570,"Murray, Minnesota",0.0
1571,"Muskegon, Michigan",0.0
1572,"Musselshell, Montana",0.0
1573,"Nacogdoches, Texas",0.0
1574,"Nance, Nebraska",0.0
1575,"Nantucket, Massachusetts",0.0
1576,"Napa, California",0.0
1577,"Nash, North Carolina",0.001046979865771812
1578,"Nassau, Florida",3.818181818181818e-05
1579,"Nassau, New York",0.0011272401433691755
1580,"Natchitoches, Louisiana",0.0
1581,"Natrona, Wyoming",0.0
1582,"Navajo, Arizona",0.0
1583,"Navarro, Texas",0.0
1584,"Nelson, Kentucky",0.0018181818181818182
1585,"Nelson, North Dakota",0.0
1586,"Nelson, Virginia",0.0
1587,"Nemaha, Nebraska",0.0
1588,"Neosho, Kansas",0.0
1589,"Nevada county, Arkansas",0.0
1590,"Nevada, Arkansas",0.0
1591,"Nevada, California",0.0
1592,"New hanover, North Carolina",0.0
1593,"New haven, Connecticut",0.0
1594,"New london, Connecticut",0.0
1595,"New madrid, Missouri",0.0
1596,"Newaygo, Michigan",0.0
1597,"Newberry, South Carolina",0.0
1598,"Newport, Rhode Island",0.0
1599,"Newton county, Arkansas",0.0
1600,"Newton, Arkansas",0.0
1601,"Newton, Indiana",0.0
1602,"Newton, Missouri",0.0
1603,"Newton, Texas",0.0
1604,"Nez perce, Idaho",0.0
1605,"Niagara, New York",0.0
1606,"Nicholas, Kentucky",0.0
1607,"Nicholas, West Virginia",0.0
1608,"Nicollet, Minnesota",0.0
1609,"Niobrara, Wyoming",0.0
1610,"Noble, Indiana",0.0
1611,"Nobles, Minnesota",0.0
1612,"Nodaway, Missouri",0.0
1613,"Nolan, Texas",0.0
1614,"Norfolk, Massachusetts",0.0
1615,"Norfolk, Virginia",0.0
1616,"North slope, Alaska",0.0
1617,"Northampton county, Pennsylvania",0.0
1618,"Northampton, North Carolina",0.0
1619,"Northampton, Pennsylvania",0.0
1620,"Northampton, Virginia",0.0
1621,"Northumberland, Pennsylvania",0.0
1622,"Northumberland, Virginia",0.0
1623,"Norton, Kansas",0.0
1624,"Nottoway, Virginia",0.0
1625,"Nuckolls, Nebraska",0.0
1626,"Nueces, Texas",0.0
1627,"Nye, Nevada",0.00019047619047619048
1628,"Oakland, Michigan",0.0
1629,"Ocean, New Jersey",0.0
1630,"Oceana, Michigan",0.0
1631,"Ochiltree, Texas",0.0
1632,"Oconee, South Carolina",0.0
1633,"Oconto, Wisconsin",0.0
1634,"Ogemaw, Michigan",0.0
1635,"Ogle, Illinois",0.0
1636,"Ohio, Indiana",0.0
1637,"Ohio, Kentucky",0.0
1638,"Ohio, West Virginia",0.0
1639,"Okaloosa county, Florida",0.0
1640,"Okaloosa, Florida",0.0
1641,"Okanogan, Washington",0.0
1642,"Okeechobee, Florida",0.0
1643,"Oldham, Kentucky",0.0
1644,"Oldham, Texas",0.0
1645,"Olmsted, Minnesota",0.0
1646,"Oneida, Idaho",0.0
1647,"Oneida, New York",0.0
1648,"Oneida, Wisconsin",0.0
1649,"Onondaga, New York",0.0
1650,"Onslow, North Carolina",0.0
1651,"Ontario, New York",0.0
1652,"Ontonagon, Michigan",0.0
1653,"Orange, California",0.0
1654,"Orange, Florida",0.0
1655,"Orange, New York",0.0
1656,"Orange, North Carolina",0.0004189944134078212
1657,"Orange, Texas",0.0
1658,"Orange, Vermont",0.0
1659,"Orange, Virginia",0.0
1660,"Orangeburg, South Carolina",0.0
1661,"Oregon, Missouri",0.0
1662,"Orleans, Louisiana",0.0
1663,"Orleans, New York",0.0
1664,"Orleans, Vermont",0.0
1665,"Osage, Kansas",0.0
1666,"Osage, Missouri",0.0
1667,"Osceola, Florida",0.0
1668,"Osceola, Michigan",0.0
1669,"Oscoda, Michigan",0.0
1670,"Oswego, New York",0.0
1671,"Otero county, New Mexico",0.0
1672,"Otero, New Mexico",0.0
1673,"Otoe, Nebraska",0.0
1674,"Otsego, Michigan",0.0
1675,"Otsego, New York",0.0
1676,"Ottawa, Michigan",0.0
1677,"Otter tail, Minnesota",0.0
1678,"Ouachita, Arkansas",0.0
1679,"Ouachita, Louisiana",0.0
1680,"Outagamie, Wisconsin",0.0
1681,"Owen, Indiana",0.0
1682,"Owen, Kentucky",0.0
1683,"Owsley, Kentucky",0.0
1684,"Owyhee, Idaho",0.0
1685,"Oxford, Maine",0.0
1686,"Ozark, Missouri",0.0
1687,"Ozaukee, Wisconsin",0.0
1688,"Pacific, Washington",0.0
1689,"Page, Virginia",0.0
1690,"Palm beach, Florida",0.0
1691,"Palo pinto, Texas",0.0
1692,"Pamlico, North Carolina",0.0
1693,"Panola, Texas",0.0
1694,"Park, Montana",0.0
1695,"Park, Wyoming",0.0
1696,"Parke, Indiana",0.0
1697,"Parker, Texas",0.0
1698,"Parmer, Texas",0.0
1699,"Pasco county, Florida",0.0
1700,"Pasco, Florida",0.01094237288135593
1701,"Pasquotank, North Carolina",0.0
1702,"Passaic, New Jersey",0.0
1703,"Patrick, Virginia",0.0
1704,"Pawnee, Nebraska",0.0
1705,"Payette, Idaho",0.0
1706,"Pecos, Texas",0.0
1707,"Pembina, North Dakota",0.0
1708,"Pemiscot, Missouri",0.0
1709,"Pend oreille, Washington",0.0
1710,"Pender, North Carolina",0.0
1711,"Pendleton, Kentucky",0.0
1712,"Pendleton, West Virginia",0.0
1713,"Pennington, Minnesota",0.0
1714,"Pennington, South Dakota",0.0
1715,"Penobscot, Maine",0.0
1716,"Peoria, Illinois",0.0
1717,"Pepin, Wisconsin",0.0
1718,"Perkins, Nebraska",0.0
1719,"Perquimans, North Carolina",0.0
1720,"Perry county, Pennsylvania",0.0
1721,"Perry, Alabama",0.0
1722,"Perry, Arkansas",0.0
1723,"Perry, Illinois",0.0
1724,"Perry, Indiana",0.0
1725,"Perry, Kentucky",0.0
1726,"Perry, Missouri",0.0
1727,"Perry, Pennsylvania",0.0
1728,"Pershing, Nevada",0.0
1729,"Person, North Carolina",0.0
1730,"Petroleum, Montana",0.0
1731,"Pettis, Missouri",0.0
1732,"Phelps, Missouri",0.0
1733,"Phelps, Nebraska",0.0
1734,"Philadelphia, Pennsylvania",0.0
1735,"Phillips, Arkansas",0.0
1736,"Phillips, Kansas",0.0
1737,"Phillips, Montana",0.0
1738,"Piatt, Illinois",0.0
1739,"Pickens, Alabama",0.0
1740,"Pickens, South Carolina",0.0
1741,"Pierce county, Washington",0.0
1742,"Pierce, Nebraska",0.0
1743,"Pierce, North Dakota",0.0
1744,"Pierce, Washington",0.0
1745,"Pierce, Wisconsin",0.0
1746,"Pike, Alabama",0.0
1747,"Pike, Arkansas",0.0
1748,"Pike, Illinois",0.0
1749,"Pike, Indiana",0.0
1750,"Pike, Kentucky",0.0
1751,"Pike, Missouri",0.0
1752,"Pike, Ohio",0.0
1753,"Pike, Pennsylvania",0.0
1754,"Pima, Arizona",0.0
1755,"Pinal, Arizona",0.0
1756,"Pine, Minnesota",0.0
1757,"Pinellas, Florida",0.0
1758,"Pipestone, Minnesota",0.0
1759,"Piscataquis, Maine",0.0
1760,"Pitt, North Carolina",0.0
1761,"Pittsylvania, Virginia",0.0
1762,"Piute, Utah",0.0
1763,"Placer, California",0.0
1764,"Plaquemines, Louisiana",0.0
1765,"Platte, Missouri",0.0
1766,"Platte, Nebraska",0.0
1767,"Platte, Wyoming",0.0
1768,"Pleasants, West Virginia",0.0
1769,"Plymouth, Massachusetts",0.0
1770,"Pocahontas, West Virginia",0.0
1771,"Poinsett, Arkansas",0.0
1772,"Pointe coupee parish, Louisiana",0.0
1773,"Pointe coupee, Louisiana",0.0
1774,"Polk, Arkansas",0.0
1775,"Polk, Florida",0.0
1776,"Polk, Minnesota",0.0
1777,"Polk, Missouri",0.0
1778,"Polk, Nebraska",0.0
1779,"Polk, North Carolina",0.0
1780,"Polk, Oregon",0.0
1781,"Polk, Texas",0.0
1782,"Polk, Wisconsin",0.0
1783,"Pondera, Montana",0.0
1784,"Pope, Arkansas",0.0
1785,"Pope, Illinois",0.0
1786,"Pope, Minnesota",0.0
1787,"Portage county, Wisconsin",0.0
1788,"Portage, Wisconsin",0.0
1789,"Porter, Indiana",0.0
1790,"Portsmouth, Virginia",0.0
1791,"Posey, Indiana",0.0
1792,"Potter, Pennsylvania",0.0
1793,"Potter, Texas",0.0
1794,"Powder river, Montana",0.0
1795,"Powell, Kentucky",0.0
1796,"Powell, Montana",0.0
1797,"Power, Idaho",0.0
1798,"Prairie, Arkansas",0.0
1799,"Prairie, Montana",0.0
1800,"Presidio, Texas",0.0
1801,"Presque isle, Michigan",0.0
1802,"Preston, West Virginia",0.0
1803,"Price, Wisconsin",0.0
1804,"Prince george's, Maryland",0.0
1805,"Prince george, Virginia",0.0
1806,"Prince georges, Maryland",0.0
1807,"Prince william, Virginia",0.0
1808,"Providence, Rhode Island",0.0
1809,"Pulaski, Arkansas",0.0
1810,"Pulaski, Illinois",0.0
1811,"Pulaski, Indiana",0.0
1812,"Pulaski, Kentucky",0.0
1813,"Pulaski, Missouri",0.0
1814,"Pulaski, Virginia",0.0
1815,"Putnam county, Indiana",0.0
1816,"Putnam, Florida",8.823529411764705e-06
1817,"Putnam, Illinois",0.0
1818,"Putnam, Indiana",0.0
1819,"Putnam, Missouri",0.0
1820,"Putnam, New York",0.005917159763313609
1821,"Putnam, Tennessee",0.0
1822,"Putnam, West Virginia",0.0
1823,"Quay, New Mexico",0.0
1824,"Queen anne's, Maryland",0.0
1825,"Racine, Wisconsin",0.0
1826,"Radford, Virginia",0.0
1827,"Rains, Texas",0.0
1828,"Raleigh, West Virginia",0.0
1829,"Ramsey, Minnesota",0.0
1830,"Ramsey, North Dakota",0.0
1831,"Randall, Texas",0.0
1832,"Randolph, Alabama",0.0
1833,"Randolph, Arkansas",0.0
1834,"Randolph, Illinois",0.0
1835,"Randolph, Indiana",0.0
1836,"Randolph, Missouri",0.0
1837,"Randolph, North Carolina",0.0
1838,"Randolph, West Virginia",0.0
1839,"Ransom, North Dakota",0.0
1840,"Rapides, Louisiana",0.0
1841,"Ravalli, Montana",0.0
1842,"Ray, Missouri",0.0
1843,"Reagan, Texas",0.0
1844,"Real, Texas",0.0
1845,"Red lake, Minnesota",0.0
1846,"Red river, Louisiana",0.0
1847,"Red river, Texas",0.0
1848,"Red willow, Nebraska",0.0
1849,"Redwood, Minnesota",0.0
1850,"Reeves, Texas",0.0
1851,"Refugio, Texas",0.0
1852,"Rensselaer, New York",0.0
1853,"Renville, Minnesota",0.0
1854,"Reynolds, Missouri",0.0
1855,"Rice, Minnesota",0.0
1856,"Rich, Utah",0.0
1857,"Richardson, Nebraska",0.0
1858,"Richland, Illinois",0.0
1859,"Richland, Louisiana",0.0
1860,"Richland, Montana",0.0
1861,"Richland, North Dakota",0.0
1862,"Richland, Ohio",0.0
1863,"Richland, South Carolina",0.0
1864,"Richland, Wisconsin",0.0
1865,"Richmond, North Carolina",0.0
1866,"Richmond, Virginia",0.0
1867,"Riley, Kansas",0.0
1868,"Rio arriba, New Mexico",0.0
1869,"Ripley, Indiana",0.0
1870,"Ripley, Missouri",0.0
1871,"Ritchie, West Virginia",0.0
1872,"Riverside, California",0.0
1873,"Roane, West Virginia",0.0
1874,"Roanoke, Virginia",0.0
1875,"Roberts, South Dakota",0.0
1876,"Roberts, Texas",0.0
1877,"Robertson, Texas",0.0
1878,"Robeson, North Carolina",0.0
1879,"Rock island, Illinois",0.0002262773722627737
1880,"Rock, Minnesota",0.0
1881,"Rock, Nebraska",0.0
1882,"Rock, Wisconsin",0.0
1883,"Rockbridge, Virginia",0.0
1884,"Rockcastle, Kentucky",0.0
1885,"Rockingham, New Hampshire",0.0
1886,"Rockingham, North Carolina",0.0
1887,"Rockingham, Virginia",0.0
1888,"Rockland, New York",0.0
1889,"Rolette, North Dakota",0.0
1890,"Roosevelt, Montana",0.0
1891,"Roosevelt, New Mexico",0.0
1892,"Roscommon, Michigan",0.0
1893,"Roseau, Minnesota",0.0
1894,"Rosebud, Montana",0.0
1895,"Rowan county, North Carolina",0.0
1896,"Rowan, Kentucky",0.0
1897,"Rowan, North Carolina",0.0
1898,"Runnels, Texas",0.0
1899,"Rush, Indiana",0.0
1900,"Rusk, Texas",0.0
1901,"Rusk, Wisconsin",0.0
1902,"Russell, Alabama",0.0
1903,"Russell, Kansas",0.0
1904,"Russell, Kentucky",0.0
1905,"Russell, Virginia",0.0
1906,"Rutherford, North Carolina",0.0
1907,"Rutland, Vermont",0.0
1908,"Sabine, Louisiana",0.0
1909,"Sabine, Texas",0.0
1910,"Sacramento county, California",0.0
1911,"Sacramento, California",0.0
1912,"Sagadahoc, Maine",0.0
1913,"Saginaw, Michigan",0.0
1914,"Saint bernard, Louisiana",0.0
1915,"Saint charles, Missouri",0.0
1916,"Saint clair, Michigan",0.0
1917,"Saint francois, Missouri",0.0
1918,"Saint james, Louisiana",0.0
1919,"Saint joseph, Michigan",0.0
1920,"Saint landry, Louisiana",0.0
1921,"Saint lawrence, New York",0.0
1922,"Saint louis, Minnesota",0.0
1923,"Saint louis, Missouri",0.0
1924,"Saint marys, Maryland",0.0
1925,"Saint tammany, Louisiana",0.0
1926,"Salem, New Jersey",0.0
1927,"Salem, Virginia",0.0
1928,"Saline county, Arkansas",0.0
1929,"Saline, Arkansas",0.0
1930,"Saline, Illinois",0.0
1931,"Saline, Kansas",0.0
1932,"Saline, Missouri",0.0
1933,"Saline, Nebraska",0.0009701492537313433
1934,"Salt lake, Utah",0.0
1935,"Saluda, South Carolina",0.0
1936,"Sampson, North Carolina",0.0
1937,"San augustine, Texas",0.0
1938,"San benito, California",0.0
1939,"San bernardino county, California",0.0
1940,"San bernardino, California",0.0
1941,"San diego county, California",0.0
1942,"San diego, California",0.0
1943,"San francisco, California",0.0
1944,"San jacinto, Texas",0.0
1945,"San joaquin, California",0.0
1946,"San juan, New Mexico",0.0
1947,"San juan, Utah",0.0
1948,"San juan, Washington",0.0
1949,"San luis obispo, California",0.0
1950,"San mateo, California",0.0
1951,"San miguel, New Mexico",0.0
1952,"San patricio, Texas",0.0
1953,"San saba, Texas",0.0
1954,"Sanborn, South Dakota",0.0
1955,"Sanders, Montana",0.0
1956,"Sandoval, New Mexico",0.0
1957,"Sangamon, Illinois",0.0
1958,"Sanilac, Michigan",0.0
1959,"Sanpete, Utah",0.0
1960,"Santa barbara, California",0.0
1961,"Santa clara, California",0.0
1962,"Santa cruz, Arizona",0.0
1963,"Santa cruz, California",0.0
1964,"Santa fe, New Mexico",0.0
1965,"Santa rosa county, Florida",0.0
1966,"Santa rosa, Florida",5.671641791044776e-05
1967,"Sarasota, Florida",9.313725490196079e-05
1968,"Saratoga, New York",0.0
1969,"Sargent, North Dakota",0.0
1970,"Sarpy, Nebraska",0.0
1971,"Sauk, Wisconsin",0.0
1972,"Saunders, Nebraska",0.0
1973,"Sawyer, Wisconsin",0.0
1974,"Schenectady, New York",0.0
1975,"Schleicher, Texas",0.0
1976,"Schoharie, New York",0.0
1977,"Schoolcraft, Michigan",0.0
1978,"Schuyler, Illinois",0.0
1979,"Schuyler, New York",0.0
1980,"Schuylkill, Pennsylvania",0.0
1981,"Scotland, Missouri",0.0
1982,"Scotland, North Carolina",0.0
1983,"Scott, Arkansas",0.0
1984,"Scott, Illinois",0.0
1985,"Scott, Indiana",0.0
1986,"Scott, Iowa",0.0
1987,"Scott, Kentucky",0.0
1988,"Scott, Minnesota",0.0
1989,"Scott, Missouri",0.0
1990,"Scott, Virginia",0.0
1991,"Scotts bluff, Nebraska",0.0
1992,"Scurry, Texas",0.0
1993,"Searcy, Arkansas",0.0
1994,"Sebastian, Arkansas",0.0
1995,"Sedgwick, Kansas",0.0
1996,"Seminole county, Florida",0.0
1997,"Seminole, Florida",0.0
1998,"Seneca, New York",0.0
1999,"Seneca, Ohio",0.0
2000,"Sevier, Arkansas",0.0
2001,"Sevier, Utah",0.0
2002,"Seward, Nebraska",0.0
2003,"Shackelford, Texas",0.0
2004,"Shannon, Missouri",0.0
2005,"Shannon, South Dakota",0.0
2006,"Sharp county, Arkansas",0.0
2007,"Sharp, Arkansas",0.0
2008,"Shasta, California",0.0
2009,"Shawano, Wisconsin",0.0
2010,"Shawnee, Kansas",0.0
2011,"Sheboygan, Wisconsin",0.0
2012,"Shelby, Alabama",0.0
2013,"Shelby, Illinois",0.0
2014,"Shelby, Indiana",0.0
2015,"Shelby, Kentucky",0.0
2016,"Shelby, Missouri",0.0
2017,"Shelby, Ohio",0.0
2018,"Shelby, Tennessee",0.0
2019,"Shelby, Texas",0.0
2020,"Shenandoah, Virginia",0.0
2021,"Sherburne, Minnesota",0.0
2022,"Sheridan, Montana",0.0
2023,"Sheridan, Nebraska",0.0
2024,"Sheridan, North Dakota",0.0
2025,"Sheridan, Wyoming",0.0
2026,"Sherman, Nebraska",0.0
2027,"Sherman, Oregon",0.0
2028,"Sherman, Texas",0.0
2029,"Shiawassee, Michigan",0.0
2030,"Shoshone, Idaho",0.0
2031,"Sibley, Minnesota",0.0
2032,"Sierra, New Mexico",0.0
2033,"Silver bow, Montana",0.0
2034,"Silverbow, Montana",0.0
2035,"Simpson, Kentucky",0.0
2036,"Sioux, Nebraska",0.0
2037,"Sioux, North Dakota",0.0
2038,"Siskiyou, California",0.0
2039,"Skagit, Washington",0.0
2040,"Skamania, Washington",0.0
2041,"Slope, North Dakota",0.0
2042,"Smith, Texas",0.0
2043,"Smyth, Virginia",0.0
2044,"Snohomish, Washington",0.0
2045,"Snyder county, Pennsylvania",0.0
2046,"Snyder, Pennsylvania",0.0
2047,"Socorro, New Mexico",0.0
2048,"Solano, California",0.0
2049,"Somerset county, Pennsylvania",0.0
2050,"Somerset, Maine",0.0
2051,"Somerset, Maryland",0.0
2052,"Somerset, New Jersey",0.0
2053,"Somerset, Pennsylvania",0.0
2054,"Somervell, Texas",0.0
2055,"Sonoma, California",0.0
2056,"Southampton, Virginia",0.0
2057,"Southeast fairbanks, Alaska",0.0
2058,"Spartanburg, South Carolina",0.0
2059,"Spencer, Indiana",0.0
2060,"Spink county, South Dakota",0.0
2061,"Spokane, Washington",0.0
2062,"Spotsylvania, Virginia",0.0
2063,"St clair, Alabama",0.0
2064,"St helena, Louisiana",0.0
2065,"St joseph, Indiana",0.0
2066,"St landry, Louisiana",0.0
2067,"St lawrence, New York",0.0
2068,"St louis, Missouri",0.0
2069,"St mary's, Maryland",0.0
2070,"St tammany, Louisiana",0.0
2071,"St. bernard, Louisiana",0.0
2072,"St. charles, Louisiana",0.0
2073,"St. charles, Missouri",0.0
2074,"St. clair county, Missouri",0.0
2075,"St. clair, Alabama",0.0
2076,"St. clair, Illinois",0.0006527777777777777
2077,"St. clair, Michigan",0.0
2078,"St. clair, Missouri",0.0
2079,"St. croix, Wisconsin",0.0
2080,"St. francis, Arkansas",0.0
2081,"St. francois, Missouri",0.0
2082,"St. helena, Louisiana",0.0
2083,"St. james, Louisiana",0.0
2084,"St. john the baptist parish, Louisiana",0.0
2085,"St. john the baptist, Louisiana",0.0
2086,"St. johns, Florida",0.0
2087,"St. joseph county, Indiana",0.0
2088,"St. joseph, Indiana",0.0
2089,"St. joseph, Michigan",0.0
2090,"St. landry, Louisiana",0.0
2091,"St. lawrence, New York",0.0
2092,"St. louis city, Missouri",0.0
2093,"St. louis, Minnesota",0.0
2094,"St. louis, Missouri",0.0
2095,"St. lucie, Florida",0.0
2096,"St. martin parish, Louisiana",0.0
2097,"St. martin, Louisiana",0.0
2098,"St. mary parish, Louisiana",0.0
2099,"St. mary's county, Maryland",0.0
2100,"St. mary's, Maryland",0.0
2101,"St. mary, Louisiana",0.0
2102,"St. tammany parish, Louisiana",0.0
2103,"St. tammany, Louisiana",0.0
2104,"Stafford, Virginia",0.0
2105,"Stanislaus, California",0.0
2106,"Stanly, North Carolina",0.0
2107,"Stanton, Nebraska",0.0
2108,"Stark, Illinois",0.0
2109,"Stark, North Dakota",0.0
2110,"Starke, Indiana",0.0
2111,"Starr, Texas",0.0
2112,"Staunton, Virginia",0.0
2113,"Ste. genevieve, Missouri",0.0
2114,"Stearns, Minnesota",0.0
2115,"Steele, Minnesota",0.0
2116,"Stephens, Texas",0.0
2117,"Stephenson, Illinois",0.0
2118,"Sterling, Texas",0.0
2119,"Steuben, Indiana",0.0
2120,"Steuben, New York",0.0
2121,"Stevens, Minnesota",0.0
2122,"Stevens, Washington",0.0
2123,"Stillwater, Montana",0.0
2124,"Stoddard, Missouri",0.0
2125,"Stokes, North Carolina",0.0
2126,"Stone, Arkansas",0.0
2127,"Stone, Missouri",0.0
2128,"Stonewall, Texas",0.0
2129,"Storey, Nevada",0.0
2130,"Strafford, New Hampshire",0.0
2131,"Stutsman, North Dakota",0.0
2132,"Sublette, Wyoming",0.0
2133,"Suffolk city, Virginia",0.0
2134,"Suffolk, Massachusetts",0.0
2135,"Suffolk, Virginia",0.0
2136,"Sullivan, Indiana",0.0
2137,"Sullivan, Missouri",0.0
2138,"Sullivan, New Hampshire",0.0
2139,"Sullivan, New York",0.0
2140,"Sullivan, Pennsylvania",0.0
2141,"Summers, West Virginia",0.0
2142,"Summit, Utah",0.0
2143,"Sumner, Kansas",0.0
2144,"Sumter, Alabama",0.0
2145,"Sumter, Florida",0.0
2146,"Sumter, South Carolina",0.0
2147,"Surry, North Carolina",0.00010721649484536083
2148,"Surry, Virginia",0.0
2149,"Susquehanna, Pennsylvania",0.0
2150,"Sussex, New Jersey",0.0
2151,"Sutter, California",0.0
2152,"Sutton, Texas",0.0
2153,"Suwannee, Florida",0.0
2154,"Swain, North Carolina",0.0
2155,"Sweet grass, Montana",0.0
2156,"Sweetwater county, Wyoming",0.0
2157,"Sweetwater, Wyoming",0.0
2158,"Swift county, Minnesota",0.0
2159,"Swift, Minnesota",0.0
2160,"Swisher, Texas",0.0
2161,"Switzerland, Indiana",0.0
2162,"Talbot, Maryland",0.0
2163,"Talladega, Alabama",0.0
2164,"Tallapoosa, Alabama",0.0
2165,"Taney, Missouri",0.0
2166,"Tangipahoa parish, Louisiana",0.0
2167,"Tangipahoa, Louisiana",0.0
2168,"Taos, New Mexico",0.0
2169,"Tarrant, Texas",0.0014655172413793102
2170,"Taylor, Florida",0.0
2171,"Taylor, Kentucky",0.0
2172,"Taylor, Texas",0.0
2173,"Taylor, West Virginia",0.0
2174,"Taylor, Wisconsin",0.0
2175,"Tazewell, Illinois",0.0
2176,"Tazewell, Virginia",0.0
2177,"Tensas, Louisiana",0.0
2178,"Terrebonne, Louisiana",0.0
2179,"Terrell, Texas",0.0
2180,"Terry, Texas",0.0
2181,"Teton, Idaho",0.0
2182,"Teton, Montana",0.0
2183,"Teton, Wyoming",0.0
2184,"Texas, Missouri",0.0
2185,"Thayer, Nebraska",0.0
2186,"Thomas, Nebraska",0.0
2187,"Throckmorton, Texas",0.0
2188,"Thurston, Nebraska",0.0
2189,"Thurston, Washington",0.0
2190,"Tillamook county, Oregon",0.0
2191,"Tillamook, Oregon",0.0
2192,"Tioga county, Pennsylvania",0.0
2193,"Tioga, New York",0.0
2194,"Tioga, Pennsylvania",0.0
2195,"Tippecanoe, Indiana",0.0
2196,"Tipton, Indiana",0.0
2197,"Titus, Texas",0.0
2198,"Todd, Kentucky",0.0
2199,"Todd, Minnesota",0.0
2200,"Todd, South Dakota",0.0
2201,"Tolland, Connecticut",0.0
2202,"Tom green, Texas",0.0
2203,"Tompkins, New York",0.0
2204,"Tooele, Utah",0.0
2205,"Toole, Montana",0.0
2206,"Torrance, New Mexico",0.0
2207,"Towner, North Dakota",0.0
2208,"Traill, North Dakota",0.0
2209,"Transylvania, North Carolina",0.0
2210,"Traverse, Minnesota",0.0
2211,"Travis, Texas",0.0
2212,"Treasure, Montana",0.0
2213,"Trempealeau, Wisconsin",0.0
2214,"Trigg, Kentucky",0.0
2215,"Trimble, Kentucky",0.0
2216,"Trinity, Texas",0.0
2217,"Tripp, South Dakota",0.0
2218,"Tucker, West Virginia",0.0
2219,"Tulare, California",0.0
2220,"Turner, South Dakota",0.0
2221,"Tuscaloosa, Alabama",0.0
2222,"Tuscola, Michigan",0.0
2223,"Twin falls, Idaho",0.0
2224,"Tyler, Texas",0.0
2225,"Tyler, West Virginia",0.0
2226,"Tyrrell, North Carolina",0.0
2227,"Uinta, Wyoming",0.0
2228,"Uintah, Utah",0.0
2229,"Ulster, New York",0.0
2230,"Umatilla, Oregon",0.0
2231,"Union parish, Louisiana",0.0
2232,"Union, Arkansas",0.0
2233,"Union, Florida",0.0
2234,"Union, Illinois",0.0
2235,"Union, Indiana",0.0
2236,"Union, Kentucky",0.0
2237,"Union, Louisiana",0.0
2238,"Union, New Mexico",0.0
2239,"Union, North Carolina",0.0
2240,"Union, Oregon",0.0
2241,"Union, Pennsylvania",0.0
2242,"Union, South Carolina",0.0
2243,"Union, South Dakota",0.0
2244,"Unknown, South Carolina",0.0
2245,"Upshur, Texas",0.0
2246,"Upshur, West Virginia",0.0
2247,"Upton, Texas",0.0
2248,"Utah, Utah",0.0
2249,"Uvalde, Texas",0.0
2250,"Val verde, Texas",0.0
2251,"Valencia, New Mexico",0.0
2252,"Valley, Idaho",0.0
2253,"Valley, Montana",0.0
2254,"Valley, Nebraska",0.0
2255,"Van buren, Arkansas",0.0
2256,"Van buren, Michigan",0.0
2257,"Van wert, Ohio",0.0
2258,"Van zandt, Texas",0.0
2259,"Vance, North Carolina",0.0005294117647058823
2260,"Vanderburgh, Indiana",0.0
2261,"Venango county, Pennsylvania",0.0
2262,"Venango, Pennsylvania",0.0
2263,"Ventura, California",0.0
2264,"Vermilion, Illinois",0.0
2265,"Vermilion, Louisiana",0.0
2266,"Vermillion county, Indiana",0.0
2267,"Vermillion, Indiana",0.0
2268,"Vernon, Louisiana",0.0
2269,"Vernon, Missouri",0.0
2270,"Vernon, Wisconsin",0.0
2271,"Victoria, Texas",0.0
2272,"Vigo, Indiana",0.0
2273,"Vilas, Wisconsin",0.0
2274,"Volusia, Florida",0.0
2275,"Wabash, Illinois",0.0
2276,"Wabash, Indiana",0.0
2277,"Wabasha, Minnesota",0.0
2278,"Wabaunsee, Kansas",0.0
2279,"Wadena, Minnesota",0.0
2280,"Wahkiakum, Washington",0.0
2281,"Wake, North Carolina",0.0013864305177111714
2282,"Wakulla, Florida",0.0
2283,"Waldo, Maine",0.0
2284,"Walker, Alabama",0.0
2285,"Walker, Texas",0.0
2286,"Walla walla, Washington",0.0
2287,"Waller, Texas",0.0
2288,"Wallowa, Oregon",0.0
2289,"Walsh, North Dakota",0.0
2290,"Walton, Florida",0.0
2291,"Walworth, South Dakota",0.0
2292,"Walworth, Wisconsin",0.0
2293,"Ward, North Dakota",0.0
2294,"Ward, Texas",0.0
2295,"Warren county, Pennsylvania",0.0
2296,"Warren, Illinois",0.0
2297,"Warren, Indiana",0.0
2298,"Warren, Kentucky",0.0
2299,"Warren, Missouri",0.0
2300,"Warren, New Jersey",0.0
2301,"Warren, New York",0.0
2302,"Warren, North Carolina",0.0
2303,"Warren, Pennsylvania",0.0
2304,"Warren, Virginia",0.0
2305,"Warrick, Indiana",0.0
2306,"Wasatch, Utah",0.0
2307,"Wasco, Oregon",0.0
2308,"Waseca, Minnesota",0.0
2309,"Washakie, Wyoming",0.0
2310,"Washburn, Wisconsin",0.0
2311,"Washington county, Rhode Island",0.0
2312,"Washington parish, Louisiana",0.0
2313,"Washington, Alabama",0.0
2314,"Washington, Arkansas",0.0
2315,"Washington, Florida",0.0
2316,"Washington, Idaho",0.0
2317,"Washington, Illinois",0.0
2318,"Washington, Indiana",0.0
2319,"Washington, Kentucky",0.0
2320,"Washington, Louisiana",0.0
2321,"Washington, Maine",0.0
2322,"Washington, Maryland",0.0
2323,"Washington, Minnesota",0.0
2324,"Washington, Missouri",0.0
2325,"Washington, Nebraska",0.002677272727272727
2326,"Washington, New York",0.0
2327,"Washington, North Carolina",0.0
2328,"Washington, Oregon",0.0
2329,"Washington, Pennsylvania",0.0
2330,"Washington, Rhode Island",0.0
2331,"Washington, Texas",0.0
2332,"Washington, Utah",0.0
2333,"Washington, Vermont",0.0
2334,"Washington, Virginia",0.0
2335,"Washington, Wisconsin",0.0
2336,"Washoe, Nevada",0.0
2337,"Washtenaw, Michigan",0.0
2338,"Watauga, North Carolina",0.0001295180722891566
2339,"Watonwan, Minnesota",0.0
2340,"Waukesha, Wisconsin",0.0
2341,"Waupaca, Wisconsin",0.0
2342,"Waushara, Wisconsin",0.0
2343,"Wayne, Illinois",0.0
2344,"Wayne, Indiana",0.0
2345,"Wayne, Kentucky",0.0
2346,"Wayne, Michigan",0.0
2347,"Wayne, Missouri",0.0
2348,"Wayne, Nebraska",0.0
2349,"Wayne, New York",0.0
2350,"Wayne, North Carolina",0.0
2351,"Wayne, Pennsylvania",0.0
2352,"Wayne, Utah",0.0
2353,"Wayne, West Virginia",0.0
2354,"Waynesboro city, Virginia",0.0
2355,"Webb county, Texas",0.0
2356,"Webb, Texas",0.0
2357,"Weber, Utah",0.0
2358,"Webster, Kentucky",0.0
2359,"Webster, Louisiana",0.0
2360,"Webster, Missouri",0.0
2361,"Webster, Nebraska",0.0
2362,"Webster, West Virginia",0.0
2363,"Wells, Indiana",0.0
2364,"Wells, North Dakota",0.0
2365,"West baton rouge, Louisiana",0.0
2366,"West carroll parish, Louisiana",0.0
2367,"West carroll, Louisiana",0.0
2368,"West feliciana, Louisiana",0.0
2369,"Westchester, New York",0.0
2370,"Westmoreland, Pennsylvania",0.0
2371,"Westmoreland, Virginia",0.0
2372,"Weston, Wyoming",0.0
2373,"Wetzel, West Virginia",0.0
2374,"Wexford, Michigan",0.0
2375,"Wharton, Texas",0.0
2376,"Whatcom, Washington",0.0
2377,"Wheatland, Montana",0.0
2378,"Wheeler, Nebraska",0.0
2379,"Wheeler, Oregon",0.0
2380,"Wheeler, Texas",0.0
2381,"White pine, Nevada",0.0
2382,"White, Arkansas",0.0
2383,"White, Illinois",0.0
2384,"White, Indiana",0.0
2385,"Whiteside, Illinois",0.0007631578947368421
2386,"Whitley, Indiana",0.0
2387,"Whitley, Kentucky",0.0
2388,"Whitman, Washington",0.0
2389,"Wibaux, Montana",0.0
2390,"Wichita, Texas",0.0
2391,"Wicomico, Maryland",0.0015277777777777779
2392,"Wilbarger, Texas",0.0
2393,"Wilcox, Alabama",0.0
2394,"Wilkes, North Carolina",0.0
2395,"Will, Illinois",0.0005289514866979656
2396,"Willacy county, Texas",0.0
2397,"Willacy, Texas",0.0
2398,"Williams, North Dakota",0.0
2399,"Williamsburg, South Carolina",0.0
2400,"Williamson, Illinois",0.0
2401,"Williamson, Texas",0.0
2402,"Wilson, Kansas",0.0
2403,"Wilson, North Carolina",0.0
2404,"Wilson, Texas",0.0
2405,"Winchester, Virginia",0.0
2406,"Windham, Connecticut",0.0
2407,"Windham, Vermont",0.0
2408,"Windsor, Vermont",0.0
2409,"Winkler, Texas",0.0
2410,"Winn, Louisiana",0.0
2411,"Winnebago, Illinois",0.00037634408602150543
2412,"Winnebago, Wisconsin",0.0
2413,"Winona, Minnesota",0.0
2414,"Winston, Alabama",0.0
2415,"Wise, Texas",0.0
2416,"Wolfe, Kentucky",0.0
2417,"Wood, Texas",0.0
2418,"Wood, West Virginia",0.0
2419,"Wood, Wisconsin",0.0
2420,"Woodford, Illinois",0.0
2421,"Woodford, Kentucky",0.0
2422,"Woodruff, Arkansas",0.0
2423,"Woodson, Kansas",0.0
2424,"Worcester, Maryland",0.0
2425,"Worcester, Massachusetts",0.0
2426,"Worth, Missouri",0.0
2427,"Wright, Minnesota",0.0
2428,"Wright, Missouri",0.0
2429,"Wyandotte, Kansas",0.0
2430,"Wyoming, New York",0.0
2431,"Wyoming, Pennsylvania",0.0
2432,"Wyoming, West Virginia",0.0
2433,"Wythe, Virginia",0.0
2434,"Yadkin, North Carolina",0.0
2435,"Yakima, Washington",0.0
2436,"Yakutat, Alaska",0.0
2437,"Yamhill, Oregon",0.0
2438,"Yancey, North Carolina",0.0
2439,"Yankton, South Dakota",0.0
2440,"Yates, New York",0.0
2441,"Yavapai, Arizona",0.0
2442,"Yell, Arkansas",0.0
2443,"Yellow medicine county, Minnesota",0.0
2444,"Yellow medicine, Minnesota",0.0
2445,"Yellowstone, Montana",0.0
2446,"Yoakum, Texas",0.0
2447,"Yolo, California",0.0
2448,"York county, Pennsylvania",0.0
2449,"York, Maine",0.0
2450,"York, Nebraska",0.0
2451,"York, Pennsylvania",0.0
2452,"York, South Carolina",0.0
2453,"Young, Texas",0.0
2454,"Yuba, California",0.0
2455,"Yukon-koyukuk, Alaska",0.0
2456,"Yuma county, Arizona",0.0
2457,"Yuma, Arizona",0.0
2458,"Zapata county, Texas",0.0
2459,"Zapata, Texas",0.0
2460,"Zavala, Texas",0.0
