,county,hexachlorobenzene
0,"-, Arizona",0.0
1,"Abbeville, South Carolina",0.0
2,"Acadia, Louisiana",0.0
3,"Accomack, Virginia",0.0
4,"Ada, Idaho",0.0
5,"Adair, Kentucky",0.0
6,"Adair, Missouri",0.0
7,"Adams, Idaho",0.0
8,"Adams, Illinois",0.0
9,"Adams, Indiana",0.0
10,"Adams, Nebraska",0.0
11,"Adams, Pennsylvania",0.0
12,"Adams, Washington",0.0
13,"Adams, Wisconsin",0.0
14,"Addison, Vermont",0.0
15,"Aiken, South Carolina",0.0
16,"Aitkin, Minnesota",0.0
17,"Alachua, Florida",0.0
18,"Alamance, North Carolina",0.0
19,"Alameda, California",0.0
20,"Albany, New York",0.0
21,"Albany, Wyoming",0.0
22,"Albemarle, Virginia",0.0
23,"Alcona, Michigan",0.0
24,"Alexander, Illinois",0.0
25,"Alexander, North Carolina",0.0
26,"Alger, Michigan",0.0
27,"Allegan, Michigan",0.0
28,"Allegany, Maryland",0.0
29,"Allegany, New York",0.0
30,"Alleghany, North Carolina",0.0
31,"Alleghany, Virginia",0.0
32,"Allegheny county, Pennsylvania",0.0
33,"Allegheny, Pennsylvania",0.0
34,"Allen, Indiana",0.0
35,"Allen, Kansas",0.0
36,"Allen, Kentucky",0.0
37,"Allen, Louisiana",0.096875
38,"Allendale, South Carolina",0.0
39,"Alpena, Michigan",0.0
40,"Alpine, California",0.0
41,"American samoa, American Samoa",0.0
42,"Amherst, Virginia",0.0
43,"Anderson, Kansas",0.0
44,"Anderson, Kentucky",0.0
45,"Anderson, South Carolina",0.0
46,"Anderson, Texas",0.0
47,"Andrew, Missouri",0.0
48,"Andrews, Texas",0.0
49,"Androscoggin, Maine",0.0
50,"Angelina, Texas",0.0
51,"Anne arundel, Maryland",0.0
52,"Anoka, Minnesota",0.0
53,"Anson, North Carolina",0.0
54,"Antelope, Nebraska",0.0
55,"Antrim, Michigan",0.0
56,"Apache, Arizona",0.0
57,"Aransas, Texas",0.0
58,"Archer, Texas",0.0
59,"Arenac, Michigan",0.0
60,"Arkansas, Arkansas",0.0
61,"Armstrong county, Pennsylvania",0.0
62,"Armstrong, Pennsylvania",0.0
63,"Armstrong, Texas",0.0
64,"Aroostook, Maine",0.0
65,"Arthur, Nebraska",0.0
66,"Ascension, Louisiana",0.0
67,"Ashe, North Carolina",0.0
68,"Ashland, Wisconsin",0.0
69,"Ashley, Arkansas",0.0
70,"Ashtabula, Ohio",0.0
71,"Asotin, Washington",0.0
72,"Assumption, Louisiana",0.0
73,"Atascosa county, Texas",0.0
74,"Atascosa, Texas",0.0
75,"Atchison, Kansas",0.0
76,"Atchison, Missouri",0.0
77,"Atlantic, New Jersey",0.0
78,"Audrain, Missouri",0.0
79,"Augusta, Virginia",0.0
80,"Aurora, South Dakota",0.0
81,"Austin, Texas",0.0
82,"Autauga, Alabama",0.0
83,"Avery, North Carolina",0.0
84,"Avoyelles, Louisiana",0.0
85,"Bailey, Texas",0.0
86,"Baker county, Florida",0.0
87,"Baker, Florida",0.0
88,"Baker, Oregon",0.0
89,"Baldwin, Alabama",0.0
90,"Ballard, Kentucky",0.0
91,"Baltimore city, Maryland",0.0
92,"Baltimore, Maryland",0.0
93,"Bamberg, South Carolina",0.0
94,"Bandera, Texas",0.0
95,"Banner, Nebraska",0.0
96,"Bannock, Idaho",0.0
97,"Baraga, Michigan",0.0
98,"Barbour, Alabama",0.0
99,"Barbour, West Virginia",0.0
100,"Barnstable, Massachusetts",0.0
101,"Barnwell, South Carolina",0.0
102,"Barren, Kentucky",0.0
103,"Barron, Wisconsin",0.0
104,"Barry, Michigan",0.0
105,"Barry, Missouri",0.0
106,"Bartholomew, Indiana",0.0
107,"Barton, Missouri",0.0
108,"Bastrop, Texas",0.0
109,"Bates, Missouri",0.0
110,"Bath, Virginia",0.0
111,"Baxter, Arkansas",0.0
112,"Bay, Florida",0.0
113,"Bay, Michigan",0.0
114,"Bayfield, Wisconsin",0.0
115,"Baylor, Texas",0.0
116,"Beadle, South Dakota",0.0
117,"Bear lake, Idaho",0.0
118,"Beaufort, North Carolina",0.0
119,"Beaufort, South Carolina",0.0
120,"Beauregard, Louisiana",0.0
121,"Beaver county, Pennsylvania",0.0
122,"Beaver, Pennsylvania",0.0
123,"Beaver, Utah",0.0
124,"Beaverhead, Montana",0.0
125,"Becker, Minnesota",0.0
126,"Bedford, Pennsylvania",0.0
127,"Bedford, Virginia",0.0
128,"Bee, Texas",0.0
129,"Belknap, New Hampshire",0.0
130,"Bell, Kentucky",0.0
131,"Bell, Texas",0.0
132,"Beltrami county, Minnesota",0.0
133,"Beltrami, Minnesota",0.0
134,"Benewah, Idaho",0.0
135,"Bennett, South Dakota",0.0
136,"Bennington, Vermont",0.0
137,"Benton county, Arkansas",0.0
138,"Benton, Arkansas",0.0
139,"Benton, Indiana",0.0
140,"Benton, Minnesota",0.0
141,"Benton, Missouri",0.0
142,"Benton, Oregon",0.0
143,"Benton, Washington",0.0
144,"Benzie, Michigan",0.0
145,"Bergen, New Jersey",0.0
146,"Berkeley, South Carolina",0.0
147,"Berkeley, West Virginia",0.0
148,"Berks county, Pennsylvania",0.0
149,"Berks, Pennsylvania",0.0
150,"Berkshire, Massachusetts",0.0
151,"Bernalillo, New Mexico",0.0
152,"Berrien, Michigan",0.0
153,"Bertie, North Carolina",0.0
154,"Bexar, Texas",0.0
155,"Bibb, Alabama",0.0
156,"Bienville, Louisiana",0.0008461538461538462
157,"Big horn, Montana",0.0
158,"Big horn, Wyoming",0.0
159,"Big stone, Minnesota",0.0
160,"Bingham, Idaho",0.0
161,"Blackford, Indiana",0.0
162,"Bladen, North Carolina",0.0
163,"Blaine, Idaho",0.0
164,"Blaine, Montana",0.0
165,"Blaine, Nebraska",0.0
166,"Blair, Pennsylvania",0.0
167,"Blanco, Texas",0.0
168,"Bland, Virginia",0.0
169,"Blount, Alabama",0.0
170,"Blue earth, Minnesota",0.0
171,"Boise, Idaho",0.0
172,"Bollinger, Missouri",0.0
173,"Bon homme, South Dakota",0.0
174,"Bond, Illinois",0.0
175,"Bonner, Idaho",0.0
176,"Bonneville, Idaho",0.0
177,"Boone, Arkansas",0.0
178,"Boone, Illinois",0.0
179,"Boone, Indiana",0.0
180,"Boone, Kentucky",0.0
181,"Boone, Missouri",0.0
182,"Boone, Nebraska",0.0
183,"Boone, West Virginia",0.0
184,"Bosque, Texas",0.0
185,"Bossier, Louisiana",0.0
186,"Botetourt, Virginia",0.0
187,"Boundary, Idaho",0.0
188,"Bourbon, Kansas",0.0
189,"Bourbon, Kentucky",0.0
190,"Bowie, Texas",0.0
191,"Box butte, Nebraska",0.0
192,"Box elder, Utah",0.0
193,"Boyd, Kentucky",0.0
194,"Boyd, Nebraska",0.0
195,"Boyle, Kentucky",0.0
196,"Bracken, Kentucky",0.0
197,"Bradford, Florida",0.0
198,"Bradford, Pennsylvania",0.0
199,"Bradley, Arkansas",0.0
200,"Branch, Michigan",0.0
201,"Braxton, West Virginia",0.0
202,"Brazoria, Texas",0.0
203,"Brazos, Texas",0.0
204,"Breathitt, Kentucky",0.0
205,"Breckinridge, Kentucky",0.0
206,"Brevard, Florida",0.0
207,"Brewster, Texas",0.0
208,"Briscoe, Texas",0.0
209,"Bristol, Massachusetts",0.0
210,"Bristol, Rhode Island",0.0
211,"Bristol, Virginia",0.0
212,"Broadwater, Montana",0.0
213,"Brooke, West Virginia",0.0
214,"Brookings, South Dakota",0.0
215,"Brooks, Texas",0.0
216,"Broome, New York",0.0
217,"Broward county, Florida",0.0
218,"Broward, Florida",0.0
219,"Brown, Illinois",0.0
220,"Brown, Indiana",0.0
221,"Brown, Kansas",0.0
222,"Brown, Minnesota",0.0
223,"Brown, Nebraska",0.0
224,"Brown, South Dakota",0.0
225,"Brown, Texas",0.0
226,"Brown, Wisconsin",0.0
227,"Brule, South Dakota",0.0
228,"Brunswick, North Carolina",0.0
229,"Brunswick, Virginia",0.0
230,"Buchanan, Virginia",0.0
231,"Buckingham, Virginia",0.0
232,"Bucks county, Pennsylvania",0.0
233,"Bucks, Pennsylvania",0.0
234,"Buena vista, Virginia",0.0
235,"Buffalo, Nebraska",0.0
236,"Buffalo, Wisconsin",0.0
237,"Bullock, Alabama",0.0
238,"Buncombe, North Carolina",0.0
239,"Bureau, Illinois",0.0
240,"Burke, North Carolina",0.0
241,"Burleson, Texas",0.0
242,"Burlington, New Jersey",0.0
243,"Burnet, Texas",0.0
244,"Burnett, Wisconsin",0.0
245,"Burt, Nebraska",0.0
246,"Butler, Alabama",0.0
247,"Butler, Kansas",0.0
248,"Butler, Kentucky",0.0
249,"Butler, Missouri",0.0
250,"Butler, Nebraska",0.0
251,"Butler, Ohio",0.0
252,"Butler, Pennsylvania",0.0
253,"Butte, California",0.0
254,"Butte, Idaho",0.0
255,"Butte, South Dakota",0.0
256,"Cabarrus, North Carolina",0.0
257,"Cabell, West Virginia",0.0
258,"Cache, Utah",0.0
259,"Caddo parish, Louisiana",0.0
260,"Caddo, Louisiana",0.0
261,"Calaveras, California",0.0
262,"Calcasieu, Louisiana",0.000546875
263,"Caldwell, Kentucky",0.0
264,"Caldwell, Louisiana",0.0
265,"Caldwell, Missouri",0.0
266,"Caldwell, North Carolina",0.0
267,"Caldwell, Texas",0.0
268,"Caledonia, Vermont",0.0
269,"Calhoun, Alabama",0.0
270,"Calhoun, Arkansas",0.0
271,"Calhoun, Florida",0.0
272,"Calhoun, Illinois",0.0
273,"Calhoun, Michigan",0.0
274,"Calhoun, South Carolina",0.0
275,"Calhoun, Texas",0.0
276,"Calhoun, West Virginia",0.0
277,"Callahan, Texas",0.0
278,"Callaway, Missouri",0.0
279,"Calloway, Kentucky",0.0
280,"Calumet, Wisconsin",0.0
281,"Calvert, Maryland",0.0
282,"Cambria county, Pennsylvania",0.0
283,"Cambria, Pennsylvania",0.0
284,"Camden, Missouri",0.0
285,"Camden, New Jersey",0.0
286,"Camden, North Carolina",0.0
287,"Cameron, Louisiana",0.0
288,"Cameron, Pennsylvania",0.0
289,"Cameron, Texas",0.0
290,"Camp, Texas",0.0
291,"Campbell, Kentucky",0.0
292,"Campbell, Virginia",0.0
293,"Campbell, Wyoming",0.0
294,"Canyon, Idaho",0.0
295,"Cape girardeau, Missouri",0.0
296,"Cape may, New Jersey",0.0
297,"Carbon, Montana",0.0
298,"Carbon, Pennsylvania",0.0
299,"Carbon, Utah",0.0
300,"Carbon, Wyoming",0.0
301,"Caribou, Idaho",0.0
302,"Carlisle, Kentucky",0.0
303,"Carlton, Minnesota",0.0
304,"Caroline, Maryland",0.0
305,"Caroline, Virginia",0.0
306,"Carroll, Arkansas",0.0
307,"Carroll, Illinois",0.0
308,"Carroll, Indiana",0.0
309,"Carroll, Kentucky",0.0
310,"Carroll, Maryland",0.0
311,"Carroll, Missouri",0.0
312,"Carroll, New Hampshire",0.0
313,"Carroll, Virginia",0.0
314,"Carson city, Nevada",0.0
315,"Carson, Texas",0.0
316,"Carter, Kentucky",0.0
317,"Carter, Missouri",0.0
318,"Carter, Montana",0.0
319,"Carteret, North Carolina",0.0
320,"Carver, Minnesota",0.0
321,"Cascade, Montana",0.0
322,"Casey, Kentucky",0.0
323,"Cass, Illinois",0.0
324,"Cass, Indiana",0.0
325,"Cass, Michigan",0.0
326,"Cass, Minnesota",0.0
327,"Cass, Missouri",0.0
328,"Cass, Nebraska",0.0
329,"Cass, North Dakota",0.0
330,"Cass, Texas",0.0
331,"Cassia, Idaho",0.0
332,"Castro, Texas",0.0
333,"Caswell, North Carolina",0.0
334,"Catahoula, Louisiana",0.0
335,"Catawba, North Carolina",0.0
336,"Catron, New Mexico",0.0
337,"Cattaraugus, New York",0.0
338,"Cayuga county, New York",0.0
339,"Cayuga, New York",0.0
340,"Cecil, Maryland",0.0
341,"Cedar, Missouri",0.0
342,"Cedar, Nebraska",0.0
343,"Centre county, Pennsylvania",0.0
344,"Centre, Pennsylvania",0.0
345,"Chambers, Alabama",0.0
346,"Chambers, Texas",0.0
347,"Champaign, Illinois",0.0
348,"Chariton, Missouri",0.0
349,"Charles mix, South Dakota",0.0
350,"Charles, Maryland",0.0
351,"Charleston county, South Carolina",0.0
352,"Charleston, South Carolina",0.0
353,"Charlevoix, Michigan",0.0
354,"Charlotte, Florida",0.0
355,"Charlotte, Virginia",0.0
356,"Chase, Nebraska",0.0
357,"Chatham, North Carolina",0.0
358,"Chautauqua, Kansas",0.0
359,"Chautauqua, New York",0.0
360,"Chaves, New Mexico",0.0
361,"Cheboygan, Michigan",0.0
362,"Chelan, Washington",0.0
363,"Chemung, New York",0.0
364,"Chenango, New York",0.0
365,"Cherokee, Alabama",0.0
366,"Cherokee, Kansas",0.0
367,"Cherokee, North Carolina",0.0
368,"Cherokee, South Carolina",0.0
369,"Cherokee, Texas",0.0
370,"Cherry, Nebraska",0.0
371,"Chesapeake city, Virginia",0.0
372,"Cheshire, New Hampshire",0.0
373,"Chester county, Pennsylvania",0.0
374,"Chester, Pennsylvania",0.0
375,"Chester, South Carolina",0.0
376,"Chesterfield, South Carolina",0.0
377,"Chesterfield, Virginia",0.0
378,"Cheyenne, Nebraska",0.0
379,"Chicot, Arkansas",0.0
380,"Chilton, Alabama",0.0
381,"Chippewa, Michigan",0.0
382,"Chippewa, Minnesota",0.0
383,"Chippewa, Wisconsin",0.0
384,"Chisago, Minnesota",0.0
385,"Chittenden, Vermont",0.0
386,"Choctaw, Alabama",0.0
387,"Chouteau, Montana",0.0
388,"Chowan, North Carolina",0.0
389,"Christian, Illinois",0.0
390,"Christian, Kentucky",0.0
391,"Christian, Missouri",0.0
392,"Churchill, Nevada",0.0
393,"Cibola, New Mexico",0.0
394,"Citrus county, Florida",0.0
395,"Citrus, Florida",0.0
396,"Clackamas, Oregon",0.0
397,"Claiborne, Louisiana",0.0
398,"Clallam, Washington",0.0
399,"Clare, Michigan",0.0
400,"Clarendon, South Carolina",0.0
401,"Clarion, Pennsylvania",0.0
402,"Clark county, Nevada",0.0
403,"Clark, Arkansas",0.0
404,"Clark, Illinois",0.0
405,"Clark, Indiana",0.0
406,"Clark, Kentucky",0.0
407,"Clark, Missouri",0.0
408,"Clark, Nevada",0.0
409,"Clark, Ohio",0.0
410,"Clark, South Dakota",0.0
411,"Clark, Washington",0.0
412,"Clark, Wisconsin",0.0
413,"Clarke, Alabama",0.0
414,"Clarke, Virginia",0.0
415,"Clatsop, Oregon",0.0
416,"Clay, Alabama",0.0
417,"Clay, Arkansas",0.0
418,"Clay, Florida",0.0
419,"Clay, Illinois",0.0
420,"Clay, Indiana",0.0
421,"Clay, Kentucky",0.0
422,"Clay, Minnesota",0.0
423,"Clay, Missouri",0.0
424,"Clay, Nebraska",0.0
425,"Clay, North Carolina",0.0
426,"Clay, South Dakota",0.0
427,"Clay, Texas",0.0
428,"Clay, West Virginia",0.0
429,"Clearfield county, Pennsylvania",0.0
430,"Clearfield, Pennsylvania",0.0
431,"Clearwater, Idaho",0.0
432,"Clearwater, Minnesota",0.0
433,"Cleburne, Alabama",0.0
434,"Cleburne, Arkansas",0.0
435,"Cleveland, Arkansas",0.0
436,"Cleveland, North Carolina",0.0
437,"Clinton, Illinois",0.0
438,"Clinton, Indiana",0.0
439,"Clinton, Iowa",0.0
440,"Clinton, Kentucky",0.0
441,"Clinton, Michigan",0.0
442,"Clinton, Missouri",0.0
443,"Clinton, New York",0.0
444,"Clinton, Pennsylvania",0.0
445,"Cochise, Arizona",0.0
446,"Cochran, Texas",0.0
447,"Coconino, Arizona",0.0007936507936507937
448,"Codington, South Dakota",0.0
449,"Coffee, Alabama",0.0
450,"Coffey, Kansas",0.0
451,"Coke, Texas",0.0
452,"Colbert, Alabama",0.0
453,"Cole, Missouri",0.0
454,"Coleman, Texas",0.0
455,"Coles, Illinois",0.0
456,"Colfax, Nebraska",0.0
457,"Colfax, New Mexico",0.0
458,"Colleton, South Carolina",0.0
459,"Collier, Florida",0.0003548387096774194
460,"Collin, Texas",0.0
461,"Collingsworth, Texas",0.0
462,"Colorado, Texas",0.0
463,"Columbia, Arkansas",0.0
464,"Columbia, Florida",9.999999999999999e-05
465,"Columbia, New York",0.0
466,"Columbia, Oregon",0.0
467,"Columbia, Pennsylvania",0.0
468,"Columbia, Washington",0.0
469,"Columbia, Wisconsin",0.0
470,"Columbus county, North Carolina",0.0
471,"Columbus, North Carolina",0.0
472,"Colusa, California",0.0
473,"Comal, Texas",0.0
474,"Comanche, Texas",0.0
475,"Concho, Texas",0.0
476,"Concordia, Louisiana",0.0
477,"Conecuh, Alabama",0.0
478,"Contra costa, California",0.0
479,"Converse, Wyoming",0.0
480,"Conway, Arkansas",0.0
481,"Cook, Illinois",0.0
482,"Cook, Minnesota",0.0
483,"Cooke, Texas",0.0
484,"Cooper, Missouri",0.0
485,"Coos, New Hampshire",0.0
486,"Coos, Oregon",0.0
487,"Coosa, Alabama",0.0
488,"Corson, South Dakota",0.0
489,"Cortland, New York",0.0
490,"Coryell, Texas",0.0
491,"Cottle, Texas",0.0
492,"Cottonwood, Minnesota",0.0
493,"Covington, Alabama",0.0
494,"Covington, Virginia",0.0
495,"Cowley, Kansas",0.0
496,"Cowlitz, Washington",0.0
497,"Craighead, Arkansas",0.0
498,"Crane, Texas",0.0
499,"Craven, North Carolina",0.0
500,"Crawford county, Pennsylvania",0.0
501,"Crawford, Arkansas",0.0
502,"Crawford, Illinois",0.0
503,"Crawford, Indiana",0.0
504,"Crawford, Kansas",0.0
505,"Crawford, Michigan",0.0
506,"Crawford, Missouri",0.0
507,"Crawford, Pennsylvania",0.0
508,"Crawford, Wisconsin",0.0
509,"Crenshaw, Alabama",0.0
510,"Crittenden, Arkansas",0.0
511,"Crittenden, Kentucky",0.0
512,"Crockett, Texas",0.0
513,"Crook, Oregon",0.0
514,"Crook, Wyoming",0.0
515,"Crosby, Texas",0.0
516,"Cross, Arkansas",0.0
517,"Crow wing, Minnesota",0.0018867924528301887
518,"Culberson, Texas",0.0
519,"Cullman, Alabama",0.0
520,"Culpeper, Virginia",0.0
521,"Cumberland county, Pennsylvania",0.0
522,"Cumberland, Illinois",0.0
523,"Cumberland, Kentucky",0.0
524,"Cumberland, Maine",0.0
525,"Cumberland, New Jersey",0.0
526,"Cumberland, North Carolina",0.0
527,"Cumberland, Pennsylvania",0.0
528,"Cumberland, Virginia",0.0
529,"Cuming, Nebraska",0.0
530,"Currituck, North Carolina",0.0
531,"Curry, New Mexico",0.0
532,"Curry, Oregon",0.0
533,"Custer, Idaho",0.0
534,"Custer, Montana",0.0
535,"Custer, Nebraska",0.0
536,"Custer, South Dakota",0.0
537,"Dade, Florida",0.0
538,"Dade, Missouri",0.0
539,"Daggett, Utah",0.0
540,"Dakota, Minnesota",0.0
541,"Dakota, Nebraska",0.0
542,"Dale, Alabama",0.0
543,"Dallam, Texas",0.0
544,"Dallas, Alabama",0.0
545,"Dallas, Arkansas",0.0
546,"Dallas, Missouri",0.0
547,"Dallas, Texas",0.0
548,"Dane, Wisconsin",0.0
549,"Daniels, Montana",0.0
550,"Danville, Virginia",0.0
551,"Dare, North Carolina",0.0
552,"Darlington, South Carolina",0.0
553,"Dauphin county, Pennsylvania",0.0
554,"Dauphin, Pennsylvania",0.0
555,"Davidson, North Carolina",0.0
556,"Davie, North Carolina",0.0
557,"Daviess, Indiana",0.0
558,"Daviess, Kentucky",0.0
559,"Daviess, Missouri",0.0
560,"Davis, Utah",0.0
561,"Dawes, Nebraska",0.0
562,"Dawson, Montana",0.0
563,"Dawson, Nebraska",0.0
564,"Dawson, Texas",0.0
565,"Day, South Dakota",0.0
566,"De baca, New Mexico",0.0
567,"De kalb, Indiana",0.0
568,"De kalb, Missouri",0.0
569,"De soto, Florida",0.0
570,"De soto, Louisiana",0.0
571,"De witt, Illinois",0.0
572,"Deaf smith, Texas",0.0
573,"Dearborn, Indiana",0.0
574,"Decatur, Indiana",0.0
575,"Deer lodge, Montana",0.0
576,"Defiance, Ohio",0.0
577,"Dekalb, Alabama",0.0
578,"Dekalb, Illinois",0.0
579,"Dekalb, Indiana",0.0
580,"Dekalb, Missouri",0.0
581,"Delaware, Indiana",0.0
582,"Delaware, New York",0.0
583,"Delaware, Pennsylvania",0.0
584,"Delta, Michigan",0.0
585,"Delta, Texas",0.0
586,"Dent, Missouri",0.0
587,"Denton, Texas",0.0
588,"Deschutes, Oregon",0.0
589,"Desha, Arkansas",0.0
590,"Desoto, Florida",0.0
591,"Deuel, Nebraska",0.0
592,"Dewey, South Dakota",0.0
593,"Dewitt, Texas",0.0
594,"Dickens, Texas",0.0
595,"Dickey, North Dakota",0.0
596,"Dickinson, Iowa",0.0
597,"Dickinson, Kansas",0.0
598,"Dickinson, Michigan",0.0
599,"Dillon, South Carolina",0.0
600,"Dimmit, Texas",0.0
601,"Dinwiddie, Virginia",0.0
602,"District of columbia, District of Columbia",0.0
603,"Dixie, Florida",0.0
604,"Dixon, Nebraska",0.0
605,"Doddridge, West Virginia",0.0
606,"Dodge, Minnesota",0.0
607,"Dodge, Nebraska",0.0
608,"Dodge, Wisconsin",0.0
609,"Dona ana, New Mexico",0.001409090909090909
610,"Donley, Texas",0.0
611,"Door, Wisconsin",0.0
612,"Dorchester, Maryland",0.0
613,"Dorchester, South Carolina",0.0
614,"Douglas, Illinois",0.0
615,"Douglas, Kansas",0.0
616,"Douglas, Minnesota",0.0
617,"Douglas, Missouri",0.0
618,"Douglas, Nebraska",0.0
619,"Douglas, Nevada",0.0
620,"Douglas, Oregon",0.0
621,"Douglas, Washington",0.0
622,"Douglas, Wisconsin",0.0
623,"Drew, Arkansas",0.0
624,"Du page, Illinois",0.0
625,"Dubois, Indiana",0.0
626,"Duchesne, Utah",0.0
627,"Dukes, Massachusetts",0.0
628,"Dundy, Nebraska",0.0
629,"Dunklin, Missouri",0.0
630,"Dunn, Wisconsin",0.0
631,"Dupage, Illinois",0.0
632,"Duplin, North Carolina",0.0
633,"Durham, North Carolina",0.0
634,"Dutchess, New York",0.0
635,"Duval county, Florida",0.0
636,"Duval, Florida",0.0
637,"Duval, Texas",0.0
638,"East baton rouge parish, Louisiana",0.0
639,"East baton rouge, Louisiana",0.0
640,"East carroll, Louisiana",0.0
641,"East feliciana, Louisiana",0.0
642,"Eastland, Texas",0.0
643,"Eaton, Michigan",0.0
644,"Eau claire, Wisconsin",0.0
645,"Ector, Texas",0.02903225806451613
646,"Eddy, New Mexico",0.0
647,"Edgar, Illinois",0.0
648,"Edgecombe, North Carolina",0.0
649,"Edmonson, Kentucky",0.0
650,"Edwards, Illinois",0.0
651,"Edwards, Texas",0.0
652,"Effingham, Illinois",0.0
653,"El dorado, California",0.0
654,"El paso, Texas",0.0
655,"Elk, Kansas",0.0
656,"Elk, Pennsylvania",0.0
657,"Elkhart, Indiana",0.0
658,"Elko, Nevada",0.0
659,"Elliott, Kentucky",0.0
660,"Ellis, Texas",0.0
661,"Ellsworth, Kansas",0.0
662,"Elmore, Alabama",0.0
663,"Elmore, Idaho",0.0
664,"Emery, Utah",0.0
665,"Emmet, Michigan",0.0
666,"Erath, Texas",0.0
667,"Erie county, Pennsylvania",0.0
668,"Erie, New York",0.0
669,"Erie, Pennsylvania",0.0
670,"Escambia, Alabama",0.0
671,"Escambia, Florida",0.0
672,"Esmeralda, Nevada",0.0
673,"Essex county, New York",0.0
674,"Essex, Massachusetts",0.0
675,"Essex, New Jersey",0.0
676,"Essex, New York",0.0
677,"Essex, Vermont",0.0
678,"Estill, Kentucky",0.0
679,"Etowah, Alabama",0.0
680,"Eureka county, Nevada",0.0
681,"Eureka, Nevada",0.0
682,"Evangeline parish, Louisiana",0.0
683,"Evangeline, Louisiana",0.0013157894736842105
684,"Fairbanks north star, Alaska",0.0
685,"Fairfax, Virginia",0.0
686,"Fairfield, Connecticut",0.0
687,"Fairfield, South Carolina",0.0
688,"Fall river, South Dakota",0.0
689,"Fallon, Montana",0.0
690,"Falls, Texas",0.0
691,"Fannin, Texas",0.0
692,"Faulk, South Dakota",0.0
693,"Fauquier, Virginia",0.0
694,"Fayette, Alabama",0.0
695,"Fayette, Illinois",0.0
696,"Fayette, Indiana",0.0
697,"Fayette, Kentucky",0.0
698,"Fayette, Pennsylvania",0.0
699,"Fayette, Texas",0.0
700,"Fayette, West Virginia",0.0
701,"Fergus, Montana",0.0
702,"Ferry, Washington",0.0
703,"Fillmore, Minnesota",0.0
704,"Fillmore, Nebraska",0.0
705,"Finney, Kansas",0.0
706,"Fisher, Texas",0.0
707,"Flagler, Florida",0.0
708,"Flathead, Montana",0.0
709,"Fleming, Kentucky",0.0
710,"Florence, South Carolina",0.0
711,"Florence, Wisconsin",0.0
712,"Floyd, Indiana",0.0
713,"Floyd, Kentucky",0.0
714,"Floyd, Texas",0.0
715,"Fluvanna, Virginia",0.0
716,"Foard, Texas",0.0
717,"Fond du lac, Wisconsin",0.0
718,"Ford, Illinois",0.0
719,"Forest, Pennsylvania",0.0
720,"Forest, Wisconsin",0.0
721,"Forsyth, North Carolina",0.0
722,"Fort bend county, Texas",0.0
723,"Fort bend, Texas",0.0
724,"Fountain, Indiana",0.0
725,"Franklin county, Missouri",0.0
726,"Franklin county, New York",0.0
727,"Franklin county, Pennsylvania",0.0
728,"Franklin, Alabama",0.0
729,"Franklin, Arkansas",0.0
730,"Franklin, Florida",0.0
731,"Franklin, Idaho",0.0
732,"Franklin, Illinois",0.0
733,"Franklin, Indiana",0.0
734,"Franklin, Kansas",0.0
735,"Franklin, Kentucky",0.0
736,"Franklin, Louisiana",0.0
737,"Franklin, Maine",0.0
738,"Franklin, Massachusetts",0.0
739,"Franklin, Missouri",0.0
740,"Franklin, Nebraska",0.0
741,"Franklin, New York",0.0
742,"Franklin, North Carolina",0.0
743,"Franklin, Ohio",0.0
744,"Franklin, Pennsylvania",0.0
745,"Franklin, Texas",0.0
746,"Franklin, Vermont",0.0
747,"Franklin, Virginia",0.0
748,"Franklin, Washington",0.0
749,"Frederick, Maryland",0.0
750,"Frederick, Virginia",0.0
751,"Freeborn, Minnesota",0.0
752,"Freestone, Texas",0.0
753,"Fremont, Idaho",0.0
754,"Fremont, Wyoming",0.0
755,"Fresno, California",0.0
756,"Frio, Texas",0.0
757,"Frontier, Nebraska",0.0
758,"Fulton, Arkansas",0.0
759,"Fulton, Illinois",0.0
760,"Fulton, Indiana",0.0
761,"Fulton, Kentucky",0.0
762,"Fulton, New York",0.0
763,"Fulton, Pennsylvania",0.0
764,"Furnas, Nebraska",0.0
765,"Gadsden, Florida",0.0
766,"Gage, Nebraska",0.0
767,"Gaines, Texas",0.0
768,"Galax, Virginia",0.0
769,"Gallatin, Illinois",0.0
770,"Gallatin, Kentucky",0.0
771,"Gallatin, Montana",0.0
772,"Galveston, Texas",0.0
773,"Garden, Nebraska",0.0
774,"Garfield, Montana",0.0
775,"Garfield, Nebraska",0.0
776,"Garfield, Utah",0.0
777,"Garfield, Washington",0.0
778,"Garland, Arkansas",0.0
779,"Garrard, Kentucky",0.0
780,"Garrett, Maryland",0.0
781,"Garza, Texas",0.0
782,"Gasconade, Missouri",0.0
783,"Gaston, North Carolina",0.0
784,"Gates, North Carolina",0.0
785,"Geary, Kansas",0.0
786,"Geauga, Ohio",0.0
787,"Gem, Idaho",0.0
788,"Genesee, Michigan",0.0
789,"Genesee, New York",0.0
790,"Geneva, Alabama",0.0
791,"Gentry, Missouri",0.0
792,"Georgetown, South Carolina",0.0
793,"Gibson, Indiana",0.0
794,"Gila, Arizona",0.0
795,"Gilchrist, Florida",0.0
796,"Giles, Tennessee",0.0
797,"Giles, Virginia",0.0
798,"Gillespie, Texas",0.0
799,"Gilliam, Oregon",0.0
800,"Gilmer, West Virginia",0.0
801,"Glacier, Montana",0.0
802,"Glades, Florida",0.0
803,"Gladwin, Michigan",0.0
804,"Glasscock, Texas",0.0
805,"Gloucester, New Jersey",0.0
806,"Gogebic, Michigan",0.0
807,"Golden valley, Montana",0.0
808,"Goliad, Texas",0.0
809,"Gonzales, Texas",0.0
810,"Goochland, Virginia",0.0
811,"Goodhue, Minnesota",0.0
812,"Gooding, Idaho",0.0
813,"Goshen, Wyoming",0.0
814,"Gosper, Nebraska",0.0
815,"Grafton, New Hampshire",0.0
816,"Graham county, Arizona",0.0
817,"Graham, Arizona",0.0
818,"Graham, North Carolina",0.0
819,"Grand isle, Vermont",0.0
820,"Grand traverse, Michigan",0.0
821,"Grand, Utah",0.0
822,"Granite, Montana",0.0
823,"Grant, Arkansas",0.0
824,"Grant, Indiana",0.0
825,"Grant, Kansas",0.0
826,"Grant, Kentucky",0.0
827,"Grant, Louisiana",0.0
828,"Grant, Minnesota",0.0
829,"Grant, Nebraska",0.0
830,"Grant, New Mexico",0.0
831,"Grant, North Dakota",0.0
832,"Grant, Oklahoma",0.0
833,"Grant, Oregon",0.0
834,"Grant, South Dakota",0.0
835,"Grant, Washington",0.0
836,"Grant, West Virginia",0.0
837,"Grant, Wisconsin",0.0
838,"Granville, North Carolina",0.0
839,"Gratiot, Michigan",0.0
840,"Graves, Kentucky",0.0
841,"Gray, Texas",0.0
842,"Grays harbor, Washington",0.0
843,"Grayson, Kentucky",0.0
844,"Grayson, Texas",0.0
845,"Grayson, Virginia",0.0
846,"Greeley, Nebraska",0.0
847,"Green lake, Wisconsin",0.0
848,"Green, Kentucky",0.0
849,"Green, Wisconsin",0.0
850,"Greenbrier, West Virginia",0.0
851,"Greene, Alabama",0.0
852,"Greene, Arkansas",0.0
853,"Greene, Illinois",0.0
854,"Greene, Indiana",0.0
855,"Greene, Missouri",0.0
856,"Greene, New York",0.0
857,"Greene, North Carolina",0.0
858,"Greene, Pennsylvania",0.0
859,"Greene, Virginia",0.0
860,"Greenlee, Arizona",0.0
861,"Greensville, Virginia",0.0
862,"Greenup, Kentucky",0.0
863,"Greenville, South Carolina",0.0
864,"Greenwood, Kansas",0.0
865,"Greenwood, South Carolina",0.0
866,"Gregg, Texas",0.0
867,"Gregory, South Dakota",0.0
868,"Grimes, Texas",0.0
869,"Grundy, Illinois",0.0
870,"Grundy, Missouri",0.0
871,"Guadalupe, New Mexico",0.0
872,"Guadalupe, Texas",0.0
873,"Guilford, North Carolina",0.0
874,"Guillford, North Carolina",0.0
875,"Gulf, Florida",0.0
876,"Hale, Alabama",0.0
877,"Hale, Texas",0.0
878,"Halifax, North Carolina",0.0
879,"Halifax, Virginia",0.0
880,"Hall, Nebraska",0.0
881,"Hall, Texas",0.0
882,"Hamilton, Florida",0.0
883,"Hamilton, Indiana",0.0
884,"Hamilton, Nebraska",0.0
885,"Hamilton, New York",0.0
886,"Hamilton, Tennessee",0.0
887,"Hamilton, Texas",0.0
888,"Hamlin, South Dakota",0.0
889,"Hampden, Massachusetts",0.0
890,"Hampshire, Massachusetts",0.0
891,"Hampshire, West Virginia",0.0
892,"Hampton, South Carolina",0.0
893,"Hancock, Illinois",0.0
894,"Hancock, Indiana",0.0
895,"Hancock, Kentucky",0.0
896,"Hancock, Maine",0.0
897,"Hancock, West Virginia",0.0
898,"Hanover, Virginia",0.0
899,"Hansford, Texas",0.0
900,"Hardee, Florida",0.0
901,"Hardeman, Texas",0.0
902,"Hardin, Illinois",0.0
903,"Hardin, Kentucky",0.0
904,"Hardin, Texas",0.0
905,"Harding, New Mexico",0.0
906,"Harding, South Dakota",0.0
907,"Hardy, West Virginia",0.0
908,"Harford county, Maryland",0.0
909,"Harford, Maryland",0.0
910,"Harlan, Kentucky",0.0
911,"Harlan, Nebraska",0.0
912,"Harnett, North Carolina",0.0
913,"Harney, Oregon",0.0
914,"Harris, Texas",0.0
915,"Harrison, Indiana",0.0
916,"Harrison, Kentucky",0.0
917,"Harrison, Missouri",0.0
918,"Harrison, Texas",0.0
919,"Harrison, West Virginia",0.0
920,"Harrisonburg, Virginia",0.0
921,"Hart, Kentucky",0.0
922,"Hartford, Connecticut",0.0
923,"Hartley, Texas",0.0
924,"Haskell, Texas",0.0
925,"Hawaii, Hawaii",0.0
926,"Hawkins, Tennessee",0.0
927,"Hayes, Nebraska",0.0
928,"Hays, Texas",0.0
929,"Haywood, North Carolina",0.0
930,"Hemphill, Texas",0.0
931,"Hempstead, Arkansas",0.0
932,"Henderson, Illinois",0.0
933,"Henderson, Kentucky",0.0
934,"Henderson, North Carolina",0.0
935,"Henderson, Texas",0.0
936,"Hendricks, Indiana",0.0
937,"Hendry, Florida",0.0
938,"Hennepin, Minnesota",0.0
939,"Henrico, Virginia",0.0
940,"Henry, Alabama",0.0
941,"Henry, Illinois",0.0
942,"Henry, Indiana",0.0
943,"Henry, Kentucky",0.0
944,"Henry, Missouri",0.0
945,"Henry, Virginia",0.0
946,"Herkimer, New York",0.0
947,"Hernando, Florida",0.0
948,"Hertford, North Carolina",0.0
949,"Hickman, Kentucky",0.0
950,"Hickory, Missouri",0.0
951,"Hidalgo, New Mexico",0.0
952,"Hidalgo, Texas",0.0
953,"Highlands, Florida",1.985294117647059e-05
954,"Hill, Montana",0.0
955,"Hill, Texas",0.0
956,"Hills, Florida",3.491271820448878e-05
957,"Hills, New Hampshire",0.0
958,"Hillsborough county, Florida",0.0
959,"Hillsborough county, New Hampshire",0.0
960,"Hillsborough, Florida",0.0
961,"Hillsborough, New Hampshire",0.0
962,"Hillsdale, Michigan",0.0
963,"Hitchcock, Nebraska",0.0
964,"Hockley, Texas",0.0
965,"Hoke, North Carolina",0.0
966,"Holmes, Florida",0.0
967,"Holt, Missouri",0.0
968,"Holt, Nebraska",0.0
969,"Honolulu, Hawaii",0.0
970,"Hood river, Oregon",0.0
971,"Hood, Texas",0.0
972,"Hooker, Nebraska",0.0
973,"Hopewell, Virginia",0.0
974,"Hopkins, Kentucky",0.0
975,"Hopkins, Texas",0.0
976,"Horry, South Carolina",0.0
977,"Hot spring, Arkansas",0.0
978,"Hot springs, Wyoming",0.0
979,"Houghton, Michigan",0.0
980,"Houston, Alabama",0.0
981,"Houston, Minnesota",0.0
982,"Houston, Texas",0.0
983,"Howard, Arkansas",0.0
984,"Howard, Indiana",0.0
985,"Howard, Maryland",0.0
986,"Howard, Missouri",0.0
987,"Howard, Nebraska",0.0
988,"Howard, Texas",0.0
989,"Howell, Missouri",0.0
990,"Hubbard, Minnesota",0.0
991,"Hudson, New Jersey",0.0
992,"Hudspeth, Texas",0.0
993,"Hughes, South Dakota",0.0
994,"Humboldt, Nevada",0.0
995,"Hunt, Texas",0.0
996,"Hunterdon, New Jersey",0.0
997,"Huntingdon, Pennsylvania",0.0
998,"Huntington, Indiana",0.0
999,"Huron, Michigan",0.0
1000,"Hutchinson, Texas",0.0
1001,"Hyde, North Carolina",0.0
1002,"Iberia parish, Louisiana",0.0
1003,"Iberia, Louisiana",0.0
1004,"Iberville, Louisiana",0.0
1005,"Idaho, Idaho",0.0
1006,"Imperial, California",0.0
1007,"Independence, Arkansas",0.0
1008,"Indian river, Florida",0.0
1009,"Indiana, Pennsylvania",0.0
1010,"Ingham, Michigan",0.0
1011,"Inyo, California",0.0
1012,"Ionia, Michigan",0.0
1013,"Iosco, Michigan",0.0
1014,"Iowa, Wisconsin",0.0
1015,"Iredell, North Carolina",0.0
1016,"Irion, Texas",0.0
1017,"Iron, Michigan",0.0
1018,"Iron, Missouri",0.0
1019,"Iron, Utah",0.0
1020,"Iron, Wisconsin",0.0
1021,"Iroquois, Illinois",0.0
1022,"Isabella, Michigan",0.0
1023,"Isanti, Minnesota",0.0
1024,"Island, Washington",0.0
1025,"Itasca, Minnesota",0.0
1026,"Izard, Arkansas",0.0
1027,"Jack, Texas",0.0
1028,"Jackson county, Florida",0.0
1029,"Jackson, Alabama",0.0
1030,"Jackson, Arkansas",0.0
1031,"Jackson, Florida",0.0
1032,"Jackson, Illinois",0.0
1033,"Jackson, Indiana",0.0
1034,"Jackson, Kansas",0.0
1035,"Jackson, Kentucky",0.0
1036,"Jackson, Louisiana",0.0
1037,"Jackson, Michigan",0.0
1038,"Jackson, Minnesota",0.0
1039,"Jackson, Missouri",0.0
1040,"Jackson, North Carolina",5.339805825242718e-05
1041,"Jackson, Oregon",0.0
1042,"Jackson, Texas",0.0
1043,"Jackson, West Virginia",0.0
1044,"Jackson, Wisconsin",0.0
1045,"James city, Virginia",0.0
1046,"Jasper county, Missouri",0.0
1047,"Jasper, Illinois",0.0
1048,"Jasper, Indiana",0.0
1049,"Jasper, Missouri",0.0
1050,"Jasper, South Carolina",0.0
1051,"Jasper, Texas",0.0
1052,"Jay, Indiana",0.0
1053,"Jeff davis, Texas",0.0
1054,"Jefferson county, Florida",0.0
1055,"Jefferson county, Pennsylvania",0.0
1056,"Jefferson davis, Louisiana",0.0
1057,"Jefferson, Alabama",0.0
1058,"Jefferson, Arkansas",0.0
1059,"Jefferson, Florida",0.0
1060,"Jefferson, Idaho",0.0
1061,"Jefferson, Indiana",0.0
1062,"Jefferson, Kansas",0.0
1063,"Jefferson, Kentucky",0.0
1064,"Jefferson, Louisiana",0.0
1065,"Jefferson, Missouri",0.0
1066,"Jefferson, Montana",0.0
1067,"Jefferson, Nebraska",0.0
1068,"Jefferson, New York",0.0
1069,"Jefferson, Oregon",0.0
1070,"Jefferson, Pennsylvania",0.0
1071,"Jefferson, Texas",0.0
1072,"Jefferson, Washington",0.0
1073,"Jefferson, West Virginia",0.0
1074,"Jefferson, Wisconsin",0.0
1075,"Jennings, Indiana",0.004
1076,"Jerauld, South Dakota",0.0
1077,"Jerome, Idaho",0.0
1078,"Jersey, Illinois",0.0
1079,"Jessamine, Kentucky",0.0
1080,"Jim hogg, Texas",0.0
1081,"Jim wells, Texas",0.0
1082,"Jo daviess, Illinois",0.0
1083,"Johnson, Arkansas",0.0
1084,"Johnson, Illinois",0.0
1085,"Johnson, Indiana",0.0
1086,"Johnson, Kansas",0.0
1087,"Johnson, Kentucky",0.0
1088,"Johnson, Missouri",0.0
1089,"Johnson, Nebraska",0.0
1090,"Johnson, Texas",0.0
1091,"Johnson, Wyoming",0.0
1092,"Johnston, North Carolina",0.0
1093,"Jones, North Carolina",0.0
1094,"Jones, Texas",0.0
1095,"Josephine, Oregon",0.0
1096,"Juab, Utah",0.0
1097,"Judith basin, Montana",0.0
1098,"Juneau city and, Alaska",0.0
1099,"Juneau, Wisconsin",0.0
1100,"Juniata, Pennsylvania",0.0
1101,"Kalamazoo, Michigan",0.0
1102,"Kalkaska, Michigan",0.0
1103,"Kanabec, Minnesota",0.0
1104,"Kanawha, West Virginia",0.0
1105,"Kandiyohi, Minnesota",0.0
1106,"Kane, Illinois",0.0
1107,"Kane, Utah",0.0
1108,"Kankakee, Illinois",0.0
1109,"Karnes, Texas",0.0
1110,"Kauai, Hawaii",0.0
1111,"Kaufman, Texas",0.0
1112,"Kearney, Nebraska",0.0
1113,"Keith, Nebraska",0.0
1114,"Kendall, Illinois",0.0
1115,"Kendall, Texas",0.0
1116,"Kenedy, Texas",0.0
1117,"Kennebec, Maine",0.0
1118,"Kenosha, Wisconsin",0.0
1119,"Kent, Maryland",0.0
1120,"Kent, Michigan",0.0
1121,"Kent, Rhode Island",0.0
1122,"Kent, Texas",0.0
1123,"Kenton, Kentucky",0.0
1124,"Kern, California",0.0
1125,"Kerr, Texas",0.0
1126,"Kershaw, South Carolina",0.0
1127,"Ketchikan gateway, Alaska",0.0
1128,"Kewaunee, Wisconsin",0.0
1129,"Keweenaw, Michigan",0.0
1130,"Keya paha, Nebraska",0.0
1131,"Kimball, Nebraska",0.0
1132,"Kimble, Texas",0.0
1133,"King george, Virginia",0.0
1134,"King william, Virginia",0.0
1135,"King, Texas",0.0
1136,"King, Washington",0.0
1137,"Kings, California",0.0
1138,"Kingsbury, South Dakota",0.0
1139,"Kinney, Texas",0.0
1140,"Kitsap, Washington",0.0
1141,"Kittitas, Washington",0.0
1142,"Kittson, Minnesota",0.0
1143,"Klamath, Oregon",0.0
1144,"Kleberg, Texas",0.0
1145,"Klickitat, Washington",0.0
1146,"Knott, Kentucky",0.0
1147,"Knox, Illinois",0.0
1148,"Knox, Indiana",0.0
1149,"Knox, Kentucky",0.0
1150,"Knox, Maine",0.0
1151,"Knox, Nebraska",0.0
1152,"Knox, Ohio",0.0
1153,"Knox, Tennessee",0.0
1154,"Knox, Texas",0.0
1155,"Koochiching county, Minnesota",0.0
1156,"Koochiching, Minnesota",0.0
1157,"Kootenai, Idaho",0.0
1158,"Kosciusko, Indiana",0.0
1159,"La crosse, Wisconsin",0.0
1160,"La grange, Indiana",0.0
1161,"La paz, Arizona",0.0
1162,"La plata, Colorado",0.0
1163,"La porte, Indiana",0.0
1164,"La salle, Illinois",0.0
1165,"La salle, Louisiana",0.0
1166,"La salle, Texas",0.0
1167,"Labette, Kansas",0.0
1168,"Lac qui parle, Minnesota",0.0
1169,"Lackawanna, Pennsylvania",0.0
1170,"Laclede, Missouri",0.0
1171,"Lafayette parish, Louisiana",0.0
1172,"Lafayette, Arkansas",0.0
1173,"Lafayette, Florida",0.0
1174,"Lafayette, Louisiana",0.0
1175,"Lafayette, Missouri",0.0
1176,"Lafayette, Wisconsin",0.0
1177,"Lafourche, Louisiana",0.0
1178,"Lagrange, Indiana",0.0
1179,"Lake, California",0.0
1180,"Lake, Florida",0.0
1181,"Lake, Illinois",8.952380952380952e-05
1182,"Lake, Indiana",0.0
1183,"Lake, Michigan",0.0
1184,"Lake, Minnesota",0.0
1185,"Lake, Montana",0.0
1186,"Lake, Oregon",0.0
1187,"Lake, South Dakota",0.0
1188,"Lamar, Alabama",0.0
1189,"Lamar, Texas",0.0
1190,"Lamb, Texas",0.0
1191,"Lamoille, Vermont",0.0
1192,"Lamoure, North Dakota",0.0
1193,"Lampasas, Texas",0.0
1194,"Lancaster county, Pennsylvania",0.0
1195,"Lancaster, Nebraska",0.0
1196,"Lancaster, Pennsylvania",0.00014035087719298245
1197,"Lancaster, South Carolina",0.0
1198,"Lancaster, Virginia",0.0
1199,"Lander, Nevada",0.0
1200,"Lane, Oregon",0.0
1201,"Langlade, Wisconsin",0.0
1202,"Lapeer, Michigan",0.0
1203,"Laporte, Indiana",0.0
1204,"Laramie, Wyoming",0.0
1205,"Larue, Kentucky",0.0
1206,"Lasalle, Illinois",0.0
1207,"Latah, Idaho",0.0
1208,"Lauderdale, Alabama",0.0
1209,"Laurel, Kentucky",0.0
1210,"Laurens, South Carolina",0.0
1211,"Lavaca, Texas",0.0
1212,"Lawrence county, Arkansas",0.0
1213,"Lawrence, Alabama",0.0
1214,"Lawrence, Arkansas",0.0
1215,"Lawrence, Illinois",0.0
1216,"Lawrence, Indiana",0.0
1217,"Lawrence, Kentucky",0.0
1218,"Lawrence, Missouri",0.0
1219,"Lawrence, Pennsylvania",0.0
1220,"Lawrence, South Dakota",0.0
1221,"Le sueur, Minnesota",0.0
1222,"Lea, New Mexico",0.0
1223,"Leavenworth, Kansas",0.0
1224,"Lebanon county, Pennsylvania",0.0
1225,"Lebanon, Pennsylvania",0.0
1226,"Lee county, South Carolina",0.0
1227,"Lee, Alabama",0.0
1228,"Lee, Arkansas",0.0
1229,"Lee, Florida",0.0
1230,"Lee, Illinois",0.0
1231,"Lee, Kentucky",0.0
1232,"Lee, North Carolina",0.0
1233,"Lee, South Carolina",0.0
1234,"Lee, Texas",0.0
1235,"Lee, Virginia",0.0
1236,"Leelanau, Michigan",0.0
1237,"Lehigh county, Pennsylvania",0.0
1238,"Lehigh, Pennsylvania",0.0
1239,"Lemhi, Idaho",0.0
1240,"Lenawee, Michigan",0.0
1241,"Lenoir, North Carolina",0.0
1242,"Leon, Florida",0.0
1243,"Leon, Texas",0.0
1244,"Leslie, Kentucky",0.0
1245,"Letcher, Kentucky",0.0
1246,"Levy county, Florida",0.0
1247,"Levy, Florida",0.0
1248,"Lewis and clark, Montana",0.0
1249,"Lewis county, Washington",0.0
1250,"Lewis, Idaho",0.0
1251,"Lewis, Kentucky",0.0
1252,"Lewis, Missouri",0.0
1253,"Lewis, New York",0.0
1254,"Lewis, Washington",0.0
1255,"Lewis, West Virginia",0.0
1256,"Lexington county, South Carolina",0.0
1257,"Lexington, South Carolina",0.0
1258,"Liberty, Florida",0.0
1259,"Liberty, Montana",0.0
1260,"Liberty, Texas",0.0
1261,"Licking, Ohio",0.0
1262,"Limestone, Alabama",0.0
1263,"Limestone, Texas",0.0
1264,"Lincoln parish, Louisiana",0.0
1265,"Lincoln, Arkansas",0.0
1266,"Lincoln, Idaho",0.0
1267,"Lincoln, Kentucky",0.0
1268,"Lincoln, Louisiana",0.0
1269,"Lincoln, Maine",0.0
1270,"Lincoln, Minnesota",0.0
1271,"Lincoln, Missouri",0.0
1272,"Lincoln, Montana",0.0
1273,"Lincoln, Nebraska",0.0
1274,"Lincoln, Nevada",0.0
1275,"Lincoln, New Mexico",0.0
1276,"Lincoln, North Carolina",0.0
1277,"Lincoln, Oregon",0.0
1278,"Lincoln, Washington",0.0
1279,"Lincoln, West Virginia",0.0
1280,"Lincoln, Wisconsin",0.0
1281,"Lincoln, Wyoming",0.0
1282,"Linn county, Oregon",0.0
1283,"Linn, Kansas",0.0
1284,"Linn, Missouri",0.0
1285,"Linn, Oregon",0.0
1286,"Lipscomb, Texas",0.0
1287,"Litchfield, Connecticut",0.0
1288,"Little river, Arkansas",0.0
1289,"Live oak, Texas",0.0
1290,"Livingston county, New York",0.0
1291,"Livingston parish, Louisiana",0.0
1292,"Livingston, Illinois",0.0
1293,"Livingston, Kentucky",0.0
1294,"Livingston, Louisiana",0.0
1295,"Livingston, Michigan",0.0
1296,"Livingston, Missouri",0.0
1297,"Livingston, New York",0.0
1298,"Llano, Texas",0.0
1299,"Logan, Arkansas",0.0
1300,"Logan, Illinois",0.0
1301,"Logan, Nebraska",0.0
1302,"Logan, West Virginia",0.0
1303,"Lonoke, Arkansas",0.0
1304,"Los alamos, New Mexico",0.0
1305,"Los angeles, California",0.0
1306,"Loudoun, Virginia",0.0
1307,"Louisa, Virginia",0.0
1308,"Loup, Nebraska",0.0
1309,"Loving, Texas",0.0
1310,"Lowndes, Alabama",0.0
1311,"Lubbock, Texas",0.0
1312,"Lucas, Ohio",0.0
1313,"Luce, Michigan",0.0
1314,"Luna, New Mexico",0.0
1315,"Lunenburg, Virginia",0.0
1316,"Luzerne county, Pennsylvania",0.0
1317,"Luzerne, Pennsylvania",0.0
1318,"Lycoming county, Pennsylvania",0.0
1319,"Lycoming, Pennsylvania",0.0
1320,"Lyman, South Dakota",0.0
1321,"Lynchburg, Virginia",0.0
1322,"Lynn, Texas",0.0
1323,"Lyon, Kansas",0.0
1324,"Lyon, Kentucky",0.0
1325,"Lyon, Minnesota",0.0
1326,"Lyon, Nevada",0.0
1327,"Mackinac, Michigan",0.0
1328,"Macomb, Michigan",0.0
1329,"Macon, Alabama",0.0
1330,"Macon, Illinois",0.0
1331,"Macon, Missouri",0.0
1332,"Macon, North Carolina",0.0
1333,"Macoupin, Illinois",0.0
1334,"Madera county, California",0.0
1335,"Madera, California",0.0
1336,"Madison, Alabama",0.0
1337,"Madison, Florida",0.0
1338,"Madison, Idaho",0.0
1339,"Madison, Illinois",0.0
1340,"Madison, Indiana",0.0
1341,"Madison, Kentucky",0.0
1342,"Madison, Louisiana",0.0
1343,"Madison, Missouri",0.0
1344,"Madison, Montana",0.0
1345,"Madison, Nebraska",0.0
1346,"Madison, New York",0.0
1347,"Madison, North Carolina",0.0
1348,"Madison, Texas",0.0
1349,"Madison, Virginia",0.0
1350,"Magoffin, Kentucky",0.0
1351,"Mahnomen, Minnesota",0.0
1352,"Malheur, Oregon",0.0
1353,"Manassas, Virginia",0.0
1354,"Manatee county, Florida",0.0
1355,"Manatee, Florida",0.0
1356,"Manistee, Michigan",0.0
1357,"Manitowoc, Wisconsin",0.0
1358,"Marathon, Wisconsin",0.0
1359,"Marengo, Alabama",0.0
1360,"Maricopa, Arizona",0.0009903047091412744
1361,"Maries county, Missouri",0.0
1362,"Maries, Missouri",0.0
1363,"Marin, California",0.0005102040816326531
1364,"Marinette, Wisconsin",0.0
1365,"Marion county, Missouri",0.0
1366,"Marion, Alabama",0.0
1367,"Marion, Arkansas",0.0
1368,"Marion, Florida",0.0
1369,"Marion, Illinois",0.0
1370,"Marion, Indiana",0.0
1371,"Marion, Kansas",0.0
1372,"Marion, Kentucky",0.0
1373,"Marion, Missouri",0.0
1374,"Marion, Ohio",0.0
1375,"Marion, Oregon",0.0
1376,"Marion, South Carolina",0.0
1377,"Marion, Texas",0.0
1378,"Marion, West Virginia",0.0
1379,"Mariposa, California",9.523809523809524e-05
1380,"Marlboro, South Carolina",0.0
1381,"Marquette, Michigan",0.0
1382,"Marquette, Wisconsin",0.0
1383,"Marshall, Alabama",0.0
1384,"Marshall, Illinois",0.0
1385,"Marshall, Indiana",0.0
1386,"Marshall, Kentucky",0.0
1387,"Marshall, Minnesota",0.0
1388,"Marshall, West Virginia",0.0
1389,"Martin county, Florida",0.0
1390,"Martin, Florida",0.0
1391,"Martin, Indiana",0.0
1392,"Martin, Kentucky",0.0
1393,"Martin, Minnesota",0.0
1394,"Martin, North Carolina",0.0
1395,"Martin, Texas",0.0
1396,"Martinsville, Virginia",0.0
1397,"Mason, Illinois",0.0
1398,"Mason, Kentucky",0.0
1399,"Mason, Michigan",0.0
1400,"Mason, Texas",0.0
1401,"Mason, Washington",0.0
1402,"Mason, West Virginia",0.0
1403,"Massac, Illinois",0.0
1404,"Matagorda, Texas",0.0
1405,"Maui, Hawaii",0.0
1406,"Maverick, Texas",0.0
1407,"Mccone, Montana",0.0
1408,"Mccook, South Dakota",0.0
1409,"Mccormick, South Carolina",0.0
1410,"Mccracken, Kentucky",0.0
1411,"Mccreary, Kentucky",0.0
1412,"Mcculloch, Texas",0.0
1413,"Mcdonald, Missouri",0.0
1414,"Mcdonough, Illinois",0.0
1415,"Mcdowell, North Carolina",0.0
1416,"Mcdowell, West Virginia",0.0
1417,"Mchenry, Illinois",0.0
1418,"Mckean county, Pennsylvania",0.0
1419,"Mckean, Pennsylvania",0.0
1420,"Mckenzie, North Dakota",0.0
1421,"Mckinley, New Mexico",0.0
1422,"Mclean, Illinois",0.0
1423,"Mclean, Kentucky",0.0
1424,"Mclennan, Texas",0.0
1425,"Mcleod, Minnesota",0.0
1426,"Mcmullen, Texas",0.0
1427,"Mcpherson, Nebraska",0.0
1428,"Meade, Kentucky",0.0
1429,"Meade, South Dakota",0.0
1430,"Meagher, Montana",0.0
1431,"Mecklenburg, North Carolina",0.0
1432,"Mecklenburg, Virginia",0.0
1433,"Mecosta, Michigan",0.0
1434,"Medina, Ohio",0.0
1435,"Medina, Texas",0.0
1436,"Meeker, Minnesota",0.0
1437,"Menard, Illinois",0.0
1438,"Menard, Texas",0.0
1439,"Mendocino, California",0.0
1440,"Menifee, Kentucky",0.0
1441,"Menominee, Michigan",0.0
1442,"Merced, California",0.0
1443,"Mercer county, Pennsylvania",0.0
1444,"Mercer, Illinois",0.0
1445,"Mercer, Kentucky",0.0
1446,"Mercer, Missouri",0.0
1447,"Mercer, New Jersey",0.0
1448,"Mercer, Pennsylvania",0.0
1449,"Mercer, West Virginia",0.0
1450,"Merrick, Nebraska",0.0
1451,"Merrimack, New Hampshire",0.0
1452,"Miami, Indiana",0.0
1453,"Miami, Kansas",0.0
1454,"Miami, Ohio",0.0
1455,"Miami-dade, Florida",0.0
1456,"Middlesex, Connecticut",0.0
1457,"Middlesex, Massachusetts",0.0
1458,"Middlesex, New Jersey",0.0
1459,"Midland, Michigan",0.0
1460,"Midland, Texas",0.0
1461,"Mifflin, Pennsylvania",0.0
1462,"Milam, Texas",0.0
1463,"Millard, Utah",0.0
1464,"Mille lacs county, Minnesota",0.0
1465,"Mille lacs, Minnesota",0.0
1466,"Miller, Arkansas",0.0007142857142857143
1467,"Miller, Missouri",0.0
1468,"Mills, Texas",0.0
1469,"Milwaukee, Wisconsin",0.0
1470,"Miner, South Dakota",0.0
1471,"Mineral, Montana",0.0
1472,"Mineral, Nevada",0.0
1473,"Mineral, West Virginia",0.0
1474,"Mingo, West Virginia",0.0
1475,"Minidoka, Idaho",0.0
1476,"Minnehaha, South Dakota",0.0
1477,"Missaukee, Michigan",0.0
1478,"Mississippi, Arkansas",0.0
1479,"Mississippi, Missouri",0.0
1480,"Missoula, Montana",0.0
1481,"Mitchell, Kansas",0.0
1482,"Mitchell, North Carolina",0.0
1483,"Mitchell, Texas",0.0
1484,"Mobile, Alabama",0.0
1485,"Modoc, California",0.0
1486,"Mohave, Arizona",0.0
1487,"Moniteau, Missouri",0.0
1488,"Monmouth, New Jersey",0.0
1489,"Mono, California",0.0
1490,"Monongalia, West Virginia",0.0
1491,"Monroe county, Pennsylvania",0.0
1492,"Monroe, Alabama",0.0
1493,"Monroe, Arkansas",0.0
1494,"Monroe, Florida",0.0
1495,"Monroe, Illinois",0.0
1496,"Monroe, Indiana",0.0
1497,"Monroe, Kentucky",0.0
1498,"Monroe, Michigan",0.0
1499,"Monroe, Missouri",0.0
1500,"Monroe, New York",0.0
1501,"Monroe, Pennsylvania",0.0
1502,"Monroe, West Virginia",0.0
1503,"Monroe, Wisconsin",0.0
1504,"Montague, Texas",0.0
1505,"Montcalm, Michigan",0.0
1506,"Monterey, California",0.0
1507,"Montgomery county, Pennsylvania",0.0
1508,"Montgomery, Alabama",0.0
1509,"Montgomery, Arkansas",0.0
1510,"Montgomery, Illinois",0.0
1511,"Montgomery, Indiana",0.0
1512,"Montgomery, Kansas",0.0
1513,"Montgomery, Kentucky",0.0
1514,"Montgomery, Maryland",0.0
1515,"Montgomery, Missouri",0.0
1516,"Montgomery, New York",0.0
1517,"Montgomery, North Carolina",0.0
1518,"Montgomery, Pennsylvania",0.0
1519,"Montgomery, Texas",0.0
1520,"Montgomery, Virginia",0.0
1521,"Montmorency, Michigan",0.0
1522,"Montour, Pennsylvania",0.0
1523,"Moody, South Dakota",0.0
1524,"Moore county, Texas",0.0
1525,"Moore, North Carolina",0.0
1526,"Moore, Texas",0.0
1527,"Mora, New Mexico",0.0
1528,"Morehouse, Louisiana",0.0
1529,"Morgan, Alabama",0.0
1530,"Morgan, Illinois",0.0
1531,"Morgan, Indiana",0.0
1532,"Morgan, Kentucky",0.0
1533,"Morgan, Missouri",0.0
1534,"Morgan, Utah",0.0
1535,"Morgan, West Virginia",0.0
1536,"Morrill, Nebraska",0.0
1537,"Morris, Kansas",0.0
1538,"Morris, New Jersey",0.0
1539,"Morris, Texas",0.0
1540,"Morrison, Minnesota",0.0
1541,"Morrow, Oregon",0.0
1542,"Motley, Texas",0.0
1543,"Moultrie, Illinois",0.0
1544,"Mountrail, North Dakota",0.0
1545,"Mower, Minnesota",0.0
1546,"Muhlenberg, Kentucky",0.0
1547,"Multnomah county, Oregon",0.0
1548,"Multnomah, Oregon",0.0
1549,"Murray, Minnesota",0.0
1550,"Muskegon, Michigan",0.0
1551,"Musselshell, Montana",0.0
1552,"Nacogdoches, Texas",0.0
1553,"Nance, Nebraska",0.0
1554,"Nantucket, Massachusetts",0.0
1555,"Napa, California",0.0
1556,"Nash, North Carolina",0.0
1557,"Nassau, Florida",0.0
1558,"Nassau, New York",0.0
1559,"Natchitoches, Louisiana",0.0
1560,"Natrona, Wyoming",0.0
1561,"Navajo, Arizona",0.0
1562,"Navarro, Texas",0.0
1563,"Nelson, Kentucky",0.01
1564,"Nelson, Virginia",0.0
1565,"Nemaha, Nebraska",0.0
1566,"Neosho, Kansas",0.0
1567,"Nevada county, Arkansas",0.0
1568,"Nevada, Arkansas",0.0
1569,"Nevada, California",0.0
1570,"New hanover, North Carolina",0.0
1571,"New haven, Connecticut",0.0
1572,"New london, Connecticut",0.0
1573,"New madrid, Missouri",0.0
1574,"Newaygo, Michigan",0.0
1575,"Newberry, South Carolina",0.0
1576,"Newport, Rhode Island",0.0
1577,"Newton county, Arkansas",0.0
1578,"Newton, Arkansas",0.0
1579,"Newton, Indiana",0.0
1580,"Newton, Missouri",0.0
1581,"Newton, Texas",0.0
1582,"Nez perce, Idaho",0.0
1583,"Niagara, New York",0.0
1584,"Nicholas, Kentucky",0.0
1585,"Nicholas, West Virginia",0.0
1586,"Nicollet, Minnesota",0.0
1587,"Niobrara, Wyoming",0.0
1588,"Noble, Indiana",0.0
1589,"Nobles, Minnesota",0.0
1590,"Nodaway, Missouri",0.0
1591,"Nolan, Texas",0.0
1592,"Norfolk, Massachusetts",0.0
1593,"Norfolk, Virginia",0.0
1594,"North slope, Alaska",0.0
1595,"Northampton county, Pennsylvania",0.0
1596,"Northampton, North Carolina",0.0
1597,"Northampton, Pennsylvania",0.0
1598,"Northampton, Virginia",0.0
1599,"Northumberland, Pennsylvania",0.0
1600,"Northumberland, Virginia",0.0
1601,"Norton, Kansas",0.0
1602,"Nottoway, Virginia",0.0
1603,"Nuckolls, Nebraska",0.0
1604,"Nueces, Texas",0.0
1605,"Nye, Nevada",7.076923076923076e-05
1606,"Oakland, Michigan",0.0
1607,"Ocean, New Jersey",0.0
1608,"Oceana, Michigan",0.0
1609,"Ochiltree, Texas",0.0
1610,"Oconee, South Carolina",0.0
1611,"Oconto, Wisconsin",0.0
1612,"Ogemaw, Michigan",0.0
1613,"Ogle, Illinois",0.0
1614,"Ohio, Indiana",0.0
1615,"Ohio, Kentucky",0.0
1616,"Ohio, West Virginia",0.0
1617,"Okaloosa county, Florida",0.0
1618,"Okaloosa, Florida",0.0
1619,"Okanogan, Washington",0.0
1620,"Okeechobee, Florida",0.0
1621,"Oldham, Kentucky",0.0
1622,"Oldham, Texas",0.0
1623,"Olmsted, Minnesota",0.0
1624,"Oneida, Idaho",0.0
1625,"Oneida, New York",0.0
1626,"Oneida, Wisconsin",0.0
1627,"Onondaga, New York",0.0
1628,"Onslow, North Carolina",0.0
1629,"Ontario, New York",0.0
1630,"Ontonagon, Michigan",0.0
1631,"Orange, California",0.0
1632,"Orange, Florida",0.0
1633,"Orange, New York",0.0
1634,"Orange, North Carolina",0.0
1635,"Orange, Texas",0.0
1636,"Orange, Vermont",0.0
1637,"Orange, Virginia",0.0
1638,"Orangeburg, South Carolina",0.0
1639,"Oregon, Missouri",0.0
1640,"Orleans, Louisiana",0.0
1641,"Orleans, New York",0.0
1642,"Orleans, Vermont",0.0
1643,"Osage, Kansas",0.0
1644,"Osage, Missouri",0.0
1645,"Osceola, Florida",7.59493670886076e-05
1646,"Osceola, Michigan",0.0
1647,"Oscoda, Michigan",0.0
1648,"Oswego, New York",0.0
1649,"Otero county, New Mexico",0.0
1650,"Otero, New Mexico",0.0
1651,"Otoe, Nebraska",0.0
1652,"Otsego, Michigan",0.0
1653,"Otsego, New York",0.0
1654,"Ottawa, Michigan",0.0
1655,"Otter tail, Minnesota",0.0
1656,"Ouachita, Arkansas",0.0
1657,"Ouachita, Louisiana",0.0
1658,"Outagamie, Wisconsin",0.0
1659,"Owen, Indiana",0.0
1660,"Owen, Kentucky",0.0
1661,"Owsley, Kentucky",0.0
1662,"Owyhee, Idaho",0.0
1663,"Oxford, Maine",0.0
1664,"Ozark, Missouri",0.0
1665,"Ozaukee, Wisconsin",0.0
1666,"Pacific, Washington",0.0
1667,"Page, Virginia",0.0
1668,"Palm beach, Florida",0.0
1669,"Palo pinto, Texas",0.0
1670,"Pamlico, North Carolina",0.0
1671,"Panola, Texas",0.0
1672,"Park, Montana",0.0
1673,"Park, Wyoming",0.0
1674,"Parke, Indiana",0.0
1675,"Parker, Texas",0.0
1676,"Parmer, Texas",0.0
1677,"Pasco county, Florida",0.0
1678,"Pasco, Florida",0.0
1679,"Pasquotank, North Carolina",0.0
1680,"Passaic, New Jersey",0.0
1681,"Patrick, Virginia",0.0
1682,"Pawnee, Nebraska",0.0
1683,"Payette, Idaho",0.0
1684,"Pecos, Texas",0.0
1685,"Pemiscot, Missouri",0.0
1686,"Pend oreille, Washington",0.0
1687,"Pender, North Carolina",0.0
1688,"Pendleton, Kentucky",0.0
1689,"Pendleton, West Virginia",0.0
1690,"Pennington, Minnesota",0.0
1691,"Pennington, South Dakota",0.0
1692,"Penobscot, Maine",0.0
1693,"Peoria, Illinois",0.0
1694,"Pepin, Wisconsin",0.0
1695,"Perkins, Nebraska",0.0
1696,"Perquimans, North Carolina",0.0
1697,"Perry county, Pennsylvania",0.0
1698,"Perry, Alabama",0.0
1699,"Perry, Arkansas",0.0
1700,"Perry, Illinois",0.0
1701,"Perry, Indiana",0.0
1702,"Perry, Kentucky",0.0
1703,"Perry, Missouri",0.0
1704,"Perry, Pennsylvania",0.0
1705,"Pershing, Nevada",0.0
1706,"Person, North Carolina",0.0
1707,"Petroleum, Montana",0.0
1708,"Pettis, Missouri",0.0
1709,"Phelps, Missouri",0.0
1710,"Phelps, Nebraska",0.0
1711,"Philadelphia, Pennsylvania",0.0
1712,"Phillips, Arkansas",0.0
1713,"Phillips, Kansas",0.0
1714,"Phillips, Montana",0.0
1715,"Piatt, Illinois",0.0
1716,"Pickens, Alabama",0.0
1717,"Pickens, South Carolina",0.0
1718,"Pierce county, Washington",0.0
1719,"Pierce, Nebraska",0.0
1720,"Pierce, Washington",0.0
1721,"Pierce, Wisconsin",0.0
1722,"Pike, Alabama",0.0
1723,"Pike, Arkansas",0.0
1724,"Pike, Illinois",0.0
1725,"Pike, Indiana",0.0
1726,"Pike, Kentucky",0.0
1727,"Pike, Missouri",0.0
1728,"Pike, Ohio",0.0
1729,"Pike, Pennsylvania",0.0
1730,"Pima, Arizona",0.0
1731,"Pinal, Arizona",0.0
1732,"Pine, Minnesota",0.0
1733,"Pinellas, Florida",0.0
1734,"Pipestone, Minnesota",0.0
1735,"Piscataquis, Maine",0.0
1736,"Pitt, North Carolina",0.0
1737,"Pittsylvania, Virginia",0.0
1738,"Piute, Utah",0.0
1739,"Placer, California",0.0
1740,"Plaquemines, Louisiana",0.0
1741,"Platte, Missouri",0.0
1742,"Platte, Nebraska",0.0
1743,"Platte, Wyoming",0.0
1744,"Pleasants, West Virginia",0.0
1745,"Plymouth, Massachusetts",0.0
1746,"Pocahontas, West Virginia",0.0
1747,"Poinsett, Arkansas",0.0
1748,"Pointe coupee parish, Louisiana",0.0
1749,"Pointe coupee, Louisiana",0.0012749999999999999
1750,"Polk, Arkansas",0.0
1751,"Polk, Florida",0.0
1752,"Polk, Minnesota",0.0
1753,"Polk, Missouri",0.0
1754,"Polk, Nebraska",0.0
1755,"Polk, North Carolina",0.0
1756,"Polk, Oregon",0.0
1757,"Polk, Texas",0.0
1758,"Polk, Wisconsin",0.0
1759,"Pondera, Montana",0.0
1760,"Pope, Arkansas",0.0
1761,"Pope, Illinois",0.0
1762,"Pope, Minnesota",0.0
1763,"Portage county, Wisconsin",0.0
1764,"Portage, Wisconsin",0.0
1765,"Porter, Indiana",0.0
1766,"Portsmouth, Virginia",0.0
1767,"Posey, Indiana",0.0
1768,"Potter, Pennsylvania",0.0
1769,"Potter, Texas",0.0
1770,"Powder river, Montana",0.0
1771,"Powell, Kentucky",0.0
1772,"Powell, Montana",0.0
1773,"Power, Idaho",0.0
1774,"Prairie, Arkansas",0.0
1775,"Prairie, Montana",0.0
1776,"Presidio, Texas",0.0
1777,"Presque isle, Michigan",0.0
1778,"Preston, West Virginia",0.0
1779,"Price, Wisconsin",0.0
1780,"Prince george's, Maryland",0.0
1781,"Prince george, Virginia",0.0
1782,"Prince georges, Maryland",0.0
1783,"Prince william, Virginia",0.0
1784,"Providence, Rhode Island",0.0
1785,"Pulaski, Arkansas",0.0
1786,"Pulaski, Illinois",0.0
1787,"Pulaski, Indiana",0.0
1788,"Pulaski, Kentucky",0.0
1789,"Pulaski, Missouri",0.0
1790,"Pulaski, Virginia",0.0
1791,"Putnam county, Indiana",0.0
1792,"Putnam, Florida",0.0
1793,"Putnam, Illinois",0.0
1794,"Putnam, Indiana",0.0
1795,"Putnam, Missouri",0.0
1796,"Putnam, New York",0.0058823529411764705
1797,"Putnam, Tennessee",0.0
1798,"Putnam, West Virginia",0.0
1799,"Quay, New Mexico",0.0
1800,"Queen anne's, Maryland",0.0
1801,"Racine, Wisconsin",0.0
1802,"Radford, Virginia",0.0
1803,"Rains, Texas",0.0
1804,"Raleigh, West Virginia",0.0
1805,"Ramsey, Minnesota",0.0
1806,"Ramsey, North Dakota",0.0
1807,"Randall, Texas",0.0
1808,"Randolph, Alabama",0.0
1809,"Randolph, Arkansas",0.0
1810,"Randolph, Illinois",0.0
1811,"Randolph, Indiana",0.0
1812,"Randolph, Missouri",0.0
1813,"Randolph, North Carolina",0.0
1814,"Randolph, West Virginia",0.0
1815,"Rapides, Louisiana",0.001224
1816,"Ravalli, Montana",0.0
1817,"Ray, Missouri",0.0
1818,"Reagan, Texas",0.0
1819,"Real, Texas",0.0
1820,"Red lake, Minnesota",0.0
1821,"Red river, Louisiana",0.0
1822,"Red river, Texas",0.0
1823,"Red willow, Nebraska",0.0
1824,"Redwood, Minnesota",0.0
1825,"Reeves, Texas",0.0
1826,"Refugio, Texas",0.0
1827,"Rensselaer, New York",0.0
1828,"Renville, Minnesota",0.0
1829,"Reynolds, Missouri",0.0
1830,"Rice, Minnesota",0.0
1831,"Rich, Utah",0.0
1832,"Richardson, Nebraska",0.0
1833,"Richland, Illinois",0.0
1834,"Richland, Louisiana",0.0
1835,"Richland, Montana",0.0
1836,"Richland, Ohio",0.0
1837,"Richland, South Carolina",0.0
1838,"Richland, Wisconsin",0.0
1839,"Richmond, North Carolina",0.0
1840,"Richmond, Virginia",0.0
1841,"Riley, Kansas",0.0
1842,"Rio arriba, New Mexico",0.0
1843,"Ripley, Indiana",0.0
1844,"Ripley, Missouri",0.0
1845,"Ritchie, West Virginia",0.0
1846,"Riverside, California",0.001280241935483871
1847,"Roane, West Virginia",0.0
1848,"Roanoke, Virginia",0.0
1849,"Roberts, South Dakota",0.0
1850,"Roberts, Texas",0.0
1851,"Robertson, Texas",0.0
1852,"Robeson, North Carolina",0.0
1853,"Rock island, Illinois",0.0
1854,"Rock, Minnesota",0.0
1855,"Rock, Nebraska",0.0
1856,"Rock, Wisconsin",0.0
1857,"Rockbridge, Virginia",0.0
1858,"Rockcastle, Kentucky",0.0
1859,"Rockingham, New Hampshire",0.0
1860,"Rockingham, North Carolina",0.0
1861,"Rockingham, Virginia",0.0
1862,"Rockland, New York",0.0
1863,"Roosevelt, Montana",0.0
1864,"Roosevelt, New Mexico",0.0
1865,"Roscommon, Michigan",0.0
1866,"Roseau, Minnesota",0.0
1867,"Rosebud, Montana",0.0
1868,"Rowan county, North Carolina",0.0
1869,"Rowan, Kentucky",0.0
1870,"Rowan, North Carolina",0.0
1871,"Runnels, Texas",0.0
1872,"Rush, Indiana",0.0
1873,"Rusk, Texas",0.0
1874,"Rusk, Wisconsin",0.0
1875,"Russell, Alabama",0.0
1876,"Russell, Kansas",0.0
1877,"Russell, Kentucky",0.0
1878,"Russell, Virginia",0.0
1879,"Rutherford, North Carolina",0.0
1880,"Rutland, Vermont",0.0
1881,"Sabine, Louisiana",0.0
1882,"Sabine, Texas",0.0
1883,"Sacramento county, California",0.0
1884,"Sacramento, California",0.0
1885,"Sagadahoc, Maine",0.0
1886,"Saginaw, Michigan",0.0
1887,"Saint bernard, Louisiana",0.0
1888,"Saint charles, Missouri",0.0
1889,"Saint clair, Michigan",0.0
1890,"Saint francois, Missouri",0.0
1891,"Saint james, Louisiana",0.0
1892,"Saint joseph, Michigan",0.0
1893,"Saint landry, Louisiana",0.0
1894,"Saint lawrence, New York",0.0
1895,"Saint louis, Minnesota",0.0
1896,"Saint louis, Missouri",0.0
1897,"Saint marys, Maryland",0.0
1898,"Saint tammany, Louisiana",0.0
1899,"Salem, New Jersey",0.0
1900,"Salem, Virginia",0.0
1901,"Saline county, Arkansas",0.0
1902,"Saline, Arkansas",0.0
1903,"Saline, Illinois",0.0
1904,"Saline, Kansas",0.0
1905,"Saline, Missouri",0.0
1906,"Saline, Nebraska",0.0
1907,"Salt lake, Utah",0.0
1908,"Saluda, South Carolina",0.0
1909,"Sampson, North Carolina",0.0
1910,"San augustine, Texas",0.0
1911,"San benito, California",0.0
1912,"San bernardino county, California",0.0
1913,"San bernardino, California",0.0
1914,"San diego county, California",0.0
1915,"San diego, California",0.0
1916,"San francisco, California",0.0
1917,"San jacinto, Texas",0.0
1918,"San joaquin, California",3.361344537815126e-05
1919,"San juan, New Mexico",0.0
1920,"San juan, Utah",0.0
1921,"San juan, Washington",0.0
1922,"San luis obispo, California",0.0
1923,"San mateo, California",0.0
1924,"San miguel, New Mexico",0.0
1925,"San patricio, Texas",0.0
1926,"San saba, Texas",0.0
1927,"Sanborn, South Dakota",0.0
1928,"Sanders, Montana",0.0
1929,"Sandoval, New Mexico",0.0
1930,"Sangamon, Illinois",0.0
1931,"Sanilac, Michigan",0.0
1932,"Sanpete, Utah",0.0
1933,"Santa barbara, California",0.0
1934,"Santa clara, California",0.0
1935,"Santa cruz, Arizona",0.0
1936,"Santa cruz, California",0.0
1937,"Santa fe, New Mexico",0.0
1938,"Santa rosa county, Florida",0.0
1939,"Santa rosa, Florida",0.0
1940,"Sarasota, Florida",0.0
1941,"Saratoga, New York",0.0
1942,"Sarpy, Nebraska",0.0
1943,"Sauk, Wisconsin",0.0
1944,"Saunders, Nebraska",0.0
1945,"Sawyer, Wisconsin",0.0
1946,"Schenectady, New York",0.0
1947,"Schleicher, Texas",0.0
1948,"Schoharie, New York",0.0
1949,"Schoolcraft, Michigan",0.0
1950,"Schuyler, Illinois",0.0
1951,"Schuyler, New York",0.0
1952,"Schuylkill, Pennsylvania",0.0
1953,"Scotland, Missouri",0.0
1954,"Scotland, North Carolina",0.0
1955,"Scott, Arkansas",0.0
1956,"Scott, Illinois",0.0
1957,"Scott, Indiana",0.0
1958,"Scott, Iowa",0.0
1959,"Scott, Kentucky",0.0
1960,"Scott, Minnesota",0.0
1961,"Scott, Missouri",0.0
1962,"Scott, Virginia",0.0
1963,"Scotts bluff, Nebraska",0.0
1964,"Scurry, Texas",0.0
1965,"Searcy, Arkansas",0.0
1966,"Sebastian, Arkansas",0.0
1967,"Sedgwick, Kansas",0.0
1968,"Seminole county, Florida",0.0
1969,"Seminole, Florida",0.0
1970,"Seneca, New York",0.0
1971,"Seneca, Ohio",0.0
1972,"Sevier, Arkansas",0.0
1973,"Sevier, Utah",0.0
1974,"Seward, Nebraska",0.0
1975,"Shackelford, Texas",0.0
1976,"Shannon, Missouri",0.0
1977,"Shannon, South Dakota",0.0
1978,"Sharp county, Arkansas",0.0
1979,"Sharp, Arkansas",0.0
1980,"Shasta, California",0.0
1981,"Shawano, Wisconsin",0.0
1982,"Shawnee, Kansas",0.0
1983,"Sheboygan, Wisconsin",0.0
1984,"Shelby, Alabama",0.0
1985,"Shelby, Illinois",0.0
1986,"Shelby, Indiana",0.0
1987,"Shelby, Kentucky",0.0
1988,"Shelby, Missouri",0.0
1989,"Shelby, Ohio",0.0
1990,"Shelby, Tennessee",0.0
1991,"Shelby, Texas",0.0
1992,"Shenandoah, Virginia",0.0
1993,"Sherburne, Minnesota",0.0
1994,"Sheridan, Montana",0.0
1995,"Sheridan, Nebraska",0.0
1996,"Sheridan, Wyoming",0.0
1997,"Sherman, Nebraska",0.0
1998,"Sherman, Oregon",0.0
1999,"Sherman, Texas",0.0
2000,"Shiawassee, Michigan",0.0
2001,"Shoshone, Idaho",0.0
2002,"Sibley, Minnesota",0.0
2003,"Sierra, New Mexico",0.0
2004,"Silver bow, Montana",0.0
2005,"Silverbow, Montana",0.0
2006,"Simpson, Kentucky",0.0
2007,"Sioux, Nebraska",0.0
2008,"Siskiyou, California",0.0
2009,"Skagit, Washington",0.0
2010,"Skamania, Washington",0.0
2011,"Smith, Texas",0.0
2012,"Smyth, Virginia",0.0
2013,"Snohomish, Washington",0.0
2014,"Snyder county, Pennsylvania",0.0
2015,"Snyder, Pennsylvania",0.0
2016,"Socorro, New Mexico",0.0
2017,"Solano, California",0.0
2018,"Somerset county, Pennsylvania",0.0
2019,"Somerset, Maine",0.0
2020,"Somerset, Maryland",0.0
2021,"Somerset, New Jersey",0.0
2022,"Somerset, Pennsylvania",0.0
2023,"Somervell, Texas",0.0
2024,"Sonoma, California",0.0
2025,"Southampton, Virginia",0.0
2026,"Southeast fairbanks, Alaska",0.0
2027,"Spartanburg, South Carolina",0.0
2028,"Spencer, Indiana",0.0
2029,"Spink county, South Dakota",0.0
2030,"Spokane, Washington",0.0
2031,"Spotsylvania, Virginia",0.0
2032,"St clair, Alabama",0.0
2033,"St helena, Louisiana",0.0
2034,"St joseph, Indiana",0.0
2035,"St landry, Louisiana",0.0
2036,"St lawrence, New York",0.0
2037,"St louis, Missouri",0.0
2038,"St mary's, Maryland",0.0
2039,"St tammany, Louisiana",0.0
2040,"St. bernard, Louisiana",0.0
2041,"St. charles, Louisiana",0.0
2042,"St. charles, Missouri",0.0
2043,"St. clair county, Missouri",0.0
2044,"St. clair, Alabama",0.0
2045,"St. clair, Illinois",0.0
2046,"St. clair, Michigan",0.0
2047,"St. clair, Missouri",0.0
2048,"St. croix, Wisconsin",0.0
2049,"St. francis, Arkansas",0.0
2050,"St. francois, Missouri",0.0
2051,"St. helena, Louisiana",0.0
2052,"St. james, Louisiana",0.0
2053,"St. john the baptist parish, Louisiana",0.0
2054,"St. john the baptist, Louisiana",0.0
2055,"St. johns, Florida",0.0
2056,"St. joseph county, Indiana",0.0
2057,"St. joseph, Indiana",0.0
2058,"St. joseph, Michigan",0.0
2059,"St. landry, Louisiana",0.0
2060,"St. lawrence, New York",0.0
2061,"St. louis city, Missouri",0.0
2062,"St. louis, Minnesota",0.0
2063,"St. louis, Missouri",0.0
2064,"St. lucie, Florida",0.0
2065,"St. martin parish, Louisiana",0.0
2066,"St. martin, Louisiana",0.0
2067,"St. mary parish, Louisiana",0.0
2068,"St. mary's county, Maryland",0.0
2069,"St. mary's, Maryland",0.0
2070,"St. mary, Louisiana",0.0
2071,"St. tammany parish, Louisiana",0.0
2072,"St. tammany, Louisiana",0.0
2073,"Stafford, Virginia",0.0
2074,"Stanislaus, California",0.0
2075,"Stanly, North Carolina",0.0
2076,"Stanton, Nebraska",0.0
2077,"Stark, Illinois",0.0
2078,"Starke, Indiana",0.0
2079,"Starr, Texas",0.0
2080,"Staunton, Virginia",0.0
2081,"Ste. genevieve, Missouri",0.0
2082,"Stearns, Minnesota",0.0
2083,"Steele, Minnesota",0.0
2084,"Stephens, Texas",0.0
2085,"Stephenson, Illinois",0.0
2086,"Sterling, Texas",0.0
2087,"Steuben, Indiana",0.0
2088,"Steuben, New York",0.0
2089,"Stevens, Minnesota",0.0
2090,"Stevens, Washington",0.0
2091,"Stillwater, Montana",0.0
2092,"Stoddard, Missouri",0.0
2093,"Stokes, North Carolina",0.0
2094,"Stone, Arkansas",0.0
2095,"Stone, Missouri",0.0
2096,"Stonewall, Texas",0.0
2097,"Storey, Nevada",0.0
2098,"Strafford, New Hampshire",0.0
2099,"Stutsman, North Dakota",0.0
2100,"Sublette, Wyoming",0.0
2101,"Suffolk city, Virginia",0.0
2102,"Suffolk, Massachusetts",0.0
2103,"Suffolk, Virginia",0.0
2104,"Sullivan, Indiana",0.0
2105,"Sullivan, Missouri",0.0
2106,"Sullivan, New Hampshire",0.0
2107,"Sullivan, New York",0.0
2108,"Sullivan, Pennsylvania",0.0
2109,"Summers, West Virginia",0.0
2110,"Summit, Utah",0.0
2111,"Sumner, Kansas",0.0
2112,"Sumter, Alabama",0.0
2113,"Sumter, Florida",0.0
2114,"Sumter, South Carolina",0.0
2115,"Surry, North Carolina",0.0
2116,"Surry, Virginia",0.0
2117,"Susquehanna, Pennsylvania",0.0
2118,"Sussex, New Jersey",0.0
2119,"Sutter, California",0.0
2120,"Sutton, Texas",0.0
2121,"Suwannee, Florida",0.0
2122,"Swain, North Carolina",0.0
2123,"Sweet grass, Montana",0.0
2124,"Sweetwater county, Wyoming",0.0
2125,"Sweetwater, Wyoming",0.0
2126,"Swift county, Minnesota",0.0
2127,"Swift, Minnesota",0.0
2128,"Swisher, Texas",0.0
2129,"Switzerland, Indiana",0.0
2130,"Talbot, Maryland",0.0
2131,"Talladega, Alabama",0.0
2132,"Tallapoosa, Alabama",0.0
2133,"Taney, Missouri",0.0
2134,"Tangipahoa parish, Louisiana",0.0
2135,"Tangipahoa, Louisiana",0.0
2136,"Taos, New Mexico",0.0
2137,"Tarrant, Texas",0.0
2138,"Taylor, Florida",0.0
2139,"Taylor, Kentucky",0.0
2140,"Taylor, Texas",0.0
2141,"Taylor, West Virginia",0.0
2142,"Taylor, Wisconsin",0.0
2143,"Tazewell, Illinois",0.0
2144,"Tazewell, Virginia",0.0
2145,"Tensas, Louisiana",0.0
2146,"Terrebonne, Louisiana",0.0
2147,"Terrell, Texas",0.0
2148,"Terry, Texas",0.0
2149,"Teton, Idaho",0.0
2150,"Teton, Montana",0.0
2151,"Teton, Wyoming",0.0
2152,"Texas, Missouri",0.0
2153,"Thayer, Nebraska",0.0
2154,"Thomas, Nebraska",0.0
2155,"Throckmorton, Texas",0.0
2156,"Thurston, Nebraska",0.0
2157,"Thurston, Washington",0.0
2158,"Tillamook county, Oregon",0.0
2159,"Tillamook, Oregon",0.0
2160,"Tioga county, Pennsylvania",0.0
2161,"Tioga, New York",0.0
2162,"Tioga, Pennsylvania",0.0
2163,"Tippecanoe, Indiana",0.0
2164,"Tipton, Indiana",0.0
2165,"Titus, Texas",0.0
2166,"Todd, Kentucky",0.0
2167,"Todd, Minnesota",0.0
2168,"Todd, South Dakota",0.0
2169,"Tolland, Connecticut",0.0
2170,"Tom green, Texas",0.0
2171,"Tompkins, New York",0.0
2172,"Tooele, Utah",0.0
2173,"Toole, Montana",0.0
2174,"Torrance, New Mexico",0.0
2175,"Transylvania, North Carolina",0.0
2176,"Traverse, Minnesota",0.0
2177,"Travis, Texas",0.0
2178,"Treasure, Montana",0.0
2179,"Trempealeau, Wisconsin",0.0
2180,"Trigg, Kentucky",0.0
2181,"Trimble, Kentucky",0.0
2182,"Trinity, Texas",0.0
2183,"Tripp, South Dakota",0.0
2184,"Tucker, West Virginia",0.0
2185,"Tulare, California",0.0
2186,"Turner, South Dakota",0.0
2187,"Tuscaloosa, Alabama",0.0
2188,"Tuscola, Michigan",0.0
2189,"Twin falls, Idaho",0.0
2190,"Tyler, Texas",0.0
2191,"Tyler, West Virginia",0.0
2192,"Tyrrell, North Carolina",0.0
2193,"Uinta, Wyoming",0.0
2194,"Uintah, Utah",0.0
2195,"Ulster, New York",0.0
2196,"Umatilla, Oregon",0.0
2197,"Union parish, Louisiana",0.0
2198,"Union, Arkansas",0.0
2199,"Union, Florida",0.0
2200,"Union, Illinois",0.0
2201,"Union, Indiana",0.0
2202,"Union, Kentucky",0.0
2203,"Union, Louisiana",0.0
2204,"Union, New Mexico",0.0
2205,"Union, North Carolina",0.0
2206,"Union, Oregon",0.0
2207,"Union, Pennsylvania",0.0
2208,"Union, South Carolina",0.0
2209,"Union, South Dakota",0.0
2210,"Unknown, South Carolina",0.0
2211,"Upshur, Texas",0.0
2212,"Upshur, West Virginia",0.0
2213,"Upton, Texas",0.0
2214,"Utah, Utah",0.0
2215,"Uvalde, Texas",0.0
2216,"Val verde, Texas",0.0
2217,"Valencia, New Mexico",0.0
2218,"Valley, Idaho",0.0
2219,"Valley, Montana",0.0
2220,"Valley, Nebraska",0.0
2221,"Van buren, Arkansas",0.0
2222,"Van buren, Michigan",0.0
2223,"Van wert, Ohio",0.0
2224,"Van zandt, Texas",0.0
2225,"Vance, North Carolina",0.0
2226,"Vanderburgh, Indiana",0.0
2227,"Venango county, Pennsylvania",0.0
2228,"Venango, Pennsylvania",0.0
2229,"Ventura, California",0.0
2230,"Vermilion, Illinois",0.0
2231,"Vermilion, Louisiana",0.0
2232,"Vermillion county, Indiana",0.0
2233,"Vermillion, Indiana",0.0
2234,"Vernon, Louisiana",0.003581818181818182
2235,"Vernon, Missouri",0.0
2236,"Vernon, Wisconsin",0.0
2237,"Victoria, Texas",0.0
2238,"Vigo, Indiana",0.0
2239,"Vilas, Wisconsin",0.0
2240,"Volusia, Florida",0.0
2241,"Wabash, Illinois",0.0
2242,"Wabash, Indiana",0.0
2243,"Wabasha, Minnesota",0.0
2244,"Wabaunsee, Kansas",0.0
2245,"Wadena, Minnesota",0.0
2246,"Wahkiakum, Washington",0.0
2247,"Wake, North Carolina",0.0
2248,"Wakulla, Florida",0.0
2249,"Waldo, Maine",0.0
2250,"Walker, Alabama",0.0
2251,"Walker, Texas",0.0
2252,"Walla walla, Washington",0.0
2253,"Waller, Texas",0.0
2254,"Wallowa, Oregon",0.0
2255,"Walsh, North Dakota",0.0
2256,"Walton, Florida",0.0
2257,"Walworth, South Dakota",0.0
2258,"Walworth, Wisconsin",0.0
2259,"Ward, Texas",0.0
2260,"Warren county, Pennsylvania",0.0
2261,"Warren, Illinois",0.0
2262,"Warren, Indiana",0.0
2263,"Warren, Kentucky",0.0
2264,"Warren, Missouri",0.0
2265,"Warren, New Jersey",0.0
2266,"Warren, New York",0.0058407079646017705
2267,"Warren, North Carolina",0.0
2268,"Warren, Pennsylvania",0.0
2269,"Warren, Virginia",0.0
2270,"Warrick, Indiana",0.0
2271,"Wasatch, Utah",0.0
2272,"Wasco, Oregon",0.0
2273,"Waseca, Minnesota",0.0
2274,"Washakie, Wyoming",0.0
2275,"Washburn, Wisconsin",0.0
2276,"Washington county, Rhode Island",0.0
2277,"Washington parish, Louisiana",0.0
2278,"Washington, Alabama",0.0
2279,"Washington, Arkansas",0.0
2280,"Washington, Florida",0.0
2281,"Washington, Idaho",0.0
2282,"Washington, Illinois",0.0
2283,"Washington, Indiana",0.0
2284,"Washington, Kentucky",0.0
2285,"Washington, Louisiana",0.0
2286,"Washington, Maine",0.0
2287,"Washington, Maryland",0.0
2288,"Washington, Minnesota",0.0
2289,"Washington, Missouri",0.0
2290,"Washington, Nebraska",0.0
2291,"Washington, New York",0.0
2292,"Washington, North Carolina",0.0
2293,"Washington, Oregon",0.0
2294,"Washington, Pennsylvania",0.0
2295,"Washington, Rhode Island",0.0
2296,"Washington, Texas",0.0
2297,"Washington, Utah",0.0
2298,"Washington, Vermont",0.0
2299,"Washington, Virginia",0.0
2300,"Washington, Wisconsin",0.0
2301,"Washoe, Nevada",0.0
2302,"Washtenaw, Michigan",0.0
2303,"Watauga, North Carolina",0.0
2304,"Watonwan, Minnesota",0.0
2305,"Waukesha, Wisconsin",0.0
2306,"Waupaca, Wisconsin",0.0
2307,"Waushara, Wisconsin",0.0
2308,"Wayne, Illinois",0.0
2309,"Wayne, Indiana",0.0
2310,"Wayne, Kentucky",0.0
2311,"Wayne, Michigan",0.0
2312,"Wayne, Missouri",0.0
2313,"Wayne, Nebraska",0.0
2314,"Wayne, New York",0.0
2315,"Wayne, North Carolina",0.0
2316,"Wayne, Pennsylvania",0.0
2317,"Wayne, Utah",0.0
2318,"Wayne, West Virginia",0.0
2319,"Waynesboro city, Virginia",0.0
2320,"Webb county, Texas",0.0
2321,"Webb, Texas",0.0
2322,"Weber, Utah",0.0
2323,"Webster, Kentucky",0.0
2324,"Webster, Louisiana",0.0
2325,"Webster, Missouri",0.0
2326,"Webster, Nebraska",0.0
2327,"Webster, West Virginia",0.0
2328,"Wells, Indiana",0.0
2329,"West baton rouge, Louisiana",0.0
2330,"West carroll parish, Louisiana",0.0
2331,"West carroll, Louisiana",0.0
2332,"West feliciana, Louisiana",0.0
2333,"Westchester, New York",0.0
2334,"Westmoreland, Pennsylvania",0.0
2335,"Westmoreland, Virginia",0.0
2336,"Weston, Wyoming",0.0
2337,"Wetzel, West Virginia",0.0
2338,"Wexford, Michigan",0.0
2339,"Wharton, Texas",0.0
2340,"Whatcom, Washington",0.0
2341,"Wheatland, Montana",0.0
2342,"Wheeler, Nebraska",0.0
2343,"Wheeler, Oregon",0.0
2344,"Wheeler, Texas",0.0
2345,"White pine, Nevada",0.0
2346,"White, Arkansas",0.0
2347,"White, Illinois",0.0
2348,"White, Indiana",0.0
2349,"Whiteside, Illinois",0.0
2350,"Whitley, Indiana",0.0
2351,"Whitley, Kentucky",0.0
2352,"Whitman, Washington",0.0
2353,"Wibaux, Montana",0.0
2354,"Wichita, Texas",0.0
2355,"Wicomico, Maryland",0.0
2356,"Wilbarger, Texas",0.0
2357,"Wilcox, Alabama",0.0
2358,"Wilkes, North Carolina",0.0
2359,"Will, Illinois",0.0
2360,"Willacy county, Texas",0.0
2361,"Willacy, Texas",0.0
2362,"Williamsburg, South Carolina",0.0
2363,"Williamson, Illinois",0.0
2364,"Williamson, Texas",0.0
2365,"Wilson, Kansas",0.0
2366,"Wilson, North Carolina",0.0
2367,"Wilson, Texas",0.0
2368,"Winchester, Virginia",0.0
2369,"Windham, Connecticut",0.0
2370,"Windham, Vermont",0.0
2371,"Windsor, Vermont",0.0
2372,"Winkler, Texas",0.0
2373,"Winn, Louisiana",0.0
2374,"Winnebago, Illinois",0.0
2375,"Winnebago, Wisconsin",0.0
2376,"Winona, Minnesota",0.0
2377,"Winston, Alabama",0.0
2378,"Wise, Texas",0.0
2379,"Wolfe, Kentucky",0.0
2380,"Wood, Texas",0.0015584415584415584
2381,"Wood, West Virginia",0.0
2382,"Wood, Wisconsin",0.0
2383,"Woodford, Illinois",0.0
2384,"Woodford, Kentucky",0.0
2385,"Woodruff, Arkansas",0.0
2386,"Woodson, Kansas",0.0
2387,"Worcester, Maryland",0.0
2388,"Worcester, Massachusetts",0.0
2389,"Worth, Missouri",0.0
2390,"Wright, Minnesota",0.0
2391,"Wright, Missouri",0.0
2392,"Wyandotte, Kansas",0.0
2393,"Wyoming, New York",0.0
2394,"Wyoming, Pennsylvania",0.0
2395,"Wyoming, West Virginia",0.0
2396,"Wythe, Virginia",0.0
2397,"Yadkin, North Carolina",0.0
2398,"Yakima, Washington",0.0
2399,"Yakutat, Alaska",0.0
2400,"Yamhill, Oregon",0.0
2401,"Yancey, North Carolina",0.0
2402,"Yankton, South Dakota",0.0
2403,"Yates, New York",0.0
2404,"Yavapai, Arizona",0.0
2405,"Yell, Arkansas",0.0
2406,"Yellow medicine county, Minnesota",0.0
2407,"Yellow medicine, Minnesota",0.0
2408,"Yellowstone, Montana",0.0
2409,"Yoakum, Texas",0.0
2410,"Yolo, California",0.0
2411,"York county, Pennsylvania",0.0
2412,"York, Maine",0.0
2413,"York, Nebraska",0.0
2414,"York, Pennsylvania",0.0
2415,"York, South Carolina",0.0
2416,"Young, Texas",0.0
2417,"Yuba, California",0.0
2418,"Yukon-koyukuk, Alaska",0.0
2419,"Yuma county, Arizona",0.0
2420,"Yuma, Arizona",0.0
2421,"Zapata county, Texas",0.0
2422,"Zapata, Texas",0.0
2423,"Zavala, Texas",0.0
