,county,mercury
0,"-, Arizona",0.0
1,"Abbeville, South Carolina",0.0
2,"Acadia, Louisiana",0.0
3,"Accomack, Virginia",0.0
4,"Ada, Idaho",0.0
5,"Adair, Kentucky",0.0
6,"Adair, Missouri",0.0
7,"Adair, Oklahoma",0.013999999999999999
8,"Adams, Idaho",0.0
9,"Adams, Illinois",0.01857142857142857
10,"Adams, Indiana",0.07692307692307693
11,"Adams, Nebraska",0.0
12,"Adams, Ohio",0.0
13,"Adams, Pennsylvania",0.0
14,"Adams, Washington",0.0
15,"Adams, Wisconsin",0.0
16,"Addison, Vermont",0.0
17,"Aiken, South Carolina",0.0070718232044198895
18,"Aitkin, Minnesota",0.0
19,"Alachua, Florida",0.0017543859649122807
20,"Alamance, North Carolina",0.0
21,"Alameda, California",0.0003832442067736186
22,"Albany, New York",0.0
23,"Albany, Wyoming",0.0
24,"Albemarle, Virginia",0.0
25,"Alcona, Michigan",0.0
26,"Aleutians east borough, Alaska",0.0
27,"Aleutians east, Alaska",0.0
28,"Aleutians west census area, Alaska",0.0
29,"Aleutians west, Alaska",0.0
30,"Alexander, Illinois",0.0
31,"Alexander, North Carolina",0.0
32,"Alfalfa, Oklahoma",0.0
33,"Alger, Michigan",0.0
34,"Allamakee, Iowa",0.0
35,"Allegan, Michigan",0.0
36,"Allegany, Maryland",0.013333333333333334
37,"Allegany, New York",0.21458333333333335
38,"Alleghany, North Carolina",0.0
39,"Alleghany, Virginia",0.0
40,"Allegheny county, Pennsylvania",0.0
41,"Allegheny, Pennsylvania",0.0
42,"Allen, Indiana",0.00851063829787234
43,"Allen, Kansas",0.0
44,"Allen, Kentucky",0.0
45,"Allen, Louisiana",0.0
46,"Allen, Ohio",0.0
47,"Allendale, South Carolina",0.0
48,"Alpena, Michigan",0.0
49,"Alpine, California",0.0125
50,"Amador, California",0.0
51,"Amelia, Virginia",0.0
52,"American samoa, American Samoa",0.0
53,"Amherst, Virginia",0.0
54,"Anchorage municipality, Alaska",0.0
55,"Anchorage, Alaska",0.0
56,"Anderson, Kansas",0.0
57,"Anderson, Kentucky",0.0
58,"Anderson, South Carolina",0.0
59,"Anderson, Tennessee",0.0
60,"Anderson, Texas",0.0
61,"Andrew, Missouri",0.0
62,"Andrews, Texas",0.0
63,"Androscoggin, Maine",0.002368421052631579
64,"Angelina, Texas",0.0
65,"Anne arundel, Maryland",0.0008474576271186442
66,"Anoka, Minnesota",0.0047157894736842105
67,"Anson, North Carolina",0.0
68,"Antelope, Nebraska",0.0
69,"Antrim, Michigan",0.0
70,"Apache, Arizona",0.07746478873239436
71,"Appomattox, Virginia",0.0
72,"Aransas, Texas",0.0
73,"Archer, Texas",0.0
74,"Arenac, Michigan",0.0
75,"Arkansas, Arkansas",0.0
76,"Armstrong, Pennsylvania",0.0
77,"Armstrong, Texas",0.0
78,"Aroostook, Maine",0.009844559585492227
79,"Arthur, Nebraska",0.0
80,"Ascension, Louisiana",0.0
81,"Ashe, North Carolina",0.0
82,"Ashland, Ohio",0.0
83,"Ashland, Wisconsin",0.017272727272727273
84,"Ashley, Arkansas",0.0
85,"Ashtabula, Ohio",0.0
86,"Asotin, Washington",0.0
87,"Assumption, Louisiana",0.0
88,"Atascosa county, Texas",0.0
89,"Atascosa, Texas",0.0
90,"Atchison, Kansas",0.0
91,"Atchison, Missouri",0.0
92,"Athens, Ohio",0.0
93,"Atlantic, New Jersey",0.05724193548387097
94,"Atoka, Oklahoma",0.0
95,"Audrain, Missouri",0.0
96,"Auglaize, Ohio",0.0
97,"Augusta, Virginia",0.0
98,"Austin, Texas",0.0
99,"Autauga, Alabama",0.0
100,"Avery, North Carolina",0.0
101,"Avoyelles, Louisiana",0.004338461538461539
102,"B, Oklahoma",0.0
103,"Bailey, Texas",0.0
104,"Baker county, Florida",0.0
105,"Baker, Florida",0.003703703703703704
106,"Baker, Oregon",0.0
107,"Baldwin, Alabama",0.003529411764705883
108,"Ballard, Kentucky",0.0
109,"Baltimore, Maryland",0.002537313432835821
110,"Bamberg, South Carolina",0.0
111,"Bandera, Texas",0.0
112,"Banner, Nebraska",0.0
113,"Bannock, Idaho",0.0
114,"Baraga, Michigan",0.0
115,"Barber, Kansas",0.0
116,"Barbour, Alabama",0.0
117,"Barbour, West Virginia",0.0
118,"Barnes, North Dakota",0.0
119,"Barnstable, Massachusetts",0.0008026755852842809
120,"Barnwell, South Carolina",0.0
121,"Barren, Kentucky",0.0
122,"Barron, Wisconsin",0.007792207792207792
123,"Barry, Michigan",0.0
124,"Barry, Missouri",0.0
125,"Bartholomew, Indiana",0.0
126,"Barton, Kansas",0.0
127,"Barton, Missouri",0.017142857142857144
128,"Bastrop, Texas",0.0
129,"Bates, Missouri",0.009166666666666667
130,"Bath, Virginia",0.0
131,"Baxter, Arkansas",0.0
132,"Bay, Florida",0.018181818181818184
133,"Bay, Michigan",0.0
134,"Bayfield, Wisconsin",0.0010344827586206897
135,"Baylor, Texas",0.0
136,"Beadle, South Dakota",0.0
137,"Bear lake, Idaho",0.0
138,"Beaufort, North Carolina",0.0
139,"Beaufort, South Carolina",0.0
140,"Beauregard, Louisiana",0.052225806451612906
141,"Beaver, Oklahoma",0.0
142,"Beaver, Pennsylvania",0.02
143,"Beaver, Utah",0.0
144,"Beaverhead, Montana",0.01368421052631579
145,"Becker, Minnesota",0.0022222222222222222
146,"Beckham, Oklahoma",0.0
147,"Bedford county, Pennsylvania",0.0
148,"Bedford, Pennsylvania",0.0
149,"Bedford, Tennessee",0.0
150,"Bedford, Virginia",0.0
151,"Bee, Texas",0.0
152,"Belknap, New Hampshire",0.015
153,"Bell, Kentucky",0.0
154,"Bell, Texas",0.0
155,"Belmont, Ohio",0.0
156,"Beltrami county, Minnesota",0.0
157,"Beltrami, Minnesota",0.004923076923076923
158,"Benewah, Idaho",0.0
159,"Bennett, South Dakota",0.0
160,"Bennington, Vermont",0.44776119402985076
161,"Benson, North Dakota",0.0
162,"Benton county, Arkansas",0.0
163,"Benton, Arkansas",0.0
164,"Benton, Indiana",0.09999999999999999
165,"Benton, Iowa",0.0
166,"Benton, Minnesota",0.002307692307692308
167,"Benton, Missouri",0.0
168,"Benton, Oregon",0.0
169,"Benton, Tennessee",0.0
170,"Benton, Washington",0.001388888888888889
171,"Benzie, Michigan",0.0
172,"Bergen, New Jersey",0.0004484304932735426
173,"Berkeley, South Carolina",0.003384615384615385
174,"Berkeley, West Virginia",0.02564102564102564
175,"Berks county, Pennsylvania",0.0
176,"Berks, Pennsylvania",0.0031645569620253164
177,"Berkshire, Massachusetts",0.0
178,"Bernalillo, New Mexico",0.0008553191489361703
179,"Berrien, Michigan",0.0
180,"Bertie, North Carolina",0.0
181,"Bethel census area, Alaska",0.0
182,"Bethel, Alaska",0.012199999999999999
183,"Bexar, Texas",0.0011255813953488373
184,"Bibb, Alabama",0.0
185,"Bienville, Louisiana",0.0
186,"Big horn, Montana",0.0071428571428571435
187,"Big horn, Wyoming",0.008823529411764706
188,"Big stone, Minnesota",0.0
189,"Billings, North Dakota",0.0
190,"Bingham, Idaho",0.003703703703703704
191,"Black hawk, Iowa",0.0
192,"Blackford, Indiana",0.0
193,"Bladen, North Carolina",0.0
194,"Blaine, Idaho",0.0
195,"Blaine, Montana",0.0
196,"Blaine, Nebraska",0.0
197,"Blaine, Oklahoma",0.0
198,"Blair, Pennsylvania",0.0
199,"Blanco, Texas",0.0
200,"Bland, Virginia",0.0
201,"Bledsoe, Tennessee",0.0
202,"Blount, Alabama",0.00911111111111111
203,"Blount, Tennessee",0.025
204,"Blue earth, Minnesota",0.008888888888888889
205,"Boise, Idaho",0.2606060606060606
206,"Bollinger, Missouri",0.0
207,"Bon homme, South Dakota",0.0
208,"Bond, Illinois",0.0
209,"Bonner, Idaho",0.0
210,"Bonneville, Idaho",0.0
211,"Boone, Arkansas",0.0
212,"Boone, Illinois",0.0
213,"Boone, Indiana",0.018181818181818184
214,"Boone, Kentucky",0.0
215,"Boone, Missouri",0.0027848101265822785
216,"Boone, Nebraska",0.0
217,"Boone, West Virginia",0.08294117647058823
218,"Bosque, Texas",0.0
219,"Bossier, Louisiana",0.0
220,"Botetourt, Virginia",0.0
221,"Bottineau, North Dakota",0.0
222,"Boundary, Idaho",0.0
223,"Bourbon, Kansas",0.0
224,"Bourbon, Kentucky",0.0
225,"Bowie, Texas",0.0
226,"Bowman, North Dakota",0.0
227,"Box butte, Nebraska",0.0
228,"Box elder, Utah",0.011842105263157895
229,"Boyd, Kentucky",0.0
230,"Boyd, Nebraska",0.0
231,"Boyle, Kentucky",0.0
232,"Bracken, Kentucky",0.0
233,"Bradford, Florida",0.0
234,"Bradford, Pennsylvania",0.0
235,"Bradley, Arkansas",0.0
236,"Bradley, Tennessee",0.0
237,"Branch, Michigan",0.0
238,"Braxton, West Virginia",0.013043478260869565
239,"Brazoria, Texas",0.0
240,"Brazos, Texas",0.0
241,"Breathitt, Kentucky",0.0
242,"Breckinridge, Kentucky",0.0
243,"Bremer, Iowa",0.0
244,"Brevard, Florida",0.002666666666666667
245,"Brewster, Texas",0.0
246,"Briscoe, Texas",0.0
247,"Bristol bay, Alaska",0.0
248,"Bristol, Massachusetts",0.0
249,"Bristol, Rhode Island",0.0
250,"Bristol, Virginia",0.0
251,"Broadwater, Montana",0.0
252,"Brooke, West Virginia",0.0
253,"Brookings, South Dakota",0.0
254,"Brooks, Texas",0.0
255,"Broome, New York",0.006565656565656566
256,"Broward county, Florida",0.025
257,"Broward, Florida",0.018279569892473126
258,"Brown, Illinois",0.0
259,"Brown, Indiana",0.03333333333333333
260,"Brown, Kansas",0.0
261,"Brown, Minnesota",0.0
262,"Brown, Nebraska",0.0
263,"Brown, Ohio",0.0
264,"Brown, South Dakota",0.0
265,"Brown, Texas",0.0
266,"Brown, Wisconsin",0.009338028169014086
267,"Brule, South Dakota",0.0
268,"Brunswick, North Carolina",0.0
269,"Brunswick, Virginia",0.0
270,"Bryan, Oklahoma",0.0
271,"Buchanan, Iowa",0.0
272,"Buchanan, Virginia",0.0
273,"Buckingham, Virginia",0.0
274,"Bucks county, Pennsylvania",0.0
275,"Bucks, Pennsylvania",0.009843575418994412
276,"Buena vista, Iowa",0.0
277,"Buena vista, Virginia",0.0
278,"Buffalo, Nebraska",0.0
279,"Buffalo, Wisconsin",0.025806451612903226
280,"Bullock, Alabama",0.0
281,"Buncombe, North Carolina",0.0
282,"Bureau, Illinois",0.004545454545454545
283,"Burke, North Carolina",0.0
284,"Burke, North Dakota",0.0
285,"Burleigh, North Dakota",0.0
286,"Burleson, Texas",0.0
287,"Burlington, New Jersey",0.0037160493827160497
288,"Burnet, Texas",0.0
289,"Burnett, Wisconsin",0.0
290,"Burt, Nebraska",0.0
291,"Butler county, Pennsylvania",0.0
292,"Butler, Alabama",0.0
293,"Butler, Iowa",0.0
294,"Butler, Kansas",0.0
295,"Butler, Kentucky",0.0
296,"Butler, Missouri",0.0
297,"Butler, Nebraska",0.0
298,"Butler, Ohio",0.0
299,"Butler, Pennsylvania",0.02127659574468085
300,"Butte, California",0.005724528301886793
301,"Butte, Idaho",0.0
302,"Butte, South Dakota",0.0
303,"Cabarrus, North Carolina",0.0
304,"Cabell, West Virginia",0.0
305,"Cache, Utah",0.0040650406504065045
306,"Caddo parish, Louisiana",0.0
307,"Caddo, Louisiana",0.0
308,"Caddo, Oklahoma",0.0
309,"Calaveras, California",0.0
310,"Calcasieu, Louisiana",0.0045045045045045045
311,"Caldwell, Kentucky",0.0
312,"Caldwell, Louisiana",0.0
313,"Caldwell, Missouri",0.0
314,"Caldwell, North Carolina",0.0
315,"Caldwell, Texas",0.0
316,"Caledonia, Vermont",0.0
317,"Calhoun, Alabama",0.0
318,"Calhoun, Arkansas",0.0
319,"Calhoun, Florida",0.0
320,"Calhoun, Illinois",0.0
321,"Calhoun, Iowa",0.0
322,"Calhoun, Michigan",0.0
323,"Calhoun, South Carolina",0.04181818181818182
324,"Calhoun, Texas",0.0
325,"Calhoun, West Virginia",0.0
326,"Callahan, Texas",0.0
327,"Callaway, Missouri",0.0
328,"Calloway, Kentucky",0.0
329,"Calumet, Wisconsin",0.0
330,"Calvert, Maryland",0.0
331,"Cambria county, Pennsylvania",0.0
332,"Cambria, Pennsylvania",0.0
333,"Camden, Missouri",0.002857142857142857
334,"Camden, New Jersey",0.0448407960199005
335,"Camden, North Carolina",0.0
336,"Cameron, Louisiana",0.0
337,"Cameron, Pennsylvania",0.0
338,"Cameron, Texas",0.0
339,"Camp, Texas",0.0
340,"Campbell, Kentucky",0.0
341,"Campbell, Tennessee",0.0
342,"Campbell, Virginia",0.007407407407407408
343,"Campbell, Wyoming",0.0
344,"Canadian, Oklahoma",0.0
345,"Cannon, Tennessee",0.0
346,"Canyon, Idaho",0.0
347,"Cape girardeau, Missouri",0.0
348,"Cape may, New Jersey",0.01661111111111111
349,"Carbon county, Pennsylvania",0.0
350,"Carbon, Montana",0.0
351,"Carbon, Pennsylvania",0.022222222222222223
352,"Carbon, Utah",0.0
353,"Carbon, Wyoming",0.0
354,"Caribou, Idaho",0.003055555555555556
355,"Carlisle, Kentucky",0.0
356,"Carlton, Minnesota",0.004074074074074075
357,"Caroline, Maryland",0.0
358,"Caroline, Virginia",0.0
359,"Carroll, Arkansas",0.0
360,"Carroll, Illinois",0.0
361,"Carroll, Indiana",0.0642857142857143
362,"Carroll, Iowa",0.0
363,"Carroll, Kentucky",0.0
364,"Carroll, Maryland",0.03333333333333333
365,"Carroll, Missouri",0.0
366,"Carroll, New Hampshire",0.009213483146067415
367,"Carroll, Ohio",0.0
368,"Carroll, Tennessee",0.0
369,"Carroll, Virginia",0.0
370,"Carson city, Nevada",0.0
371,"Carson, Texas",0.0
372,"Carter, Kentucky",0.0
373,"Carter, Missouri",0.0
374,"Carter, Montana",0.0
375,"Carter, Oklahoma",0.015000000000000001
376,"Carter, Tennessee",0.0
377,"Carteret, North Carolina",0.0
378,"Carver, Minnesota",0.002424242424242424
379,"Cascade, Montana",0.0
380,"Casey, Kentucky",0.0
381,"Cass, Illinois",0.0
382,"Cass, Indiana",0.0
383,"Cass, Iowa",0.0
384,"Cass, Michigan",0.0
385,"Cass, Minnesota",0.0023913043478260873
386,"Cass, Missouri",0.0
387,"Cass, Nebraska",0.0
388,"Cass, North Dakota",0.0
389,"Cass, Texas",0.0
390,"Cassia, Idaho",0.0
391,"Castro, Texas",0.0
392,"Caswell, North Carolina",0.0
393,"Catahoula, Louisiana",0.0
394,"Catawba, North Carolina",0.0048192771084337345
395,"Catron, New Mexico",0.0
396,"Cattaraugus, New York",0.0015748031496062994
397,"Cavalier, North Dakota",0.0
398,"Cayuga county, New York",0.31666666666666665
399,"Cayuga, New York",0.0043661971830985915
400,"Cecil, Maryland",0.0
401,"Cedar, Iowa",0.0
402,"Cedar, Missouri",0.023809523809523808
403,"Cedar, Nebraska",0.0
404,"Centre county, Pennsylvania",0.0
405,"Centre, Pennsylvania",0.0
406,"Cerro gordo, Iowa",0.0
407,"Chambers, Alabama",0.0
408,"Chambers, Texas",0.0
409,"Champaign, Illinois",0.0
410,"Champaign, Ohio",0.0
411,"Chariton, Missouri",0.0
412,"Charles city, Virginia",0.0
413,"Charles mix, South Dakota",0.0
414,"Charles, Maryland",0.0
415,"Charleston county, South Carolina",0.0
416,"Charleston, South Carolina",0.006666666666666667
417,"Charlevoix, Michigan",0.0
418,"Charlotte, Florida",0.0
419,"Charlotte, Virginia",0.0
420,"Chase, Kansas",0.0
421,"Chase, Nebraska",0.0
422,"Chatham, North Carolina",0.0
423,"Chautauqua, Kansas",0.0
424,"Chautauqua, New York",0.003418803418803419
425,"Chaves, New Mexico",0.0
426,"Cheatham, Tennessee",0.0
427,"Cheboygan, Michigan",0.0
428,"Chelan, Washington",0.0
429,"Chemung, New York",0.004705882352941177
430,"Chenango, New York",0.4140127388535032
431,"Cherokee, Alabama",0.0
432,"Cherokee, Iowa",0.0
433,"Cherokee, Kansas",0.0
434,"Cherokee, North Carolina",0.0
435,"Cherokee, Oklahoma",0.0
436,"Cherokee, South Carolina",0.051111111111111114
437,"Cherokee, Texas",0.0
438,"Cherry, Nebraska",0.0
439,"Chesapeake city, Virginia",0.0
440,"Chesapeake, Virginia",0.0
441,"Cheshire, New Hampshire",0.012
442,"Chester county, Pennsylvania",0.0
443,"Chester, Pennsylvania",0.0019047619047619048
444,"Chester, South Carolina",0.025833333333333333
445,"Chester, Tennessee",0.0
446,"Chesterfield, South Carolina",0.0
447,"Chesterfield, Virginia",0.0
448,"Cheyenne, Kansas",0.0
449,"Cheyenne, Nebraska",0.0
450,"Chickasaw, Iowa",0.0
451,"Chicot, Arkansas",0.0
452,"Chilton, Alabama",0.0
453,"Chippewa, Michigan",0.0
454,"Chippewa, Minnesota",0.0
455,"Chippewa, Wisconsin",0.0
456,"Chisago, Minnesota",0.0034000000000000002
457,"Chittenden, Vermont",0.0
458,"Choctaw, Alabama",0.0
459,"Choctaw, Oklahoma",0.0
460,"Chouteau, Montana",0.011764705882352941
461,"Chowan, North Carolina",0.0
462,"Christian, Illinois",0.0
463,"Christian, Kentucky",0.0
464,"Christian, Missouri",0.002436974789915966
465,"Churchill, Nevada",0.0
466,"Cibola, New Mexico",0.0
467,"Cimarron, Oklahoma",0.0
468,"Citrus county, Florida",0.0
469,"Citrus, Florida",0.00404040404040404
470,"Clackamas, Oregon",0.0
471,"Claiborne, Louisiana",0.0
472,"Claiborne, Tennessee",0.0
473,"Clallam, Washington",0.0
474,"Clare, Michigan",0.0
475,"Clarendon, South Carolina",0.0038235294117647052
476,"Clarion, Pennsylvania",0.0
477,"Clark, Arkansas",0.0
478,"Clark, Idaho",0.0
479,"Clark, Illinois",0.0
480,"Clark, Indiana",0.016666666666666666
481,"Clark, Kansas",0.0
482,"Clark, Kentucky",0.0
483,"Clark, Missouri",0.0
484,"Clark, Nevada",0.01864139020537125
485,"Clark, Ohio",0.0007792207792207793
486,"Clark, South Dakota",0.0
487,"Clark, Washington",0.005
488,"Clark, Wisconsin",0.005797101449275362
489,"Clarke, Alabama",0.0
490,"Clarke, Virginia",0.0
491,"Clatsop, Oregon",0.0
492,"Clay, Alabama",0.0
493,"Clay, Arkansas",0.0
494,"Clay, Florida",0.0
495,"Clay, Illinois",0.0
496,"Clay, Indiana",0.06
497,"Clay, Iowa",0.0
498,"Clay, Kansas",0.0
499,"Clay, Kentucky",0.0
500,"Clay, Minnesota",0.01
501,"Clay, Missouri",0.0
502,"Clay, Nebraska",0.0
503,"Clay, North Carolina",0.022727272727272728
504,"Clay, South Dakota",0.0
505,"Clay, Tennessee",0.0
506,"Clay, Texas",0.0
507,"Clay, West Virginia",0.0
508,"Clayton, Iowa",0.0
509,"Clearfield county, Pennsylvania",0.0
510,"Clearfield, Pennsylvania",0.0
511,"Clearwater, Idaho",0.0
512,"Clearwater, Minnesota",0.0
513,"Cleburne, Alabama",0.0
514,"Cleburne, Arkansas",0.0
515,"Clermont, Ohio",0.0
516,"Cleveland, Arkansas",0.0
517,"Cleveland, North Carolina",0.0
518,"Cleveland, Oklahoma",0.0
519,"Clinton, Illinois",0.0
520,"Clinton, Indiana",0.025000000000000005
521,"Clinton, Iowa",0.0
522,"Clinton, Kentucky",0.0
523,"Clinton, Michigan",0.0
524,"Clinton, Missouri",0.0
525,"Clinton, New York",0.0
526,"Clinton, Ohio",0.0
527,"Clinton, Pennsylvania",0.0
528,"Cloud, Kansas",0.0
529,"Coal, Oklahoma",0.0
530,"Cochise, Arizona",0.0
531,"Cochran, Texas",0.0
532,"Cocke, Tennessee",0.0
533,"Coconino, Arizona",0.0
534,"Codington, South Dakota",0.0
535,"Coffee, Alabama",0.0
536,"Coffee, Tennessee",0.0
537,"Coffey, Kansas",0.0
538,"Coke, Texas",0.0
539,"Colbert, Alabama",0.0
540,"Cole, Missouri",0.0
541,"Coleman, Texas",0.0
542,"Coles, Illinois",0.0
543,"Colfax, Nebraska",0.0
544,"Colfax, New Mexico",0.0
545,"Colleton, South Carolina",0.0035000000000000005
546,"Collier, Florida",0.004761904761904762
547,"Collin, Texas",0.0
548,"Collingsworth, Texas",0.0
549,"Colorado, Texas",0.0
550,"Columbia county, Pennsylvania",0.0
551,"Columbia, Arkansas",0.0
552,"Columbia, Florida",0.006896551724137932
553,"Columbia, New York",0.0
554,"Columbia, Oregon",0.0
555,"Columbia, Pennsylvania",0.0
556,"Columbia, Washington",0.0
557,"Columbia, Wisconsin",0.0008771929824561404
558,"Columbiana, Ohio",0.00980392156862745
559,"Columbus county, North Carolina",0.0
560,"Columbus, North Carolina",0.0
561,"Colusa, California",0.006440677966101696
562,"Comal, Texas",0.0
563,"Comanche, Kansas",0.0
564,"Comanche, Oklahoma",0.0
565,"Comanche, Texas",0.0
566,"Concho, Texas",0.0
567,"Concordia, Louisiana",0.0
568,"Conecuh, Alabama",0.007466666666666667
569,"Contra costa, California",0.0005029585798816568
570,"Converse, Wyoming",0.0
571,"Conway, Arkansas",0.0
572,"Cook, Illinois",0.0
573,"Cook, Minnesota",0.004375
574,"Cooke, Texas",0.0
575,"Cooper, Missouri",0.0
576,"Coos, New Hampshire",0.0033707865168539327
577,"Coos, Oregon",0.0
578,"Coosa, Alabama",0.0
579,"Corson, South Dakota",0.0
580,"Cortland, New York",0.0
581,"Coryell, Texas",0.0
582,"Coshocton, Ohio",0.0
583,"Cottle, Texas",0.0
584,"Cotton, Oklahoma",0.0
585,"Cottonwood county, Minnesota",0.0
586,"Cottonwood, Minnesota",0.0
587,"Covington, Alabama",0.0
588,"Covington, Virginia",0.0
589,"Cowley, Kansas",0.0
590,"Cowlitz, Washington",0.0
591,"Craig, Oklahoma",0.0
592,"Craig, Virginia",0.0
593,"Craighead, Arkansas",0.0
594,"Crane, Texas",0.0
595,"Craven, North Carolina",0.0
596,"Crawford county, Pennsylvania",0.0
597,"Crawford, Arkansas",0.0
598,"Crawford, Illinois",0.0
599,"Crawford, Indiana",0.0
600,"Crawford, Iowa",0.0
601,"Crawford, Kansas",0.0
602,"Crawford, Michigan",0.0
603,"Crawford, Missouri",0.0
604,"Crawford, Ohio",0.0
605,"Crawford, Pennsylvania",0.01020408163265306
606,"Crawford, Wisconsin",0.02142857142857143
607,"Creek, Oklahoma",0.0
608,"Crenshaw, Alabama",0.0
609,"Crittenden, Arkansas",0.0
610,"Crittenden, Kentucky",0.0
611,"Crockett, Tennessee",0.0
612,"Crockett, Texas",0.0
613,"Crook, Oregon",0.0
614,"Crook, Wyoming",0.0
615,"Crosby, Texas",0.0
616,"Cross, Arkansas",0.0
617,"Crow wing, Minnesota",0.008793103448275863
618,"Culberson, Texas",0.0
619,"Cullman, Alabama",0.0
620,"Culpeper, Virginia",0.0
621,"Cumberland, Illinois",0.0
622,"Cumberland, Kentucky",0.0
623,"Cumberland, Maine",0.012738853503184714
624,"Cumberland, New Jersey",0.10844736842105263
625,"Cumberland, North Carolina",0.002061855670103093
626,"Cumberland, Pennsylvania",0.02346153846153846
627,"Cumberland, Tennessee",0.0
628,"Cumberland, Virginia",0.0
629,"Cuming, Nebraska",0.0
630,"Currituck, North Carolina",0.0
631,"Curry, New Mexico",0.0
632,"Curry, Oregon",0.0
633,"Custer, Idaho",0.0
634,"Custer, Montana",0.0
635,"Custer, Nebraska",0.0
636,"Custer, Oklahoma",0.0
637,"Custer, South Dakota",0.0
638,"Cuyahoga, Ohio",0.0
639,"Dade, Florida",0.0
640,"Dade, Missouri",0.02875
641,"Daggett, Utah",0.0
642,"Dakota, Minnesota",0.006833333333333333
643,"Dakota, Nebraska",0.0
644,"Dale, Alabama",0.0
645,"Dallam, Texas",0.0
646,"Dallas, Alabama",0.0
647,"Dallas, Arkansas",0.0
648,"Dallas, Iowa",0.0
649,"Dallas, Missouri",0.0
650,"Dallas, Texas",0.0
651,"Dane, Wisconsin",0.00014232081911262796
652,"Daniels, Montana",0.0
653,"Danville, Virginia",0.0
654,"Dare, North Carolina",0.0
655,"Darke, Ohio",0.0
656,"Darlington, South Carolina",0.0
657,"Dauphin county, Pennsylvania",0.0
658,"Dauphin, Pennsylvania",0.0
659,"Davidson, North Carolina",0.0
660,"Davidson, Tennessee",0.0
661,"Davie, North Carolina",0.05
662,"Daviess, Indiana",0.04
663,"Daviess, Kentucky",0.022222222222222223
664,"Daviess, Missouri",0.0
665,"Davis, Utah",0.022549019607843137
666,"Dawes, Nebraska",0.0
667,"Dawson, Montana",0.0
668,"Dawson, Nebraska",0.0
669,"Dawson, Texas",0.0
670,"De baca, New Mexico",0.0
671,"De kalb, Indiana",0.0
672,"De kalb, Missouri",0.0
673,"De soto, Florida",0.0
674,"De soto, Louisiana",0.0
675,"De witt, Illinois",0.0
676,"Deaf smith, Texas",0.0
677,"Dearborn, Indiana",0.0875
678,"Decatur, Indiana",0.04
679,"Decatur, Kansas",0.0
680,"Decatur, Tennessee",0.0
681,"Deer lodge, Montana",0.0
682,"Defiance, Ohio",0.0
683,"Dekalb, Alabama",0.0
684,"Dekalb, Illinois",0.0077083333333333335
685,"Dekalb, Indiana",0.0
686,"Dekalb, Missouri",0.0
687,"Dekalb, Tennessee",0.0
688,"Del norte county, California",0.0
689,"Del norte, California",0.0
690,"Delaware, Indiana",0.02962962962962963
691,"Delaware, Iowa",0.0
692,"Delaware, New York",0.0
693,"Delaware, Ohio",0.0
694,"Delaware, Oklahoma",0.0
695,"Delaware, Pennsylvania",0.0
696,"Delta, Michigan",0.0
697,"Delta, Texas",0.0
698,"Denali, Alaska",0.07
699,"Dent, Missouri",0.0
700,"Denton, Texas",0.0
701,"Des moines, Iowa",0.0
702,"Deschutes, Oregon",0.0
703,"Desha, Arkansas",0.0
704,"Desoto, Florida",0.0
705,"Deuel, Nebraska",0.0
706,"Dewey, Oklahoma",0.0
707,"Dewey, South Dakota",0.0
708,"Dewitt, Texas",0.0
709,"Dickens, Texas",0.0
710,"Dickenson, Virginia",0.0
711,"Dickey, North Dakota",0.0
712,"Dickinson, Kansas",0.0
713,"Dickinson, Michigan",0.0
714,"Dickson, Tennessee",0.0
715,"Dillingham, Alaska",0.0
716,"Dillon, South Carolina",0.0054761904761904765
717,"Dimmit, Texas",0.0
718,"Dinwiddie, Virginia",0.0
719,"District of columbia, District of Columbia",0.0
720,"Divide, North Dakota",0.0
721,"Dixie, Florida",0.008333333333333333
722,"Dixon, Nebraska",0.0
723,"Doddridge, West Virginia",0.0
724,"Dodge, Minnesota",0.0038461538461538464
725,"Dodge, Nebraska",0.0
726,"Dodge, Wisconsin",0.0
727,"Dona ana, New Mexico",0.021223796033994335
728,"Doniphan, Kansas",0.0
729,"Donley, Texas",0.0
730,"Door, Wisconsin",0.0
731,"Dorchester, Maryland",0.0
732,"Dorchester, South Carolina",0.0
733,"Douglas, Illinois",0.0
734,"Douglas, Kansas",0.0014084507042253522
735,"Douglas, Minnesota",0.004761904761904762
736,"Douglas, Missouri",0.0
737,"Douglas, Nebraska",0.0
738,"Douglas, Nevada",0.028695652173913046
739,"Douglas, Oregon",0.0
740,"Douglas, South Dakota",0.1
741,"Douglas, Washington",0.0
742,"Douglas, Wisconsin",0.002857142857142857
743,"Drew, Arkansas",0.0
744,"Du page, Illinois",0.0
745,"Dubois, Indiana",0.07142857142857142
746,"Dubuque, Iowa",0.0
747,"Duchesne, Utah",0.14
748,"Dukes, Massachusetts",0.014814814814814815
749,"Dundy, Nebraska",0.0
750,"Dunklin, Missouri",0.0
751,"Dunn, North Dakota",0.0
752,"Dunn, Wisconsin",0.0
753,"Dupage, Illinois",0.007018099547511313
754,"Duplin, North Carolina",0.009876543209876543
755,"Durham, North Carolina",0.0
756,"Dutchess, New York",0.0030289532293986633
757,"Duval county, Florida",0.0
758,"Duval, Florida",0.006912442396313365
759,"Duval, Texas",0.0
760,"Dyer, Tennessee",0.0
761,"East baton rouge parish, Louisiana",0.0
762,"East baton rouge, Louisiana",0.0055248618784530384
763,"East carroll, Louisiana",0.0
764,"East feliciana, Louisiana",0.0
765,"Eastland, Texas",0.0
766,"Eaton, Michigan",0.0
767,"Eau claire, Wisconsin",0.004347826086956522
768,"Ector, Texas",0.0
769,"Eddy, New Mexico",0.002134246575342466
770,"Eddy, North Dakota",0.0
771,"Edgar, Illinois",0.0
772,"Edgecombe, North Carolina",0.0
773,"Edgefield, South Carolina",0.0
774,"Edmonson, Kentucky",0.0
775,"Edwards, Illinois",0.0
776,"Edwards, Kansas",0.0
777,"Edwards, Texas",0.0
778,"Effingham, Illinois",0.0
779,"El dorado, California",0.0033870967741935487
780,"El paso, Texas",0.0036904761904761906
781,"Elk, Kansas",0.0
782,"Elk, Pennsylvania",0.0
783,"Elkhart, Indiana",0.009219858156028368
784,"Elko, Nevada",0.01180722891566265
785,"Elliott, Kentucky",0.0
786,"Ellis, Kansas",0.0
787,"Ellis, Oklahoma",0.002307692307692308
788,"Ellis, Texas",0.0
789,"Ellsworth, Kansas",0.0
790,"Elmore, Alabama",0.0074
791,"Elmore, Idaho",0.0
792,"Emery, Utah",0.0
793,"Emmet, Iowa",0.0
794,"Emmet, Michigan",0.0
795,"Emmons, North Dakota",0.0
796,"Erath, Texas",0.0
797,"Erie county, Pennsylvania",0.0
798,"Erie, New York",0.0022807017543859647
799,"Erie, Ohio",0.0
800,"Erie, Pennsylvania",0.0
801,"Escambia, Alabama",0.0074181818181818186
802,"Escambia, Florida",0.020666666666666673
803,"Esmeralda, Nevada",0.06
804,"Essex county, New York",0.0
805,"Essex, Massachusetts",0.0011363636363636365
806,"Essex, New Jersey",0.0
807,"Essex, New York",0.0
808,"Essex, Vermont",0.0
809,"Essex, Virginia",0.0
810,"Estill, Kentucky",0.049999999999999996
811,"Etowah, Alabama",0.0
812,"Eureka, Nevada",0.0
813,"Evangeline parish, Louisiana",0.0
814,"Evangeline, Louisiana",0.004673913043478261
815,"Fairbanks north star, Alaska",0.05172413793103448
816,"Fairfax, Virginia",0.02328767123287671
817,"Fairfield, Connecticut",0.0
818,"Fairfield, Ohio",0.0
819,"Fairfield, South Carolina",0.0
820,"Fall river, South Dakota",0.0
821,"Fallon, Montana",0.0
822,"Falls, Texas",0.0
823,"Fannin, Texas",0.0
824,"Faribault, Minnesota",0.004166666666666667
825,"Faulk, South Dakota",0.0
826,"Fauquier, Virginia",0.0
827,"Fayette, Alabama",0.0
828,"Fayette, Illinois",0.0
829,"Fayette, Indiana",0.025
830,"Fayette, Iowa",0.0
831,"Fayette, Kentucky",0.0
832,"Fayette, Ohio",0.0
833,"Fayette, Pennsylvania",0.0
834,"Fayette, Tennessee",0.11666666666666665
835,"Fayette, Texas",0.0
836,"Fayette, West Virginia",0.13146875
837,"Fentress, Tennessee",0.0
838,"Fergus, Montana",0.0
839,"Ferry, Washington",0.008333333333333333
840,"Fillmore, Minnesota",0.002962962962962963
841,"Fillmore, Nebraska",0.0
842,"Finney, Kansas",0.0
843,"Fisher, Texas",0.0
844,"Flagler, Florida",0.0
845,"Flathead, Montana",0.0
846,"Fleming, Kentucky",0.0
847,"Florence, South Carolina",0.0
848,"Florence, Wisconsin",0.0
849,"Floyd, Indiana",0.0
850,"Floyd, Iowa",0.0
851,"Floyd, Kentucky",0.0
852,"Floyd, Texas",0.0
853,"Floyd, Virginia",0.0
854,"Fluvanna, Virginia",0.0
855,"Foard, Texas",0.0
856,"Fond du lac, Wisconsin",0.008908928571428571
857,"Ford, Illinois",0.0
858,"Ford, Kansas",0.027999999999999997
859,"Forest, Pennsylvania",0.0
860,"Forest, Wisconsin",0.0
861,"Forsyth, North Carolina",0.0
862,"Fort bend county, Texas",0.0
863,"Fort bend, Texas",0.0
864,"Foster, North Dakota",0.0
865,"Fountain, Indiana",0.02
866,"Franklin county, Missouri",0.0
867,"Franklin county, New York",0.0
868,"Franklin county, Ohio",0.0
869,"Franklin county, Pennsylvania",0.0
870,"Franklin, Alabama",0.0
871,"Franklin, Arkansas",0.0
872,"Franklin, Florida",0.0
873,"Franklin, Idaho",0.0
874,"Franklin, Illinois",0.0
875,"Franklin, Indiana",0.0
876,"Franklin, Iowa",0.0
877,"Franklin, Kansas",0.0
878,"Franklin, Kentucky",0.0
879,"Franklin, Louisiana",0.0
880,"Franklin, Maine",0.0
881,"Franklin, Massachusetts",0.00295774647887324
882,"Franklin, Missouri",0.0
883,"Franklin, Nebraska",0.0
884,"Franklin, New York",0.0
885,"Franklin, North Carolina",0.007407407407407408
886,"Franklin, Ohio",0.0
887,"Franklin, Pennsylvania",0.0
888,"Franklin, Tennessee",0.0
889,"Franklin, Texas",0.0
890,"Franklin, Vermont",0.0
891,"Franklin, Virginia",0.0
892,"Franklin, Washington",0.004615384615384615
893,"Frederick, Maryland",0.001639344262295082
894,"Frederick, Virginia",0.0
895,"Freeborn, Minnesota",0.014166666666666668
896,"Freestone, Texas",0.0
897,"Fremont, Idaho",0.0
898,"Fremont, Iowa",0.0
899,"Fremont, Wyoming",0.0
900,"Fresno, California",0.002863726135615537
901,"Frio, Texas",0.0
902,"Frontier, Nebraska",0.0
903,"Fulton, Arkansas",0.0
904,"Fulton, Illinois",0.008214285714285714
905,"Fulton, Indiana",0.0
906,"Fulton, Kentucky",0.0
907,"Fulton, New York",0.0
908,"Fulton, Ohio",0.016129032258064516
909,"Fulton, Pennsylvania",0.0
910,"Furnas, Nebraska",0.0
911,"Gadsden, Florida",0.0044444444444444444
912,"Gage, Nebraska",0.0
913,"Gaines, Texas",0.0
914,"Galax, Virginia",0.0
915,"Gallatin, Illinois",0.0
916,"Gallatin, Kentucky",0.0
917,"Gallatin, Montana",0.0
918,"Gallia, Ohio",0.0
919,"Galveston, Texas",0.0
920,"Garden, Nebraska",0.0
921,"Garfield, Montana",0.0
922,"Garfield, Nebraska",0.0
923,"Garfield, Oklahoma",0.0
924,"Garfield, Utah",0.06666666666666667
925,"Garfield, Washington",0.0
926,"Garland, Arkansas",0.0
927,"Garrard, Kentucky",0.0
928,"Garrett, Maryland",0.0
929,"Garvin, Oklahoma",0.0
930,"Garza, Texas",0.0
931,"Gasconade, Missouri",0.0
932,"Gaston, North Carolina",0.0011235955056179776
933,"Gates, North Carolina",0.0
934,"Geary, Kansas",0.0
935,"Geauga, Ohio",0.01923404255319149
936,"Gem, Idaho",0.0
937,"Genesee, Michigan",0.0
938,"Genesee, New York",0.02181818181818182
939,"Geneva, Alabama",0.0
940,"Gentry, Missouri",0.0
941,"Georgetown, South Carolina",0.0
942,"Gibson, Indiana",0.007692307692307693
943,"Gibson, Tennessee",0.0
944,"Gila, Arizona",0.0
945,"Gilchrist, Florida",0.006666666666666667
946,"Giles, Tennessee",0.0
947,"Giles, Virginia",0.0
948,"Gillespie, Texas",0.0
949,"Gilliam, Oregon",0.0
950,"Gilmer, West Virginia",0.0
951,"Glacier, Montana",0.0
952,"Glades, Florida",0.005555555555555556
953,"Gladwin, Michigan",0.0
954,"Glasscock, Texas",0.0
955,"Glenn, California",0.00788
956,"Gloucester, New Jersey",0.13391885441527446
957,"Gloucester, Virginia",0.0
958,"Gogebic, Michigan",0.0
959,"Golden valley, Montana",0.0
960,"Golden valley, North Dakota",0.0
961,"Goliad, Texas",0.0
962,"Gonzales, Texas",0.0
963,"Goochland, Virginia",0.0
964,"Goodhue, Minnesota",0.010833333333333334
965,"Gooding, Idaho",0.0
966,"Goshen, Wyoming",0.0
967,"Gosper, Nebraska",0.0
968,"Gove, Kansas",0.0
969,"Grady, Oklahoma",0.0009433962264150943
970,"Grafton, New Hampshire",0.007288629737609329
971,"Graham county, Arizona",0.0
972,"Graham, Arizona",0.0
973,"Graham, Kansas",0.0
974,"Graham, North Carolina",0.0
975,"Grand forks, North Dakota",0.0
976,"Grand isle, Vermont",0.24390243902439024
977,"Grand traverse, Michigan",0.0
978,"Grand, Utah",0.0
979,"Granite, Montana",0.0
980,"Grant, Arkansas",0.0
981,"Grant, Indiana",0.0
982,"Grant, Kansas",0.0
983,"Grant, Kentucky",0.0
984,"Grant, Louisiana",0.0
985,"Grant, Minnesota",0.021666666666666667
986,"Grant, Nebraska",0.0
987,"Grant, New Mexico",0.014833333333333334
988,"Grant, North Dakota",0.0
989,"Grant, Oklahoma",0.0
990,"Grant, Oregon",0.0
991,"Grant, South Dakota",0.0
992,"Grant, Washington",0.0032863849765258214
993,"Grant, West Virginia",0.0
994,"Grant, Wisconsin",0.0064516129032258064
995,"Granville, North Carolina",0.0
996,"Gratiot, Michigan",0.0
997,"Graves, Kentucky",0.0
998,"Gray, Kansas",0.0
999,"Gray, Texas",0.059166666666666666
1000,"Grays harbor, Washington",0.0
1001,"Grayson, Kentucky",0.0
1002,"Grayson, Texas",0.0
1003,"Grayson, Virginia",0.0
1004,"Greeley, Kansas",0.0
1005,"Greeley, Nebraska",0.0
1006,"Green lake, Wisconsin",0.0
1007,"Green, Kentucky",0.0
1008,"Green, Wisconsin",0.0
1009,"Greenbrier, West Virginia",0.0064516129032258064
1010,"Greene, Alabama",0.0
1011,"Greene, Arkansas",0.19944444444444445
1012,"Greene, Illinois",0.0
1013,"Greene, Indiana",0.01
1014,"Greene, Missouri",0.0020689655172413794
1015,"Greene, New York",0.0038095238095238095
1016,"Greene, North Carolina",0.0
1017,"Greene, Ohio",0.0
1018,"Greene, Pennsylvania",0.028571428571428574
1019,"Greene, Tennessee",0.0
1020,"Greene, Virginia",0.0
1021,"Greenlee, Arizona",0.0
1022,"Greensville, Virginia",0.0
1023,"Greenup, Kentucky",0.0
1024,"Greenville, South Carolina",0.0
1025,"Greenwood, Kansas",0.0
1026,"Greenwood, South Carolina",0.0
1027,"Greer, Oklahoma",0.0
1028,"Gregg, Texas",0.0
1029,"Gregory, South Dakota",0.0
1030,"Griggs, North Dakota",0.0
1031,"Grimes, Texas",0.0
1032,"Grundy, Illinois",0.03605357142857143
1033,"Grundy, Iowa",0.0
1034,"Grundy, Missouri",0.0
1035,"Grundy, Tennessee",0.0
1036,"Guadalupe, New Mexico",0.0
1037,"Guadalupe, Texas",0.0
1038,"Guernsey, Ohio",0.037647058823529415
1039,"Guilford, North Carolina",0.0013377926421404684
1040,"Guillford, North Carolina",0.0
1041,"Gulf, Florida",0.0
1042,"Guthrie, Iowa",0.0
1043,"Haines, Alaska",0.0
1044,"Hale, Alabama",0.0
1045,"Hale, Texas",0.0
1046,"Halifax, North Carolina",0.0
1047,"Halifax, Virginia",0.0
1048,"Hall, Nebraska",0.0
1049,"Hall, Texas",0.0
1050,"Hamblen, Tennessee",0.0
1051,"Hamilton, Florida",0.01153846153846154
1052,"Hamilton, Indiana",0.05714285714285714
1053,"Hamilton, Iowa",0.0
1054,"Hamilton, Kansas",0.0
1055,"Hamilton, Nebraska",0.0
1056,"Hamilton, New York",0.011176470588235295
1057,"Hamilton, Ohio",0.0
1058,"Hamilton, Tennessee",0.0
1059,"Hamilton, Texas",0.0
1060,"Hamlin, South Dakota",0.0
1061,"Hampden, Massachusetts",0.006403508771929824
1062,"Hampshire, Massachusetts",0.0
1063,"Hampshire, West Virginia",0.0
1064,"Hampton, South Carolina",0.0
1065,"Hancock, Illinois",0.0
1066,"Hancock, Indiana",0.0
1067,"Hancock, Iowa",0.0
1068,"Hancock, Kentucky",0.0
1069,"Hancock, Maine",0.0004866310160427807
1070,"Hancock, Ohio",0.0
1071,"Hancock, Tennessee",0.0
1072,"Hancock, West Virginia",0.0
1073,"Hanover, Virginia",0.005714285714285714
1074,"Hansford, Texas",0.0
1075,"Hardee, Florida",0.004081632653061225
1076,"Hardeman, Tennessee",0.0
1077,"Hardeman, Texas",0.0
1078,"Hardin, Illinois",0.0
1079,"Hardin, Iowa",0.0
1080,"Hardin, Kentucky",0.0
1081,"Hardin, Ohio",0.0
1082,"Hardin, Tennessee",0.0
1083,"Hardin, Texas",0.0
1084,"Harding, New Mexico",0.0
1085,"Harding, South Dakota",0.0
1086,"Hardy, West Virginia",0.030954545454545453
1087,"Harford, Maryland",0.0
1088,"Harlan, Kentucky",0.0
1089,"Harlan, Nebraska",0.0
1090,"Harmon, Oklahoma",0.0
1091,"Harnett, North Carolina",0.0
1092,"Harney, Oregon",0.0
1093,"Harper, Kansas",0.0
1094,"Harper, Oklahoma",0.011666666666666665
1095,"Harris, Texas",0.0
1096,"Harrison, Indiana",0.05
1097,"Harrison, Iowa",0.0
1098,"Harrison, Kentucky",0.0
1099,"Harrison, Missouri",0.0
1100,"Harrison, Ohio",0.0
1101,"Harrison, Texas",0.0
1102,"Harrison, West Virginia",0.0
1103,"Harrisonburg, Virginia",0.0
1104,"Hart, Kentucky",0.0
1105,"Hartford, Connecticut",0.007328605200945628
1106,"Hartley, Texas",0.0
1107,"Harvey, Kansas",0.0
1108,"Haskell, Kansas",0.0
1109,"Haskell, Oklahoma",0.0
1110,"Haskell, Texas",0.0
1111,"Hawaii, Hawaii",0.0
1112,"Hawkins, Tennessee",0.0
1113,"Hayes, Nebraska",0.0
1114,"Hays, Texas",0.0
1115,"Haywood, North Carolina",0.0
1116,"Haywood, Tennessee",0.0
1117,"Hemphill, Texas",0.0
1118,"Hempstead, Arkansas",0.0
1119,"Henderson, Illinois",0.0
1120,"Henderson, Kentucky",0.0
1121,"Henderson, North Carolina",0.0
1122,"Henderson, Tennessee",0.0
1123,"Henderson, Texas",0.00021999999999999998
1124,"Hendricks, Indiana",0.014285714285714287
1125,"Hendry, Florida",0.018604651162790697
1126,"Hennepin, Minnesota",0.006165413533834588
1127,"Henrico, Virginia",0.0
1128,"Henry, Alabama",0.0
1129,"Henry, Illinois",0.0101
1130,"Henry, Indiana",0.029411764705882353
1131,"Henry, Iowa",0.0
1132,"Henry, Kentucky",0.0
1133,"Henry, Missouri",0.06555555555555555
1134,"Henry, Ohio",0.0
1135,"Henry, Tennessee",0.0
1136,"Henry, Virginia",0.0
1137,"Herkimer, New York",0.014736842105263158
1138,"Hernando, Florida",0.001342281879194631
1139,"Hertford, North Carolina",0.0
1140,"Hickman, Kentucky",0.0
1141,"Hickman, Tennessee",0.0
1142,"Hickory, Missouri",0.0
1143,"Hidalgo, New Mexico",0.013529411764705884
1144,"Hidalgo, Texas",0.0038
1145,"Highland, Ohio",0.0
1146,"Highland, Virginia",0.0
1147,"Highlands, Florida",0.0
1148,"Hill, Montana",0.0
1149,"Hill, Texas",0.0
1150,"Hills, Florida",0.006074074074074074
1151,"Hills, New Hampshire",0.000823045267489712
1152,"Hillsborough county, Florida",0.13333333333333333
1153,"Hillsborough county, New Hampshire",0.0
1154,"Hillsborough, Florida",0.0392156862745098
1155,"Hillsborough, New Hampshire",0.0
1156,"Hillsdale, Michigan",0.0
1157,"Hitchcock, Nebraska",0.0
1158,"Hocking, Ohio",0.0
1159,"Hockley, Texas",0.0
1160,"Hodgeman, Kansas",0.0
1161,"Hoke, North Carolina",0.011764705882352941
1162,"Holmes, Florida",0.0
1163,"Holmes, Ohio",0.0
1164,"Holt, Missouri",0.0
1165,"Holt, Nebraska",0.0
1166,"Honolulu, Hawaii",0.0
1167,"Hood river, Oregon",0.0
1168,"Hood, Texas",0.0
1169,"Hooker, Nebraska",0.0
1170,"Hoonah-angoon, Alaska",0.0
1171,"Hopewell, Virginia",0.0
1172,"Hopkins, Kentucky",0.0
1173,"Hopkins, Texas",0.0
1174,"Horry, South Carolina",0.0
1175,"Hot spring, Arkansas",0.0
1176,"Hot springs, Wyoming",0.0
1177,"Houghton, Michigan",0.02
1178,"Houston, Alabama",0.0
1179,"Houston, Minnesota",0.018571428571428572
1180,"Houston, Texas",0.0
1181,"Howard, Arkansas",0.0
1182,"Howard, Indiana",0.0
1183,"Howard, Iowa",0.0
1184,"Howard, Maryland",0.0
1185,"Howard, Missouri",0.0
1186,"Howard, Nebraska",0.0
1187,"Howard, Texas",0.0
1188,"Howell, Missouri",0.0
1189,"Hubbard, Minnesota",0.0020833333333333333
1190,"Hudson, New Jersey",0.0
1191,"Hudspeth, Texas",0.0
1192,"Hughes, Oklahoma",0.0
1193,"Hughes, South Dakota",0.0
1194,"Humboldt, California",0.0
1195,"Humboldt, Iowa",0.0
1196,"Humboldt, Nevada",0.0
1197,"Humphreys, Tennessee",0.0
1198,"Hunt, Texas",0.0
1199,"Hunterdon, New Jersey",0.002565340909090909
1200,"Huntingdon, Pennsylvania",0.0
1201,"Huntington, Indiana",0.0
1202,"Huron, Michigan",0.0
1203,"Huron, Ohio",0.0
1204,"Hutchinson, South Dakota",0.0
1205,"Hutchinson, Texas",0.0
1206,"Hyde, North Carolina",0.0
1207,"Iberia parish, Louisiana",0.0
1208,"Iberia, Louisiana",0.0
1209,"Iberville, Louisiana",0.0
1210,"Ida, Iowa",0.0
1211,"Idaho, Idaho",0.0
1212,"Imperial, California",0.0
1213,"Independence, Arkansas",0.0
1214,"Indian river, Florida",0.0
1215,"Indiana, Pennsylvania",0.0
1216,"Ingham, Michigan",0.0
1217,"Inyo, California",0.0027480916030534356
1218,"Ionia, Michigan",0.0
1219,"Iosco, Michigan",0.0
1220,"Iowa, Iowa",0.0
1221,"Iowa, Wisconsin",0.0
1222,"Iredell, North Carolina",0.0
1223,"Irion, Texas",0.0
1224,"Iron, Michigan",0.0
1225,"Iron, Missouri",0.0
1226,"Iron, Utah",0.0014925373134328358
1227,"Iron, Wisconsin",0.0
1228,"Iroquois, Illinois",0.0
1229,"Isabella, Michigan",0.0
1230,"Isanti, Minnesota",0.0125
1231,"Island, Washington",0.0
1232,"Isle of wight, Virginia",0.0
1233,"Itasca, Minnesota",0.002142857142857143
1234,"Izard, Arkansas",0.0
1235,"Jack, Texas",0.0
1236,"Jackson county, Florida",0.0
1237,"Jackson, Alabama",0.013514285714285713
1238,"Jackson, Arkansas",0.0
1239,"Jackson, Florida",0.004761904761904762
1240,"Jackson, Illinois",0.0
1241,"Jackson, Indiana",0.0
1242,"Jackson, Iowa",0.0
1243,"Jackson, Kansas",0.0
1244,"Jackson, Kentucky",0.0
1245,"Jackson, Louisiana",0.0
1246,"Jackson, Michigan",0.0
1247,"Jackson, Minnesota",0.0
1248,"Jackson, Missouri",0.011199999999999998
1249,"Jackson, North Carolina",0.0
1250,"Jackson, Ohio",0.0
1251,"Jackson, Oklahoma",0.0
1252,"Jackson, Oregon",0.0046301369863013695
1253,"Jackson, South Dakota",0.0
1254,"Jackson, Texas",0.0
1255,"Jackson, West Virginia",0.0
1256,"Jackson, Wisconsin",0.005
1257,"James (city), Virginia",0.0
1258,"James city, Virginia",0.0
1259,"Jasper county, Missouri",0.0
1260,"Jasper, Illinois",0.0
1261,"Jasper, Indiana",0.0
1262,"Jasper, Iowa",0.0
1263,"Jasper, Missouri",0.010357142857142856
1264,"Jasper, South Carolina",0.0
1265,"Jasper, Texas",0.0
1266,"Jay, Indiana",0.0
1267,"Jeff davis, Texas",0.0
1268,"Jefferson county, Florida",0.0
1269,"Jefferson county, Pennsylvania",0.0
1270,"Jefferson davis, Louisiana",0.0
1271,"Jefferson, Alabama",0.0
1272,"Jefferson, Arkansas",0.0
1273,"Jefferson, Florida",0.004166666666666667
1274,"Jefferson, Idaho",0.0
1275,"Jefferson, Indiana",0.15
1276,"Jefferson, Iowa",0.0
1277,"Jefferson, Kansas",0.0
1278,"Jefferson, Kentucky",0.0
1279,"Jefferson, Louisiana",0.04
1280,"Jefferson, Missouri",0.0024489795918367346
1281,"Jefferson, Montana",0.0
1282,"Jefferson, Nebraska",0.0
1283,"Jefferson, New York",0.0
1284,"Jefferson, Ohio",0.0
1285,"Jefferson, Oklahoma",0.0
1286,"Jefferson, Oregon",0.0
1287,"Jefferson, Pennsylvania",0.0
1288,"Jefferson, Tennessee",0.0
1289,"Jefferson, Texas",0.0
1290,"Jefferson, Washington",0.008571428571428572
1291,"Jefferson, West Virginia",0.0
1292,"Jefferson, Wisconsin",0.01350467289719626
1293,"Jennings, Indiana",0.0
1294,"Jerome, Idaho",0.0
1295,"Jersey, Illinois",0.0
1296,"Jessamine, Kentucky",0.0
1297,"Jewell, Kansas",0.0
1298,"Jim hogg, Texas",0.0
1299,"Jim wells, Texas",0.0
1300,"Jo daviess, Illinois",0.036567164179104474
1301,"Johnson, Arkansas",0.0
1302,"Johnson, Illinois",0.0
1303,"Johnson, Indiana",0.0058823529411764705
1304,"Johnson, Iowa",0.0
1305,"Johnson, Kansas",0.0
1306,"Johnson, Kentucky",0.0
1307,"Johnson, Missouri",0.0
1308,"Johnson, Nebraska",0.0
1309,"Johnson, Tennessee",0.0
1310,"Johnson, Texas",0.0
1311,"Johnson, Wyoming",0.0
1312,"Johnston, North Carolina",0.0
1313,"Johnston, Oklahoma",0.0
1314,"Jones, Iowa",0.0
1315,"Jones, North Carolina",0.0
1316,"Jones, Texas",0.0
1317,"Josephine, Oregon",0.0
1318,"Juab, Utah",0.0
1319,"Judith basin, Montana",0.0
1320,"Juneau city and, Alaska",0.0
1321,"Juneau, Alaska",0.0
1322,"Juneau, Wisconsin",0.004727272727272727
1323,"Juniata, Pennsylvania",0.0
1324,"Kalamazoo, Michigan",0.0
1325,"Kalkaska, Michigan",0.0
1326,"Kanabec, Minnesota",0.0
1327,"Kanawha, West Virginia",0.004200000000000001
1328,"Kandiyohi, Minnesota",0.005454545454545455
1329,"Kane, Illinois",0.009673267326732675
1330,"Kane, Utah",0.030337078651685397
1331,"Kankakee, Illinois",0.0
1332,"Karnes, Texas",0.0
1333,"Kauai, Hawaii",0.0
1334,"Kaufman, Texas",0.0
1335,"Kay, Oklahoma",0.0
1336,"Kearney, Nebraska",0.0
1337,"Kearny, Kansas",0.0
1338,"Keith, Nebraska",0.0
1339,"Kenai peninsula, Alaska",0.007313432835820895
1340,"Kendall, Illinois",0.004426229508196721
1341,"Kendall, Texas",0.0
1342,"Kenedy, Texas",0.0
1343,"Kennebec, Maine",0.0
1344,"Kenosha, Wisconsin",0.059518518518518526
1345,"Kent, Maryland",0.0
1346,"Kent, Michigan",0.0
1347,"Kent, Rhode Island",0.0
1348,"Kent, Texas",0.0
1349,"Kenton, Kentucky",0.0
1350,"Keokuk, Iowa",0.0
1351,"Kern, California",0.025668831168831164
1352,"Kerr, Texas",0.0
1353,"Kershaw, South Carolina",0.06097560975609756
1354,"Ketchikan gateway, Alaska",0.0
1355,"Kewaunee, Wisconsin",0.0
1356,"Keweenaw, Michigan",0.0
1357,"Keya paha, Nebraska",0.0
1358,"Kidder, North Dakota",0.0
1359,"Kimball, Nebraska",0.0
1360,"Kimble, Texas",0.0
1361,"King and queen, Virginia",0.0
1362,"King george, Virginia",0.0
1363,"King william, Virginia",0.0
1364,"King, Texas",0.0
1365,"King, Washington",0.0
1366,"Kingfisher, Oklahoma",0.0
1367,"Kingman, Kansas",0.0
1368,"Kings, California",0.002628571428571429
1369,"Kingsbury, South Dakota",0.0
1370,"Kinney, Texas",0.0
1371,"Kiowa, Kansas",0.0
1372,"Kiowa, Oklahoma",0.01
1373,"Kitsap, Washington",0.0
1374,"Kittitas, Washington",0.0
1375,"Kittson, Minnesota",0.0
1376,"Klamath, Oregon",0.012000000000000002
1377,"Kleberg, Texas",0.0
1378,"Klickitat, Washington",0.0
1379,"Knott, Kentucky",0.0
1380,"Knox, Illinois",0.011428571428571429
1381,"Knox, Indiana",0.0
1382,"Knox, Kentucky",0.0
1383,"Knox, Maine",0.004067796610169492
1384,"Knox, Nebraska",0.0
1385,"Knox, Ohio",0.0
1386,"Knox, Tennessee",0.0
1387,"Knox, Texas",0.0
1388,"Kodiak island, Alaska",0.0
1389,"Koochiching county, Minnesota",0.0
1390,"Koochiching, Minnesota",0.0
1391,"Kootenai, Idaho",0.0
1392,"Kosciusko, Indiana",0.008035714285714287
1393,"Kossuth, Iowa",0.0
1394,"La crosse, Wisconsin",0.01654135338345865
1395,"La grange, Indiana",0.0
1396,"La paz, Arizona",0.0
1397,"La porte, Indiana",0.011764705882352941
1398,"La salle, Illinois",0.0
1399,"La salle, Louisiana",0.0
1400,"La salle, Texas",0.0
1401,"Labette, Kansas",0.0
1402,"Lac qui parle, Minnesota",0.0
1403,"Lackawanna, Pennsylvania",0.0
1404,"Laclede, Missouri",0.0
1405,"Lafayette parish, Louisiana",0.0
1406,"Lafayette, Arkansas",0.0
1407,"Lafayette, Florida",0.016666666666666666
1408,"Lafayette, Louisiana",0.011290076335877863
1409,"Lafayette, Missouri",0.0
1410,"Lafayette, Wisconsin",0.0
1411,"Lafourche, Louisiana",0.014875000000000001
1412,"Lagrange, Indiana",0.0
1413,"Lake and peninsula, Alaska",0.0
1414,"Lake of the woods, Minnesota",0.0
1415,"Lake, California",0.004280155642023347
1416,"Lake, Florida",0.0031674208144796376
1417,"Lake, Illinois",0.0034000000000000002
1418,"Lake, Indiana",0.0
1419,"Lake, Michigan",0.0
1420,"Lake, Minnesota",0.013999999999999999
1421,"Lake, Montana",0.0
1422,"Lake, Ohio",0.0
1423,"Lake, Oregon",0.0
1424,"Lake, South Dakota",0.0
1425,"Lake, Tennessee",0.0
1426,"Lamar, Alabama",0.0
1427,"Lamar, Texas",0.0
1428,"Lamb, Texas",0.0
1429,"Lamoille, Vermont",0.0
1430,"Lamoure, North Dakota",0.0
1431,"Lampasas, Texas",0.0
1432,"Lancaster county, Pennsylvania",0.0
1433,"Lancaster, Nebraska",0.0
1434,"Lancaster, Pennsylvania",0.0
1435,"Lancaster, South Carolina",0.0
1436,"Lancaster, Virginia",0.0
1437,"Lander, Nevada",0.016666666666666666
1438,"Lane, Kansas",0.0
1439,"Lane, Oregon",0.0
1440,"Langlade, Wisconsin",0.0
1441,"Lapeer, Michigan",0.0
1442,"Laporte, Indiana",0.008333333333333333
1443,"Laramie, Wyoming",0.0
1444,"Larue, Kentucky",0.0
1445,"Lasalle, Illinois",0.004905660377358491
1446,"Lassen, California",0.003947368421052633
1447,"Latah, Idaho",0.007391304347826088
1448,"Latimer, Oklahoma",0.0
1449,"Lauderdale, Alabama",0.0
1450,"Lauderdale, Tennessee",0.0
1451,"Laurel, Kentucky",0.0
1452,"Laurens, South Carolina",0.0
1453,"Lavaca, Texas",0.0
1454,"Lawrence county, Arkansas",0.0
1455,"Lawrence, Alabama",0.0
1456,"Lawrence, Arkansas",0.0
1457,"Lawrence, Illinois",0.0
1458,"Lawrence, Indiana",0.042857142857142864
1459,"Lawrence, Kentucky",0.0
1460,"Lawrence, Missouri",0.007704918032786885
1461,"Lawrence, Ohio",0.0
1462,"Lawrence, Pennsylvania",0.0
1463,"Lawrence, South Dakota",0.09523809523809523
1464,"Lawrence, Tennessee",0.0
1465,"Le flore, Oklahoma",0.0
1466,"Le sueur, Minnesota",0.0029411764705882353
1467,"Lea, New Mexico",0.010938461538461536
1468,"Leavenworth, Kansas",0.0
1469,"Lebanon, Pennsylvania",0.0
1470,"Lee county, South Carolina",0.0
1471,"Lee, Alabama",0.05136363636363636
1472,"Lee, Arkansas",0.0
1473,"Lee, Florida",0.0012048192771084338
1474,"Lee, Illinois",0.0
1475,"Lee, Iowa",0.0
1476,"Lee, Kentucky",0.0
1477,"Lee, North Carolina",0.0
1478,"Lee, South Carolina",0.0
1479,"Lee, Texas",0.0
1480,"Lee, Virginia",0.0
1481,"Leelanau, Michigan",0.0
1482,"Lehigh, Pennsylvania",0.0
1483,"Lemhi, Idaho",0.0
1484,"Lenawee, Michigan",0.0
1485,"Lenoir, North Carolina",0.0
1486,"Leon, Florida",0.013888888888888888
1487,"Leon, Texas",0.0
1488,"Leslie, Kentucky",0.0
1489,"Letcher, Kentucky",0.0
1490,"Levy county, Florida",0.0
1491,"Levy, Florida",0.0020408163265306124
1492,"Lewis and clark, Montana",0.0
1493,"Lewis county, Washington",0.0
1494,"Lewis, Idaho",0.0
1495,"Lewis, Kentucky",0.0
1496,"Lewis, Missouri",0.0
1497,"Lewis, New York",0.0
1498,"Lewis, Tennessee",0.0
1499,"Lewis, Washington",0.0
1500,"Lewis, West Virginia",0.0
1501,"Lexington county, South Carolina",0.0
1502,"Lexington, South Carolina",0.022661870503597126
1503,"Liberty, Florida",0.018421052631578946
1504,"Liberty, Montana",0.0
1505,"Liberty, Texas",0.0
1506,"Licking, Ohio",0.0
1507,"Limestone, Alabama",0.0
1508,"Limestone, Texas",0.0
1509,"Lincoln parish, Louisiana",0.0
1510,"Lincoln, Arkansas",0.0
1511,"Lincoln, Idaho",0.0
1512,"Lincoln, Kansas",0.0
1513,"Lincoln, Kentucky",0.0
1514,"Lincoln, Louisiana",0.0136986301369863
1515,"Lincoln, Maine",0.0018974358974358978
1516,"Lincoln, Missouri",0.013928571428571429
1517,"Lincoln, Montana",0.0
1518,"Lincoln, Nebraska",0.0
1519,"Lincoln, Nevada",0.07647058823529412
1520,"Lincoln, New Mexico",0.003564356435643564
1521,"Lincoln, North Carolina",0.0
1522,"Lincoln, Oklahoma",0.0
1523,"Lincoln, Oregon",0.0
1524,"Lincoln, South Dakota",0.0
1525,"Lincoln, Tennessee",0.0
1526,"Lincoln, Washington",0.0
1527,"Lincoln, West Virginia",0.0393076923076923
1528,"Lincoln, Wisconsin",0.0
1529,"Lincoln, Wyoming",0.0
1530,"Linn county, Oregon",0.0
1531,"Linn, Iowa",0.0
1532,"Linn, Kansas",0.0
1533,"Linn, Missouri",0.0
1534,"Linn, Oregon",0.0
1535,"Lipscomb, Texas",0.0
1536,"Litchfield, Connecticut",0.0005479452054794521
1537,"Little river, Arkansas",0.0
1538,"Live oak, Texas",0.0
1539,"Livingston county, New York",0.0
1540,"Livingston parish, Louisiana",0.0
1541,"Livingston, Illinois",0.0
1542,"Livingston, Kentucky",0.0
1543,"Livingston, Louisiana",0.0
1544,"Livingston, Michigan",0.0
1545,"Livingston, Missouri",0.0
1546,"Livingston, New York",0.0
1547,"Llano, Texas",0.0
1548,"Logan, Arkansas",0.0
1549,"Logan, Illinois",0.0
1550,"Logan, Kansas",0.5944444444444444
1551,"Logan, Nebraska",0.0
1552,"Logan, North Dakota",0.0
1553,"Logan, Ohio",0.0
1554,"Logan, Oklahoma",0.0
1555,"Logan, West Virginia",0.07837837837837838
1556,"Lonoke, Arkansas",0.0
1557,"Lorain, Ohio",0.0
1558,"Los alamos, New Mexico",0.0
1559,"Los angeles county, California",0.0
1560,"Los angeles, California",0.0052487227749395
1561,"Loudon, Tennessee",0.0
1562,"Loudoun, Virginia",0.0
1563,"Louisa, Iowa",0.0
1564,"Louisa, Virginia",0.0
1565,"Loup, Nebraska",0.0
1566,"Love, Oklahoma",0.0
1567,"Loving, Texas",0.0
1568,"Lowndes, Alabama",0.0
1569,"Lubbock, Texas",0.0
1570,"Lucas, Iowa",0.0
1571,"Lucas, Ohio",0.0
1572,"Luce, Michigan",0.0
1573,"Luna, New Mexico",0.008157894736842105
1574,"Lunenburg, Virginia",0.0
1575,"Luzerne county, Pennsylvania",0.0
1576,"Luzerne, Pennsylvania",0.008316326530612244
1577,"Lycoming county, Pennsylvania",0.0
1578,"Lycoming, Pennsylvania",0.0
1579,"Lyman, South Dakota",0.0
1580,"Lynchburg, Virginia",0.0
1581,"Lynn, Texas",0.0
1582,"Lyon, Iowa",0.0
1583,"Lyon, Kansas",0.0
1584,"Lyon, Kentucky",0.0
1585,"Lyon, Minnesota",0.0
1586,"Lyon, Nevada",0.02363636363636364
1587,"Mackinac, Michigan",0.0
1588,"Macomb, Michigan",0.0
1589,"Macon, Alabama",0.02393333333333333
1590,"Macon, Illinois",0.0
1591,"Macon, Missouri",0.0
1592,"Macon, North Carolina",0.0
1593,"Macon, Tennessee",0.0
1594,"Macoupin, Illinois",0.0
1595,"Madera county, California",0.0
1596,"Madera, California",0.002857142857142857
1597,"Madison, Alabama",0.0
1598,"Madison, Florida",0.0
1599,"Madison, Idaho",0.0
1600,"Madison, Illinois",0.0
1601,"Madison, Indiana",0.01153846153846154
1602,"Madison, Kentucky",0.0
1603,"Madison, Louisiana",0.0
1604,"Madison, Missouri",0.0
1605,"Madison, Montana",0.0
1606,"Madison, Nebraska",0.0
1607,"Madison, New York",0.0019417475728155341
1608,"Madison, North Carolina",0.0
1609,"Madison, Ohio",0.0
1610,"Madison, Tennessee",0.0
1611,"Madison, Texas",0.0
1612,"Madison, Virginia",0.0
1613,"Magoffin, Kentucky",0.0
1614,"Mahaska, Iowa",0.0
1615,"Mahnomen, Minnesota",0.02
1616,"Mahoning, Ohio",0.0011454545454545454
1617,"Major, Oklahoma",0.0
1618,"Malheur, Oregon",0.0
1619,"Manassas, Virginia",0.05714285714285715
1620,"Manatee county, Florida",0.0
1621,"Manatee, Florida",0.04
1622,"Manistee, Michigan",0.0
1623,"Manitowoc, Wisconsin",0.002638888888888889
1624,"Marathon, Wisconsin",0.0
1625,"Marengo, Alabama",0.0
1626,"Maricopa, Arizona",0.0
1627,"Maries county, Missouri",0.0
1628,"Maries, Missouri",0.0
1629,"Marin, California",0.0025806451612903226
1630,"Marinette, Wisconsin",0.0
1631,"Marion county, Florida",0.0
1632,"Marion county, Missouri",0.0
1633,"Marion, Alabama",0.0
1634,"Marion, Arkansas",0.0
1635,"Marion, Florida",0.005444646098003631
1636,"Marion, Illinois",0.0
1637,"Marion, Indiana",0.025842696629213485
1638,"Marion, Iowa",0.0
1639,"Marion, Kansas",0.0
1640,"Marion, Kentucky",0.0
1641,"Marion, Missouri",0.0
1642,"Marion, Ohio",0.0
1643,"Marion, Oregon",0.0
1644,"Marion, South Carolina",0.024193548387096774
1645,"Marion, Tennessee",0.0
1646,"Marion, Texas",0.0
1647,"Marion, West Virginia",0.0
1648,"Mariposa, California",0.0
1649,"Marlboro, South Carolina",0.06384615384615384
1650,"Marquette, Michigan",0.0
1651,"Marquette, Wisconsin",0.035897435897435895
1652,"Marshall, Alabama",0.007999999999999998
1653,"Marshall, Illinois",0.0
1654,"Marshall, Indiana",0.008695652173913044
1655,"Marshall, Iowa",0.0
1656,"Marshall, Kansas",0.0
1657,"Marshall, Kentucky",0.0
1658,"Marshall, Minnesota",0.005454545454545455
1659,"Marshall, Oklahoma",0.0
1660,"Marshall, South Dakota",0.0
1661,"Marshall, Tennessee",0.0
1662,"Marshall, West Virginia",0.0
1663,"Martin county, Florida",0.0
1664,"Martin, Florida",0.004347826086956523
1665,"Martin, Indiana",0.11666666666666665
1666,"Martin, Kentucky",0.0
1667,"Martin, Minnesota",0.021750000000000002
1668,"Martin, North Carolina",0.0
1669,"Martin, Texas",0.0
1670,"Martinsville, Virginia",0.0
1671,"Mason, Illinois",0.0
1672,"Mason, Kentucky",0.0
1673,"Mason, Michigan",0.0
1674,"Mason, Texas",0.0
1675,"Mason, Washington",0.0
1676,"Mason, West Virginia",0.0058823529411764705
1677,"Massac, Illinois",0.0
1678,"Matagorda, Texas",0.0
1679,"Matanuska-susitna borough, Alaska",0.0
1680,"Matanuska-susitna, Alaska",0.0
1681,"Mathews, Virginia",0.0
1682,"Maui, Hawaii",0.0
1683,"Maury, Tennessee",0.0
1684,"Maverick, Texas",0.0
1685,"Mayes, Oklahoma",0.0
1686,"Mcclain, Oklahoma",0.0
1687,"Mccone, Montana",0.0
1688,"Mccook, South Dakota",0.0
1689,"Mccormick, South Carolina",0.0
1690,"Mccracken, Kentucky",0.0
1691,"Mccreary, Kentucky",0.0
1692,"Mcculloch, Texas",0.0
1693,"Mccurtain, Oklahoma",0.0
1694,"Mcdonald, Missouri",0.04
1695,"Mcdonough, Illinois",0.0033333333333333335
1696,"Mcdowell, North Carolina",0.0
1697,"Mcdowell, West Virginia",0.0030303030303030303
1698,"Mchenry, Illinois",0.0
1699,"Mchenry, North Dakota",0.0
1700,"Mcintosh, North Dakota",0.0
1701,"Mcintosh, Oklahoma",0.0
1702,"Mckean, Pennsylvania",0.013333333333333334
1703,"Mckenzie, North Dakota",0.0
1704,"Mckinley, New Mexico",0.0019102564102564106
1705,"Mclean, Illinois",0.0
1706,"Mclean, Kentucky",0.0
1707,"Mclean, North Dakota",0.0
1708,"Mclennan, Texas",0.0
1709,"Mcleod, Minnesota",0.011904761904761904
1710,"Mcminn, Tennessee",0.0
1711,"Mcmullen, Texas",0.0
1712,"Mcnairy, Tennessee",0.0
1713,"Mcpherson, Kansas",0.0
1714,"Mcpherson, Nebraska",0.0
1715,"Meade, Kansas",0.0
1716,"Meade, Kentucky",0.0
1717,"Meade, South Dakota",0.0
1718,"Meagher, Montana",0.0
1719,"Mecklenburg, North Carolina",0.0
1720,"Mecklenburg, Virginia",0.0024390243902439024
1721,"Mecosta, Michigan",0.0
1722,"Medina, Ohio",0.03225806451612903
1723,"Medina, Texas",0.0
1724,"Meeker, Minnesota",0.008666666666666666
1725,"Meigs, Ohio",0.0
1726,"Meigs, Tennessee",0.0
1727,"Menard, Illinois",0.0
1728,"Menard, Texas",0.0
1729,"Mendocino, California",0.0
1730,"Menifee, Kentucky",0.0
1731,"Menominee, Michigan",0.0
1732,"Menominee, Wisconsin",0.0067777777777777775
1733,"Merced, California",0.0
1734,"Mercer county, Pennsylvania",0.0
1735,"Mercer, Illinois",0.0
1736,"Mercer, Kentucky",0.0
1737,"Mercer, Missouri",0.0
1738,"Mercer, New Jersey",0.0013698630136986301
1739,"Mercer, North Dakota",0.0
1740,"Mercer, Ohio",0.0
1741,"Mercer, Pennsylvania",0.0
1742,"Mercer, West Virginia",0.022093023255813953
1743,"Merrick, Nebraska",0.0
1744,"Merrimack, New Hampshire",0.006102236421725239
1745,"Miami, Indiana",0.008
1746,"Miami, Kansas",0.0
1747,"Miami, Ohio",0.0
1748,"Miami-dade, Florida",0.0472972972972973
1749,"Middlesex, Connecticut",0.005457317073170732
1750,"Middlesex, Massachusetts",0.00016399999999999997
1751,"Middlesex, New Jersey",0.0006909090909090909
1752,"Middlesex, Virginia",0.0
1753,"Midland, Michigan",0.0
1754,"Midland, Texas",0.0
1755,"Mifflin, Pennsylvania",0.0
1756,"Milam, Texas",0.0
1757,"Millard, Utah",0.0
1758,"Mille lacs county, Minnesota",0.0
1759,"Mille lacs, Minnesota",0.0
1760,"Miller, Arkansas",0.0
1761,"Miller, Missouri",0.0
1762,"Mills, Texas",0.0
1763,"Milwaukee, Wisconsin",0.0028037383177570096
1764,"Miner, South Dakota",0.0
1765,"Mineral, Montana",0.0
1766,"Mineral, Nevada",0.15055555555555555
1767,"Mineral, West Virginia",0.0
1768,"Mingo, West Virginia",0.0011142857142857144
1769,"Minidoka, Idaho",0.0
1770,"Minnehaha, South Dakota",0.0
1771,"Missaukee, Michigan",0.0
1772,"Mississippi, Arkansas",0.0
1773,"Mississippi, Missouri",0.0
1774,"Missoula, Montana",0.0
1775,"Mitchell, Iowa",0.0
1776,"Mitchell, Kansas",0.0
1777,"Mitchell, North Carolina",0.0
1778,"Mitchell, Texas",0.0
1779,"Mobile, Alabama",0.00937984496124031
1780,"Modoc, California",0.0033333333333333335
1781,"Mohave, Arizona",0.016571428571428574
1782,"Moniteau, Missouri",0.0
1783,"Monmouth, New Jersey",0.0011350574712643679
1784,"Mono, California",0.019718309859154928
1785,"Monona, Iowa",0.0
1786,"Monongalia, West Virginia",0.0
1787,"Monroe county, Pennsylvania",0.0
1788,"Monroe, Alabama",0.0
1789,"Monroe, Arkansas",0.0
1790,"Monroe, Florida",0.0
1791,"Monroe, Illinois",0.0
1792,"Monroe, Indiana",0.05000000000000001
1793,"Monroe, Kentucky",0.0
1794,"Monroe, Michigan",0.0
1795,"Monroe, Missouri",0.0
1796,"Monroe, New York",0.14285714285714285
1797,"Monroe, Ohio",0.0
1798,"Monroe, Pennsylvania",0.0
1799,"Monroe, Tennessee",0.0
1800,"Monroe, West Virginia",0.107
1801,"Monroe, Wisconsin",0.012698412698412698
1802,"Montague, Texas",0.0
1803,"Montcalm, Michigan",0.0
1804,"Monterey, California",0.0021960264900662244
1805,"Montgomery county, Pennsylvania",0.0
1806,"Montgomery, Alabama",0.0
1807,"Montgomery, Arkansas",0.0
1808,"Montgomery, Illinois",0.0
1809,"Montgomery, Indiana",0.034999999999999996
1810,"Montgomery, Iowa",0.0
1811,"Montgomery, Kansas",0.0
1812,"Montgomery, Kentucky",0.0
1813,"Montgomery, Maryland",0.06428571428571428
1814,"Montgomery, Missouri",0.018571428571428572
1815,"Montgomery, New York",0.0
1816,"Montgomery, North Carolina",0.0
1817,"Montgomery, Ohio",0.0
1818,"Montgomery, Pennsylvania",0.0
1819,"Montgomery, Tennessee",0.0
1820,"Montgomery, Texas",0.0030161943319838057
1821,"Montgomery, Virginia",0.0
1822,"Montmorency, Michigan",0.0
1823,"Montour, Pennsylvania",0.0
1824,"Moody, South Dakota",0.0
1825,"Moore county, Texas",0.0
1826,"Moore, North Carolina",0.0
1827,"Moore, Tennessee",0.0
1828,"Moore, Texas",0.0
1829,"Mora, New Mexico",0.0
1830,"Morehouse, Louisiana",0.0
1831,"Morgan, Alabama",0.0
1832,"Morgan, Illinois",0.0
1833,"Morgan, Indiana",0.02631578947368421
1834,"Morgan, Kentucky",0.0
1835,"Morgan, Missouri",0.0
1836,"Morgan, Ohio",0.0
1837,"Morgan, Tennessee",0.0
1838,"Morgan, Utah",0.0
1839,"Morgan, West Virginia",0.0
1840,"Morrill, Nebraska",0.0
1841,"Morris, Kansas",0.0
1842,"Morris, New Jersey",0.00564074074074074
1843,"Morris, Texas",0.0
1844,"Morrison, Minnesota",0.0
1845,"Morrow, Ohio",0.0
1846,"Morrow, Oregon",0.0
1847,"Morton, Kansas",0.0
1848,"Morton, North Dakota",0.0
1849,"Motley, Texas",0.0
1850,"Moultrie, Illinois",0.0
1851,"Mountrail, North Dakota",0.0
1852,"Mower, Minnesota",0.0048000000000000004
1853,"Muhlenberg, Kentucky",0.0
1854,"Multnomah county, Oregon",0.0
1855,"Multnomah, Oregon",0.0
1856,"Murray, Minnesota",0.0
1857,"Murray, Oklahoma",0.0
1858,"Muscatine, Iowa",0.0
1859,"Muskegon, Michigan",0.0
1860,"Muskingum, Ohio",0.0
1861,"Muskogee, Oklahoma",0.0
1862,"Musselshell, Montana",0.0
1863,"Nacogdoches, Texas",0.0
1864,"Nance, Nebraska",0.0
1865,"Nantucket, Massachusetts",0.0
1866,"Napa, California",0.03898809523809524
1867,"Nash, North Carolina",0.0
1868,"Nassau, Florida",0.0022222222222222222
1869,"Nassau, New York",0.00013138138138138139
1870,"Natchitoches, Louisiana",0.0
1871,"Natrona, Wyoming",0.0
1872,"Navajo, Arizona",0.019858156028368792
1873,"Navarro, Texas",0.0
1874,"Nelson, Kentucky",0.0
1875,"Nelson, North Dakota",0.0
1876,"Nelson, Virginia",0.0
1877,"Nemaha, Kansas",0.0
1878,"Nemaha, Nebraska",0.0
1879,"Neosho, Kansas",0.0
1880,"Ness, Kansas",0.0
1881,"Nevada county, Arkansas",0.0
1882,"Nevada, Arkansas",0.0
1883,"Nevada, California",0.003539823008849558
1884,"New hanover, North Carolina",0.002666666666666667
1885,"New haven, Connecticut",0.001509433962264151
1886,"New kent, Virginia",0.0028169014084507044
1887,"New london, Connecticut",0.005266821345707657
1888,"New madrid, Missouri",0.011923076923076923
1889,"Newaygo, Michigan",0.0
1890,"Newberry, South Carolina",0.0
1891,"Newport news, Virginia",0.0
1892,"Newport, Rhode Island",0.0
1893,"Newton county, Arkansas",0.0
1894,"Newton, Arkansas",0.0
1895,"Newton, Indiana",0.05
1896,"Newton, Missouri",0.004302325581395349
1897,"Newton, Texas",0.0
1898,"Nez perce, Idaho",0.0
1899,"Niagara, New York",0.02692307692307692
1900,"Nicholas, Kentucky",0.0
1901,"Nicholas, West Virginia",0.0
1902,"Nicollet, Minnesota",0.004
1903,"Niobrara, Wyoming",0.0
1904,"Noble, Indiana",0.0
1905,"Noble, Ohio",0.0
1906,"Noble, Oklahoma",0.0
1907,"Nobles, Minnesota",0.0
1908,"Nodaway, Missouri",0.0
1909,"Nolan, Texas",0.0
1910,"Nome, Alaska",0.0
1911,"Norfolk, Massachusetts",0.0
1912,"Norfolk, Virginia",0.0
1913,"Norman, Minnesota",0.015000000000000001
1914,"North slope, Alaska",0.0
1915,"Northampton county, Pennsylvania",0.0
1916,"Northampton, North Carolina",0.0
1917,"Northampton, Pennsylvania",0.0
1918,"Northampton, Virginia",0.0
1919,"Northumberland, Pennsylvania",0.0
1920,"Northumberland, Virginia",0.0
1921,"Northwest arctic borough, Alaska",0.0
1922,"Northwest arctic, Alaska",0.0
1923,"Norton, Kansas",0.0
1924,"Norton, Virginia",0.0
1925,"Nottoway, Virginia",0.009375
1926,"Nowata, Oklahoma",0.0
1927,"Nuckolls, Nebraska",0.0
1928,"Nueces, Texas",0.0
1929,"Nye, Nevada",0.013571428571428573
1930,"O'brien, Iowa",0.0
1931,"Oakland, Michigan",0.0
1932,"Obion, Tennessee",0.07142857142857142
1933,"Ocean, New Jersey",0.00926849315068493
1934,"Oceana, Michigan",0.0
1935,"Ochiltree, Texas",0.0
1936,"Oconee, South Carolina",0.012325581395348837
1937,"Oconto, Wisconsin",0.0010833333333333333
1938,"Ogemaw, Michigan",0.0
1939,"Ogle, Illinois",0.002105263157894737
1940,"Ohio, Indiana",0.0
1941,"Ohio, Kentucky",0.0018181818181818182
1942,"Ohio, West Virginia",0.0
1943,"Okaloosa county, Florida",0.0
1944,"Okaloosa, Florida",0.0075
1945,"Okanogan, Washington",0.0
1946,"Okeechobee, Florida",0.0
1947,"Okfuskee, Oklahoma",0.0
1948,"Oklahoma, Oklahoma",0.0006031746031746032
1949,"Okmulgee, Oklahoma",0.00625
1950,"Oldham, Kentucky",0.0
1951,"Oldham, Texas",0.0
1952,"Oliver, North Dakota",0.0
1953,"Olmsted, Minnesota",0.007500000000000001
1954,"Oneida, Idaho",0.0
1955,"Oneida, New York",0.0
1956,"Oneida, Wisconsin",0.0
1957,"Onondaga, New York",0.0014598540145985403
1958,"Onslow, North Carolina",0.0
1959,"Ontario, New York",0.0
1960,"Ontonagon, Michigan",0.0
1961,"Orange, California",0.0
1962,"Orange, Florida",0.0022099447513812156
1963,"Orange, New York",0.004693520140105079
1964,"Orange, North Carolina",0.0
1965,"Orange, Texas",0.0
1966,"Orange, Vermont",0.0
1967,"Orange, Virginia",0.0
1968,"Orangeburg, South Carolina",0.0
1969,"Oregon, Missouri",0.0
1970,"Orleans, Louisiana",0.0
1971,"Orleans, New York",0.024444444444444446
1972,"Orleans, Vermont",0.0
1973,"Osage, Kansas",0.0
1974,"Osage, Missouri",0.0
1975,"Osage, Oklahoma",0.0
1976,"Osborne, Kansas",0.0
1977,"Osceola, Florida",0.0019047619047619048
1978,"Osceola, Michigan",0.0
1979,"Oscoda, Michigan",0.0
1980,"Oswego, New York",0.0012987012987012987
1981,"Otero, New Mexico",0.003254237288135593
1982,"Otoe, Nebraska",0.0
1983,"Otsego, Michigan",0.0
1984,"Otsego, New York",0.005504587155963304
1985,"Ottawa, Kansas",0.0
1986,"Ottawa, Michigan",0.0
1987,"Ottawa, Ohio",0.0
1988,"Ottawa, Oklahoma",0.003793103448275862
1989,"Otter tail, Minnesota",0.0048000000000000004
1990,"Ouachita, Arkansas",0.0
1991,"Ouachita, Louisiana",0.0
1992,"Outagamie, Wisconsin",0.0
1993,"Overton, Tennessee",0.0
1994,"Owen, Indiana",0.15
1995,"Owen, Kentucky",0.0
1996,"Owsley, Kentucky",0.0
1997,"Owyhee, Idaho",0.0
1998,"Oxford, Maine",0.0009615384615384616
1999,"Ozark, Missouri",0.01972972972972973
2000,"Ozaukee, Wisconsin",0.01057037037037037
2001,"Pacific, Washington",0.0
2002,"Page, Iowa",0.0
2003,"Page, Virginia",0.0
2004,"Palm beach, Florida",0.01452991452991453
2005,"Palo alto, Iowa",0.0
2006,"Palo pinto, Texas",0.0
2007,"Pamlico, North Carolina",0.08888888888888889
2008,"Panola, Texas",0.0
2009,"Park, Montana",0.0069767441860465115
2010,"Park, Wyoming",0.0
2011,"Parke, Indiana",0.0
2012,"Parker, Texas",0.0
2013,"Parmer, Texas",0.0
2014,"Pasco county, Florida",0.0
2015,"Pasco, Florida",0.002777777777777778
2016,"Pasquotank, North Carolina",0.0
2017,"Passaic, New Jersey",0.001893617021276596
2018,"Patrick, Virginia",0.0
2019,"Paulding, Ohio",0.0
2020,"Pawnee, Kansas",0.0
2021,"Pawnee, Nebraska",0.0
2022,"Pawnee, Oklahoma",0.0
2023,"Payette, Idaho",0.0
2024,"Payne, Oklahoma",0.0048000000000000004
2025,"Pecos, Texas",0.0
2026,"Pembina, North Dakota",0.0
2027,"Pemiscot, Missouri",0.0
2028,"Pend oreille, Washington",0.0
2029,"Pender, North Carolina",0.017857142857142856
2030,"Pendleton, Kentucky",0.0
2031,"Pendleton, West Virginia",0.0
2032,"Pennington, Minnesota",0.0
2033,"Pennington, South Dakota",0.016
2034,"Penobscot, Maine",0.00041095890410958907
2035,"Peoria, Illinois",0.003737373737373737
2036,"Pepin, Wisconsin",0.0
2037,"Perkins, Nebraska",0.0
2038,"Perquimans, North Carolina",0.0
2039,"Perry county, Pennsylvania",0.0
2040,"Perry, Alabama",0.0
2041,"Perry, Arkansas",0.0
2042,"Perry, Illinois",0.0
2043,"Perry, Indiana",0.0
2044,"Perry, Kentucky",0.0
2045,"Perry, Missouri",0.016610169491525422
2046,"Perry, Ohio",0.0
2047,"Perry, Pennsylvania",0.0
2048,"Perry, Tennessee",0.0
2049,"Pershing, Nevada",0.0125
2050,"Person, North Carolina",0.0
2051,"Petersburg, Alaska",0.0
2052,"Petroleum, Montana",0.0
2053,"Pettis, Missouri",0.0
2054,"Phelps, Missouri",0.0
2055,"Phelps, Nebraska",0.0
2056,"Philadelphia, Pennsylvania",0.0
2057,"Phillips, Arkansas",0.0
2058,"Phillips, Kansas",0.0
2059,"Phillips, Montana",0.0
2060,"Piatt, Illinois",0.012272727272727274
2061,"Pickaway, Ohio",0.0
2062,"Pickens, Alabama",0.0
2063,"Pickens, South Carolina",0.0
2064,"Pierce county, Washington",0.0
2065,"Pierce, Nebraska",0.0
2066,"Pierce, North Dakota",0.0
2067,"Pierce, Washington",0.0007075471698113207
2068,"Pierce, Wisconsin",0.007142857142857143
2069,"Pike, Alabama",0.0
2070,"Pike, Arkansas",0.0
2071,"Pike, Illinois",0.0
2072,"Pike, Indiana",0.016666666666666666
2073,"Pike, Kentucky",0.0
2074,"Pike, Missouri",0.0
2075,"Pike, Ohio",0.0
2076,"Pike, Pennsylvania",0.0
2077,"Pima, Arizona",0.00510204081632653
2078,"Pinal, Arizona",0.0032110091743119264
2079,"Pine, Minnesota",0.011200000000000002
2080,"Pinellas, Florida",0.00625
2081,"Pipestone, Minnesota",0.008571428571428572
2082,"Piscataquis, Maine",0.04054054054054054
2083,"Pitt, North Carolina",0.0
2084,"Pittsburg, Oklahoma",0.0
2085,"Pittsylvania, Virginia",0.0
2086,"Piute, Utah",0.05555555555555555
2087,"Placer, California",0.003856502242152466
2088,"Plaquemines, Louisiana",0.0
2089,"Platte, Missouri",0.012272727272727274
2090,"Platte, Nebraska",0.0
2091,"Platte, Wyoming",0.0
2092,"Pleasants, West Virginia",0.0
2093,"Plumas, California",0.004098360655737704
2094,"Plymouth, Iowa",0.0
2095,"Plymouth, Massachusetts",0.0
2096,"Pocahontas, Iowa",0.0
2097,"Pocahontas, West Virginia",0.0
2098,"Poinsett, Arkansas",0.0
2099,"Pointe coupee parish, Louisiana",0.125
2100,"Pointe coupee, Louisiana",0.0
2101,"Polk, Arkansas",0.0
2102,"Polk, Florida",0.009140767824497258
2103,"Polk, Iowa",0.0
2104,"Polk, Minnesota",0.005454545454545455
2105,"Polk, Missouri",0.0
2106,"Polk, Nebraska",0.0
2107,"Polk, North Carolina",0.0
2108,"Polk, Oregon",0.0
2109,"Polk, Tennessee",0.0
2110,"Polk, Texas",0.0
2111,"Polk, Wisconsin",0.0
2112,"Pondera, Montana",0.0
2113,"Pontotoc, Oklahoma",0.0
2114,"Pope, Arkansas",0.0
2115,"Pope, Illinois",0.0
2116,"Pope, Minnesota",0.0
2117,"Portage county, Wisconsin",0.0
2118,"Portage, Ohio",0.0018292682926829267
2119,"Portage, Wisconsin",0.0
2120,"Porter, Indiana",0.01875
2121,"Portsmouth, Virginia",0.0
2122,"Posey, Indiana",0.0
2123,"Pottawatomie, Kansas",0.0
2124,"Pottawatomie, Oklahoma",0.0
2125,"Pottawattamie, Iowa",0.0
2126,"Potter, Pennsylvania",0.0
2127,"Potter, Texas",0.0
2128,"Powell, Kentucky",0.0
2129,"Powell, Montana",0.0
2130,"Power, Idaho",0.0
2131,"Powhatan, Virginia",0.0
2132,"Prairie, Arkansas",0.0
2133,"Prairie, Montana",0.0
2134,"Pratt, Kansas",0.0
2135,"Preble, Ohio",0.0
2136,"Presidio, Texas",0.0
2137,"Presque isle, Michigan",0.0
2138,"Preston, West Virginia",0.0
2139,"Price, Wisconsin",0.0
2140,"Prince edward, Virginia",0.0
2141,"Prince george's, Maryland",0.0
2142,"Prince george, Virginia",0.0
2143,"Prince georges, Maryland",0.0
2144,"Prince of wales-hyder, Alaska",0.0
2145,"Prince william, Virginia",0.0
2146,"Providence, Rhode Island",0.0
2147,"Pulaski, Arkansas",0.0
2148,"Pulaski, Illinois",0.0
2149,"Pulaski, Indiana",0.025
2150,"Pulaski, Kentucky",0.0
2151,"Pulaski, Missouri",0.0
2152,"Pulaski, Virginia",0.0
2153,"Pushmataha, Oklahoma",0.0
2154,"Putnam county, Indiana",0.0
2155,"Putnam, Florida",0.004
2156,"Putnam, Illinois",0.0
2157,"Putnam, Indiana",0.0
2158,"Putnam, Missouri",0.0
2159,"Putnam, New York",0.0004962779156327543
2160,"Putnam, Ohio",0.0
2161,"Putnam, Tennessee",0.0
2162,"Putnam, West Virginia",0.0
2163,"Quay, New Mexico",0.02514285714285714
2164,"Queen anne's, Maryland",0.018604651162790697
2165,"Racine, Wisconsin",0.005336065573770492
2166,"Radford, Virginia",0.0
2167,"Rains, Texas",0.0
2168,"Raleigh, West Virginia",0.06792307692307692
2169,"Ramsey, Minnesota",0.0062068965517241385
2170,"Ramsey, North Dakota",0.0
2171,"Randall, Texas",0.0
2172,"Randolph, Alabama",0.10816666666666667
2173,"Randolph, Arkansas",0.0
2174,"Randolph, Illinois",0.0
2175,"Randolph, Indiana",0.028571428571428574
2176,"Randolph, Missouri",0.0
2177,"Randolph, North Carolina",0.0044444444444444444
2178,"Randolph, West Virginia",0.0
2179,"Ransom, North Dakota",0.0
2180,"Rapides, Louisiana",0.0
2181,"Rappahannock, Virginia",0.0
2182,"Ravalli, Montana",0.0
2183,"Rawlins, Kansas",0.0
2184,"Ray, Missouri",0.0
2185,"Reagan, Texas",0.0
2186,"Real, Texas",0.0
2187,"Red lake county, Minnesota",0.0
2188,"Red lake, Minnesota",0.0
2189,"Red river, Louisiana",0.0
2190,"Red river, Texas",0.0
2191,"Red willow, Nebraska",0.0
2192,"Redwood, Minnesota",0.004285714285714286
2193,"Reeves, Texas",0.0
2194,"Refugio, Texas",0.0
2195,"Reno, Kansas",0.0
2196,"Rensselaer, New York",0.0
2197,"Renville, Minnesota",0.007500000000000001
2198,"Renville, North Dakota",0.0
2199,"Republic, Kansas",0.0
2200,"Reynolds, Missouri",0.0
2201,"Rhea, Tennessee",0.0
2202,"Rice, Kansas",0.0
2203,"Rice, Minnesota",0.0051428571428571435
2204,"Rich, Utah",0.0
2205,"Richardson, Nebraska",0.0
2206,"Richland, Illinois",0.0
2207,"Richland, Louisiana",0.0
2208,"Richland, Montana",0.0
2209,"Richland, North Dakota",0.0
2210,"Richland, Ohio",0.0
2211,"Richland, South Carolina",0.0
2212,"Richland, Wisconsin",0.0
2213,"Richmond, North Carolina",0.0
2214,"Richmond, Virginia",0.0
2215,"Riley, Kansas",0.0
2216,"Rio arriba, New Mexico",0.000453125
2217,"Ripley, Indiana",0.04285714285714286
2218,"Ripley, Missouri",0.0
2219,"Ritchie, West Virginia",0.0
2220,"Riverside, California",0.0
2221,"Roane, Tennessee",0.0
2222,"Roane, West Virginia",0.0
2223,"Roanoke, Virginia",0.0
2224,"Roberts, South Dakota",0.0
2225,"Roberts, Texas",0.0
2226,"Robertson, Tennessee",0.0
2227,"Robertson, Texas",0.0
2228,"Robeson, North Carolina",0.0
2229,"Rock island, Illinois",0.0032520325203252032
2230,"Rock, Minnesota",0.0
2231,"Rock, Nebraska",0.0
2232,"Rock, Wisconsin",0.0021810344827586205
2233,"Rockbridge, Virginia",0.0
2234,"Rockcastle, Kentucky",0.0
2235,"Rockingham, New Hampshire",0.026656151419558374
2236,"Rockingham, North Carolina",0.0
2237,"Rockingham, Virginia",0.0
2238,"Rockland, New York",1.1753086419753087
2239,"Roger mills, Oklahoma",0.0
2240,"Rogers, Oklahoma",0.0
2241,"Rolette, North Dakota",0.0
2242,"Rooks, Kansas",0.0
2243,"Roosevelt, Montana",0.0
2244,"Roosevelt, New Mexico",0.0015151515151515152
2245,"Roscommon, Michigan",0.0
2246,"Roseau, Minnesota",0.0
2247,"Rosebud, Montana",0.0
2248,"Ross, Ohio",0.05500000000000001
2249,"Rowan county, North Carolina",0.0
2250,"Rowan, Kentucky",0.0
2251,"Rowan, North Carolina",0.0
2252,"Runnels, Texas",0.0
2253,"Rush, Indiana",0.05714285714285715
2254,"Rush, Kansas",0.0
2255,"Rusk, Texas",0.0
2256,"Rusk, Wisconsin",0.0
2257,"Russell, Alabama",0.01
2258,"Russell, Kansas",0.0
2259,"Russell, Kentucky",0.0
2260,"Russell, Virginia",0.0
2261,"Rutherford, North Carolina",0.0
2262,"Rutherford, Tennessee",0.0
2263,"Rutland, Vermont",0.0
2264,"Sabine, Louisiana",0.0
2265,"Sabine, Texas",0.0
2266,"Sacramento county, California",0.0
2267,"Sacramento, California",0.0
2268,"Sagadahoc, Maine",0.006136363636363635
2269,"Saginaw, Michigan",0.0
2270,"Saint bernard, Louisiana",0.0
2271,"Saint charles, Missouri",0.0
2272,"Saint clair, Michigan",0.0
2273,"Saint francois, Missouri",0.0
2274,"Saint james, Louisiana",0.0
2275,"Saint joseph, Michigan",0.0
2276,"Saint landry, Louisiana",0.0
2277,"Saint lawrence, New York",0.0013333333333333333
2278,"Saint louis, Minnesota",0.0
2279,"Saint louis, Missouri",0.05538461538461539
2280,"Saint tammany, Louisiana",0.0
2281,"Salem, New Jersey",0.11213939393939396
2282,"Salem, Virginia",0.0
2283,"Saline county, Arkansas",0.0
2284,"Saline, Arkansas",0.0
2285,"Saline, Illinois",0.0
2286,"Saline, Kansas",0.0
2287,"Saline, Missouri",0.0
2288,"Saline, Nebraska",0.0
2289,"Salt lake, Utah",0.021833780160857904
2290,"Saluda, South Carolina",0.0
2291,"Sampson, North Carolina",0.046511627906976744
2292,"San augustine, Texas",0.0
2293,"San benito, California",0.0045871559633027525
2294,"San bernardino county, California",0.0
2295,"San bernardino, California",0.0038365539452495973
2296,"San diego county, California",0.0
2297,"San diego, California",0.002454642475987193
2298,"San francisco, California",0.0
2299,"San jacinto, Texas",0.0
2300,"San joaquin, California",0.13557275541795674
2301,"San juan, New Mexico",0.0
2302,"San juan, Utah",0.02666666666666667
2303,"San juan, Washington",0.0
2304,"San luis obispo, California",0.060838323353293415
2305,"San mateo, California",0.0
2306,"San miguel, New Mexico",0.0
2307,"San patricio, Texas",0.0
2308,"San saba, Texas",0.0
2309,"Sanborn, South Dakota",0.0
2310,"Sanders, Montana",0.0
2311,"Sandoval, New Mexico",0.8196345381526107
2312,"Sandusky, Ohio",0.0
2313,"Sangamon, Illinois",0.0
2314,"Sanilac, Michigan",0.0
2315,"Sanpete, Utah",0.0
2316,"Santa barbara, California",0.0012765957446808512
2317,"Santa clara, California",0.006390139335476956
2318,"Santa cruz, Arizona",0.006666666666666667
2319,"Santa cruz, California",0.0017184942716857612
2320,"Santa fe, New Mexico",0.0007967479674796748
2321,"Santa rosa county, Florida",0.0035714285714285718
2322,"Santa rosa, Florida",0.03529411764705884
2323,"Sarasota, Florida",0.012345679012345678
2324,"Saratoga, New York",0.002666666666666667
2325,"Sargent, North Dakota",0.0
2326,"Sarpy, Nebraska",0.0
2327,"Sauk, Wisconsin",0.0
2328,"Saunders, Nebraska",0.0
2329,"Sawyer, Wisconsin",0.01282051282051282
2330,"Schenectady, New York",0.01875
2331,"Schleicher, Texas",0.0
2332,"Schoharie, New York",0.0
2333,"Schoolcraft, Michigan",0.0
2334,"Schuyler, Illinois",0.0
2335,"Schuyler, New York",0.016666666666666666
2336,"Schuylkill, Pennsylvania",0.0
2337,"Scioto, Ohio",0.0
2338,"Scotland, Missouri",0.0
2339,"Scotland, North Carolina",0.0
2340,"Scott, Arkansas",0.0
2341,"Scott, Illinois",0.0
2342,"Scott, Indiana",0.03333333333333333
2343,"Scott, Iowa",0.0
2344,"Scott, Kansas",0.0
2345,"Scott, Kentucky",0.0
2346,"Scott, Minnesota",0.004166666666666667
2347,"Scott, Missouri",0.0
2348,"Scott, Tennessee",0.0
2349,"Scott, Virginia",0.0
2350,"Scotts bluff, Nebraska",0.0
2351,"Scurry, Texas",0.0
2352,"Searcy, Arkansas",0.0
2353,"Sebastian, Arkansas",0.0
2354,"Sedgwick, Kansas",0.0
2355,"Seminole county, Florida",0.0
2356,"Seminole, Florida",0.0016129032258064516
2357,"Seminole, Oklahoma",0.0
2358,"Seneca, New York",0.0
2359,"Seneca, Ohio",0.0
2360,"Sequoyah, Oklahoma",0.0
2361,"Sevier, Arkansas",0.0
2362,"Sevier, Tennessee",0.0
2363,"Sevier, Utah",0.0
2364,"Seward, Kansas",0.0
2365,"Seward, Nebraska",0.0
2366,"Shackelford, Texas",0.0
2367,"Shannon, Missouri",0.0
2368,"Shannon, South Dakota",0.0
2369,"Sharp county, Arkansas",0.0
2370,"Sharp, Arkansas",0.0
2371,"Shasta, California",0.0
2372,"Shawano, Wisconsin",0.0019811320754716984
2373,"Shawnee, Kansas",0.0
2374,"Sheboygan, Wisconsin",0.006228070175438596
2375,"Shelby, Alabama",0.0
2376,"Shelby, Illinois",0.0
2377,"Shelby, Indiana",0.0
2378,"Shelby, Kentucky",0.0
2379,"Shelby, Missouri",0.0
2380,"Shelby, Ohio",0.0
2381,"Shelby, Tennessee",0.0
2382,"Shelby, Texas",0.0
2383,"Shenandoah, Virginia",0.0
2384,"Sherburne, Minnesota",0.007555555555555556
2385,"Sheridan, Kansas",0.0
2386,"Sheridan, Montana",0.0
2387,"Sheridan, Nebraska",0.0
2388,"Sheridan, North Dakota",0.0
2389,"Sheridan, Wyoming",0.0
2390,"Sherman, Kansas",0.0
2391,"Sherman, Nebraska",0.0
2392,"Sherman, Oregon",0.0
2393,"Sherman, Texas",0.0
2394,"Shiawassee, Michigan",0.0
2395,"Shoshone, Idaho",0.0
2396,"Sibley, Minnesota",0.012
2397,"Sierra, California",0.0
2398,"Sierra, New Mexico",0.0
2399,"Silver bow, Montana",0.0
2400,"Silverbow, Montana",0.0
2401,"Simpson, Kentucky",0.0
2402,"Sioux, Iowa",0.0
2403,"Sioux, Nebraska",0.0
2404,"Sioux, North Dakota",0.0
2405,"Siskiyou, California",0.0
2406,"Sitka city and, Alaska",0.0
2407,"Skagit, Washington",0.0
2408,"Skagway, Alaska",0.0
2409,"Skamania, Washington",0.0
2410,"Slope, North Dakota",0.0
2411,"Smith, Kansas",0.0
2412,"Smith, Tennessee",0.0
2413,"Smith, Texas",0.0
2414,"Smyth, Virginia",0.0
2415,"Snohomish county, Washington",0.0
2416,"Snohomish, Washington",0.0
2417,"Snyder county, Pennsylvania",0.0
2418,"Snyder, Pennsylvania",0.007407407407407408
2419,"Socorro, New Mexico",0.0
2420,"Solano, California",0.0007213675213675214
2421,"Somerset, Maine",0.02163291139240506
2422,"Somerset, Maryland",0.0
2423,"Somerset, New Jersey",0.0023801652892561985
2424,"Somerset, Pennsylvania",0.0
2425,"Somervell, Texas",0.0
2426,"Sonoma, California",0.002919563058589871
2427,"Southampton, Virginia",0.0
2428,"Southeast fairbanks census area, Alaska",0.0
2429,"Southeast fairbanks, Alaska",0.0
2430,"Spartanburg, South Carolina",0.0
2431,"Spencer, Indiana",0.0
2432,"Spink county, South Dakota",0.0
2433,"Spink, South Dakota",0.0
2434,"Spokane, Washington",0.007142857142857143
2435,"Spotsylvania, Virginia",0.0
2436,"St clair, Alabama",0.0344
2437,"St helena, Louisiana",0.0
2438,"St joseph, Indiana",0.0
2439,"St landry, Louisiana",0.012235294117647058
2440,"St lawrence, New York",0.0
2441,"St louis, Missouri",0.0
2442,"St tammany, Louisiana",0.0
2443,"St. bernard, Louisiana",0.0
2444,"St. charles, Louisiana",0.0
2445,"St. charles, Missouri",0.0
2446,"St. clair county, Missouri",0.0
2447,"St. clair, Alabama",0.0
2448,"St. clair, Illinois",0.0
2449,"St. clair, Michigan",0.0
2450,"St. clair, Missouri",0.0
2451,"St. croix, Wisconsin",0.0
2452,"St. francis, Arkansas",0.0
2453,"St. francois, Missouri",0.006666666666666667
2454,"St. helena, Louisiana",0.0
2455,"St. james, Louisiana",0.009727272727272727
2456,"St. john the baptist parish, Louisiana",0.0
2457,"St. john the baptist, Louisiana",0.0
2458,"St. johns, Florida",0.004225352112676057
2459,"St. joseph county, Indiana",0.0
2460,"St. joseph, Indiana",0.0071428571428571435
2461,"St. joseph, Michigan",0.0
2462,"St. landry, Louisiana",0.0
2463,"St. lawrence, New York",0.0034482758620689655
2464,"St. louis city, Missouri",0.0
2465,"St. louis, Minnesota",0.00489795918367347
2466,"St. louis, Missouri",0.0
2467,"St. lucie, Florida",0.0
2468,"St. martin parish, Louisiana",0.0
2469,"St. martin, Louisiana",0.0
2470,"St. mary parish, Louisiana",0.0
2471,"St. mary's, Maryland",0.003076923076923077
2472,"St. mary, Louisiana",0.0
2473,"St. tammany parish, Louisiana",0.030303030303030304
2474,"St. tammany, Louisiana",0.011857707509881422
2475,"Stafford, Kansas",0.0
2476,"Stafford, Virginia",0.0
2477,"Stanislaus, California",0.11607038123167154
2478,"Stanly, North Carolina",0.0
2479,"Stanton, Kansas",0.0
2480,"Stanton, Nebraska",0.0
2481,"Stark, Illinois",0.0
2482,"Stark, North Dakota",0.0
2483,"Stark, Ohio",0.0006315789473684211
2484,"Starke, Indiana",0.0
2485,"Starr, Texas",0.0
2486,"Staunton, Virginia",0.0
2487,"Ste. genevieve, Missouri",0.0
2488,"Stearns, Minnesota",0.0028048780487804877
2489,"Steele, Minnesota",0.006999999999999999
2490,"Stephens, Oklahoma",0.0
2491,"Stephens, Texas",0.0
2492,"Stephenson, Illinois",0.0
2493,"Sterling, Texas",0.0
2494,"Steuben, Indiana",0.0038461538461538464
2495,"Steuben, New York",0.015469613259668507
2496,"Stevens, Kansas",0.0
2497,"Stevens, Minnesota",0.008
2498,"Stevens, Washington",0.008536585365853657
2499,"Stewart, Tennessee",0.0
2500,"Stillwater, Montana",0.0
2501,"Stoddard, Missouri",0.0
2502,"Stokes, North Carolina",0.0
2503,"Stone, Arkansas",0.0
2504,"Stone, Missouri",0.027768924302788843
2505,"Stonewall, Texas",0.0
2506,"Storey, Nevada",0.0
2507,"Story, Iowa",0.0
2508,"Strafford, New Hampshire",0.008737864077669905
2509,"Stutsman, North Dakota",0.0
2510,"Sublette, Wyoming",0.0
2511,"Suffolk city, Virginia",0.0
2512,"Suffolk, Massachusetts",0.0005909090909090908
2513,"Suffolk, Virginia",0.0
2514,"Sullivan, Indiana",0.0
2515,"Sullivan, Missouri",0.0
2516,"Sullivan, New Hampshire",0.0
2517,"Sullivan, New York",0.004977375565610859
2518,"Sullivan, Pennsylvania",0.0
2519,"Sullivan, Tennessee",0.0
2520,"Summers, West Virginia",0.0
2521,"Summit, Ohio",0.0
2522,"Summit, Utah",0.0
2523,"Sumner, Kansas",0.0
2524,"Sumner, Tennessee",0.0
2525,"Sumter, Alabama",0.0
2526,"Sumter, Florida",0.004807692307692308
2527,"Sumter, South Carolina",0.005181818181818182
2528,"Surry, North Carolina",0.0
2529,"Surry, Virginia",0.0
2530,"Susquehanna, Pennsylvania",0.0
2531,"Sussex, New Jersey",0.023981438515081204
2532,"Sussex, Virginia",0.0
2533,"Sutter, California",0.0
2534,"Sutton, Texas",0.0
2535,"Suwannee, Florida",0.0
2536,"Swain, North Carolina",0.0
2537,"Sweet grass, Montana",0.0
2538,"Sweetwater county, Wyoming",0.0
2539,"Sweetwater, Wyoming",0.0
2540,"Swift county, Minnesota",0.0
2541,"Swift, Minnesota",0.004
2542,"Swisher, Texas",0.0
2543,"Switzerland, Indiana",0.0
2544,"Talbot, Maryland",0.007692307692307693
2545,"Talladega, Alabama",0.0
2546,"Tallapoosa, Alabama",0.0
2547,"Taney, Missouri",0.01822429906542056
2548,"Tangipahoa parish, Louisiana",0.0
2549,"Tangipahoa, Louisiana",0.01282051282051282
2550,"Taos, New Mexico",0.0
2551,"Tarrant, Texas",0.023376623376623377
2552,"Taylor, Florida",0.0
2553,"Taylor, Kentucky",0.0
2554,"Taylor, Texas",0.0
2555,"Taylor, West Virginia",0.0
2556,"Taylor, Wisconsin",0.0
2557,"Tazewell, Illinois",0.007565217391304347
2558,"Tazewell, Virginia",0.0
2559,"Tehama, California",0.0030147058823529415
2560,"Tensas, Louisiana",0.0
2561,"Terrebonne, Louisiana",0.0
2562,"Terrell, Texas",0.0
2563,"Terry, Texas",0.0
2564,"Teton, Idaho",0.0
2565,"Teton, Montana",0.0
2566,"Teton, Wyoming",0.004464285714285714
2567,"Texas, Missouri",0.0
2568,"Texas, Oklahoma",0.0
2569,"Thayer, Nebraska",0.0
2570,"Thomas, Kansas",0.0
2571,"Thomas, Nebraska",0.0
2572,"Throckmorton, Texas",0.0
2573,"Thurston, Nebraska",0.0
2574,"Thurston, Washington",0.0
2575,"Tillamook county, Oregon",0.0
2576,"Tillamook, Oregon",0.0
2577,"Tillman, Oklahoma",0.0
2578,"Tioga county, Pennsylvania",0.0
2579,"Tioga, New York",0.0
2580,"Tioga, Pennsylvania",0.0
2581,"Tippecanoe, Indiana",0.009710526315789473
2582,"Tipton, Indiana",0.0
2583,"Tipton, Tennessee",0.0
2584,"Titus, Texas",0.0
2585,"Todd, Kentucky",0.0
2586,"Todd, Minnesota",0.006875000000000001
2587,"Todd, South Dakota",0.0
2588,"Tolland, Connecticut",0.0007028753993610224
2589,"Tom green, Texas",0.0
2590,"Tompkins, New York",0.0
2591,"Tooele, Utah",0.0
2592,"Toole, Montana",0.0
2593,"Torrance, New Mexico",0.0
2594,"Towner, North Dakota",0.0
2595,"Traill, North Dakota",0.0
2596,"Transylvania, North Carolina",0.0
2597,"Traverse, Minnesota",0.0
2598,"Travis, Texas",0.0
2599,"Treasure, Montana",0.0
2600,"Trego, Kansas",0.0
2601,"Trempealeau, Wisconsin",0.0047169811320754715
2602,"Trigg, Kentucky",0.0
2603,"Trimble, Kentucky",0.0
2604,"Trinity, California",0.0
2605,"Trinity, Texas",0.0
2606,"Tripp, South Dakota",0.0
2607,"Trousdale, Tennessee",0.0
2608,"Trumbull, Ohio",0.0
2609,"Tucker, West Virginia",0.0
2610,"Tulare, California",0.002352510460251045
2611,"Tulsa, Oklahoma",0.0
2612,"Tuolumne, California",0.02053571428571429
2613,"Turner, South Dakota",0.0
2614,"Tuscaloosa, Alabama",0.0
2615,"Tuscarawas, Ohio",0.0
2616,"Tuscola, Michigan",0.0
2617,"Twin falls, Idaho",0.0
2618,"Tyler, Texas",0.0
2619,"Tyler, West Virginia",0.0
2620,"Tyrrell, North Carolina",0.0
2621,"Uinta, Wyoming",0.0
2622,"Uintah, Utah",0.011111111111111112
2623,"Ulster, New York",0.0014705882352941178
2624,"Umatilla, Oregon",0.005714285714285714
2625,"Union county, Pennsylvania",0.3
2626,"Union parish, Louisiana",0.0
2627,"Union, Arkansas",0.0
2628,"Union, Florida",0.0
2629,"Union, Illinois",0.0
2630,"Union, Indiana",0.05
2631,"Union, Iowa",0.0
2632,"Union, Kentucky",0.0
2633,"Union, Louisiana",0.0
2634,"Union, New Jersey",0.0
2635,"Union, New Mexico",0.0
2636,"Union, North Carolina",0.0
2637,"Union, Ohio",0.0
2638,"Union, Oregon",0.0
2639,"Union, Pennsylvania",0.0
2640,"Union, South Carolina",0.0
2641,"Union, South Dakota",0.0
2642,"Union, Tennessee",0.0
2643,"Unknown, South Carolina",0.0
2644,"Upshur, Texas",0.0
2645,"Upshur, West Virginia",0.0
2646,"Upton, Texas",0.0
2647,"Utah, Utah",0.002785515320334262
2648,"Uvalde, Texas",0.0
2649,"Val verde, Texas",0.06947058823529412
2650,"Valdez-cordova, Alaska",0.011538461538461537
2651,"Valencia, New Mexico",0.0
2652,"Valley, Idaho",0.0
2653,"Valley, Montana",0.0
2654,"Valley, Nebraska",0.0
2655,"Van buren, Arkansas",0.0
2656,"Van buren, Michigan",0.0
2657,"Van wert, Ohio",0.0
2658,"Van zandt, Texas",0.0
2659,"Vance, North Carolina",0.0
2660,"Vanderburgh, Indiana",0.0
2661,"Venango, Pennsylvania",0.0
2662,"Ventura, California",0.004702194357366769
2663,"Vermilion, Illinois",0.0
2664,"Vermilion, Louisiana",0.0
2665,"Vermillion county, Indiana",0.0
2666,"Vermillion, Indiana",0.0
2667,"Vernon, Louisiana",0.0
2668,"Vernon, Missouri",0.06347826086956522
2669,"Vernon, Wisconsin",0.0
2670,"Victoria, Texas",0.0
2671,"Vigo, Indiana",0.0
2672,"Vilas, Wisconsin",0.0
2673,"Vinton, Ohio",0.0
2674,"Volusia, Florida",0.0035532994923857873
2675,"Wabash, Illinois",0.0
2676,"Wabash, Indiana",0.009090909090909092
2677,"Wabasha, Minnesota",0.0
2678,"Wabaunsee, Kansas",0.0
2679,"Wade hampton, Alaska",0.050666666666666665
2680,"Wadena, Minnesota",0.013076923076923076
2681,"Wagoner, Oklahoma",0.0
2682,"Wahkiakum, Washington",0.0
2683,"Wake, North Carolina",0.0023317073170731704
2684,"Wakulla, Florida",0.002857142857142857
2685,"Waldo, Maine",0.005555555555555556
2686,"Walker, Alabama",0.0
2687,"Walker, Texas",0.0
2688,"Walla walla, Washington",0.0048543689320388345
2689,"Wallace, Kansas",0.0
2690,"Waller, Texas",0.0
2691,"Wallowa, Oregon",0.022222222222222223
2692,"Walsh, North Dakota",0.0
2693,"Walton, Florida",0.0022471910112359553
2694,"Walworth, South Dakota",0.0
2695,"Walworth, Wisconsin",0.0006896551724137932
2696,"Wapello, Iowa",0.0
2697,"Ward, North Dakota",0.0
2698,"Ward, Texas",0.0
2699,"Warren county, Pennsylvania",0.0
2700,"Warren, Illinois",0.0
2701,"Warren, Indiana",0.037500000000000006
2702,"Warren, Kentucky",0.0
2703,"Warren, Missouri",0.0
2704,"Warren, New Jersey",0.003081818181818182
2705,"Warren, New York",0.027559055118110236
2706,"Warren, North Carolina",0.0
2707,"Warren, Ohio",0.0
2708,"Warren, Pennsylvania",0.0
2709,"Warren, Tennessee",0.0
2710,"Warren, Virginia",0.0
2711,"Warrick, Indiana",0.0125
2712,"Wasatch, Utah",0.0
2713,"Wasco, Oregon",0.0
2714,"Waseca, Minnesota",0.0
2715,"Washakie, Wyoming",0.0
2716,"Washburn, Wisconsin",0.0
2717,"Washington county, Florida",0.0
2718,"Washington county, Pennsylvania",0.0
2719,"Washington county, Rhode Island",0.0
2720,"Washington parish, Louisiana",0.0
2721,"Washington, Alabama",0.024999999999999998
2722,"Washington, Arkansas",0.0
2723,"Washington, Florida",0.0
2724,"Washington, Idaho",0.0
2725,"Washington, Illinois",0.0
2726,"Washington, Indiana",0.04
2727,"Washington, Iowa",0.0
2728,"Washington, Kansas",0.0
2729,"Washington, Kentucky",0.0
2730,"Washington, Louisiana",0.0
2731,"Washington, Maine",0.0026842105263157894
2732,"Washington, Maryland",0.0
2733,"Washington, Minnesota",0.004144144144144144
2734,"Washington, Missouri",0.046842105263157886
2735,"Washington, Nebraska",0.0
2736,"Washington, New York",0.0
2737,"Washington, North Carolina",0.0
2738,"Washington, Ohio",0.0
2739,"Washington, Oklahoma",0.0
2740,"Washington, Oregon",0.0
2741,"Washington, Pennsylvania",0.0
2742,"Washington, Rhode Island",0.0
2743,"Washington, Tennessee",0.022222222222222223
2744,"Washington, Texas",0.0
2745,"Washington, Utah",0.007308970099667773
2746,"Washington, Vermont",0.0
2747,"Washington, Virginia",0.0
2748,"Washington, Wisconsin",0.004389261744966444
2749,"Washita, Oklahoma",0.0
2750,"Washoe, Nevada",0.007196261682242991
2751,"Washtenaw, Michigan",0.0
2752,"Watauga, North Carolina",0.002702702702702703
2753,"Watonwan, Minnesota",0.013333333333333334
2754,"Waukesha, Wisconsin",0.0033778280542986427
2755,"Waupaca, Wisconsin",0.01024736842105263
2756,"Waushara, Wisconsin",0.016143137254901962
2757,"Wayne, Illinois",0.0
2758,"Wayne, Indiana",0.016666666666666666
2759,"Wayne, Kentucky",0.0
2760,"Wayne, Michigan",0.0
2761,"Wayne, Missouri",0.04416666666666667
2762,"Wayne, Nebraska",0.0
2763,"Wayne, New York",0.0
2764,"Wayne, North Carolina",0.0
2765,"Wayne, Ohio",0.0
2766,"Wayne, Pennsylvania",0.0
2767,"Wayne, Tennessee",0.0
2768,"Wayne, Utah",0.0
2769,"Wayne, West Virginia",0.0
2770,"Waynesboro city, Virginia",0.0
2771,"Weakley, Tennessee",0.0
2772,"Webb county, Texas",0.0
2773,"Webb, Texas",0.0
2774,"Weber, Utah",0.002688172043010753
2775,"Webster, Iowa",0.0
2776,"Webster, Kentucky",0.0
2777,"Webster, Louisiana",0.0
2778,"Webster, Missouri",0.0
2779,"Webster, Nebraska",0.0
2780,"Webster, West Virginia",0.0
2781,"Wells, Indiana",0.005555555555555556
2782,"Wells, North Dakota",0.0
2783,"West baton rouge, Louisiana",0.0
2784,"West carroll parish, Louisiana",0.0
2785,"West carroll, Louisiana",0.0
2786,"West feliciana, Louisiana",0.0
2787,"Westchester, New York",0.0028735632183908046
2788,"Westmoreland, Pennsylvania",0.0
2789,"Westmoreland, Virginia",0.0
2790,"Weston, Wyoming",0.0
2791,"Wetzel, West Virginia",0.0
2792,"Wexford, Michigan",0.0
2793,"Wharton, Texas",0.0
2794,"Whatcom, Washington",0.0
2795,"Wheatland, Montana",0.0018181818181818182
2796,"Wheeler, Nebraska",0.0
2797,"Wheeler, Oregon",0.0
2798,"Wheeler, Texas",0.0
2799,"White pine, Nevada",0.011538461538461537
2800,"White, Arkansas",0.0
2801,"White, Illinois",0.0
2802,"White, Indiana",0.0
2803,"White, Tennessee",0.0
2804,"Whiteside, Illinois",0.0
2805,"Whitley, Indiana",0.0
2806,"Whitley, Kentucky",0.0
2807,"Whitman, Washington",0.0016666666666666668
2808,"Wichita, Kansas",0.0
2809,"Wichita, Texas",0.0
2810,"Wicomico, Maryland",0.0037593984962406013
2811,"Wilbarger, Texas",0.0
2812,"Wilcox, Alabama",0.0
2813,"Wilkes, North Carolina",0.0
2814,"Wilkin, Minnesota",0.0
2815,"Will, Illinois",0.01900611620795107
2816,"Willacy county, Texas",0.0
2817,"Willacy, Texas",0.0
2818,"Williams, North Dakota",0.0
2819,"Williams, Ohio",0.0
2820,"Williamsburg, South Carolina",0.0
2821,"Williamson, Illinois",0.0
2822,"Williamson, Texas",0.0
2823,"Wilson, Kansas",0.0
2824,"Wilson, North Carolina",0.0
2825,"Wilson, Tennessee",0.0
2826,"Wilson, Texas",0.0
2827,"Winchester, Virginia",0.0
2828,"Windham, Connecticut",0.0
2829,"Windham, Vermont",0.4666666666666667
2830,"Windsor, Vermont",0.21739130434782608
2831,"Winkler, Texas",0.0
2832,"Winn, Louisiana",0.0064418604651162795
2833,"Winnebago, Illinois",0.0020512820512820513
2834,"Winnebago, Iowa",0.0
2835,"Winnebago, Wisconsin",0.000547945205479452
2836,"Winneshiek, Iowa",0.0
2837,"Winona, Minnesota",0.011142857142857144
2838,"Winston, Alabama",0.0
2839,"Wise, Texas",0.0
2840,"Wise, Virginia",0.0
2841,"Wolfe, Kentucky",0.0
2842,"Wood, Ohio",0.0
2843,"Wood, Texas",0.0
2844,"Wood, West Virginia",0.0
2845,"Wood, Wisconsin",0.0
2846,"Woodbury, Iowa",0.0
2847,"Woodford, Illinois",0.0038
2848,"Woodford, Kentucky",0.0
2849,"Woodruff, Arkansas",0.0
2850,"Woods, Oklahoma",0.0
2851,"Woodson, Kansas",0.0
2852,"Woodward, Oklahoma",0.0
2853,"Worcester, Maryland",0.002112676056338028
2854,"Worcester, Massachusetts",0.003110687022900764
2855,"Worth, Iowa",0.0
2856,"Worth, Missouri",0.0
2857,"Wrangell, Alaska",0.0
2858,"Wright, Iowa",0.0
2859,"Wright, Minnesota",0.0035714285714285718
2860,"Wright, Missouri",0.0
2861,"Wyandot, Ohio",0.0
2862,"Wyandotte, Kansas",0.0
2863,"Wyoming, New York",0.006666666666666666
2864,"Wyoming, Pennsylvania",0.0
2865,"Wyoming, West Virginia",0.05291666666666667
2866,"Wythe, Virginia",0.0
2867,"Yadkin, North Carolina",0.0
2868,"Yakima, Washington",0.0
2869,"Yamhill, Oregon",0.05
2870,"Yancey, North Carolina",0.0
2871,"Yankton, South Dakota",0.0
2872,"Yates, New York",0.0
2873,"Yavapai, Arizona",0.0014234875444839859
2874,"Yell, Arkansas",0.0
2875,"Yellow medicine county, Minnesota",0.0
2876,"Yellow medicine, Minnesota",0.024
2877,"Yellowstone, Montana",0.0
2878,"Yoakum, Texas",0.0
2879,"Yolo, California",0.0
2880,"York county, Pennsylvania",0.0
2881,"York, Maine",0.008528358208955223
2882,"York, Nebraska",0.0
2883,"York, Pennsylvania",0.0392156862745098
2884,"York, South Carolina",0.0031132075471698114
2885,"York, Virginia",0.0
2886,"Young, Texas",0.0
2887,"Yuba, California",0.014736842105263158
2888,"Yukon-koyukuk census area, Alaska",0.0
2889,"Yukon-koyukuk, Alaska",0.0
2890,"Yuma county, Arizona",0.0
2891,"Yuma, Arizona",0.002519083969465649
2892,"Zapata county, Texas",0.0
2893,"Zapata, Texas",0.0
2894,"Zavala, Texas",0.0
