,county,PCB
0,"-, Arizona",0.0
1,"Acadia, Louisiana",0.0
2,"Accomack, Virginia",0.0
3,"Ada, Idaho",0.0
4,"Adair, Kentucky",0.0
5,"Adams, Idaho",0.0
6,"Adams, Illinois",0.0
7,"Adams, Ohio",0.0
8,"Adams, Pennsylvania",0.0
9,"Adams, Washington",0.0
10,"Adams, Wisconsin",0.0
11,"Addison, Vermont",0.0
12,"Alachua, Florida",0.0
13,"Alamance, North Carolina",0.0
14,"Alameda, California",0.0
15,"Albany, New York",0.0
16,"Albany, Wyoming",0.0
17,"Albemarle, Virginia",0.0
18,"Alexander, Illinois",0.0
19,"Alexander, North Carolina",0.0
20,"Allegany, Maryland",0.0
21,"Allegany, New York",0.0
22,"Alleghany, North Carolina",0.0
23,"Alleghany, Virginia",0.0
24,"Allegheny county, Pennsylvania",0.0
25,"Allegheny, Pennsylvania",0.0
26,"Allen, Indiana",0.0
27,"Allen, Kentucky",0.0
28,"Allen, Louisiana",0.0
29,"Alpine, California",0.0
30,"American samoa, American Samoa",0.0
31,"Amherst, Virginia",0.0
32,"Anderson, Kentucky",0.0
33,"Androscoggin, Maine",0.0
34,"Anne arundel, Maryland",0.0
35,"Anson, North Carolina",0.0
36,"Apache, Arizona",0.0
37,"Arkansas, Arkansas",0.0
38,"Armstrong county, Pennsylvania",0.0
39,"Armstrong, Pennsylvania",0.0
40,"Aroostook, Maine",0.0
41,"Ascension, Louisiana",0.0
42,"Ashe, North Carolina",0.0
43,"Ashland, Wisconsin",0.0
44,"Ashley, Arkansas",0.0
45,"Asotin, Washington",0.0
46,"Assumption, Louisiana",0.0
47,"Augusta, Virginia",0.0
48,"Aurora, South Dakota",0.0
49,"Autauga, Alabama",0.0
50,"Avery, North Carolina",0.0
51,"Avoyelles, Louisiana",0.0
52,"Baker county, Florida",0.0
53,"Baker, Florida",0.0
54,"Baker, Oregon",0.0
55,"Baldwin, Alabama",0.0
56,"Ballard, Kentucky",0.0
57,"Baltimore city, Maryland",0.0
58,"Baltimore, Maryland",0.0
59,"Bannock, Idaho",0.0
60,"Baraga, Michigan",0.0
61,"Barbour, Alabama",0.0
62,"Barbour, West Virginia",0.0
63,"Barnstable, Massachusetts",0.0
64,"Barren, Kentucky",0.0
65,"Barron, Wisconsin",0.0
66,"Bartholomew, Indiana",0.0
67,"Bath, Virginia",0.0
68,"Baxter, Arkansas",0.0
69,"Bay, Florida",0.0
70,"Bayfield, Wisconsin",0.0
71,"Beadle, South Dakota",0.0
72,"Bear lake, Idaho",0.0
73,"Beaufort, North Carolina",0.0
74,"Beauregard, Louisiana",0.0
75,"Beaver county, Pennsylvania",0.0
76,"Beaver, Pennsylvania",0.0
77,"Beaver, Utah",0.0
78,"Beaverhead, Montana",0.0
79,"Bedford, Pennsylvania",0.0
80,"Bedford, Virginia",0.0
81,"Bell, Kentucky",0.0
82,"Belmont, Ohio",0.0
83,"Beltrami county, Minnesota",0.0
84,"Benewah, Idaho",0.0
85,"Bennett, South Dakota",0.0
86,"Bennington, Vermont",0.0
87,"Benton county, Arkansas",0.0
88,"Benton, Arkansas",0.0
89,"Benton, Indiana",0.0
90,"Benton, Oregon",0.0
91,"Benton, Washington",0.0
92,"Berkeley, West Virginia",0.0003
93,"Berks county, Pennsylvania",0.0
94,"Berks, Pennsylvania",0.0
95,"Bernalillo, New Mexico",0.0
96,"Bertie, North Carolina",0.0
97,"Bethel, Alaska",0.0
98,"Bibb, Alabama",0.0
99,"Bienville, Louisiana",0.0
100,"Big horn, Montana",0.0
101,"Big horn, Wyoming",0.0
102,"Bingham, Idaho",0.0
103,"Bladen, North Carolina",0.0
104,"Blaine, Idaho",0.0
105,"Blaine, Montana",0.0
106,"Blair, Pennsylvania",0.0
107,"Bland, Virginia",0.0
108,"Blount, Alabama",0.0
109,"Boise, Idaho",0.0
110,"Bon homme, South Dakota",0.0
111,"Bond, Illinois",0.0
112,"Bonner, Idaho",0.0
113,"Bonneville, Idaho",0.0
114,"Boone, Arkansas",0.0
115,"Boone, Illinois",0.0
116,"Boone, Indiana",0.0
117,"Boone, Kentucky",0.0
118,"Boone, West Virginia",0.0
119,"Bossier, Louisiana",0.0
120,"Botetourt, Virginia",0.0
121,"Boundary, Idaho",0.0
122,"Bourbon, Kentucky",0.04666666666666667
123,"Box elder, Utah",0.0
124,"Boyd, Kentucky",0.0
125,"Boyle, Kentucky",0.0
126,"Bracken, Kentucky",0.0
127,"Bradford, Florida",0.0
128,"Bradford, Pennsylvania",0.0
129,"Bradley, Arkansas",0.0
130,"Braxton, West Virginia",0.0
131,"Breathitt, Kentucky",0.0
132,"Breckinridge, Kentucky",0.0
133,"Brevard, Florida",0.0
134,"Bristol, Virginia",0.0
135,"Broadwater, Montana",0.0
136,"Brooke, West Virginia",0.0
137,"Brookings, South Dakota",0.0
138,"Broome, New York",0.01818181818181818
139,"Broward county, Florida",0.0
140,"Broward, Florida",0.0
141,"Brown, Illinois",0.0
142,"Brown, Indiana",0.0
143,"Brown, Ohio",0.0
144,"Brown, South Dakota",0.0
145,"Brown, Wisconsin",0.0
146,"Brule, South Dakota",0.0
147,"Brunswick, North Carolina",0.0
148,"Brunswick, Virginia",0.0
149,"Buchanan, Virginia",0.0
150,"Buckingham, Virginia",0.0
151,"Bucks county, Pennsylvania",0.0
152,"Bucks, Pennsylvania",0.0
153,"Buena vista, Virginia",0.0
154,"Buffalo, Wisconsin",0.0
155,"Bullock, Alabama",0.0
156,"Buncombe, North Carolina",0.0
157,"Bureau, Illinois",0.0
158,"Burke, North Carolina",0.0
159,"Burnett, Wisconsin",0.0
160,"Butler, Alabama",0.0
161,"Butler, Kentucky",0.0
162,"Butler, Ohio",0.0
163,"Butler, Pennsylvania",0.0
164,"Butte, California",0.0
165,"Butte, Idaho",0.0
166,"Butte, South Dakota",0.0
167,"Cabarrus, North Carolina",0.0
168,"Cabell, West Virginia",0.0
169,"Cache, Utah",0.0
170,"Caddo parish, Louisiana",0.0
171,"Caddo, Louisiana",0.0
172,"Calaveras, California",0.0
173,"Calcasieu, Louisiana",0.0
174,"Caldwell, Kentucky",0.0
175,"Caldwell, Louisiana",0.0
176,"Caldwell, North Carolina",0.0
177,"Caledonia, Vermont",0.0
178,"Calhoun, Alabama",0.0
179,"Calhoun, Arkansas",0.0
180,"Calhoun, Florida",0.0
181,"Calhoun, Illinois",0.0
182,"Calhoun, West Virginia",0.0
183,"Calloway, Kentucky",0.0
184,"Calumet, Wisconsin",0.0
185,"Cambria county, Pennsylvania",0.0
186,"Cambria, Pennsylvania",0.0
187,"Camden, North Carolina",0.0
188,"Cameron, Louisiana",0.0
189,"Cameron, Pennsylvania",0.0
190,"Campbell, Kentucky",0.0
191,"Campbell, Virginia",0.0
192,"Campbell, Wyoming",0.0
193,"Canyon, Idaho",0.0
194,"Carbon, Pennsylvania",0.0
195,"Carbon, Utah",0.0
196,"Carbon, Wyoming",0.0
197,"Caribou, Idaho",0.0
198,"Carlisle, Kentucky",0.0
199,"Caroline, Virginia",0.0
200,"Carroll, Arkansas",0.0
201,"Carroll, Illinois",0.0
202,"Carroll, Kentucky",0.0
203,"Carroll, Maryland",0.0
204,"Carroll, Virginia",0.0
205,"Carson city, Nevada",0.0
206,"Carter, Kentucky",0.0
207,"Carteret, North Carolina",0.0
208,"Cascade, Montana",0.0
209,"Casey, Kentucky",0.0
210,"Cass, Illinois",0.0
211,"Cass, Indiana",0.0
212,"Cass, Minnesota",0.0
213,"Cassia, Idaho",0.0
214,"Caswell, North Carolina",0.0
215,"Catahoula, Louisiana",0.0
216,"Catawba, North Carolina",0.0
217,"Catron, New Mexico",0.0
218,"Cattaraugus, New York",0.0
219,"Cayuga county, New York",0.0
220,"Cayuga, New York",0.0
221,"Cecil, Maryland",0.0
222,"Centre county, Pennsylvania",0.0
223,"Centre, Pennsylvania",0.0
224,"Chambers, Alabama",0.0
225,"Champaign, Illinois",0.0
226,"Champaign, Ohio",0.0
227,"Charles mix, South Dakota",0.0
228,"Charlotte, Florida",0.0
229,"Charlotte, Virginia",0.0
230,"Chatham, North Carolina",0.0
231,"Chautauqua, New York",0.0
232,"Chaves, New Mexico",0.0
233,"Chelan, Washington",0.0
234,"Chemung, New York",0.0
235,"Chenango, New York",0.0
236,"Cherokee, Alabama",0.0
237,"Cherokee, North Carolina",0.0
238,"Chesapeake city, Virginia",0.0
239,"Chester county, Pennsylvania",0.0
240,"Chester, Pennsylvania",0.029848484848484846
241,"Chesterfield, Virginia",0.0
242,"Chicot, Arkansas",0.0
243,"Chilton, Alabama",0.0
244,"Chippewa, Michigan",0.0
245,"Chippewa, Wisconsin",0.0
246,"Choctaw, Alabama",0.0
247,"Chouteau, Montana",0.0
248,"Chowan, North Carolina",0.0
249,"Christian, Illinois",0.0
250,"Christian, Kentucky",0.0
251,"Churchill, Nevada",0.0
252,"Cibola, New Mexico",0.0
253,"Citrus county, Florida",0.0
254,"Citrus, Florida",0.0
255,"Clackamas, Oregon",0.0
256,"Claiborne, Louisiana",0.0
257,"Clallam, Washington",0.0
258,"Clarion, Pennsylvania",0.0
259,"Clark county, Nevada",0.0
260,"Clark, Arkansas",0.0
261,"Clark, Illinois",0.0
262,"Clark, Indiana",0.0
263,"Clark, Kentucky",0.0
264,"Clark, Nevada",0.0
265,"Clark, Ohio",0.0
266,"Clark, South Dakota",0.0
267,"Clark, Washington",0.0
268,"Clark, Wisconsin",0.0
269,"Clarke, Alabama",0.0
270,"Clarke, Virginia",0.0
271,"Clatsop, Oregon",0.0
272,"Clay, Alabama",0.0
273,"Clay, Arkansas",0.0
274,"Clay, Florida",0.0
275,"Clay, Illinois",0.0
276,"Clay, Indiana",0.0
277,"Clay, Kentucky",0.0
278,"Clay, North Carolina",0.0
279,"Clay, South Dakota",0.0
280,"Clay, West Virginia",0.0
281,"Clearfield, Pennsylvania",0.0
282,"Clearwater, Idaho",0.0
283,"Cleburne, Alabama",0.0
284,"Cleburne, Arkansas",0.0
285,"Clermont, Ohio",0.0
286,"Cleveland, Arkansas",0.0
287,"Cleveland, North Carolina",0.0
288,"Clinton, Illinois",0.0
289,"Clinton, Indiana",0.0
290,"Clinton, Kentucky",0.0
291,"Clinton, New York",0.0
292,"Clinton, Ohio",0.0
293,"Clinton, Pennsylvania",0.0
294,"Cochise, Arizona",0.0
295,"Coconino, Arizona",0.0
296,"Codington, South Dakota",0.0
297,"Coffee, Alabama",0.0
298,"Colbert, Alabama",0.0
299,"Coles, Illinois",0.0
300,"Colfax, New Mexico",0.0
301,"Collier, Florida",0.0
302,"Columbia, Arkansas",0.0
303,"Columbia, Florida",0.0
304,"Columbia, New York",0.0
305,"Columbia, Oregon",0.0
306,"Columbia, Pennsylvania",0.0
307,"Columbia, Washington",0.0
308,"Columbia, Wisconsin",0.0
309,"Columbiana, Ohio",0.0
310,"Columbus county, North Carolina",0.0
311,"Columbus, North Carolina",0.0
312,"Colusa, California",0.0
313,"Concordia, Louisiana",0.0
314,"Conecuh, Alabama",0.0
315,"Contra costa, California",0.0
316,"Converse, Wyoming",0.0
317,"Conway, Arkansas",0.0
318,"Cook, Illinois",0.0
319,"Cook, Minnesota",0.0
320,"Coos, Oregon",0.0
321,"Coosa, Alabama",0.0
322,"Corson, South Dakota",0.0
323,"Cortland, New York",0.0
324,"Coshocton, Ohio",0.0
325,"Covington, Alabama",0.0
326,"Covington, Virginia",0.0
327,"Cowlitz, Washington",0.0
328,"Craig, Oklahoma",0.0
329,"Craighead, Arkansas",0.0
330,"Craven, North Carolina",0.0
331,"Crawford county, Pennsylvania",0.0
332,"Crawford, Arkansas",0.0
333,"Crawford, Illinois",0.0
334,"Crawford, Pennsylvania",0.0
335,"Crawford, Wisconsin",0.0
336,"Crenshaw, Alabama",0.0
337,"Crittenden, Arkansas",0.0
338,"Crittenden, Kentucky",0.0
339,"Crook, Oregon",0.0
340,"Crook, Wyoming",0.0
341,"Cross, Arkansas",0.0
342,"Cullman, Alabama",0.0
343,"Culpeper, Virginia",0.0
344,"Cumberland county, Pennsylvania",0.0
345,"Cumberland, Illinois",0.0
346,"Cumberland, Kentucky",0.0
347,"Cumberland, Maine",0.0
348,"Cumberland, North Carolina",0.0
349,"Cumberland, Pennsylvania",0.0
350,"Cumberland, Virginia",0.0
351,"Currituck, North Carolina",0.0
352,"Curry, New Mexico",0.0
353,"Curry, Oregon",0.0
354,"Custer, Idaho",0.0
355,"Custer, South Dakota",0.0
356,"Cuyahoga, Ohio",0.0
357,"Dade, Florida",0.0
358,"Daggett, Utah",0.0
359,"Dale, Alabama",0.0
360,"Dallas, Alabama",0.0
361,"Dallas, Arkansas",0.0
362,"Dane, Wisconsin",0.0
363,"Danville, Virginia",0.0
364,"Dare, North Carolina",0.0
365,"Dauphin county, Pennsylvania",0.0
366,"Dauphin, Pennsylvania",0.0
367,"Davidson, North Carolina",0.0
368,"Davie, North Carolina",0.0
369,"Daviess, Indiana",0.0
370,"Daviess, Kentucky",0.0
371,"Davis, Utah",0.0
372,"Day, South Dakota",0.0
373,"De baca, New Mexico",0.0
374,"De soto, Florida",0.0
375,"De soto, Louisiana",0.0
376,"De witt, Illinois",0.0
377,"Decatur, Indiana",0.0
378,"Deer lodge, Montana",0.0
379,"Defiance, Ohio",0.0
380,"Dekalb, Alabama",0.0
381,"Dekalb, Illinois",0.0
382,"Dekalb, Indiana",0.0
383,"Delaware, Indiana",0.0
384,"Delaware, New York",0.0
385,"Delaware, Ohio",0.0
386,"Delaware, Pennsylvania",0.0
387,"Deschutes, Oregon",0.0
388,"Desha, Arkansas",0.0
389,"Desoto, Florida",0.0
390,"Dewey, South Dakota",0.0
391,"Dickinson, Iowa",0.0
392,"Dinwiddie, Virginia",0.0
393,"District of columbia, District of Columbia",0.0
394,"Dixie, Florida",0.0
395,"Doddridge, West Virginia",0.0
396,"Dodge, Wisconsin",0.0
397,"Dona ana, New Mexico",0.0
398,"Door, Wisconsin",0.0
399,"Douglas, Illinois",0.0
400,"Douglas, Kansas",0.0
401,"Douglas, Nevada",0.0
402,"Douglas, Oregon",0.0
403,"Douglas, Washington",0.0
404,"Douglas, Wisconsin",0.0
405,"Drew, Arkansas",0.0
406,"Du page, Illinois",0.0
407,"Dubois, Indiana",0.0
408,"Duchesne, Utah",0.0
409,"Dunn, Wisconsin",0.0
410,"Dupage, Illinois",0.0
411,"Duplin, North Carolina",0.0
412,"Durham, North Carolina",0.0
413,"Dutchess, New York",0.0
414,"Duval county, Florida",0.0
415,"Duval, Florida",0.0
416,"East baton rouge parish, Louisiana",0.0
417,"East baton rouge, Louisiana",0.0
418,"East carroll, Louisiana",0.0
419,"East feliciana, Louisiana",0.0
420,"Eau claire, Wisconsin",0.0
421,"Eddy, New Mexico",0.0
422,"Edgar, Illinois",0.0
423,"Edgecombe, North Carolina",0.0
424,"Edmonson, Kentucky",0.0
425,"Edwards, Illinois",0.0
426,"Effingham, Illinois",0.0
427,"El dorado, California",0.0
428,"Elk, Pennsylvania",0.0
429,"Elkhart, Indiana",0.0
430,"Elko, Nevada",0.0
431,"Elliott, Kentucky",0.0
432,"Elmore, Alabama",0.0
433,"Elmore, Idaho",0.0
434,"Emery, Utah",0.0
435,"Erie county, Pennsylvania",0.0
436,"Erie, New York",0.0
437,"Erie, Ohio",0.0
438,"Erie, Pennsylvania",0.0
439,"Escambia, Alabama",0.0
440,"Escambia, Florida",0.0
441,"Esmeralda, Nevada",0.0
442,"Essex county, New York",0.0
443,"Essex, New York",0.0
444,"Estill, Kentucky",0.0
445,"Etowah, Alabama",0.0
446,"Eureka county, Nevada",0.0
447,"Eureka, Nevada",0.0
448,"Evangeline parish, Louisiana",0.0
449,"Evangeline, Louisiana",0.0
450,"Fairbanks north star, Alaska",0.0
451,"Fairfax, Virginia",0.0
452,"Fairfield, Connecticut",0.0015202702702702701
453,"Fairfield, Ohio",0.0
454,"Fall river, South Dakota",0.0
455,"Faulk, South Dakota",0.0
456,"Fauquier, Virginia",0.0
457,"Fayette, Alabama",0.0
458,"Fayette, Illinois",0.0
459,"Fayette, Kentucky",0.0
460,"Fayette, Ohio",0.0
461,"Fayette, Pennsylvania",0.0
462,"Fayette, West Virginia",0.0
463,"Ferry, Washington",0.0
464,"Flagler, Florida",0.0
465,"Flathead, Montana",0.0
466,"Fleming, Kentucky",0.0
467,"Florence, Wisconsin",0.0
468,"Floyd, Kentucky",0.0
469,"Fluvanna, Virginia",0.0
470,"Fond du lac, Wisconsin",0.0
471,"Ford, Illinois",0.0
472,"Forest, Pennsylvania",0.0
473,"Forest, Wisconsin",0.0
474,"Forsyth, North Carolina",0.0
475,"Fountain, Indiana",0.0
476,"Franklin county, New York",0.0
477,"Franklin county, Pennsylvania",0.0
478,"Franklin, Alabama",0.0
479,"Franklin, Arkansas",0.0
480,"Franklin, Florida",0.0
481,"Franklin, Idaho",0.0
482,"Franklin, Illinois",0.0
483,"Franklin, Kentucky",0.0
484,"Franklin, Louisiana",0.0
485,"Franklin, Maine",0.0
486,"Franklin, New York",0.0
487,"Franklin, North Carolina",0.0
488,"Franklin, Ohio",0.0
489,"Franklin, Pennsylvania",0.0
490,"Franklin, Vermont",0.0
491,"Franklin, Virginia",0.0
492,"Franklin, Washington",0.0
493,"Frederick, Maryland",0.0
494,"Frederick, Virginia",0.0
495,"Fremont, Idaho",0.0
496,"Fremont, Wyoming",0.0
497,"Fresno, California",0.0
498,"Fulton, Arkansas",0.0
499,"Fulton, Illinois",0.0
500,"Fulton, Indiana",0.0
501,"Fulton, Kentucky",0.0
502,"Fulton, New York",0.0
503,"Fulton, Ohio",0.0
504,"Fulton, Pennsylvania",0.0
505,"Gadsden, Florida",0.0
506,"Galax, Virginia",0.0
507,"Gallatin, Illinois",0.0
508,"Gallatin, Kentucky",0.0
509,"Gallatin, Montana",0.0
510,"Garfield, Utah",0.0
511,"Garfield, Washington",0.0
512,"Garland, Arkansas",0.0
513,"Garrard, Kentucky",0.0
514,"Gaston, North Carolina",0.0
515,"Gates, North Carolina",0.0
516,"Geauga, Ohio",0.0
517,"Gem, Idaho",0.0
518,"Genesee, New York",0.0
519,"Geneva, Alabama",0.0
520,"Gibson, Indiana",0.0
521,"Gila, Arizona",0.0
522,"Gilchrist, Florida",0.0
523,"Giles, Tennessee",0.0
524,"Giles, Virginia",0.02666666666666667
525,"Gilliam, Oregon",0.0
526,"Gilmer, West Virginia",0.0
527,"Glacier, Montana",0.0
528,"Glades, Florida",0.0
529,"Gogebic, Michigan",0.0
530,"Goochland, Virginia",0.0
531,"Goodhue, Minnesota",0.0
532,"Gooding, Idaho",0.0
533,"Goshen, Wyoming",0.0
534,"Graham, Arizona",0.0
535,"Graham, North Carolina",0.0
536,"Grand isle, Vermont",0.0
537,"Grand, Utah",0.0
538,"Granite, Montana",0.0
539,"Grant, Arkansas",0.0
540,"Grant, Indiana",0.0
541,"Grant, Kentucky",0.0
542,"Grant, Louisiana",0.0
543,"Grant, New Mexico",0.0
544,"Grant, Oregon",0.0
545,"Grant, South Dakota",0.0
546,"Grant, Washington",0.0
547,"Grant, West Virginia",0.0
548,"Grant, Wisconsin",0.0
549,"Granville, North Carolina",0.0
550,"Graves, Kentucky",0.0
551,"Grays harbor, Washington",0.0
552,"Grayson, Kentucky",0.0
553,"Grayson, Virginia",0.0
554,"Green lake, Wisconsin",0.0
555,"Green, Kentucky",0.0
556,"Green, Wisconsin",0.0
557,"Greenbrier, West Virginia",0.0
558,"Greene, Alabama",0.0
559,"Greene, Arkansas",0.0
560,"Greene, Illinois",0.0
561,"Greene, New York",0.0
562,"Greene, North Carolina",0.0
563,"Greene, Ohio",0.11291666666666667
564,"Greene, Pennsylvania",0.0
565,"Greene, Virginia",0.0
566,"Greensville, Virginia",0.0
567,"Greenup, Kentucky",0.0
568,"Gregory, South Dakota",0.0
569,"Grundy, Illinois",0.0
570,"Guadalupe, New Mexico",0.0
571,"Guilford, North Carolina",0.0
572,"Guillford, North Carolina",0.0
573,"Gulf, Florida",0.0
574,"Hale, Alabama",0.0
575,"Halifax, North Carolina",0.0
576,"Halifax, Virginia",0.0
577,"Hamilton, Florida",0.0007407407407407407
578,"Hamilton, Indiana",0.0
579,"Hamilton, New York",0.0
580,"Hamilton, Ohio",0.0
581,"Hamilton, Tennessee",0.0
582,"Hamlin, South Dakota",0.0
583,"Hampshire, West Virginia",0.0
584,"Hancock, Illinois",0.0
585,"Hancock, Indiana",0.0
586,"Hancock, Kentucky",0.0
587,"Hancock, Maine",0.0
588,"Hancock, West Virginia",0.0
589,"Hanover, Virginia",0.0
590,"Hardee, Florida",0.0
591,"Hardin, Illinois",0.0
592,"Hardin, Kentucky",0.0
593,"Harding, New Mexico",0.0
594,"Harding, South Dakota",0.0
595,"Hardy, West Virginia",0.0
596,"Harford county, Maryland",0.0
597,"Harford, Maryland",0.005555555555555556
598,"Harlan, Kentucky",0.0
599,"Harnett, North Carolina",0.0
600,"Harney, Oregon",0.0
601,"Harrison, Kentucky",0.0
602,"Harrison, West Virginia",0.0
603,"Harrisonburg, Virginia",0.0
604,"Hart, Kentucky",0.0
605,"Hartford, Connecticut",0.0
606,"Hawaii, Hawaii",0.0
607,"Haywood, North Carolina",0.0
608,"Hempstead, Arkansas",0.0
609,"Henderson, Illinois",0.0
610,"Henderson, Kentucky",0.0
611,"Henderson, North Carolina",0.0
612,"Hendricks, Indiana",0.0
613,"Hendry, Florida",0.0
614,"Henrico, Virginia",0.0
615,"Henry, Alabama",0.0
616,"Henry, Illinois",0.0
617,"Henry, Kentucky",0.0
618,"Henry, Ohio",0.0
619,"Henry, Virginia",0.0
620,"Herkimer, New York",0.0
621,"Hernando, Florida",0.0
622,"Hertford, North Carolina",0.0
623,"Hickman, Kentucky",0.0
624,"Hidalgo, New Mexico",0.0
625,"Highland, Ohio",0.0
626,"Highlands, Florida",0.0
627,"Hill, Montana",0.0
628,"Hills, Florida",0.0
629,"Hillsborough county, Florida",0.0
630,"Hillsborough, Florida",0.0
631,"Hocking, Ohio",0.0
632,"Hoke, North Carolina",0.0
633,"Holmes, Florida",0.0
634,"Holmes, Ohio",0.0
635,"Honolulu, Hawaii",0.0
636,"Hood river, Oregon",0.0
637,"Hopewell, Virginia",0.0
638,"Hopkins, Kentucky",0.0
639,"Hot spring, Arkansas",0.0
640,"Hot springs, Wyoming",0.0
641,"Houston, Alabama",0.0
642,"Howard, Arkansas",0.0
643,"Howard, Indiana",0.0
644,"Hughes, South Dakota",0.0
645,"Humboldt, Nevada",0.010416666666666666
646,"Huntingdon, Pennsylvania",0.0
647,"Huntington, Indiana",0.0
648,"Huron, Ohio",0.0
649,"Hyde, North Carolina",0.0
650,"Iberia parish, Louisiana",0.0
651,"Iberia, Louisiana",0.0
652,"Iberville, Louisiana",0.0
653,"Idaho, Idaho",0.0
654,"Imperial, California",0.0
655,"Independence, Arkansas",0.0
656,"Indian river, Florida",0.0
657,"Indiana, Pennsylvania",0.0
658,"Inyo, California",0.0
659,"Iowa, Wisconsin",0.0
660,"Iredell, North Carolina",0.0
661,"Iron, Utah",0.0
662,"Iron, Wisconsin",0.0
663,"Iroquois, Illinois",0.0
664,"Isabella, Michigan",0.0
665,"Island, Washington",0.0
666,"Izard, Arkansas",0.0
667,"Jackson county, Florida",0.0
668,"Jackson, Alabama",0.0
669,"Jackson, Arkansas",0.0
670,"Jackson, Florida",0.0
671,"Jackson, Illinois",0.0
672,"Jackson, Indiana",0.0
673,"Jackson, Kentucky",0.0
674,"Jackson, Louisiana",0.0
675,"Jackson, North Carolina",0.0
676,"Jackson, Oregon",0.0
677,"Jackson, West Virginia",0.0
678,"Jackson, Wisconsin",0.0
679,"James (city), Virginia",0.0
680,"James city, Virginia",0.0
681,"Jasper, Illinois",0.0
682,"Jasper, Indiana",0.0
683,"Jefferson county, Florida",0.0
684,"Jefferson county, Pennsylvania",0.0
685,"Jefferson davis, Louisiana",0.0
686,"Jefferson, Alabama",0.0
687,"Jefferson, Arkansas",0.0
688,"Jefferson, Florida",0.0
689,"Jefferson, Idaho",0.0
690,"Jefferson, Kentucky",0.0
691,"Jefferson, Louisiana",0.0
692,"Jefferson, Montana",0.0
693,"Jefferson, New York",0.0
694,"Jefferson, Oregon",0.0
695,"Jefferson, Pennsylvania",0.0
696,"Jefferson, Washington",0.0
697,"Jefferson, West Virginia",0.004573770491803279
698,"Jefferson, Wisconsin",0.0
699,"Jennings, Indiana",0.0
700,"Jerauld, South Dakota",0.0
701,"Jerome, Idaho",0.0
702,"Jersey, Illinois",0.0
703,"Jessamine, Kentucky",0.0
704,"Jo daviess, Illinois",0.0
705,"Johnson, Arkansas",0.0
706,"Johnson, Illinois",0.0
707,"Johnson, Indiana",0.0
708,"Johnson, Kentucky",0.0
709,"Johnson, Wyoming",0.0
710,"Johnston, North Carolina",0.0
711,"Jones, North Carolina",0.0
712,"Josephine, Oregon",0.0
713,"Juab, Utah",0.0
714,"Juneau, Wisconsin",0.0
715,"Juniata, Pennsylvania",0.0
716,"Kanawha, West Virginia",0.0
717,"Kane, Illinois",0.0
718,"Kane, Utah",0.0
719,"Kankakee, Illinois",0.0
720,"Kendall, Illinois",0.0
721,"Kennebec, Maine",0.0
722,"Kenosha, Wisconsin",0.0
723,"Kenton, Kentucky",0.0
724,"Kern, California",0.0
725,"Ketchikan gateway, Alaska",0.0
726,"Kewaunee, Wisconsin",0.0
727,"King george, Virginia",0.0
728,"King william, Virginia",0.0
729,"King, Washington",0.0
730,"Kings, California",0.0
731,"Kingsbury, South Dakota",0.0
732,"Kitsap, Washington",0.0
733,"Kittitas, Washington",0.0
734,"Klamath, Oregon",0.0
735,"Klickitat, Washington",0.0
736,"Knott, Kentucky",0.0
737,"Knox, Illinois",0.0
738,"Knox, Indiana",0.0
739,"Knox, Kentucky",0.0
740,"Knox, Maine",0.0
741,"Knox, Ohio",0.0
742,"Knox, Tennessee",0.0
743,"Koochiching county, Minnesota",0.0
744,"Kootenai, Idaho",0.0
745,"Kosciusko, Indiana",0.0
746,"La crosse, Wisconsin",0.0
747,"La plata, Colorado",0.0
748,"La porte, Indiana",0.0
749,"La salle, Illinois",0.0
750,"La salle, Louisiana",0.0
751,"Lackawanna, Pennsylvania",0.0
752,"Lafayette parish, Louisiana",0.0
753,"Lafayette, Arkansas",0.0
754,"Lafayette, Florida",0.0
755,"Lafayette, Louisiana",0.0
756,"Lafayette, Wisconsin",0.0
757,"Lafourche, Louisiana",0.0
758,"Lagrange, Indiana",0.0
759,"Lake, California",0.0
760,"Lake, Florida",0.0
761,"Lake, Illinois",0.0006837606837606838
762,"Lake, Indiana",0.0
763,"Lake, Montana",0.0
764,"Lake, Oregon",0.0
765,"Lake, South Dakota",0.0
766,"Lamar, Alabama",0.0
767,"Lamoille, Vermont",0.0
768,"Lancaster county, Pennsylvania",0.0
769,"Lancaster, Pennsylvania",0.0
770,"Lancaster, Virginia",0.0
771,"Lander, Nevada",0.0
772,"Lane, Oregon",0.0
773,"Langlade, Wisconsin",0.0
774,"Laporte, Indiana",0.0
775,"Laramie, Wyoming",0.0
776,"Larue, Kentucky",0.0
777,"Lasalle, Illinois",0.0
778,"Latah, Idaho",0.0
779,"Lauderdale, Alabama",0.0
780,"Laurel, Kentucky",0.0
781,"Lawrence county, Arkansas",0.0
782,"Lawrence, Alabama",0.0
783,"Lawrence, Arkansas",0.0
784,"Lawrence, Illinois",0.0
785,"Lawrence, Indiana",0.0
786,"Lawrence, Kentucky",0.0
787,"Lawrence, Ohio",0.0
788,"Lawrence, Pennsylvania",0.0
789,"Lawrence, South Dakota",0.0
790,"Lea, New Mexico",0.0
791,"Lebanon county, Pennsylvania",0.0
792,"Lebanon, Pennsylvania",0.0
793,"Lee, Alabama",0.0
794,"Lee, Arkansas",0.0
795,"Lee, Florida",0.0
796,"Lee, Illinois",0.0
797,"Lee, Kentucky",0.0
798,"Lee, North Carolina",0.0
799,"Lee, Virginia",0.0
800,"Leelanau, Michigan",0.0
801,"Lehigh county, Pennsylvania",0.0
802,"Lehigh, Pennsylvania",0.0
803,"Lemhi, Idaho",0.0
804,"Lenoir, North Carolina",0.0
805,"Leon, Florida",0.0
806,"Leslie, Kentucky",0.0
807,"Letcher, Kentucky",0.0
808,"Levy county, Florida",0.0
809,"Levy, Florida",0.0
810,"Lewis and clark, Montana",0.0
811,"Lewis county, Washington",0.0
812,"Lewis, Idaho",0.0
813,"Lewis, Kentucky",0.0
814,"Lewis, New York",0.0
815,"Lewis, Washington",0.0
816,"Lewis, West Virginia",0.0
817,"Liberty, Florida",0.0
818,"Licking, Ohio",0.0
819,"Limestone, Alabama",0.0
820,"Lincoln parish, Louisiana",0.0
821,"Lincoln, Arkansas",0.0
822,"Lincoln, Idaho",0.0
823,"Lincoln, Kentucky",0.007692307692307693
824,"Lincoln, Louisiana",0.0
825,"Lincoln, Maine",0.0
826,"Lincoln, Nevada",0.0
827,"Lincoln, New Mexico",0.0
828,"Lincoln, North Carolina",0.0
829,"Lincoln, Oregon",0.0
830,"Lincoln, Washington",0.0
831,"Lincoln, West Virginia",0.0
832,"Lincoln, Wisconsin",0.0
833,"Lincoln, Wyoming",0.0
834,"Linn county, Oregon",0.0
835,"Linn, Oregon",0.0
836,"Litchfield, Connecticut",0.0
837,"Little river, Arkansas",0.0
838,"Livingston county, New York",0.0
839,"Livingston parish, Louisiana",0.0
840,"Livingston, Illinois",0.0
841,"Livingston, Kentucky",0.0
842,"Livingston, Louisiana",0.0
843,"Livingston, New York",0.0
844,"Logan, Arkansas",0.0
845,"Logan, Illinois",0.0
846,"Logan, Ohio",0.0
847,"Logan, West Virginia",0.0
848,"Lonoke, Arkansas",0.0
849,"Los alamos, New Mexico",0.0
850,"Los angeles, California",0.0
851,"Loudoun, Virginia",0.0
852,"Louisa, Virginia",0.0
853,"Lowndes, Alabama",0.0
854,"Lucas, Ohio",0.0
855,"Luna, New Mexico",0.0
856,"Lunenburg, Virginia",0.0
857,"Luzerne county, Pennsylvania",0.0
858,"Luzerne, Pennsylvania",0.0
859,"Lycoming county, Pennsylvania",0.0
860,"Lycoming, Pennsylvania",0.0
861,"Lyman, South Dakota",0.0
862,"Lynchburg, Virginia",0.0
863,"Lyon, Kentucky",0.0
864,"Lyon, Nevada",0.0
865,"Macon, Alabama",0.0
866,"Macon, Illinois",0.0
867,"Macon, North Carolina",0.0
868,"Macoupin, Illinois",0.0
869,"Madera county, California",0.0
870,"Madera, California",0.0
871,"Madison, Alabama",0.0
872,"Madison, Florida",0.0
873,"Madison, Idaho",0.0
874,"Madison, Illinois",0.0
875,"Madison, Indiana",0.0
876,"Madison, Kentucky",0.0
877,"Madison, Louisiana",0.0
878,"Madison, Montana",0.0
879,"Madison, New York",0.0
880,"Madison, North Carolina",0.0
881,"Madison, Ohio",0.0
882,"Madison, Virginia",0.0
883,"Magoffin, Kentucky",0.0
884,"Major, Oklahoma",0.0
885,"Malheur, Oregon",0.0
886,"Manassas, Virginia",0.0
887,"Manatee county, Florida",0.0
888,"Manatee, Florida",0.0
889,"Manitowoc, Wisconsin",0.0
890,"Marathon, Wisconsin",0.0
891,"Marengo, Alabama",0.0
892,"Maricopa, Arizona",0.0
893,"Marin, California",0.0
894,"Marinette, Wisconsin",0.0
895,"Marion, Alabama",0.0
896,"Marion, Arkansas",0.0
897,"Marion, Florida",0.0
898,"Marion, Illinois",0.0
899,"Marion, Indiana",0.0
900,"Marion, Kentucky",0.0
901,"Marion, Ohio",0.0
902,"Marion, Oregon",0.0007272727272727273
903,"Marion, West Virginia",0.0
904,"Mariposa, California",0.0
905,"Marquette, Wisconsin",0.0
906,"Marshall, Alabama",0.0
907,"Marshall, Illinois",0.0
908,"Marshall, Indiana",0.0
909,"Marshall, Kentucky",0.0
910,"Marshall, West Virginia",0.0
911,"Martin county, Florida",0.0
912,"Martin, Florida",0.0
913,"Martin, Indiana",0.0
914,"Martin, Kentucky",0.0
915,"Martin, North Carolina",0.0
916,"Martinsville, Virginia",0.0
917,"Mason, Illinois",0.0
918,"Mason, Kentucky",0.0
919,"Mason, Washington",0.0
920,"Mason, West Virginia",0.0
921,"Massac, Illinois",0.0
922,"Maui, Hawaii",0.0
923,"Mayes, Oklahoma",0.0
924,"Mccook, South Dakota",0.0
925,"Mccracken, Kentucky",0.0
926,"Mccreary, Kentucky",0.0
927,"Mcdonough, Illinois",0.0
928,"Mcdowell, North Carolina",0.0
929,"Mcdowell, West Virginia",0.0
930,"Mchenry, Illinois",0.0
931,"Mckean county, Pennsylvania",0.0
932,"Mckean, Pennsylvania",0.0
933,"Mckinley, New Mexico",0.0
934,"Mclean, Illinois",0.0
935,"Mclean, Kentucky",0.0
936,"Meade, Kentucky",0.0
937,"Meade, South Dakota",0.0
938,"Mecklenburg, North Carolina",0.0
939,"Mecklenburg, Virginia",0.0
940,"Medina, Ohio",0.0
941,"Meigs, Ohio",0.0
942,"Menard, Illinois",0.0
943,"Mendocino, California",0.0
944,"Menifee, Kentucky",0.0
945,"Merced, California",0.0
946,"Mercer county, Pennsylvania",0.0
947,"Mercer, Illinois",0.0
948,"Mercer, Kentucky",0.0
949,"Mercer, Pennsylvania",0.0
950,"Mercer, West Virginia",0.0
951,"Miami, Indiana",0.0
952,"Miami, Ohio",0.0
953,"Miami-dade, Florida",0.0
954,"Middlesex, Connecticut",0.0
955,"Middlesex, Virginia",0.0
956,"Mifflin, Pennsylvania",0.0
957,"Millard, Utah",0.0
958,"Mille lacs county, Minnesota",0.0
959,"Miller, Arkansas",0.0
960,"Milwaukee, Wisconsin",0.0
961,"Miner, South Dakota",0.0
962,"Mineral, Montana",0.0
963,"Mineral, Nevada",0.0
964,"Mineral, West Virginia",0.0
965,"Mingo, West Virginia",0.0
966,"Minidoka, Idaho",0.0
967,"Minnehaha, South Dakota",0.0
968,"Mississippi, Arkansas",0.0
969,"Missoula, Montana",0.0
970,"Mitchell, North Carolina",0.0
971,"Mobile, Alabama",0.0
972,"Modoc, California",0.0
973,"Mohave, Arizona",0.0
974,"Mono, California",0.0
975,"Monongalia, West Virginia",0.0
976,"Monroe county, Pennsylvania",0.0
977,"Monroe, Alabama",0.0
978,"Monroe, Arkansas",0.0
979,"Monroe, Florida",0.0
980,"Monroe, Illinois",0.0
981,"Monroe, Indiana",0.0
982,"Monroe, Kentucky",0.0
983,"Monroe, New York",0.0
984,"Monroe, Ohio",0.0
985,"Monroe, Pennsylvania",0.0
986,"Monroe, West Virginia",0.0
987,"Monroe, Wisconsin",0.0
988,"Monterey, California",0.0
989,"Montgomery county, Pennsylvania",0.0
990,"Montgomery, Alabama",0.0
991,"Montgomery, Arkansas",0.0
992,"Montgomery, Illinois",0.0
993,"Montgomery, Indiana",0.0
994,"Montgomery, Kentucky",0.0
995,"Montgomery, Maryland",0.0
996,"Montgomery, New York",0.0
997,"Montgomery, North Carolina",0.0
998,"Montgomery, Ohio",0.0
999,"Montgomery, Pennsylvania",0.0
1000,"Montgomery, Virginia",0.0
1001,"Montour, Pennsylvania",0.0
1002,"Moody, South Dakota",0.0
1003,"Moore, North Carolina",0.0
1004,"Mora, New Mexico",0.0
1005,"Morehouse, Louisiana",0.0
1006,"Morgan, Alabama",0.0
1007,"Morgan, Illinois",0.0
1008,"Morgan, Indiana",0.0
1009,"Morgan, Kentucky",0.0
1010,"Morgan, Ohio",0.0
1011,"Morgan, Utah",0.0
1012,"Morgan, West Virginia",0.0
1013,"Morrow, Ohio",0.0
1014,"Morrow, Oregon",0.0
1015,"Moultrie, Illinois",0.0
1016,"Muhlenberg, Kentucky",0.0
1017,"Multnomah county, Oregon",0.0
1018,"Multnomah, Oregon",0.0
1019,"Muskingum, Ohio",0.0
1020,"Napa, California",0.0
1021,"Nash, North Carolina",0.0
1022,"Nassau, Florida",0.0
1023,"Nassau, New York",0.0
1024,"Natchitoches, Louisiana",0.0
1025,"Natrona, Wyoming",0.0
1026,"Navajo, Arizona",0.0
1027,"Nelson, Kentucky",0.012222222222222223
1028,"Nelson, Virginia",0.0
1029,"Nevada county, Arkansas",0.0
1030,"Nevada, Arkansas",0.0
1031,"Nevada, California",0.0
1032,"New hanover, North Carolina",0.0
1033,"New haven, Connecticut",0.0
1034,"New london, Connecticut",0.0
1035,"Newton county, Arkansas",0.0
1036,"Newton, Arkansas",0.0
1037,"Newton, Indiana",0.0
1038,"Nez perce, Idaho",0.0
1039,"Niagara, New York",0.0
1040,"Nicholas, Kentucky",0.0
1041,"Nicholas, West Virginia",0.0
1042,"Niobrara, Wyoming",0.0
1043,"Noble, Indiana",0.0
1044,"Norfolk, Virginia",0.0
1045,"North slope, Alaska",0.0
1046,"Northampton county, Pennsylvania",0.0
1047,"Northampton, North Carolina",0.0
1048,"Northampton, Pennsylvania",0.0
1049,"Northampton, Virginia",0.0
1050,"Northumberland, Pennsylvania",0.0
1051,"Northumberland, Virginia",0.0
1052,"Nottoway, Virginia",0.0
1053,"Nye, Nevada",0.0
1054,"Oconto, Wisconsin",0.0
1055,"Ogle, Illinois",0.0
1056,"Ohio, Kentucky",0.0
1057,"Ohio, West Virginia",0.0
1058,"Okaloosa county, Florida",0.0
1059,"Okaloosa, Florida",0.0
1060,"Okanogan, Washington",0.0
1061,"Okeechobee, Florida",0.0
1062,"Oldham, Kentucky",0.0
1063,"Oneida, Idaho",0.0
1064,"Oneida, New York",0.0
1065,"Oneida, Wisconsin",0.0
1066,"Onondaga, New York",0.0
1067,"Onslow, North Carolina",0.0
1068,"Ontario, New York",0.0
1069,"Orange, California",0.0
1070,"Orange, Florida",0.0
1071,"Orange, New York",0.0
1072,"Orange, North Carolina",0.004685950413223141
1073,"Orange, Vermont",0.0
1074,"Orange, Virginia",0.0
1075,"Orleans, Louisiana",0.0
1076,"Orleans, New York",0.0
1077,"Orleans, Vermont",0.0
1078,"Osceola, Florida",0.0
1079,"Oswego, New York",0.0
1080,"Otero county, New Mexico",0.0
1081,"Otero, New Mexico",0.0
1082,"Otsego, New York",0.0
1083,"Ouachita, Arkansas",0.0
1084,"Ouachita, Louisiana",0.0
1085,"Outagamie, Wisconsin",0.0
1086,"Owen, Kentucky",0.0
1087,"Owsley, Kentucky",0.0
1088,"Owyhee, Idaho",0.0
1089,"Oxford, Maine",0.0
1090,"Ozaukee, Wisconsin",0.0
1091,"Pacific, Washington",0.0
1092,"Page, Virginia",0.0
1093,"Palm beach, Florida",0.0
1094,"Pamlico, North Carolina",0.0
1095,"Park, Montana",0.0
1096,"Park, Wyoming",0.0
1097,"Parke, Indiana",0.0
1098,"Pasco county, Florida",0.0
1099,"Pasco, Florida",0.0
1100,"Pasquotank, North Carolina",0.0
1101,"Patrick, Virginia",0.0
1102,"Payette, Idaho",0.0
1103,"Pend oreille, Washington",0.0
1104,"Pender, North Carolina",0.0
1105,"Pendleton, Kentucky",0.0
1106,"Pendleton, West Virginia",0.0
1107,"Pennington, South Dakota",0.0
1108,"Penobscot, Maine",0.0
1109,"Peoria, Illinois",0.0
1110,"Pepin, Wisconsin",0.0
1111,"Perquimans, North Carolina",0.0
1112,"Perry county, Pennsylvania",0.0
1113,"Perry, Alabama",0.0
1114,"Perry, Arkansas",0.0
1115,"Perry, Illinois",0.0
1116,"Perry, Kentucky",0.0
1117,"Perry, Pennsylvania",0.0
1118,"Pershing, Nevada",0.0
1119,"Person, North Carolina",0.0
1120,"Philadelphia, Pennsylvania",0.0
1121,"Phillips, Arkansas",0.0
1122,"Phillips, Montana",0.0
1123,"Piatt, Illinois",0.0
1124,"Pickaway, Ohio",0.0
1125,"Pickens, Alabama",0.0
1126,"Pierce county, Washington",0.0
1127,"Pierce, Washington",0.0
1128,"Pierce, Wisconsin",0.0
1129,"Pike, Alabama",0.0
1130,"Pike, Arkansas",0.0
1131,"Pike, Illinois",0.0
1132,"Pike, Indiana",0.0
1133,"Pike, Kentucky",0.0
1134,"Pike, Ohio",0.0
1135,"Pike, Pennsylvania",0.0
1136,"Pima, Arizona",0.0
1137,"Pinal, Arizona",0.0
1138,"Pinellas, Florida",0.0
1139,"Piscataquis, Maine",0.0
1140,"Pitt, North Carolina",0.0
1141,"Pittsylvania, Virginia",0.0
1142,"Piute, Utah",0.0
1143,"Placer, California",0.0
1144,"Plaquemines, Louisiana",0.0
1145,"Platte, Wyoming",0.0
1146,"Pleasants, West Virginia",0.0
1147,"Pocahontas, West Virginia",0.0
1148,"Poinsett, Arkansas",0.0
1149,"Pointe coupee parish, Louisiana",0.0
1150,"Pointe coupee, Louisiana",0.0
1151,"Polk, Arkansas",0.0
1152,"Polk, Florida",0.0
1153,"Polk, North Carolina",0.0
1154,"Polk, Oregon",0.0
1155,"Polk, Wisconsin",0.0
1156,"Pondera, Montana",0.0
1157,"Pope, Arkansas",0.0
1158,"Pope, Illinois",0.0
1159,"Portage county, Wisconsin",0.0
1160,"Portage, Wisconsin",0.0
1161,"Porter, Indiana",0.0
1162,"Portsmouth, Virginia",0.0
1163,"Posey, Indiana",0.0
1164,"Potter, Pennsylvania",0.0
1165,"Powell, Kentucky",0.0
1166,"Powell, Montana",0.0
1167,"Power, Idaho",0.0
1168,"Powhatan, Virginia",0.0
1169,"Prairie, Arkansas",0.0
1170,"Preble, Ohio",0.0
1171,"Preston, West Virginia",0.0
1172,"Price, Wisconsin",0.0
1173,"Prince george's, Maryland",0.0
1174,"Prince george, Virginia",0.0
1175,"Prince william, Virginia",0.0
1176,"Providence, Rhode Island",0.0
1177,"Pulaski, Arkansas",0.0
1178,"Pulaski, Illinois",0.0
1179,"Pulaski, Indiana",0.0
1180,"Pulaski, Kentucky",0.0
1181,"Pulaski, Virginia",0.0
1182,"Putnam, Florida",0.00034328358208955223
1183,"Putnam, Illinois",0.0
1184,"Putnam, New York",0.005747126436781609
1185,"Putnam, Ohio",0.0
1186,"Putnam, Tennessee",0.0
1187,"Putnam, West Virginia",0.0
1188,"Quay, New Mexico",0.0
1189,"Racine, Wisconsin",0.0
1190,"Radford, Virginia",0.0
1191,"Raleigh, West Virginia",0.0
1192,"Randolph, Alabama",0.0
1193,"Randolph, Arkansas",0.0
1194,"Randolph, Illinois",0.0
1195,"Randolph, Indiana",0.0
1196,"Randolph, North Carolina",0.0
1197,"Randolph, West Virginia",0.0
1198,"Rapides, Louisiana",0.0
1199,"Ravalli, Montana",0.0
1200,"Red river, Louisiana",0.0
1201,"Rensselaer, New York",0.0
1202,"Rich, Utah",0.0
1203,"Richland, Illinois",0.0
1204,"Richland, Louisiana",0.0
1205,"Richland, Montana",0.0
1206,"Richland, Ohio",0.0
1207,"Richland, Wisconsin",0.0
1208,"Richmond, North Carolina",0.0
1209,"Richmond, Virginia",0.0
1210,"Rio arriba, New Mexico",0.0
1211,"Ripley, Indiana",0.0
1212,"Ritchie, West Virginia",0.0
1213,"Riverside, California",0.0
1214,"Roane, West Virginia",0.0
1215,"Roanoke, Virginia",0.0
1216,"Roberts, South Dakota",0.0
1217,"Robeson, North Carolina",0.0
1218,"Rock island, Illinois",0.0
1219,"Rock, Wisconsin",0.0
1220,"Rockbridge, Virginia",0.0
1221,"Rockcastle, Kentucky",0.0
1222,"Rockingham, North Carolina",0.0
1223,"Rockingham, Virginia",0.0
1224,"Rockland, New York",0.0
1225,"Roosevelt, Montana",0.0
1226,"Roosevelt, New Mexico",0.0
1227,"Ross, Ohio",0.0
1228,"Rowan county, North Carolina",0.0
1229,"Rowan, Kentucky",0.0
1230,"Rowan, North Carolina",0.0
1231,"Rusk, Wisconsin",0.0
1232,"Russell, Alabama",0.0
1233,"Russell, Kentucky",0.0
1234,"Russell, Virginia",0.0
1235,"Rutherford, North Carolina",0.0
1236,"Rutland, Vermont",0.0
1237,"Sabine, Louisiana",0.0
1238,"Sacramento county, California",0.0
1239,"Sacramento, California",0.0
1240,"Sagadahoc, Maine",0.0
1241,"Saint bernard, Louisiana",0.0
1242,"Saint james, Louisiana",0.0
1243,"Saint landry, Louisiana",0.0
1244,"Saint lawrence, New York",0.0
1245,"Saint tammany, Louisiana",0.0
1246,"Salem, Virginia",0.0
1247,"Saline county, Arkansas",0.0
1248,"Saline, Arkansas",0.0
1249,"Saline, Illinois",0.0
1250,"Saline, Kansas",0.0
1251,"Salt lake, Utah",0.0
1252,"Sampson, North Carolina",0.0
1253,"San benito, California",0.0
1254,"San bernardino county, California",0.0
1255,"San bernardino, California",0.0
1256,"San diego county, California",0.0
1257,"San diego, California",0.0
1258,"San francisco, California",0.0
1259,"San joaquin, California",0.0056179775280898875
1260,"San juan, New Mexico",0.0
1261,"San juan, Utah",0.0
1262,"San juan, Washington",0.0
1263,"San luis obispo, California",0.0
1264,"San mateo, California",0.0
1265,"San miguel, New Mexico",0.0
1266,"Sanborn, South Dakota",0.0
1267,"Sandoval, New Mexico",0.0
1268,"Sandusky, Ohio",0.0
1269,"Sangamon, Illinois",0.0
1270,"Sanpete, Utah",0.0
1271,"Santa barbara, California",0.0
1272,"Santa clara, California",0.0
1273,"Santa cruz, California",0.0
1274,"Santa fe, New Mexico",0.0
1275,"Santa rosa county, Florida",0.0
1276,"Santa rosa, Florida",0.0
1277,"Sarasota, Florida",0.0
1278,"Saratoga, New York",0.0005604938271604938
1279,"Sauk, Wisconsin",0.0
1280,"Sawyer, Wisconsin",0.0
1281,"Schenectady, New York",0.0
1282,"Schoharie, New York",0.0
1283,"Schuyler, Illinois",0.0
1284,"Schuyler, New York",0.0
1285,"Schuylkill, Pennsylvania",0.0
1286,"Scotland, North Carolina",0.0
1287,"Scott, Arkansas",0.0
1288,"Scott, Illinois",0.0
1289,"Scott, Indiana",0.0
1290,"Scott, Kentucky",0.0
1291,"Scott, Minnesota",0.0
1292,"Scott, Virginia",0.0
1293,"Searcy, Arkansas",0.0
1294,"Sebastian, Arkansas",0.0
1295,"Seminole county, Florida",0.0
1296,"Seminole, Florida",0.0
1297,"Seneca, New York",0.0
1298,"Seneca, Ohio",0.0
1299,"Sevier, Arkansas",0.0
1300,"Sevier, Utah",0.0
1301,"Shannon, South Dakota",0.0
1302,"Sharp county, Arkansas",0.0
1303,"Sharp, Arkansas",0.0
1304,"Shasta, California",0.0
1305,"Shawano, Wisconsin",0.0
1306,"Sheboygan, Wisconsin",0.0
1307,"Shelby, Alabama",0.0
1308,"Shelby, Illinois",0.0
1309,"Shelby, Indiana",0.0
1310,"Shelby, Kentucky",0.0
1311,"Shelby, Ohio",0.0
1312,"Shelby, Tennessee",0.0
1313,"Shenandoah, Virginia",0.0
1314,"Sheridan, Wyoming",0.0
1315,"Sherman, Oregon",0.0
1316,"Shoshone, Idaho",0.0
1317,"Sierra, New Mexico",0.0
1318,"Simpson, Kentucky",0.0
1319,"Skagit, Washington",0.0
1320,"Skamania, Washington",0.0
1321,"Smyth, Virginia",0.0
1322,"Snohomish, Washington",0.0
1323,"Snyder county, Pennsylvania",0.0
1324,"Snyder, Pennsylvania",0.0
1325,"Socorro, New Mexico",0.0
1326,"Solano, California",0.0
1327,"Somerset county, Pennsylvania",0.0
1328,"Somerset, Maine",0.0
1329,"Somerset, Maryland",0.0
1330,"Somerset, Pennsylvania",0.0
1331,"Sonoma, California",0.0
1332,"Southampton, Virginia",0.0
1333,"Spencer, Indiana",0.0
1334,"Spink county, South Dakota",0.0
1335,"Spokane, Washington",0.0
1336,"Spotsylvania, Virginia",0.0
1337,"St clair, Alabama",0.0
1338,"St helena, Louisiana",0.0
1339,"St joseph, Indiana",0.0
1340,"St landry, Louisiana",0.0
1341,"St lawrence, New York",0.0
1342,"St tammany, Louisiana",0.0
1343,"St. bernard, Louisiana",0.0
1344,"St. charles, Louisiana",0.0
1345,"St. clair, Alabama",0.0
1346,"St. clair, Illinois",0.0
1347,"St. croix, Wisconsin",0.0
1348,"St. francis, Arkansas",0.0
1349,"St. helena, Louisiana",0.0
1350,"St. james, Louisiana",0.0
1351,"St. john the baptist parish, Louisiana",0.0
1352,"St. john the baptist, Louisiana",0.0
1353,"St. johns, Florida",0.0
1354,"St. joseph county, Indiana",0.0
1355,"St. joseph, Indiana",0.0
1356,"St. landry, Louisiana",0.0
1357,"St. lawrence, New York",0.0
1358,"St. lucie, Florida",0.0
1359,"St. martin parish, Louisiana",0.0
1360,"St. martin, Louisiana",0.0
1361,"St. mary parish, Louisiana",0.0
1362,"St. mary, Louisiana",0.0
1363,"St. tammany parish, Louisiana",0.0
1364,"St. tammany, Louisiana",0.0
1365,"Stafford, Virginia",0.0
1366,"Stanislaus, California",0.0
1367,"Stanly, North Carolina",0.0
1368,"Stark, Illinois",0.0
1369,"Stark, Ohio",0.0
1370,"Starke, Indiana",0.0
1371,"Staunton, Virginia",0.0
1372,"Stephenson, Illinois",0.0
1373,"Steuben, Indiana",0.0
1374,"Steuben, New York",0.0
1375,"Stevens, Washington",0.0
1376,"Stillwater, Montana",0.0
1377,"Stokes, North Carolina",0.0
1378,"Stone, Arkansas",0.0
1379,"Storey, Nevada",0.0
1380,"Sublette, Wyoming",0.0
1381,"Suffolk city, Virginia",0.0
1382,"Suffolk, Virginia",0.0
1383,"Sullivan, Indiana",0.0
1384,"Sullivan, New York",0.0
1385,"Sullivan, Pennsylvania",0.0
1386,"Summers, West Virginia",0.0
1387,"Summit, Ohio",0.0
1388,"Summit, Utah",0.0
1389,"Sumter, Alabama",0.0
1390,"Sumter, Florida",0.0
1391,"Surry, North Carolina",0.0
1392,"Surry, Virginia",0.0
1393,"Susquehanna, Pennsylvania",0.0
1394,"Sutter, California",0.0
1395,"Suwannee, Florida",0.0
1396,"Swain, North Carolina",0.0
1397,"Sweetwater county, Wyoming",0.0
1398,"Sweetwater, Wyoming",0.0
1399,"Switzerland, Indiana",0.0
1400,"Talladega, Alabama",0.0
1401,"Tallapoosa, Alabama",0.0
1402,"Tangipahoa parish, Louisiana",0.0
1403,"Tangipahoa, Louisiana",0.0
1404,"Taos, New Mexico",0.0
1405,"Taylor, Florida",0.0
1406,"Taylor, Kentucky",0.0
1407,"Taylor, West Virginia",0.0
1408,"Taylor, Wisconsin",0.0
1409,"Tazewell, Illinois",0.0
1410,"Tazewell, Virginia",0.0
1411,"Tensas, Louisiana",0.0
1412,"Terrebonne, Louisiana",0.0
1413,"Teton, Idaho",0.0
1414,"Teton, Montana",0.0
1415,"Teton, Wyoming",0.0
1416,"Thurston, Washington",0.0
1417,"Tillamook county, Oregon",0.0
1418,"Tillamook, Oregon",0.0
1419,"Tioga county, Pennsylvania",0.0
1420,"Tioga, New York",0.0
1421,"Tioga, Pennsylvania",0.0
1422,"Tippecanoe, Indiana",0.0
1423,"Tipton, Indiana",0.0
1424,"Todd, Kentucky",0.0
1425,"Todd, South Dakota",0.0
1426,"Tolland, Connecticut",0.0
1427,"Tompkins, New York",0.0
1428,"Tooele, Utah",0.0
1429,"Toole, Montana",0.0
1430,"Torrance, New Mexico",0.0
1431,"Transylvania, North Carolina",0.0
1432,"Trempealeau, Wisconsin",0.0
1433,"Trigg, Kentucky",0.0
1434,"Trimble, Kentucky",0.0
1435,"Tripp, South Dakota",0.0
1436,"Trumbull, Ohio",0.0
1437,"Tucker, West Virginia",0.0
1438,"Tulare, California",0.0
1439,"Turner, South Dakota",0.0
1440,"Tuscaloosa, Alabama",0.0
1441,"Tuscarawas, Ohio",0.0
1442,"Twin falls, Idaho",0.0
1443,"Tyler, West Virginia",0.0
1444,"Tyrrell, North Carolina",0.0
1445,"Uinta, Wyoming",0.0
1446,"Uintah, Utah",0.0
1447,"Ulster, New York",0.0
1448,"Umatilla, Oregon",0.0
1449,"Union parish, Louisiana",0.0
1450,"Union, Arkansas",0.0
1451,"Union, Florida",0.0
1452,"Union, Illinois",0.0
1453,"Union, Kentucky",0.0
1454,"Union, Louisiana",0.0
1455,"Union, New Mexico",0.0
1456,"Union, North Carolina",0.0
1457,"Union, Oregon",0.0
1458,"Union, Pennsylvania",0.0
1459,"Union, South Dakota",0.0
1460,"Upshur, West Virginia",0.0
1461,"Utah, Utah",0.0
1462,"Valencia, New Mexico",0.0
1463,"Valley, Idaho",0.0
1464,"Van buren, Arkansas",0.0
1465,"Van wert, Ohio",0.0
1466,"Vance, North Carolina",0.0
1467,"Vanderburgh, Indiana",0.0
1468,"Venango county, Pennsylvania",0.0
1469,"Venango, Pennsylvania",0.0
1470,"Ventura, California",0.0
1471,"Vermilion, Illinois",0.0
1472,"Vermilion, Louisiana",0.0
1473,"Vermillion county, Indiana",0.0
1474,"Vermillion, Indiana",0.0
1475,"Vernon, Louisiana",0.0
1476,"Vernon, Wisconsin",0.0
1477,"Vigo, Indiana",0.0
1478,"Vilas, Wisconsin",0.0
1479,"Volusia, Florida",0.0
1480,"Wabash, Illinois",0.0
1481,"Wabash, Indiana",0.0
1482,"Wahkiakum, Washington",0.0
1483,"Wake, North Carolina",0.0
1484,"Wakulla, Florida",0.0
1485,"Waldo, Maine",0.0
1486,"Walker, Alabama",0.0
1487,"Walla walla, Washington",0.0
1488,"Wallowa, Oregon",0.0
1489,"Walton, Florida",0.0
1490,"Walworth, South Dakota",0.0
1491,"Walworth, Wisconsin",0.0
1492,"Warren county, Pennsylvania",0.0
1493,"Warren, Illinois",0.0
1494,"Warren, Indiana",0.0
1495,"Warren, Kentucky",0.0
1496,"Warren, New York",0.0
1497,"Warren, North Carolina",0.0
1498,"Warren, Ohio",0.0
1499,"Warren, Pennsylvania",0.0
1500,"Warren, Virginia",0.0
1501,"Warrick, Indiana",0.0
1502,"Wasatch, Utah",0.0
1503,"Wasco, Oregon",0.0
1504,"Washakie, Wyoming",0.0
1505,"Washburn, Wisconsin",0.0
1506,"Washington parish, Louisiana",0.0
1507,"Washington, Alabama",0.0
1508,"Washington, Arkansas",0.0
1509,"Washington, Florida",0.0
1510,"Washington, Idaho",0.0
1511,"Washington, Illinois",0.0
1512,"Washington, Indiana",0.0
1513,"Washington, Kentucky",0.0
1514,"Washington, Louisiana",0.0
1515,"Washington, Maine",0.0
1516,"Washington, Maryland",0.0
1517,"Washington, New York",0.0
1518,"Washington, North Carolina",0.0
1519,"Washington, Ohio",0.0
1520,"Washington, Oklahoma",0.0
1521,"Washington, Oregon",0.003738317757009346
1522,"Washington, Pennsylvania",0.0
1523,"Washington, Rhode Island",0.0
1524,"Washington, Utah",0.0
1525,"Washington, Vermont",0.0
1526,"Washington, Virginia",0.0
1527,"Washington, Wisconsin",0.0
1528,"Washoe, Nevada",0.0
1529,"Watauga, North Carolina",0.0
1530,"Waukesha, Wisconsin",0.0
1531,"Waupaca, Wisconsin",0.0
1532,"Waushara, Wisconsin",0.0
1533,"Wayne, Illinois",0.0
1534,"Wayne, Indiana",0.0
1535,"Wayne, Kentucky",0.0
1536,"Wayne, New York",0.0
1537,"Wayne, North Carolina",0.0
1538,"Wayne, Ohio",0.0
1539,"Wayne, Pennsylvania",0.0
1540,"Wayne, Utah",0.0
1541,"Wayne, West Virginia",0.0
1542,"Waynesboro city, Virginia",0.0
1543,"Weber, Utah",0.0
1544,"Webster, Kentucky",0.0
1545,"Webster, Louisiana",0.0
1546,"Webster, West Virginia",0.0
1547,"Wells, Indiana",0.0
1548,"West baton rouge, Louisiana",0.0044761904761904765
1549,"West carroll parish, Louisiana",0.0
1550,"West carroll, Louisiana",0.0
1551,"West feliciana, Louisiana",0.0
1552,"Westchester, New York",0.0
1553,"Westmoreland, Pennsylvania",0.0
1554,"Westmoreland, Virginia",0.0
1555,"Weston, Wyoming",0.0
1556,"Wetzel, West Virginia",0.0
1557,"Whatcom, Washington",0.0
1558,"Wheeler, Oregon",0.0
1559,"White pine, Nevada",0.0
1560,"White, Arkansas",0.0
1561,"White, Illinois",0.0
1562,"White, Indiana",0.0
1563,"Whiteside, Illinois",0.0
1564,"Whitley, Kentucky",0.0
1565,"Whitman, Washington",0.0
1566,"Wilcox, Alabama",0.0
1567,"Wilkes, North Carolina",0.0
1568,"Will, Illinois",0.0
1569,"Williamson, Illinois",0.0
1570,"Wilson, North Carolina",0.0
1571,"Winchester, Virginia",0.0
1572,"Windham, Connecticut",0.0
1573,"Windham, Vermont",0.0
1574,"Windsor, Vermont",0.0
1575,"Winn, Louisiana",0.0
1576,"Winnebago, Illinois",0.0
1577,"Winnebago, Wisconsin",0.0
1578,"Winston, Alabama",0.0
1579,"Wolfe, Kentucky",0.0
1580,"Wood, Ohio",0.0
1581,"Wood, West Virginia",0.0
1582,"Wood, Wisconsin",0.0
1583,"Woodford, Illinois",0.0
1584,"Woodford, Kentucky",0.0
1585,"Woodruff, Arkansas",0.0
1586,"Worcester, Maryland",0.0
1587,"Wyandot, Ohio",0.0
1588,"Wyandotte, Kansas",0.0
1589,"Wyoming, New York",0.0
1590,"Wyoming, Pennsylvania",0.0
1591,"Wyoming, West Virginia",0.0
1592,"Wythe, Virginia",0.0
1593,"Yadkin, North Carolina",0.0
1594,"Yakima, Washington",0.0
1595,"Yakutat, Alaska",0.0
1596,"Yamhill, Oregon",0.0
1597,"Yancey, North Carolina",0.0
1598,"Yankton, South Dakota",0.0
1599,"Yates, New York",0.0
1600,"Yavapai, Arizona",0.0
1601,"Yell, Arkansas",0.0
1602,"Yellow medicine county, Minnesota",0.0
1603,"Yellowstone, Montana",0.0
1604,"Yolo, California",0.0
1605,"York county, Pennsylvania",0.0
1606,"York, Maine",0.0
1607,"York, Pennsylvania",0.0
1608,"Yuba, California",0.0
1609,"Yukon-koyukuk, Alaska",0.0
1610,"Yuma, Arizona",0.0
