,county,pentachlorophenol
0,"-, Arizona",0.0
1,"Abbeville, South Carolina",0.0
2,"Acadia, Louisiana",0.011705882352941177
3,"Accomack, Virginia",0.0
4,"Ada, Idaho",0.0
5,"Adair, Iowa",0.0
6,"Adair, Kentucky",0.0
7,"Adair, Missouri",0.0
8,"Adair, Oklahoma",0.0
9,"Adams, Idaho",0.0
10,"Adams, Illinois",0.0
11,"Adams, Indiana",0.0
12,"Adams, Iowa",0.0
13,"Adams, Nebraska",0.0
14,"Adams, Ohio",0.0
15,"Adams, Pennsylvania",0.0010526315789473684
16,"Adams, Washington",0.0
17,"Adams, Wisconsin",0.0
18,"Addison, Vermont",0.0
19,"Aiken, South Carolina",0.0
20,"Aitkin, Minnesota",0.0
21,"Alachua, Florida",0.0
22,"Alamance, North Carolina",0.0
23,"Alameda, California",0.0028630705394190868
24,"Albany, New York",0.0
25,"Albany, Wyoming",0.0
26,"Albemarle, Virginia",0.0
27,"Alcona, Michigan",0.0
28,"Alexander, Illinois",0.0
29,"Alexander, North Carolina",0.0
30,"Alfalfa, Oklahoma",0.0
31,"Alger, Michigan",0.0
32,"Allamakee county, Iowa",0.0
33,"Allamakee, Iowa",0.0
34,"Allegan, Michigan",0.0
35,"Allegany, Maryland",0.0073846153846153844
36,"Allegany, New York",0.0
37,"Alleghany, North Carolina",0.0
38,"Alleghany, Virginia",0.0
39,"Allegheny county, Pennsylvania",0.0
40,"Allegheny, Pennsylvania",0.0
41,"Allen, Indiana",0.0
42,"Allen, Kentucky",0.0
43,"Allen, Louisiana",0.0
44,"Allendale, South Carolina",0.0
45,"Alpena, Michigan",0.0
46,"Alpine, California",0.0
47,"American samoa, American Samoa",0.0
48,"Amherst, Virginia",0.0
49,"Anderson, Kentucky",0.0
50,"Anderson, South Carolina",0.0
51,"Anderson, Texas",0.0
52,"Andrew, Missouri",0.0
53,"Andrews, Texas",0.0
54,"Androscoggin, Maine",0.0
55,"Angelina, Texas",0.0
56,"Anne arundel, Maryland",0.0022916666666666667
57,"Anoka, Minnesota",0.0
58,"Anson, North Carolina",0.0025555555555555557
59,"Antelope, Nebraska",0.0
60,"Antrim, Michigan",0.0
61,"Apache, Arizona",0.0
62,"Appanoose, Iowa",0.0
63,"Aransas, Texas",0.0
64,"Archer, Texas",0.0
65,"Arenac, Michigan",0.0
66,"Arkansas, Arkansas",0.0
67,"Armstrong county, Pennsylvania",0.0
68,"Armstrong, Pennsylvania",0.0
69,"Armstrong, Texas",0.0
70,"Aroostook, Maine",0.0
71,"Arthur, Nebraska",0.0
72,"Ascension, Louisiana",0.0
73,"Ashe, North Carolina",0.0
74,"Ashland, Wisconsin",0.0
75,"Ashley, Arkansas",0.0
76,"Asotin, Washington",0.0
77,"Assumption, Louisiana",0.0
78,"Atascosa county, Texas",0.0
79,"Atascosa, Texas",0.0
80,"Atchison, Missouri",0.0
81,"Atlantic, New Jersey",0.0
82,"Atoka, Oklahoma",0.0
83,"Audrain, Missouri",0.0
84,"Audubon, Iowa",0.0
85,"Augusta, Virginia",0.0
86,"Aurora, South Dakota",0.0
87,"Austin, Texas",0.0
88,"Autauga, Alabama",0.0
89,"Avery, North Carolina",0.0
90,"Avoyelles, Louisiana",0.0
91,"B, Oklahoma",0.0
92,"Bailey, Texas",0.0
93,"Baker county, Florida",0.0
94,"Baker, Florida",0.0
95,"Baker, Oregon",0.0
96,"Baldwin, Alabama",0.002874439461883408
97,"Ballard, Kentucky",0.0
98,"Baltimore city, Maryland",0.006956521739130435
99,"Baltimore, Maryland",0.0022580645161290325
100,"Bamberg, South Carolina",0.0
101,"Bandera, Texas",0.0
102,"Banner, Nebraska",0.0
103,"Bannock, Idaho",0.0
104,"Baraga, Michigan",0.0
105,"Barbour, Alabama",0.0
106,"Barbour, West Virginia",0.0
107,"Barnes, North Dakota",0.0
108,"Barnstable, Massachusetts",0.0
109,"Barnwell, South Carolina",0.0
110,"Barren, Kentucky",0.0
111,"Barron, Wisconsin",0.0
112,"Barry, Michigan",0.0
113,"Barry, Missouri",0.0
114,"Bartholomew, Indiana",0.0
115,"Barton, Missouri",0.0
116,"Bastrop, Texas",0.0
117,"Bates, Missouri",0.0
118,"Bath, Virginia",0.0
119,"Baxter, Arkansas",0.0
120,"Bay, Florida",0.0
121,"Bay, Michigan",0.0
122,"Bayfield, Wisconsin",0.0
123,"Baylor, Texas",0.0
124,"Beadle, South Dakota",0.0
125,"Bear lake, Idaho",0.0
126,"Beaufort, North Carolina",0.0
127,"Beaufort, South Carolina",0.0
128,"Beauregard, Louisiana",0.0
129,"Beaver county, Pennsylvania",0.0
130,"Beaver, Oklahoma",0.0
131,"Beaver, Pennsylvania",0.0
132,"Beaver, Utah",0.0
133,"Beaverhead, Montana",0.0
134,"Becker, Minnesota",0.0
135,"Beckham, Oklahoma",0.0
136,"Bedford, Pennsylvania",0.0
137,"Bedford, Virginia",0.0
138,"Bee, Texas",0.0
139,"Belknap, New Hampshire",0.0
140,"Bell, Kentucky",0.0
141,"Bell, Texas",0.0
142,"Belmont, Ohio",0.0
143,"Beltrami county, Minnesota",0.0
144,"Beltrami, Minnesota",0.0
145,"Benewah, Idaho",0.0
146,"Bennett, South Dakota",0.0
147,"Bennington, Vermont",0.0
148,"Benson, North Dakota",0.0
149,"Benton county, Arkansas",0.0
150,"Benton, Arkansas",0.0
151,"Benton, Indiana",0.0
152,"Benton, Iowa",0.0
153,"Benton, Minnesota",0.0
154,"Benton, Missouri",0.0
155,"Benton, Oregon",0.0
156,"Benton, Washington",0.0
157,"Benzie, Michigan",0.0
158,"Bergen, New Jersey",0.0
159,"Berkeley, South Carolina",0.0
160,"Berkeley, West Virginia",0.0
161,"Berks county, Pennsylvania",0.0
162,"Berks, Pennsylvania",0.0016717391304347823
163,"Berkshire, Massachusetts",0.0
164,"Bernalillo, New Mexico",0.00037551020408163263
165,"Berrien, Michigan",0.0
166,"Bertie, North Carolina",0.0008050847457627119
167,"Bexar, Texas",0.00017699115044247788
168,"Bibb, Alabama",0.0
169,"Bienville, Louisiana",0.0
170,"Big horn, Montana",0.0
171,"Big horn, Wyoming",0.05228571428571429
172,"Big stone, Minnesota",0.0
173,"Bingham, Idaho",0.0
174,"Black hawk, Iowa",0.0
175,"Blackford, Indiana",0.0
176,"Bladen, North Carolina",0.0
177,"Blaine, Idaho",0.0
178,"Blaine, Montana",0.0
179,"Blaine, Nebraska",0.0
180,"Blaine, Oklahoma",0.0
181,"Blair, Pennsylvania",0.0
182,"Blanco, Texas",0.0022222222222222222
183,"Bland, Virginia",0.0
184,"Blount, Alabama",0.0
185,"Blue earth, Minnesota",0.0
186,"Boise, Idaho",0.0
187,"Bollinger, Missouri",0.0
188,"Bon homme, South Dakota",0.0
189,"Bond, Illinois",0.0
190,"Bonner, Idaho",0.0
191,"Bonneville, Idaho",0.0
192,"Boone, Arkansas",0.0
193,"Boone, Illinois",0.0
194,"Boone, Indiana",0.0
195,"Boone, Iowa",0.0
196,"Boone, Kentucky",0.0025
197,"Boone, Missouri",0.0
198,"Boone, Nebraska",0.0
199,"Boone, West Virginia",0.0
200,"Bosque, Texas",0.0
201,"Bossier, Louisiana",0.0
202,"Botetourt, Virginia",0.0
203,"Bottineau, North Dakota",0.0
204,"Boundary, Idaho",0.0
205,"Bourbon, Kentucky",0.0
206,"Bowie, Texas",0.0
207,"Bowman, North Dakota",0.0
208,"Box butte, Nebraska",0.0
209,"Box elder, Utah",0.0
210,"Boyd, Kentucky",0.0
211,"Boyd, Nebraska",0.0
212,"Boyle, Kentucky",0.0
213,"Bracken, Kentucky",0.0
214,"Bradford, Florida",0.0
215,"Bradford, Pennsylvania",0.0
216,"Bradley, Arkansas",0.0
217,"Branch, Michigan",0.0
218,"Braxton, West Virginia",0.0
219,"Brazoria, Texas",0.0
220,"Brazos, Texas",0.0
221,"Breathitt, Kentucky",0.0
222,"Breckinridge, Kentucky",0.0
223,"Bremer, Iowa",0.0
224,"Brevard, Florida",9.782608695652173e-05
225,"Brewster, Texas",0.0
226,"Briscoe, Texas",0.0
227,"Bristol, Massachusetts",0.0
228,"Bristol, Rhode Island",0.0
229,"Bristol, Virginia",0.0
230,"Broadwater, Montana",0.0
231,"Brooke, West Virginia",0.0
232,"Brookings, South Dakota",0.0
233,"Brooks, Texas",0.0
234,"Broome, New York",0.005555555555555556
235,"Broward county, Florida",0.0
236,"Broward, Florida",0.0004945454545454545
237,"Brown, Illinois",0.0
238,"Brown, Indiana",0.0
239,"Brown, Minnesota",0.0
240,"Brown, Nebraska",0.0
241,"Brown, Ohio",0.0
242,"Brown, South Dakota",0.0
243,"Brown, Texas",0.0
244,"Brown, Wisconsin",0.0
245,"Brule, South Dakota",0.0
246,"Brunswick, North Carolina",0.0
247,"Brunswick, Virginia",0.0
248,"Bryan, Oklahoma",0.0
249,"Buchanan, Iowa",0.0
250,"Buchanan, Virginia",0.0
251,"Buckingham, Virginia",0.0
252,"Bucks county, Pennsylvania",0.0
253,"Bucks, Pennsylvania",0.00010810810810810811
254,"Buena vista, Iowa",0.0
255,"Buena vista, Virginia",0.0
256,"Buffalo, Nebraska",0.014294117647058823
257,"Buffalo, Wisconsin",0.0
258,"Bullock, Alabama",0.0
259,"Buncombe, North Carolina",0.0
260,"Bureau, Illinois",0.0
261,"Burke, North Carolina",0.0
262,"Burke, North Dakota",0.0
263,"Burleigh, North Dakota",0.0
264,"Burleson, Texas",0.0
265,"Burlington, New Jersey",0.0
266,"Burnet, Texas",0.0
267,"Burnett, Wisconsin",0.0
268,"Burt, Nebraska",0.0
269,"Butler, Alabama",0.0
270,"Butler, Iowa",0.0
271,"Butler, Kentucky",0.0
272,"Butler, Missouri",0.0
273,"Butler, Nebraska",0.0
274,"Butler, Ohio",0.0
275,"Butler, Pennsylvania",0.0
276,"Butte, California",0.0
277,"Butte, Idaho",0.0044444444444444444
278,"Butte, South Dakota",0.0
279,"Cabarrus, North Carolina",0.0014754098360655738
280,"Cabell, West Virginia",0.0
281,"Cache, Utah",0.0
282,"Caddo parish, Louisiana",0.0
283,"Caddo, Louisiana",0.0
284,"Caddo, Oklahoma",0.0
285,"Calaveras, California",0.0
286,"Calcasieu, Louisiana",0.017258687258687257
287,"Caldwell, Kentucky",0.0
288,"Caldwell, Louisiana",0.0
289,"Caldwell, Missouri",0.0
290,"Caldwell, North Carolina",0.0
291,"Caldwell, Texas",0.0
292,"Caledonia, Vermont",0.0
293,"Calhoun, Alabama",0.0
294,"Calhoun, Arkansas",0.0
295,"Calhoun, Florida",0.0
296,"Calhoun, Illinois",0.0
297,"Calhoun, Iowa",0.0
298,"Calhoun, Michigan",0.0
299,"Calhoun, South Carolina",0.0
300,"Calhoun, Texas",0.0
301,"Callahan, Texas",0.0
302,"Callaway, Missouri",0.0
303,"Calloway, Kentucky",0.0
304,"Calumet, Wisconsin",0.0
305,"Calvert, Maryland",0.009855072463768117
306,"Cambria county, Pennsylvania",0.0
307,"Cambria, Pennsylvania",0.0
308,"Camden, Missouri",0.0
309,"Camden, New Jersey",0.034
310,"Camden, North Carolina",0.0
311,"Cameron, Louisiana",0.0
312,"Cameron, Pennsylvania",0.0
313,"Cameron, Texas",0.0
314,"Camp, Texas",0.0
315,"Campbell, Kentucky",0.0
316,"Campbell, Virginia",0.0
317,"Campbell, Wyoming",0.0
318,"Canadian, Oklahoma",0.0
319,"Canyon, Idaho",0.0
320,"Cape girardeau, Missouri",0.0
321,"Cape may, New Jersey",0.0
322,"Carbon, Montana",0.0016129032258064516
323,"Carbon, Pennsylvania",0.0
324,"Carbon, Utah",0.0
325,"Carbon, Wyoming",0.0
326,"Caribou, Idaho",0.0
327,"Carlisle, Kentucky",0.0
328,"Carlton, Minnesota",0.0
329,"Caroline, Maryland",0.011052631578947368
330,"Carroll, Arkansas",0.0
331,"Carroll, Illinois",0.0
332,"Carroll, Indiana",0.0
333,"Carroll, Iowa",0.0
334,"Carroll, Kentucky",0.0
335,"Carroll, Maryland",0.002428571428571429
336,"Carroll, Missouri",0.0
337,"Carroll, New Hampshire",0.0
338,"Carroll, Virginia",0.0
339,"Carson city, Nevada",0.0
340,"Carson, Texas",0.0
341,"Carter, Kentucky",0.0
342,"Carter, Missouri",0.0
343,"Carter, Montana",0.0
344,"Carter, Oklahoma",0.0
345,"Carteret, North Carolina",0.0002
346,"Carver, Minnesota",0.0
347,"Cascade, Montana",0.0
348,"Casey, Kentucky",0.0
349,"Cass, Illinois",0.0
350,"Cass, Indiana",0.0
351,"Cass, Iowa",0.0
352,"Cass, Michigan",0.0
353,"Cass, Minnesota",0.0
354,"Cass, Missouri",0.0
355,"Cass, Nebraska",0.0
356,"Cass, North Dakota",0.0
357,"Cass, Texas",0.0
358,"Cassia, Idaho",0.0
359,"Castro, Texas",0.0
360,"Caswell, North Carolina",0.0
361,"Catahoula, Louisiana",0.0
362,"Catawba, North Carolina",0.0
363,"Catron, New Mexico",0.0
364,"Cattaraugus, New York",0.0
365,"Cavalier, North Dakota",0.0
366,"Cayuga county, New York",0.0
367,"Cayuga, New York",0.0
368,"Cecil, Maryland",0.00881578947368421
369,"Cedar, Iowa",0.0
370,"Cedar, Missouri",0.0
371,"Cedar, Nebraska",0.0
372,"Centre county, Pennsylvania",0.0
373,"Centre, Pennsylvania",0.0
374,"Cerro gordo, Iowa",0.0
375,"Chambers, Alabama",0.0
376,"Chambers, Texas",0.0
377,"Champaign, Illinois",0.0
378,"Champaign, Ohio",0.0
379,"Chariton, Missouri",0.0
380,"Charles mix, South Dakota",0.0
381,"Charles, Maryland",0.0006578947368421052
382,"Charleston county, South Carolina",0.0
383,"Charleston, South Carolina",0.0
384,"Charlevoix, Michigan",0.0
385,"Charlotte, Florida",0.0
386,"Charlotte, Virginia",0.0
387,"Chase, Nebraska",0.0
388,"Chatham, North Carolina",0.0
389,"Chautauqua, New York",0.0
390,"Chaves, New Mexico",0.0
391,"Cheboygan, Michigan",0.0
392,"Chelan, Washington",0.0
393,"Chemung, New York",0.0
394,"Chenango, New York",0.0
395,"Cherokee, Alabama",0.0
396,"Cherokee, Iowa",0.0
397,"Cherokee, North Carolina",0.0
398,"Cherokee, South Carolina",0.0
399,"Cherokee, Texas",0.0
400,"Cherry, Nebraska",0.0
401,"Chesapeake city, Virginia",0.0
402,"Cheshire, New Hampshire",0.0
403,"Chester county, Pennsylvania",0.0
404,"Chester, Pennsylvania",0.0
405,"Chester, South Carolina",0.0
406,"Chesterfield, South Carolina",0.0
407,"Chesterfield, Virginia",0.0
408,"Cheyenne, Nebraska",0.0
409,"Chickasaw, Iowa",0.0
410,"Chicot, Arkansas",0.0
411,"Chilton, Alabama",0.0
412,"Chippewa, Michigan",0.0
413,"Chippewa, Minnesota",0.0
414,"Chippewa, Wisconsin",0.0
415,"Chisago, Minnesota",0.0
416,"Chittenden, Vermont",0.0
417,"Choctaw, Alabama",0.0
418,"Choctaw, Oklahoma",0.0
419,"Chouteau, Montana",0.0
420,"Chowan, North Carolina",0.0
421,"Christian, Illinois",0.0
422,"Christian, Kentucky",0.0
423,"Christian, Missouri",0.0
424,"Churchill, Nevada",0.0
425,"Cibola, New Mexico",0.0
426,"Cimarron, Oklahoma",0.0
427,"Citrus county, Florida",0.0
428,"Citrus, Florida",0.0
429,"Clackamas, Oregon",0.0
430,"Claiborne, Louisiana",0.043250000000000004
431,"Clallam, Washington",0.0
432,"Clare, Michigan",0.0
433,"Clarendon, South Carolina",0.0
434,"Clarion, Pennsylvania",0.0
435,"Clark county, Nevada",0.0
436,"Clark, Arkansas",0.0
437,"Clark, Idaho",0.0
438,"Clark, Illinois",0.0
439,"Clark, Indiana",0.0
440,"Clark, Kentucky",0.0
441,"Clark, Missouri",0.0
442,"Clark, Nevada",0.0
443,"Clark, Ohio",0.0
444,"Clark, South Dakota",0.0
445,"Clark, Washington",0.0
446,"Clark, Wisconsin",0.0
447,"Clarke, Alabama",0.0
448,"Clarke, Iowa",0.0
449,"Clarke, Virginia",0.0
450,"Clatsop, Oregon",0.0
451,"Clay, Alabama",0.0
452,"Clay, Arkansas",0.0
453,"Clay, Florida",0.0
454,"Clay, Illinois",0.0
455,"Clay, Indiana",0.0
456,"Clay, Iowa",0.0
457,"Clay, Kentucky",0.01
458,"Clay, Minnesota",0.0
459,"Clay, Missouri",0.0
460,"Clay, Nebraska",0.0
461,"Clay, North Carolina",0.0
462,"Clay, South Dakota",0.0
463,"Clay, Texas",0.0
464,"Clay, West Virginia",0.0
465,"Clayton, Iowa",0.0
466,"Clearfield county, Pennsylvania",0.0
467,"Clearfield, Pennsylvania",0.0
468,"Clearwater, Idaho",0.0
469,"Clearwater, Minnesota",0.0
470,"Cleburne, Alabama",0.0
471,"Cleburne, Arkansas",0.0
472,"Clermont, Ohio",0.0
473,"Cleveland, Arkansas",0.0
474,"Cleveland, North Carolina",0.0
475,"Cleveland, Oklahoma",0.0
476,"Clinton, Illinois",0.0
477,"Clinton, Indiana",0.0
478,"Clinton, Iowa",0.0
479,"Clinton, Kentucky",0.0
480,"Clinton, Michigan",0.0
481,"Clinton, Missouri",0.0
482,"Clinton, New York",0.0
483,"Clinton, Pennsylvania",0.0
484,"Cochise, Arizona",0.00031847133757961787
485,"Cochran, Texas",0.0
486,"Coconino, Arizona",0.0
487,"Codington, South Dakota",0.1305
488,"Coffee, Alabama",0.0
489,"Coke, Texas",0.0
490,"Colbert, Alabama",0.0
491,"Cole, Missouri",0.0
492,"Coleman, Texas",0.0
493,"Coles, Illinois",0.0
494,"Colfax, Nebraska",0.0
495,"Colfax, New Mexico",0.0
496,"Colleton, South Carolina",0.0
497,"Collier, Florida",0.0
498,"Collin, Texas",0.0
499,"Collingsworth, Texas",0.0
500,"Colorado, Texas",0.0
501,"Columbia, Arkansas",0.0
502,"Columbia, Florida",0.0
503,"Columbia, New York",0.0
504,"Columbia, Oregon",0.0
505,"Columbia, Pennsylvania",0.0
506,"Columbia, Washington",0.0
507,"Columbia, Wisconsin",0.0
508,"Columbiana, Ohio",0.0
509,"Columbus county, North Carolina",0.0
510,"Columbus, North Carolina",0.004188034188034188
511,"Colusa, California",0.0
512,"Comal, Texas",0.0
513,"Comanche, Oklahoma",0.0
514,"Comanche, Texas",0.0
515,"Concho, Texas",0.0
516,"Concordia, Louisiana",0.0
517,"Conecuh, Alabama",0.0
518,"Contra costa, California",0.0
519,"Converse, Wyoming",0.0
520,"Conway, Arkansas",0.0
521,"Cook, Illinois",0.0
522,"Cook, Minnesota",0.0
523,"Cooke, Texas",0.0
524,"Cooper, Missouri",0.0
525,"Coos, New Hampshire",0.0
526,"Coos, Oregon",0.0
527,"Coosa, Alabama",0.0
528,"Corson, South Dakota",0.0
529,"Cortland, New York",0.0
530,"Coryell, Texas",0.0
531,"Coshocton, Ohio",0.0
532,"Cottle, Texas",0.0
533,"Cotton, Oklahoma",0.0
534,"Cottonwood, Minnesota",0.0
535,"Covington, Alabama",0.0
536,"Covington, Virginia",0.0
537,"Cowlitz, Washington",0.0
538,"Craig, Oklahoma",0.0
539,"Craighead, Arkansas",0.0
540,"Crane, Texas",0.0
541,"Craven, North Carolina",0.0
542,"Crawford county, Pennsylvania",0.0
543,"Crawford, Arkansas",0.0
544,"Crawford, Illinois",0.0
545,"Crawford, Indiana",0.0
546,"Crawford, Iowa",0.0
547,"Crawford, Michigan",0.0
548,"Crawford, Missouri",0.0
549,"Crawford, Pennsylvania",0.0
550,"Crawford, Wisconsin",0.0
551,"Creek, Oklahoma",0.0
552,"Crenshaw, Alabama",0.0
553,"Crittenden, Arkansas",0.0
554,"Crittenden, Kentucky",0.0
555,"Crockett, Texas",0.0
556,"Crook, Oregon",0.0
557,"Crook, Wyoming",0.0
558,"Crosby, Texas",0.0
559,"Cross, Arkansas",0.0
560,"Crow wing, Minnesota",0.0
561,"Culberson, Texas",0.0
562,"Cullman, Alabama",0.0
563,"Culpeper, Virginia",0.0
564,"Cumberland county, Pennsylvania",0.0
565,"Cumberland, Illinois",0.0
566,"Cumberland, Kentucky",0.0
567,"Cumberland, Maine",0.0
568,"Cumberland, New Jersey",0.0
569,"Cumberland, North Carolina",0.0
570,"Cumberland, Pennsylvania",0.0
571,"Cumberland, Virginia",0.0
572,"Cuming, Nebraska",0.0
573,"Currituck, North Carolina",0.0
574,"Curry, New Mexico",0.013038461538461539
575,"Curry, Oregon",0.0
576,"Custer, Idaho",0.0
577,"Custer, Montana",0.0
578,"Custer, Nebraska",0.0
579,"Custer, Oklahoma",0.0
580,"Custer, South Dakota",0.0
581,"Cuyahoga, Ohio",0.0
582,"Dade, Florida",0.0
583,"Dade, Missouri",0.0
584,"Daggett, Utah",0.0
585,"Dakota, Minnesota",0.0
586,"Dakota, Nebraska",0.061399999999999996
587,"Dale, Alabama",0.0
588,"Dallam, Texas",0.0
589,"Dallas, Alabama",0.0
590,"Dallas, Arkansas",0.0
591,"Dallas, Iowa",0.0
592,"Dallas, Missouri",0.0
593,"Dallas, Texas",0.0
594,"Dane, Wisconsin",0.0
595,"Daniels, Montana",0.0
596,"Danville, Virginia",0.0
597,"Dare, North Carolina",0.0
598,"Darlington, South Carolina",0.0
599,"Dauphin county, Pennsylvania",0.0
600,"Dauphin, Pennsylvania",0.0
601,"Davidson, North Carolina",0.0
602,"Davie, North Carolina",0.0
603,"Daviess, Indiana",0.0
604,"Daviess, Kentucky",0.0
605,"Daviess, Missouri",0.0
606,"Davis, Iowa",0.0
607,"Davis, Utah",0.0
608,"Dawes, Nebraska",0.0
609,"Dawson, Montana",0.0
610,"Dawson, Nebraska",0.0
611,"Dawson, Texas",0.0
612,"Day, South Dakota",0.0
613,"De baca, New Mexico",0.0
614,"De kalb, Indiana",0.0
615,"De kalb, Missouri",0.0
616,"De soto, Florida",0.0
617,"De soto, Louisiana",0.0
618,"De witt, Illinois",0.0
619,"Deaf smith, Texas",0.0
620,"Dearborn, Indiana",0.0
621,"Decatur, Indiana",0.0
622,"Decatur, Iowa",0.0
623,"Deer lodge, Montana",0.0
624,"Defiance, Ohio",0.0
625,"Dekalb, Alabama",0.0
626,"Dekalb, Illinois",0.0
627,"Dekalb, Indiana",0.0
628,"Dekalb, Missouri",0.0
629,"Delaware, Indiana",0.0
630,"Delaware, Iowa",0.0
631,"Delaware, New York",0.0
632,"Delaware, Ohio",0.0
633,"Delaware, Pennsylvania",0.0
634,"Delta, Michigan",0.0
635,"Delta, Texas",0.0
636,"Dent, Missouri",0.0
637,"Denton, Texas",0.0
638,"Des moines, Iowa",0.0
639,"Deschutes, Oregon",0.0
640,"Desha, Arkansas",0.0
641,"Desoto, Florida",0.0
642,"Deuel, Nebraska",0.0
643,"Dewey, Oklahoma",0.0
644,"Dewey, South Dakota",0.0
645,"Dewitt, Texas",0.0
646,"Dickens, Texas",0.0
647,"Dickey, North Dakota",0.0
648,"Dickinson, Iowa",0.0
649,"Dickinson, Michigan",0.0
650,"Dillon, South Carolina",0.0
651,"Dimmit, Texas",0.0
652,"Dinwiddie, Virginia",0.0
653,"District of columbia, District of Columbia",0.0
654,"Dixie, Florida",0.0
655,"Dixon, Nebraska",0.0
656,"Doddridge, West Virginia",0.0
657,"Dodge, Minnesota",0.0
658,"Dodge, Nebraska",0.006979999999999999
659,"Dodge, Wisconsin",0.0
660,"Dona ana, New Mexico",0.08936909871244633
661,"Donley, Texas",0.0
662,"Door, Wisconsin",0.0
663,"Dorchester, Maryland",0.0
664,"Dorchester, South Carolina",0.0
665,"Douglas, Illinois",0.0
666,"Douglas, Minnesota",0.0
667,"Douglas, Missouri",0.0
668,"Douglas, Nebraska",0.0
669,"Douglas, Nevada",0.0
670,"Douglas, Oregon",0.0
671,"Douglas, Washington",0.0
672,"Douglas, Wisconsin",0.0
673,"Drew, Arkansas",0.0
674,"Du page, Illinois",0.0
675,"Dubois, Indiana",0.0
676,"Dubuque, Iowa",0.0
677,"Duchesne, Utah",0.0
678,"Dukes, Massachusetts",0.0
679,"Dundy, Nebraska",0.0
680,"Dunklin, Missouri",0.0
681,"Dunn, North Dakota",0.0
682,"Dunn, Wisconsin",0.0
683,"Dupage, Illinois",0.0
684,"Duplin, North Carolina",0.0
685,"Durham, North Carolina",0.0
686,"Dutchess, New York",0.0018303571428571427
687,"Duval county, Florida",0.0
688,"Duval, Florida",0.0007854251012145749
689,"Duval, Texas",0.0
690,"East baton rouge parish, Louisiana",0.0
691,"East baton rouge, Louisiana",0.0018596491228070175
692,"East carroll, Louisiana",0.0
693,"East feliciana, Louisiana",0.0
694,"Eastland, Texas",0.0
695,"Eaton, Michigan",0.0
696,"Eau claire, Wisconsin",0.0
697,"Ector, Texas",0.054285714285714284
698,"Eddy, New Mexico",0.0
699,"Eddy, North Dakota",0.0
700,"Edgar, Illinois",0.0
701,"Edgecombe, North Carolina",0.0
702,"Edmonson, Kentucky",0.0
703,"Edwards, Illinois",0.0
704,"Edwards, Texas",0.0
705,"Effingham, Illinois",0.0
706,"El dorado, California",0.0
707,"El paso, Texas",0.0
708,"Elk, Pennsylvania",0.0
709,"Elkhart, Indiana",0.0
710,"Elko, Nevada",0.0
711,"Elliott, Kentucky",0.0
712,"Ellis, Oklahoma",0.0
713,"Ellis, Texas",0.0011666666666666668
714,"Elmore, Alabama",0.0056301369863013696
715,"Elmore, Idaho",0.0
716,"Emery, Utah",0.0
717,"Emmet, Iowa",0.0
718,"Emmet, Michigan",0.0
719,"Emmons, North Dakota",0.0
720,"Erath, Texas",0.0
721,"Erie county, Pennsylvania",0.0
722,"Erie, New York",0.0005327868852459017
723,"Erie, Ohio",0.0
724,"Erie, Pennsylvania",0.0
725,"Escambia, Alabama",0.0
726,"Escambia, Florida",0.0
727,"Esmeralda, Nevada",0.0
728,"Essex county, New York",0.0
729,"Essex, Massachusetts",0.0
730,"Essex, New Jersey",0.0
731,"Essex, New York",0.0
732,"Essex, Vermont",0.0
733,"Estill, Kentucky",0.0
734,"Etowah, Alabama",0.0
735,"Eureka county, Nevada",0.0
736,"Eureka, Nevada",0.0
737,"Evangeline parish, Louisiana",0.0
738,"Evangeline, Louisiana",0.0
739,"Fairbanks north star, Alaska",0.0
740,"Fairfax, Virginia",0.0
741,"Fairfield, Connecticut",0.0
742,"Fairfield, Ohio",0.0
743,"Fairfield, South Carolina",0.0
744,"Fall river, South Dakota",0.0
745,"Fallon, Montana",0.0
746,"Falls, Texas",0.0
747,"Fannin, Texas",0.0
748,"Faulk, South Dakota",0.0
749,"Fauquier, Virginia",0.0
750,"Fayette, Alabama",0.0
751,"Fayette, Illinois",0.0
752,"Fayette, Indiana",0.0
753,"Fayette, Iowa",0.0
754,"Fayette, Kentucky",0.0
755,"Fayette, Pennsylvania",0.0
756,"Fayette, Texas",0.0
757,"Fayette, West Virginia",0.0
758,"Fergus, Montana",0.0
759,"Ferry, Washington",0.0
760,"Fillmore, Minnesota",0.0
761,"Fillmore, Nebraska",0.0
762,"Fisher, Texas",0.0
763,"Flagler, Florida",0.0
764,"Flathead, Montana",0.0
765,"Fleming, Kentucky",0.0
766,"Florence, South Carolina",0.0
767,"Florence, Wisconsin",0.0
768,"Floyd, Indiana",0.0
769,"Floyd, Iowa",0.0
770,"Floyd, Kentucky",0.0
771,"Floyd, Texas",0.0
772,"Fluvanna, Virginia",0.0
773,"Foard, Texas",0.0
774,"Fond du lac, Wisconsin",0.0
775,"Ford, Illinois",0.0
776,"Forest, Pennsylvania",0.0
777,"Forest, Wisconsin",0.0
778,"Forsyth, North Carolina",0.0017422680412371133
779,"Fort bend county, Texas",0.0
780,"Fort bend, Texas",0.0
781,"Foster, North Dakota",0.0
782,"Fountain, Indiana",0.0
783,"Franklin county, Missouri",0.0
784,"Franklin county, New York",0.0
785,"Franklin county, Pennsylvania",0.0
786,"Franklin, Alabama",0.0
787,"Franklin, Arkansas",0.0
788,"Franklin, Florida",0.0
789,"Franklin, Idaho",0.0
790,"Franklin, Illinois",0.0
791,"Franklin, Indiana",0.0
792,"Franklin, Iowa",0.0
793,"Franklin, Kentucky",0.0
794,"Franklin, Louisiana",0.05705128205128206
795,"Franklin, Maine",0.0
796,"Franklin, Massachusetts",0.0
797,"Franklin, Missouri",0.0
798,"Franklin, Nebraska",0.0
799,"Franklin, New York",0.0
800,"Franklin, North Carolina",0.0
801,"Franklin, Ohio",0.0
802,"Franklin, Pennsylvania",0.007666666666666666
803,"Franklin, Texas",0.0
804,"Franklin, Vermont",0.0
805,"Franklin, Virginia",0.0
806,"Franklin, Washington",0.0
807,"Frederick, Maryland",0.003928571428571429
808,"Frederick, Virginia",0.011785714285714287
809,"Freeborn, Minnesota",0.0
810,"Freestone, Texas",0.0
811,"Fremont, Idaho",0.0
812,"Fremont, Iowa",0.0
813,"Fremont, Wyoming",0.0
814,"Fresno, California",0.0
815,"Frio, Texas",0.0
816,"Frontier, Nebraska",0.0
817,"Fulton, Arkansas",0.0
818,"Fulton, Illinois",0.0
819,"Fulton, Indiana",0.0
820,"Fulton, Kentucky",0.0
821,"Fulton, New York",0.0
822,"Fulton, Ohio",0.0
823,"Fulton, Pennsylvania",0.0
824,"Furnas, Nebraska",0.0
825,"Gadsden, Florida",0.0
826,"Gage, Nebraska",0.0
827,"Gaines, Texas",0.0
828,"Galax, Virginia",0.0
829,"Gallatin, Illinois",0.0
830,"Gallatin, Kentucky",0.0
831,"Gallatin, Montana",0.0
832,"Galveston, Texas",0.0
833,"Garden, Nebraska",0.0
834,"Garfield, Montana",0.0
835,"Garfield, Nebraska",0.0
836,"Garfield, Oklahoma",0.0
837,"Garfield, Utah",0.0
838,"Garfield, Washington",0.0
839,"Garland, Arkansas",0.0
840,"Garrard, Kentucky",0.0
841,"Garrett, Maryland",0.006730769230769231
842,"Garvin, Oklahoma",0.0
843,"Garza, Texas",0.0
844,"Gasconade, Missouri",0.0
845,"Gaston, North Carolina",0.00015414258188824664
846,"Gates, North Carolina",0.0
847,"Geauga, Ohio",0.0
848,"Gem, Idaho",0.0
849,"Genesee, Michigan",0.0
850,"Genesee, New York",0.0
851,"Geneva, Alabama",0.0
852,"Gentry, Missouri",0.0
853,"Georgetown, South Carolina",0.0
854,"Gibson, Indiana",0.0
855,"Gila, Arizona",0.001076923076923077
856,"Gilchrist, Florida",0.0
857,"Giles, Tennessee",0.0
858,"Giles, Virginia",0.0
859,"Gillespie, Texas",0.0
860,"Gilliam, Oregon",0.0
861,"Gilmer, West Virginia",0.0
862,"Glacier, Montana",0.0
863,"Glades, Florida",0.0
864,"Gladwin, Michigan",0.0
865,"Glasscock, Texas",0.0
866,"Glenn, California",0.0
867,"Gloucester, New Jersey",0.0
868,"Gogebic, Michigan",0.0
869,"Golden valley, Montana",0.0
870,"Golden valley, North Dakota",0.0
871,"Goliad, Texas",0.0
872,"Gonzales, Texas",0.0
873,"Goochland, Virginia",0.0
874,"Goodhue, Minnesota",0.0
875,"Gooding, Idaho",0.0
876,"Goshen, Wyoming",0.0
877,"Gosper, Nebraska",0.0
878,"Grady, Oklahoma",0.0
879,"Grafton, New Hampshire",0.0
880,"Graham county, Arizona",0.0
881,"Graham, Arizona",0.0
882,"Graham, North Carolina",0.0
883,"Grand forks, North Dakota",0.0
884,"Grand isle, Vermont",0.0
885,"Grand traverse, Michigan",0.0
886,"Grand, Utah",0.0
887,"Granite, Montana",0.0
888,"Grant, Arkansas",0.0
889,"Grant, Indiana",0.0
890,"Grant, Kansas",0.0
891,"Grant, Kentucky",0.0
892,"Grant, Louisiana",0.0
893,"Grant, Minnesota",0.0
894,"Grant, Nebraska",0.0
895,"Grant, New Mexico",0.005961538461538462
896,"Grant, North Dakota",0.0
897,"Grant, Oklahoma",0.0
898,"Grant, Oregon",0.0
899,"Grant, South Dakota",0.0
900,"Grant, Washington",0.0
901,"Grant, West Virginia",0.0
902,"Grant, Wisconsin",0.0
903,"Granville, North Carolina",0.0
904,"Gratiot, Michigan",0.0
905,"Graves, Kentucky",0.0
906,"Gray, Texas",0.0
907,"Grays harbor, Washington",0.0
908,"Grayson, Kentucky",0.0
909,"Grayson, Texas",0.0
910,"Grayson, Virginia",0.0
911,"Greeley, Nebraska",0.0
912,"Green lake, Wisconsin",0.0
913,"Green, Kentucky",0.0
914,"Green, Wisconsin",0.0
915,"Greenbrier, West Virginia",0.0
916,"Greene, Alabama",0.0
917,"Greene, Arkansas",0.0
918,"Greene, Illinois",0.0
919,"Greene, Indiana",0.0
920,"Greene, Iowa",0.0
921,"Greene, Missouri",0.0
922,"Greene, New York",0.0
923,"Greene, North Carolina",0.0
924,"Greene, Ohio",0.0
925,"Greene, Pennsylvania",0.0
926,"Greene, Virginia",0.0
927,"Greenlee, Arizona",0.0
928,"Greensville, Virginia",0.0
929,"Greenup, Kentucky",0.0
930,"Greenville, South Carolina",0.0
931,"Greenwood, South Carolina",0.0
932,"Greer, Oklahoma",0.0
933,"Gregg, Texas",0.0
934,"Gregory, South Dakota",0.0
935,"Griggs, North Dakota",0.0
936,"Grimes, Texas",0.0
937,"Grundy, Illinois",0.0
938,"Grundy, Iowa",0.0
939,"Grundy, Missouri",0.0
940,"Guadalupe, New Mexico",0.0
941,"Guadalupe, Texas",0.0
942,"Guilford, North Carolina",0.0003265306122448979
943,"Guillford, North Carolina",0.0
944,"Gulf, Florida",0.0
945,"Guthrie, Iowa",0.0
946,"Hale, Alabama",0.0
947,"Hale, Texas",0.0
948,"Halifax, North Carolina",0.0
949,"Halifax, Virginia",0.0
950,"Hall, Nebraska",0.0
951,"Hall, Texas",0.0
952,"Hamilton, Florida",0.001
953,"Hamilton, Indiana",0.0
954,"Hamilton, Iowa",0.0
955,"Hamilton, Nebraska",0.0
956,"Hamilton, New York",0.0
957,"Hamilton, Ohio",0.0
958,"Hamilton, Tennessee",0.0
959,"Hamilton, Texas",0.0
960,"Hamlin, South Dakota",0.0
961,"Hampden, Massachusetts",0.0
962,"Hampshire, Massachusetts",0.0
963,"Hampshire, West Virginia",0.0
964,"Hampton, South Carolina",0.0
965,"Hancock, Illinois",0.0
966,"Hancock, Indiana",0.0
967,"Hancock, Iowa",0.0
968,"Hancock, Kentucky",0.0
969,"Hancock, Maine",0.0
970,"Hancock, West Virginia",0.0
971,"Hanover, Virginia",0.0
972,"Hansford, Texas",0.0
973,"Hardee, Florida",0.0
974,"Hardeman, Texas",0.0
975,"Hardin, Illinois",0.0
976,"Hardin, Iowa",0.0
977,"Hardin, Kentucky",0.0
978,"Hardin, Texas",0.0
979,"Harding, New Mexico",0.0
980,"Harding, South Dakota",0.0
981,"Harford county, Maryland",0.0
982,"Harford, Maryland",0.001683168316831683
983,"Harlan, Kentucky",0.0
984,"Harlan, Nebraska",0.0
985,"Harnett, North Carolina",0.0
986,"Harney, Oregon",0.0
987,"Harris, Texas",0.0
988,"Harrison, Indiana",0.0
989,"Harrison, Iowa",0.0
990,"Harrison, Kentucky",0.0
991,"Harrison, Missouri",0.0
992,"Harrison, Texas",0.0
993,"Harrison, West Virginia",0.0
994,"Harrisonburg, Virginia",0.0
995,"Hart, Kentucky",0.0
996,"Hartford, Connecticut",0.0
997,"Hartley, Texas",0.0
998,"Haskell, Texas",0.0
999,"Hawaii, Hawaii",0.0
1000,"Hawkins, Tennessee",0.0
1001,"Hayes, Nebraska",0.0
1002,"Hays, Texas",0.0
1003,"Haywood, North Carolina",0.0
1004,"Hemphill, Texas",0.0
1005,"Hempstead, Arkansas",0.0
1006,"Henderson, Illinois",0.0
1007,"Henderson, Kentucky",0.005925925925925926
1008,"Henderson, North Carolina",0.0
1009,"Henderson, Texas",0.0
1010,"Hendricks, Indiana",0.0
1011,"Hendry, Florida",0.0009444444444444444
1012,"Hennepin, Minnesota",0.0
1013,"Henrico, Virginia",0.0
1014,"Henry, Alabama",0.0
1015,"Henry, Illinois",0.0
1016,"Henry, Indiana",0.0
1017,"Henry, Iowa",0.0
1018,"Henry, Kentucky",0.0
1019,"Henry, Missouri",0.0
1020,"Henry, Ohio",0.0
1021,"Henry, Virginia",0.0
1022,"Herkimer, New York",0.009759036144578313
1023,"Hernando, Florida",0.0
1024,"Hertford, North Carolina",0.0
1025,"Hickman, Kentucky",0.0
1026,"Hickory, Missouri",0.0
1027,"Hidalgo, New Mexico",0.012285714285714285
1028,"Hidalgo, Texas",0.0
1029,"Highland, Ohio",0.0
1030,"Highlands, Florida",0.0
1031,"Hill, Montana",0.0
1032,"Hill, Texas",0.0
1033,"Hills, Florida",0.00020689655172413795
1034,"Hills, New Hampshire",0.0
1035,"Hillsborough county, Florida",0.0
1036,"Hillsborough county, New Hampshire",0.0
1037,"Hillsborough, Florida",0.0003793103448275862
1038,"Hillsborough, New Hampshire",0.0
1039,"Hillsdale, Michigan",0.0
1040,"Hitchcock, Nebraska",0.0
1041,"Hocking, Ohio",0.0
1042,"Hockley, Texas",0.0
1043,"Hoke, North Carolina",0.0
1044,"Holmes, Florida",0.0
1045,"Holmes, Ohio",0.0
1046,"Holt, Missouri",0.0
1047,"Holt, Nebraska",0.0
1048,"Honolulu, Hawaii",0.0
1049,"Hood river, Oregon",0.0
1050,"Hood, Texas",0.0
1051,"Hooker, Nebraska",0.0
1052,"Hopewell, Virginia",0.0
1053,"Hopkins, Kentucky",0.0
1054,"Hopkins, Texas",0.0
1055,"Horry, South Carolina",0.0
1056,"Hot spring, Arkansas",0.0
1057,"Hot springs, Wyoming",0.0
1058,"Houghton, Michigan",0.0
1059,"Houston, Alabama",0.0
1060,"Houston, Minnesota",0.0
1061,"Houston, Texas",0.0
1062,"Howard, Arkansas",0.0
1063,"Howard, Indiana",0.0
1064,"Howard, Iowa",0.0
1065,"Howard, Maryland",0.0
1066,"Howard, Missouri",0.0
1067,"Howard, Nebraska",0.0
1068,"Howard, Texas",0.0
1069,"Howell, Missouri",0.0
1070,"Hubbard, Minnesota",0.0
1071,"Hudson, New Jersey",0.0
1072,"Hudspeth, Texas",0.0
1073,"Hughes, Oklahoma",0.0
1074,"Hughes, South Dakota",0.0
1075,"Humboldt, California",0.0
1076,"Humboldt, Iowa",0.0
1077,"Humboldt, Nevada",0.0
1078,"Hunt, Texas",0.0
1079,"Hunterdon, New Jersey",0.0
1080,"Huntingdon, Pennsylvania",0.0
1081,"Huntington, Indiana",0.0
1082,"Huron, Michigan",0.0
1083,"Huron, Ohio",0.0
1084,"Hutchinson, Texas",0.0
1085,"Hyde, North Carolina",0.0
1086,"Iberia parish, Louisiana",0.0
1087,"Iberia, Louisiana",0.0
1088,"Iberville, Louisiana",0.0
1089,"Ida, Iowa",0.0
1090,"Idaho, Idaho",0.0
1091,"Imperial, California",0.0
1092,"Independence, Arkansas",0.0
1093,"Indian river, Florida",0.0
1094,"Indiana, Pennsylvania",0.0
1095,"Ingham, Michigan",0.0
1096,"Inyo, California",0.0
1097,"Ionia, Michigan",0.0
1098,"Iosco, Michigan",0.0
1099,"Iowa, Iowa",0.0
1100,"Iowa, Wisconsin",0.0
1101,"Iredell, North Carolina",0.0
1102,"Irion, Texas",0.0
1103,"Iron, Michigan",0.0
1104,"Iron, Missouri",0.0
1105,"Iron, Utah",0.0
1106,"Iron, Wisconsin",0.0
1107,"Iroquois, Illinois",0.0
1108,"Isabella, Michigan",0.0
1109,"Isanti, Minnesota",0.0
1110,"Island, Washington",0.0
1111,"Itasca, Minnesota",0.0
1112,"Izard, Arkansas",0.0
1113,"Jack, Texas",0.0
1114,"Jackson county, Florida",0.0
1115,"Jackson, Alabama",0.0
1116,"Jackson, Arkansas",0.0
1117,"Jackson, Florida",0.0
1118,"Jackson, Illinois",0.0
1119,"Jackson, Indiana",0.0
1120,"Jackson, Iowa",0.0
1121,"Jackson, Kentucky",0.0
1122,"Jackson, Louisiana",0.0
1123,"Jackson, Michigan",0.0
1124,"Jackson, Minnesota",0.0
1125,"Jackson, Missouri",0.0
1126,"Jackson, North Carolina",0.0005583756345177665
1127,"Jackson, Oklahoma",0.0
1128,"Jackson, Oregon",0.0
1129,"Jackson, Texas",0.0
1130,"Jackson, West Virginia",0.0
1131,"Jackson, Wisconsin",0.0
1132,"James city, Virginia",0.0
1133,"Jasper county, Missouri",0.0
1134,"Jasper, Illinois",0.0
1135,"Jasper, Indiana",0.0
1136,"Jasper, Iowa",0.0
1137,"Jasper, Missouri",0.0
1138,"Jasper, South Carolina",0.0
1139,"Jasper, Texas",0.0
1140,"Jay, Indiana",0.0
1141,"Jeff davis, Texas",0.0
1142,"Jefferson county, Florida",0.0
1143,"Jefferson county, Pennsylvania",0.0
1144,"Jefferson davis, Louisiana",0.0
1145,"Jefferson, Alabama",0.0
1146,"Jefferson, Arkansas",0.0
1147,"Jefferson, Florida",0.0
1148,"Jefferson, Idaho",0.0
1149,"Jefferson, Indiana",0.0
1150,"Jefferson, Iowa",0.0
1151,"Jefferson, Kentucky",0.0
1152,"Jefferson, Louisiana",0.0
1153,"Jefferson, Missouri",0.0
1154,"Jefferson, Montana",0.0
1155,"Jefferson, Nebraska",0.0
1156,"Jefferson, New York",0.0
1157,"Jefferson, Oklahoma",0.0
1158,"Jefferson, Oregon",0.0
1159,"Jefferson, Pennsylvania",0.0
1160,"Jefferson, Texas",0.0
1161,"Jefferson, Washington",0.0
1162,"Jefferson, West Virginia",0.0
1163,"Jefferson, Wisconsin",0.0
1164,"Jennings, Indiana",0.0
1165,"Jerauld, South Dakota",0.0
1166,"Jerome, Idaho",0.0
1167,"Jersey, Illinois",0.0
1168,"Jessamine, Kentucky",0.0
1169,"Jim hogg, Texas",0.0
1170,"Jim wells, Texas",0.0
1171,"Jo daviess, Illinois",0.0
1172,"Johnson, Arkansas",0.0
1173,"Johnson, Illinois",0.0
1174,"Johnson, Indiana",0.0
1175,"Johnson, Iowa",0.0
1176,"Johnson, Kansas",0.0
1177,"Johnson, Kentucky",0.0
1178,"Johnson, Missouri",0.0
1179,"Johnson, Nebraska",0.0
1180,"Johnson, Texas",0.0
1181,"Johnson, Wyoming",0.0
1182,"Johnston, North Carolina",0.0
1183,"Johnston, Oklahoma",0.0
1184,"Jones, Iowa",0.0
1185,"Jones, North Carolina",0.0
1186,"Jones, Texas",0.0
1187,"Josephine, Oregon",0.0
1188,"Juab, Utah",0.0
1189,"Judith basin, Montana",0.0
1190,"Juneau city and, Alaska",0.0
1191,"Juneau, Wisconsin",0.0
1192,"Juniata, Pennsylvania",0.0
1193,"Kalamazoo, Michigan",0.0
1194,"Kalkaska, Michigan",0.0
1195,"Kanabec, Minnesota",0.0
1196,"Kanawha, West Virginia",0.0
1197,"Kandiyohi, Minnesota",0.0
1198,"Kane, Illinois",0.0
1199,"Kane, Utah",0.0
1200,"Kankakee, Illinois",0.0
1201,"Karnes, Texas",0.0
1202,"Kauai, Hawaii",0.0
1203,"Kaufman, Texas",0.0
1204,"Kay, Oklahoma",0.0
1205,"Kearney, Nebraska",0.0
1206,"Keith, Nebraska",0.0
1207,"Kendall, Illinois",0.0
1208,"Kendall, Texas",0.0
1209,"Kenedy, Texas",0.0
1210,"Kennebec, Maine",0.0
1211,"Kenosha, Wisconsin",0.0
1212,"Kent, Maryland",0.0
1213,"Kent, Michigan",0.0
1214,"Kent, Rhode Island",0.0
1215,"Kent, Texas",0.0
1216,"Kenton, Kentucky",0.011875
1217,"Keokuk, Iowa",0.0
1218,"Kern, California",0.0
1219,"Kerr, Texas",0.000738255033557047
1220,"Kershaw, South Carolina",0.0
1221,"Ketchikan gateway, Alaska",0.0
1222,"Kewaunee, Wisconsin",0.0
1223,"Keweenaw, Michigan",0.0
1224,"Keya paha, Nebraska",0.0
1225,"Kidder, North Dakota",0.0
1226,"Kimball, Nebraska",0.0
1227,"Kimble, Texas",0.0
1228,"King george, Virginia",0.0
1229,"King william, Virginia",0.0
1230,"King, Texas",0.0
1231,"King, Washington",0.0
1232,"Kingfisher, Oklahoma",0.0
1233,"Kings, California",0.0
1234,"Kingsbury, South Dakota",0.0
1235,"Kinney, Texas",0.0
1236,"Kitsap, Washington",0.0
1237,"Kittitas, Washington",0.0
1238,"Kittson, Minnesota",0.0
1239,"Klamath, Oregon",0.0
1240,"Kleberg, Texas",0.0
1241,"Klickitat, Washington",0.0
1242,"Knott, Kentucky",0.0
1243,"Knox, Illinois",0.004666666666666667
1244,"Knox, Indiana",0.0
1245,"Knox, Kentucky",0.0
1246,"Knox, Maine",0.0
1247,"Knox, Nebraska",0.0
1248,"Knox, Ohio",0.0
1249,"Knox, Tennessee",0.0
1250,"Knox, Texas",0.0
1251,"Koochiching county, Minnesota",0.0
1252,"Koochiching, Minnesota",0.0
1253,"Kootenai, Idaho",0.0
1254,"Kosciusko, Indiana",0.0
1255,"Kossuth, Iowa",0.0
1256,"La crosse, Wisconsin",0.0
1257,"La grange, Indiana",0.0
1258,"La paz, Arizona",0.0
1259,"La plata, Colorado",0.0
1260,"La porte, Indiana",0.0
1261,"La salle, Illinois",0.0
1262,"La salle, Louisiana",0.0
1263,"La salle, Texas",0.0
1264,"Lac qui parle, Minnesota",0.0
1265,"Lackawanna, Pennsylvania",0.0
1266,"Laclede, Missouri",0.0
1267,"Lafayette parish, Louisiana",0.0
1268,"Lafayette, Arkansas",0.0
1269,"Lafayette, Florida",0.0
1270,"Lafayette, Louisiana",0.009476190476190477
1271,"Lafayette, Missouri",0.0
1272,"Lafayette, Wisconsin",0.0
1273,"Lafourche, Louisiana",0.0
1274,"Lagrange, Indiana",0.0
1275,"Lake, California",0.0
1276,"Lake, Florida",3.193612774451098e-05
1277,"Lake, Illinois",0.0
1278,"Lake, Indiana",0.0
1279,"Lake, Michigan",0.0
1280,"Lake, Minnesota",0.0
1281,"Lake, Montana",0.0
1282,"Lake, Oregon",0.0
1283,"Lake, South Dakota",0.0
1284,"Lamar, Alabama",0.0
1285,"Lamar, Texas",0.0
1286,"Lamb, Texas",0.0
1287,"Lamoille, Vermont",0.0
1288,"Lamoure, North Dakota",0.0
1289,"Lampasas, Texas",0.0
1290,"Lancaster county, Pennsylvania",0.0
1291,"Lancaster, Nebraska",0.0
1292,"Lancaster, Pennsylvania",7.142857142857142e-05
1293,"Lancaster, South Carolina",0.0
1294,"Lancaster, Virginia",0.0
1295,"Lander, Nevada",0.0
1296,"Lane, Oregon",0.0
1297,"Langlade, Wisconsin",0.0
1298,"Lapeer, Michigan",0.0
1299,"Laporte, Indiana",0.0
1300,"Laramie, Wyoming",0.0
1301,"Larue, Kentucky",0.0
1302,"Lasalle, Illinois",0.0019626168224299067
1303,"Latah, Idaho",0.0
1304,"Lauderdale, Alabama",0.0
1305,"Laurel, Kentucky",0.0
1306,"Laurens, South Carolina",0.0
1307,"Lavaca, Texas",0.0
1308,"Lawrence county, Arkansas",0.0
1309,"Lawrence, Alabama",0.0
1310,"Lawrence, Arkansas",0.0
1311,"Lawrence, Illinois",0.0
1312,"Lawrence, Indiana",0.0
1313,"Lawrence, Kentucky",0.0
1314,"Lawrence, Missouri",0.0
1315,"Lawrence, Ohio",0.0
1316,"Lawrence, Pennsylvania",0.0
1317,"Lawrence, South Dakota",0.0
1318,"Le sueur, Minnesota",0.0
1319,"Lea, New Mexico",0.0008658536585365853
1320,"Lebanon county, Pennsylvania",0.0
1321,"Lebanon, Pennsylvania",0.0
1322,"Lee county, South Carolina",0.0
1323,"Lee, Alabama",0.03
1324,"Lee, Arkansas",0.0
1325,"Lee, Florida",8.029197080291971e-05
1326,"Lee, Illinois",0.0
1327,"Lee, Iowa",0.0
1328,"Lee, Kentucky",0.0
1329,"Lee, North Carolina",0.0
1330,"Lee, South Carolina",0.0
1331,"Lee, Texas",0.0
1332,"Leelanau, Michigan",0.0
1333,"Lehigh county, Pennsylvania",0.0
1334,"Lehigh, Pennsylvania",0.0
1335,"Lemhi, Idaho",0.0
1336,"Lenawee, Michigan",0.0
1337,"Lenoir, North Carolina",0.0
1338,"Leon, Florida",0.0
1339,"Leon, Texas",0.0
1340,"Leslie, Kentucky",0.0
1341,"Letcher, Kentucky",0.0
1342,"Levy county, Florida",0.0
1343,"Levy, Florida",0.0
1344,"Lewis and clark, Montana",0.22642937853107345
1345,"Lewis county, Washington",0.0
1346,"Lewis, Idaho",0.0
1347,"Lewis, Kentucky",0.0
1348,"Lewis, Missouri",0.0
1349,"Lewis, New York",0.0
1350,"Lewis, Washington",0.0
1351,"Lewis, West Virginia",0.0
1352,"Lexington county, South Carolina",0.0
1353,"Lexington, South Carolina",0.0
1354,"Liberty, Florida",0.0
1355,"Liberty, Montana",0.0
1356,"Liberty, Texas",0.0
1357,"Licking, Ohio",0.0
1358,"Limestone, Alabama",0.0
1359,"Limestone, Texas",0.0
1360,"Lincoln parish, Louisiana",0.0
1361,"Lincoln, Arkansas",0.007636363636363637
1362,"Lincoln, Idaho",0.0
1363,"Lincoln, Kentucky",0.0
1364,"Lincoln, Louisiana",0.0014606741573033708
1365,"Lincoln, Maine",0.0
1366,"Lincoln, Minnesota",0.0
1367,"Lincoln, Missouri",0.0
1368,"Lincoln, Montana",0.0
1369,"Lincoln, Nebraska",0.0
1370,"Lincoln, Nevada",0.0
1371,"Lincoln, New Mexico",0.0
1372,"Lincoln, North Carolina",0.0
1373,"Lincoln, Oklahoma",0.0
1374,"Lincoln, Oregon",0.0
1375,"Lincoln, Washington",0.0
1376,"Lincoln, West Virginia",0.0
1377,"Lincoln, Wisconsin",0.0
1378,"Lincoln, Wyoming",0.0
1379,"Linn county, Oregon",0.0
1380,"Linn, Iowa",0.0
1381,"Linn, Missouri",0.0
1382,"Linn, Oregon",0.0
1383,"Lipscomb, Texas",0.0
1384,"Litchfield, Connecticut",0.0
1385,"Little river, Arkansas",0.0
1386,"Live oak, Texas",0.0
1387,"Livingston county, New York",0.0
1388,"Livingston parish, Louisiana",0.0
1389,"Livingston, Illinois",0.0
1390,"Livingston, Kentucky",0.0
1391,"Livingston, Louisiana",0.0
1392,"Livingston, Michigan",0.0
1393,"Livingston, Missouri",0.0
1394,"Livingston, New York",0.0
1395,"Llano, Texas",0.0
1396,"Logan, Arkansas",0.0
1397,"Logan, Illinois",0.0
1398,"Logan, Nebraska",0.0
1399,"Logan, North Dakota",0.0
1400,"Logan, Ohio",0.0
1401,"Logan, Oklahoma",0.0
1402,"Logan, West Virginia",0.0
1403,"Lonoke, Arkansas",0.0
1404,"Los alamos, New Mexico",0.0
1405,"Los angeles, California",0.0
1406,"Loudoun, Virginia",0.0
1407,"Louisa, Iowa",0.0
1408,"Louisa, Virginia",0.0
1409,"Loup, Nebraska",0.0
1410,"Love, Oklahoma",0.0
1411,"Loving, Texas",0.0
1412,"Lowndes, Alabama",0.0
1413,"Lubbock, Texas",0.0
1414,"Lucas, Iowa",0.0
1415,"Lucas, Ohio",0.0
1416,"Luce, Michigan",0.0
1417,"Luna, New Mexico",0.0
1418,"Lunenburg, Virginia",0.0
1419,"Luzerne county, Pennsylvania",0.0
1420,"Luzerne, Pennsylvania",0.0
1421,"Lycoming county, Pennsylvania",0.0
1422,"Lycoming, Pennsylvania",0.0
1423,"Lyman, South Dakota",0.0
1424,"Lynchburg, Virginia",0.0
1425,"Lynn, Texas",0.0
1426,"Lyon, Iowa",0.0
1427,"Lyon, Kentucky",0.0
1428,"Lyon, Minnesota",0.0
1429,"Lyon, Nevada",0.0
1430,"Mackinac, Michigan",0.0
1431,"Macomb, Michigan",0.0
1432,"Macon, Alabama",0.0
1433,"Macon, Illinois",0.0
1434,"Macon, Missouri",0.0
1435,"Macon, North Carolina",0.0
1436,"Macoupin, Illinois",0.0
1437,"Madera, California",0.0
1438,"Madison, Alabama",0.0
1439,"Madison, Florida",0.0
1440,"Madison, Idaho",0.0
1441,"Madison, Illinois",0.0
1442,"Madison, Indiana",0.0
1443,"Madison, Iowa",0.0
1444,"Madison, Kentucky",0.0
1445,"Madison, Louisiana",0.0
1446,"Madison, Missouri",0.0
1447,"Madison, Montana",0.0
1448,"Madison, Nebraska",0.0
1449,"Madison, New York",0.0
1450,"Madison, North Carolina",0.0
1451,"Madison, Ohio",0.0
1452,"Madison, Texas",0.0
1453,"Madison, Virginia",0.0
1454,"Magoffin, Kentucky",0.0
1455,"Mahaska, Iowa",0.0
1456,"Mahnomen, Minnesota",0.0
1457,"Major, Oklahoma",0.0
1458,"Malheur, Oregon",0.0
1459,"Manassas, Virginia",0.0
1460,"Manatee county, Florida",0.0
1461,"Manatee, Florida",0.0
1462,"Manistee, Michigan",0.0
1463,"Manitowoc, Wisconsin",0.0
1464,"Marathon, Wisconsin",0.0015584415584415584
1465,"Marengo, Alabama",0.0
1466,"Maricopa, Arizona",0.00013016845329249618
1467,"Maries county, Missouri",0.0
1468,"Maries, Missouri",0.0
1469,"Marin, California",0.0
1470,"Marinette, Wisconsin",0.0
1471,"Marion county, Missouri",0.0
1472,"Marion, Alabama",0.0
1473,"Marion, Arkansas",0.0
1474,"Marion, Florida",0.0
1475,"Marion, Illinois",0.0
1476,"Marion, Indiana",0.0
1477,"Marion, Iowa",0.0
1478,"Marion, Kentucky",0.0
1479,"Marion, Missouri",0.0
1480,"Marion, Ohio",0.0
1481,"Marion, Oregon",0.0
1482,"Marion, South Carolina",0.0
1483,"Marion, Texas",0.0
1484,"Marion, West Virginia",0.0
1485,"Mariposa, California",0.0
1486,"Marlboro, South Carolina",0.0
1487,"Marquette, Michigan",0.0
1488,"Marquette, Wisconsin",0.0
1489,"Marshall, Alabama",0.0
1490,"Marshall, Illinois",0.0
1491,"Marshall, Indiana",0.0
1492,"Marshall, Iowa",0.0
1493,"Marshall, Kentucky",0.0
1494,"Marshall, Minnesota",0.0
1495,"Marshall, West Virginia",0.0
1496,"Martin county, Florida",0.0
1497,"Martin, Florida",0.0
1498,"Martin, Indiana",0.0
1499,"Martin, Kentucky",0.0
1500,"Martin, Minnesota",0.0
1501,"Martin, North Carolina",0.0
1502,"Martin, Texas",0.0
1503,"Martinsville, Virginia",0.0
1504,"Mason, Illinois",0.0
1505,"Mason, Kentucky",0.0
1506,"Mason, Michigan",0.0
1507,"Mason, Texas",0.0
1508,"Mason, Washington",0.0
1509,"Mason, West Virginia",0.0
1510,"Massac, Illinois",0.0
1511,"Matagorda, Texas",0.0
1512,"Maui, Hawaii",0.0
1513,"Maverick, Texas",0.0
1514,"Mayes, Oklahoma",0.0
1515,"Mcclain, Oklahoma",0.0
1516,"Mccone, Montana",0.0
1517,"Mccook, South Dakota",0.0
1518,"Mccormick, South Carolina",0.0
1519,"Mccracken, Kentucky",0.0
1520,"Mccreary, Kentucky",0.0
1521,"Mcculloch, Texas",0.0
1522,"Mcdonald, Missouri",0.0
1523,"Mcdonough, Illinois",0.0
1524,"Mcdowell, North Carolina",0.0
1525,"Mcdowell, West Virginia",0.0
1526,"Mchenry, Illinois",0.0
1527,"Mchenry, North Dakota",0.0
1528,"Mcintosh, North Dakota",0.0
1529,"Mcintosh, Oklahoma",0.0
1530,"Mckean county, Pennsylvania",0.0
1531,"Mckean, Pennsylvania",0.0
1532,"Mckenzie, North Dakota",0.0
1533,"Mckinley, New Mexico",0.0
1534,"Mclean, Illinois",0.0
1535,"Mclean, Kentucky",0.0
1536,"Mclean, North Dakota",0.0
1537,"Mclennan, Texas",0.0
1538,"Mcleod, Minnesota",0.0
1539,"Mcmullen, Texas",0.0
1540,"Mcpherson, Nebraska",0.0
1541,"Meade, Kentucky",0.0
1542,"Meade, South Dakota",0.0
1543,"Meagher, Montana",0.0
1544,"Mecklenburg, North Carolina",0.0
1545,"Mecklenburg, Virginia",0.0
1546,"Mecosta, Michigan",0.0
1547,"Medina, Ohio",0.0
1548,"Medina, Texas",0.0
1549,"Meeker, Minnesota",0.0
1550,"Meigs, Ohio",0.0
1551,"Menard, Illinois",0.0
1552,"Menard, Texas",0.0
1553,"Mendocino, California",0.0
1554,"Menifee, Kentucky",0.0
1555,"Menominee, Michigan",0.0
1556,"Merced, California",0.0
1557,"Mercer county, Pennsylvania",0.0
1558,"Mercer, Illinois",0.0
1559,"Mercer, Kentucky",0.0
1560,"Mercer, Missouri",0.0
1561,"Mercer, New Jersey",0.0
1562,"Mercer, North Dakota",0.0
1563,"Mercer, Pennsylvania",0.0
1564,"Mercer, West Virginia",0.0
1565,"Merrick, Nebraska",0.0
1566,"Merrimack, New Hampshire",0.0
1567,"Miami, Indiana",0.0
1568,"Miami, Ohio",0.0
1569,"Miami-dade, Florida",0.0
1570,"Middlesex, Connecticut",0.0
1571,"Middlesex, Massachusetts",0.0
1572,"Middlesex, New Jersey",0.002711764705882353
1573,"Midland, Michigan",0.0
1574,"Midland, Texas",0.0
1575,"Mifflin county, Pennsylvania",0.0
1576,"Mifflin, Pennsylvania",0.0
1577,"Milam, Texas",0.0
1578,"Millard, Utah",0.0
1579,"Mille lacs county, Minnesota",0.0
1580,"Mille lacs, Minnesota",0.0
1581,"Miller, Arkansas",0.0
1582,"Miller, Missouri",0.0
1583,"Mills, Iowa",0.0
1584,"Mills, Texas",0.0
1585,"Milwaukee, Wisconsin",0.0
1586,"Miner, South Dakota",0.0
1587,"Mineral, Montana",0.002157894736842105
1588,"Mineral, Nevada",0.0
1589,"Mingo, West Virginia",0.0
1590,"Minidoka, Idaho",0.0
1591,"Minnehaha, South Dakota",0.0
1592,"Missaukee, Michigan",0.0
1593,"Mississippi, Arkansas",0.0
1594,"Mississippi, Missouri",0.0
1595,"Missoula, Montana",0.00016216216216216215
1596,"Mitchell, Iowa",0.0
1597,"Mitchell, North Carolina",0.0
1598,"Mitchell, Texas",0.0
1599,"Mobile, Alabama",0.0
1600,"Modoc, California",0.0
1601,"Mohave, Arizona",0.0
1602,"Moniteau, Missouri",0.0
1603,"Monmouth, New Jersey",0.0
1604,"Mono, California",0.0
1605,"Monona, Iowa",0.0
1606,"Monongalia, West Virginia",0.0
1607,"Monroe county, Pennsylvania",0.0
1608,"Monroe, Alabama",0.0
1609,"Monroe, Arkansas",0.0
1610,"Monroe, Florida",0.0
1611,"Monroe, Illinois",0.0
1612,"Monroe, Indiana",0.0
1613,"Monroe, Kentucky",0.0
1614,"Monroe, Michigan",0.0
1615,"Monroe, Missouri",0.0
1616,"Monroe, New York",0.0
1617,"Monroe, Ohio",0.0
1618,"Monroe, Pennsylvania",0.0
1619,"Monroe, West Virginia",0.0
1620,"Monroe, Wisconsin",0.0
1621,"Montague, Texas",0.0
1622,"Montcalm, Michigan",0.0
1623,"Monterey, California",0.0
1624,"Montgomery county, Pennsylvania",0.0
1625,"Montgomery, Alabama",0.0
1626,"Montgomery, Arkansas",0.0
1627,"Montgomery, Illinois",0.0
1628,"Montgomery, Indiana",0.0
1629,"Montgomery, Iowa",0.0
1630,"Montgomery, Kentucky",0.0
1631,"Montgomery, Maryland",0.0020714285714285713
1632,"Montgomery, Missouri",0.0
1633,"Montgomery, New York",0.0
1634,"Montgomery, North Carolina",0.0
1635,"Montgomery, Ohio",0.0
1636,"Montgomery, Pennsylvania",0.0
1637,"Montgomery, Texas",0.0
1638,"Montgomery, Virginia",0.0
1639,"Montmorency, Michigan",0.0
1640,"Montour, Pennsylvania",0.0
1641,"Moody, South Dakota",0.0
1642,"Moore county, Texas",0.0
1643,"Moore, North Carolina",0.0
1644,"Moore, Texas",0.019545454545454546
1645,"Mora, New Mexico",0.0
1646,"Morehouse, Louisiana",0.0
1647,"Morgan, Alabama",0.0
1648,"Morgan, Illinois",0.0
1649,"Morgan, Indiana",0.0
1650,"Morgan, Kentucky",0.0
1651,"Morgan, Missouri",0.0
1652,"Morgan, Utah",0.0
1653,"Morgan, West Virginia",0.0
1654,"Morrill, Nebraska",0.0
1655,"Morris, New Jersey",0.0
1656,"Morris, Texas",0.0
1657,"Morrison, Minnesota",0.0
1658,"Morrow, Ohio",0.0
1659,"Morrow, Oregon",0.0
1660,"Morton, North Dakota",0.0
1661,"Motley, Texas",0.0
1662,"Moultrie, Illinois",0.0
1663,"Mountrail, North Dakota",0.0
1664,"Mower, Minnesota",0.0
1665,"Muhlenberg, Kentucky",0.0
1666,"Multnomah county, Oregon",0.0
1667,"Multnomah, Oregon",0.0
1668,"Murray, Minnesota",0.0
1669,"Murray, Oklahoma",0.0
1670,"Muscatine, Iowa",0.0
1671,"Muskegon, Michigan",0.0
1672,"Muskingum, Ohio",0.0
1673,"Musselshell, Montana",0.0
1674,"Nacogdoches, Texas",0.0
1675,"Nance, Nebraska",0.0
1676,"Nantucket, Massachusetts",0.0
1677,"Napa, California",0.0007942238267148015
1678,"Nash, North Carolina",0.0
1679,"Nassau, Florida",0.0
1680,"Nassau, New York",0.0
1681,"Natchitoches, Louisiana",0.02496
1682,"Natrona, Wyoming",0.0
1683,"Navajo, Arizona",0.0
1684,"Navarro, Texas",0.0
1685,"Nelson, Kentucky",0.0
1686,"Nelson, North Dakota",0.0
1687,"Nelson, Virginia",0.0
1688,"Nemaha, Nebraska",0.0
1689,"Nevada county, Arkansas",0.0
1690,"Nevada, Arkansas",0.0
1691,"Nevada, California",0.0
1692,"New hanover, North Carolina",0.0005024875621890547
1693,"New haven, Connecticut",0.0
1694,"New london, Connecticut",0.0
1695,"New madrid, Missouri",0.0
1696,"Newaygo, Michigan",0.0
1697,"Newberry, South Carolina",0.0
1698,"Newport, Rhode Island",0.0
1699,"Newton county, Arkansas",0.0
1700,"Newton, Arkansas",0.0
1701,"Newton, Indiana",0.0
1702,"Newton, Missouri",0.0
1703,"Newton, Texas",0.0
1704,"Nez perce, Idaho",0.0
1705,"Niagara, New York",0.0
1706,"Nicholas, Kentucky",0.0
1707,"Nicholas, West Virginia",0.0
1708,"Nicollet, Minnesota",0.0
1709,"Niobrara, Wyoming",0.0
1710,"Noble, Indiana",0.0
1711,"Nobles, Minnesota",0.0
1712,"Nodaway, Missouri",0.0
1713,"Nolan, Texas",0.0
1714,"Norfolk, Massachusetts",0.0
1715,"Norfolk, Virginia",0.0
1716,"North slope, Alaska",0.0
1717,"Northampton county, Pennsylvania",0.0
1718,"Northampton, North Carolina",0.0
1719,"Northampton, Pennsylvania",0.0
1720,"Northampton, Virginia",0.0
1721,"Northumberland, Pennsylvania",0.0
1722,"Northumberland, Virginia",0.022777777777777775
1723,"Nottoway, Virginia",0.0
1724,"Nuckolls, Nebraska",0.0
1725,"Nueces, Texas",0.0
1726,"Nye, Nevada",0.0
1727,"O'brien, Iowa",0.0
1728,"Oakland, Michigan",0.00022875816993464054
1729,"Obrien, Iowa",0.0
1730,"Ocean, New Jersey",0.0
1731,"Oceana, Michigan",0.0
1732,"Ochiltree, Texas",0.0
1733,"Oconee, South Carolina",0.0
1734,"Oconto, Wisconsin",0.0
1735,"Ogemaw, Michigan",0.0
1736,"Ogle, Illinois",0.0
1737,"Ohio, Indiana",0.0
1738,"Ohio, Kentucky",0.0
1739,"Ohio, West Virginia",0.0
1740,"Okaloosa county, Florida",0.0
1741,"Okaloosa, Florida",0.0
1742,"Okanogan, Washington",0.0
1743,"Okeechobee, Florida",0.0
1744,"Oklahoma, Oklahoma",0.0
1745,"Okmulgee, Oklahoma",0.0
1746,"Oldham, Kentucky",0.0
1747,"Oldham, Texas",0.0
1748,"Olmsted, Minnesota",0.0
1749,"Oneida, Idaho",0.0
1750,"Oneida, New York",0.0
1751,"Oneida, Wisconsin",0.0
1752,"Onondaga, New York",0.0
1753,"Onslow, North Carolina",0.0
1754,"Ontario, New York",0.0
1755,"Ontonagon, Michigan",0.0
1756,"Orange, California",0.0
1757,"Orange, Florida",5.6e-05
1758,"Orange, New York",0.0
1759,"Orange, North Carolina",0.0
1760,"Orange, Texas",0.0
1761,"Orange, Vermont",0.0
1762,"Orange, Virginia",0.0
1763,"Orangeburg, South Carolina",0.0
1764,"Oregon, Missouri",0.0
1765,"Orleans, Louisiana",0.0
1766,"Orleans, New York",0.0
1767,"Orleans, Vermont",0.0
1768,"Osage, Missouri",0.0
1769,"Osage, Oklahoma",0.0
1770,"Osceola, Florida",0.0
1771,"Osceola, Iowa",0.0
1772,"Osceola, Michigan",0.0
1773,"Oscoda, Michigan",0.0
1774,"Oswego, New York",0.0
1775,"Otero county, New Mexico",0.0
1776,"Otero, New Mexico",0.0
1777,"Otoe, Nebraska",0.0
1778,"Otsego, Michigan",0.0
1779,"Otsego, New York",0.0
1780,"Ottawa, Michigan",0.0
1781,"Ottawa, Oklahoma",0.0
1782,"Otter tail, Minnesota",0.0
1783,"Ouachita, Arkansas",0.0
1784,"Ouachita, Louisiana",0.0
1785,"Outagamie, Wisconsin",0.0
1786,"Owen, Indiana",0.0
1787,"Owen, Kentucky",0.0
1788,"Owsley, Kentucky",0.0
1789,"Owyhee, Idaho",0.0
1790,"Oxford, Maine",0.0
1791,"Ozark, Missouri",0.0
1792,"Ozaukee, Wisconsin",0.0
1793,"Pacific, Washington",0.0
1794,"Page, Iowa",0.0
1795,"Page, Virginia",0.0
1796,"Palm beach, Florida",0.00012650602409638556
1797,"Palo alto, Iowa",0.0
1798,"Palo pinto, Texas",0.0
1799,"Pamlico, North Carolina",0.0
1800,"Panola, Texas",0.0
1801,"Park, Montana",0.0
1802,"Park, Wyoming",0.0
1803,"Parke, Indiana",0.0
1804,"Parker, Texas",0.00046783625730994154
1805,"Parmer, Texas",0.0
1806,"Pasco county, Florida",0.0
1807,"Pasco, Florida",0.0
1808,"Pasquotank, North Carolina",0.0
1809,"Passaic, New Jersey",0.0
1810,"Patrick, Virginia",0.0
1811,"Pawnee, Nebraska",0.0
1812,"Payette, Idaho",0.0
1813,"Payne, Oklahoma",0.0
1814,"Pecos, Texas",0.0
1815,"Pembina, North Dakota",0.0
1816,"Pemiscot, Missouri",0.0
1817,"Pend oreille, Washington",0.0
1818,"Pender, North Carolina",0.00044144144144144144
1819,"Pendleton, Kentucky",0.0
1820,"Pendleton, West Virginia",0.0
1821,"Pennington, Minnesota",0.0
1822,"Pennington, South Dakota",0.0
1823,"Penobscot, Maine",0.0
1824,"Peoria, Illinois",0.003064516129032258
1825,"Pepin, Wisconsin",0.0
1826,"Perkins, Nebraska",0.0
1827,"Perquimans, North Carolina",0.0
1828,"Perry county, Pennsylvania",0.0
1829,"Perry, Alabama",0.0
1830,"Perry, Arkansas",0.0
1831,"Perry, Illinois",0.0
1832,"Perry, Indiana",0.0
1833,"Perry, Kentucky",0.0
1834,"Perry, Missouri",0.0
1835,"Perry, Pennsylvania",0.0025
1836,"Pershing, Nevada",0.0
1837,"Person, North Carolina",0.0
1838,"Petroleum, Montana",0.0
1839,"Pettis, Missouri",0.0
1840,"Phelps, Missouri",0.0
1841,"Phelps, Nebraska",0.0
1842,"Philadelphia, Pennsylvania",0.0012222222222222222
1843,"Phillips, Arkansas",0.0
1844,"Phillips, Montana",0.0035000000000000005
1845,"Piatt, Illinois",0.0
1846,"Pickaway, Ohio",0.0
1847,"Pickens, Alabama",0.0
1848,"Pickens, South Carolina",0.0
1849,"Pierce county, Washington",0.0
1850,"Pierce, Nebraska",0.0
1851,"Pierce, North Dakota",0.0
1852,"Pierce, Washington",0.0
1853,"Pierce, Wisconsin",0.0
1854,"Pike, Alabama",0.0
1855,"Pike, Arkansas",0.0
1856,"Pike, Illinois",0.0
1857,"Pike, Indiana",0.0
1858,"Pike, Kentucky",0.0
1859,"Pike, Missouri",0.0
1860,"Pike, Ohio",0.0
1861,"Pike, Pennsylvania",0.0
1862,"Pima, Arizona",0.0013078125
1863,"Pinal, Arizona",0.0
1864,"Pine, Minnesota",0.0
1865,"Pinellas, Florida",0.0
1866,"Pipestone, Minnesota",0.0
1867,"Piscataquis, Maine",0.0
1868,"Pitt, North Carolina",0.0
1869,"Pittsburg, Oklahoma",0.0
1870,"Pittsylvania, Virginia",0.0
1871,"Piute, Utah",0.0
1872,"Placer, California",0.0
1873,"Plaquemines, Louisiana",0.0
1874,"Platte, Missouri",0.0
1875,"Platte, Nebraska",0.0
1876,"Platte, Wyoming",0.0
1877,"Plymouth, Iowa",0.0
1878,"Plymouth, Massachusetts",0.0
1879,"Pocahontas, Iowa",0.0
1880,"Pocahontas, West Virginia",0.0
1881,"Poinsett, Arkansas",0.0
1882,"Pointe coupee parish, Louisiana",0.0
1883,"Pointe coupee, Louisiana",0.007851851851851851
1884,"Polk, Arkansas",0.0
1885,"Polk, Florida",1.2661498708010336e-05
1886,"Polk, Iowa",0.0
1887,"Polk, Minnesota",0.0
1888,"Polk, Missouri",0.0
1889,"Polk, Nebraska",0.0
1890,"Polk, North Carolina",0.00225
1891,"Polk, Oregon",0.0
1892,"Polk, Texas",0.0
1893,"Polk, Wisconsin",0.0
1894,"Pondera, Montana",0.0
1895,"Pontotoc, Oklahoma",0.0
1896,"Pope, Arkansas",0.0
1897,"Pope, Illinois",0.0
1898,"Pope, Minnesota",0.0
1899,"Portage county, Wisconsin",0.0
1900,"Portage, Wisconsin",0.0
1901,"Porter, Indiana",0.0
1902,"Portsmouth, Virginia",0.0
1903,"Posey, Indiana",0.0
1904,"Pottawatomie, Oklahoma",0.0
1905,"Pottawattamie, Iowa",0.0
1906,"Potter, Pennsylvania",0.0
1907,"Potter, Texas",0.0
1908,"Powder river, Montana",0.0
1909,"Powell, Kentucky",0.0
1910,"Powell, Montana",0.0
1911,"Power, Idaho",0.0
1912,"Poweshiek, Iowa",0.0
1913,"Prairie, Arkansas",0.0
1914,"Prairie, Montana",0.0
1915,"Preble, Ohio",0.0
1916,"Presidio, Texas",0.0
1917,"Presque isle, Michigan",0.0
1918,"Preston, West Virginia",0.0
1919,"Price, Wisconsin",0.0
1920,"Prince george's, Maryland",0.0
1921,"Prince george, Virginia",0.0
1922,"Prince georges, Maryland",0.0
1923,"Prince william, Virginia",0.0
1924,"Providence, Rhode Island",0.0
1925,"Pulaski, Arkansas",0.0
1926,"Pulaski, Illinois",0.0
1927,"Pulaski, Indiana",0.0
1928,"Pulaski, Kentucky",0.0
1929,"Pulaski, Missouri",0.0
1930,"Pulaski, Virginia",0.0
1931,"Putnam county, Indiana",0.0
1932,"Putnam, Florida",0.0
1933,"Putnam, Illinois",0.0
1934,"Putnam, Indiana",0.0
1935,"Putnam, Missouri",0.0
1936,"Putnam, New York",0.02064327485380117
1937,"Putnam, Tennessee",0.0
1938,"Putnam, West Virginia",0.0
1939,"Quay, New Mexico",0.0
1940,"Queen anne's, Maryland",0.0
1941,"Racine, Wisconsin",0.0
1942,"Radford, Virginia",0.0
1943,"Rains, Texas",0.0
1944,"Raleigh, West Virginia",0.0
1945,"Ramsey, Minnesota",0.0
1946,"Ramsey, North Dakota",0.0
1947,"Randall, Texas",0.0
1948,"Randolph, Alabama",0.0
1949,"Randolph, Arkansas",0.0
1950,"Randolph, Illinois",0.0
1951,"Randolph, Indiana",0.0
1952,"Randolph, Missouri",0.0
1953,"Randolph, North Carolina",0.0
1954,"Randolph, West Virginia",0.0
1955,"Ransom, North Dakota",0.0
1956,"Rapides, Louisiana",0.0
1957,"Ravalli, Montana",0.0
1958,"Ray, Missouri",0.0
1959,"Reagan, Texas",0.0
1960,"Real, Texas",0.0
1961,"Red lake, Minnesota",0.0
1962,"Red river, Louisiana",0.0
1963,"Red river, Texas",0.0
1964,"Red willow, Nebraska",0.0
1965,"Redwood, Minnesota",0.0
1966,"Reeves, Texas",0.0
1967,"Refugio, Texas",0.0
1968,"Rensselaer, New York",0.0
1969,"Renville, Minnesota",0.0
1970,"Reynolds, Missouri",0.0
1971,"Rice, Minnesota",0.0
1972,"Rich, Utah",0.0
1973,"Richardson, Nebraska",0.0
1974,"Richland, Illinois",0.0
1975,"Richland, Louisiana",0.0
1976,"Richland, Montana",0.0022222222222222222
1977,"Richland, North Dakota",0.0
1978,"Richland, Ohio",0.0
1979,"Richland, South Carolina",0.0
1980,"Richland, Wisconsin",0.0
1981,"Richmond, North Carolina",0.023269230769230768
1982,"Richmond, Virginia",0.0
1983,"Rio arriba, New Mexico",0.0
1984,"Ripley, Indiana",0.0
1985,"Ripley, Missouri",0.0
1986,"Riverside, California",0.0
1987,"Roane, West Virginia",0.0
1988,"Roanoke, Virginia",0.0
1989,"Roberts, South Dakota",0.0
1990,"Roberts, Texas",0.0
1991,"Robertson, Texas",0.0
1992,"Robeson, North Carolina",0.0
1993,"Rock island, Illinois",0.0
1994,"Rock, Minnesota",0.0
1995,"Rock, Nebraska",0.0
1996,"Rock, Wisconsin",0.0
1997,"Rockbridge, Virginia",0.0
1998,"Rockcastle, Kentucky",0.0
1999,"Rockingham, New Hampshire",0.0
2000,"Rockingham, North Carolina",0.0
2001,"Rockingham, Virginia",0.0
2002,"Rockland, New York",0.002727272727272727
2003,"Roger mills, Oklahoma",0.0
2004,"Rogers, Oklahoma",0.0
2005,"Rolette, North Dakota",0.0
2006,"Roosevelt, Montana",0.0
2007,"Roosevelt, New Mexico",0.0
2008,"Roscommon, Michigan",0.0
2009,"Roseau, Minnesota",0.0
2010,"Rosebud, Montana",0.0
2011,"Ross, Ohio",0.0
2012,"Rowan county, North Carolina",0.0
2013,"Rowan, Kentucky",0.0
2014,"Rowan, North Carolina",0.00024390243902439027
2015,"Runnels, Texas",0.0
2016,"Rush, Indiana",0.0
2017,"Rusk, Texas",0.0
2018,"Rusk, Wisconsin",0.0
2019,"Russell, Alabama",0.0
2020,"Russell, Kentucky",0.0
2021,"Russell, Virginia",0.0
2022,"Rutherford, North Carolina",0.0
2023,"Rutland, Vermont",0.005223880597014925
2024,"Sabine, Louisiana",0.029249999999999998
2025,"Sabine, Texas",0.0
2026,"Sac, Iowa",0.0
2027,"Sacramento county, California",0.0
2028,"Sacramento, California",0.0
2029,"Sagadahoc, Maine",0.0
2030,"Saginaw, Michigan",0.0
2031,"Saint bernard, Louisiana",0.0
2032,"Saint charles, Missouri",0.0
2033,"Saint clair, Michigan",0.0
2034,"Saint francois, Missouri",0.0
2035,"Saint james, Louisiana",0.0
2036,"Saint joseph, Michigan",0.0
2037,"Saint landry, Louisiana",0.0
2038,"Saint lawrence, New York",0.0
2039,"Saint louis, Minnesota",0.0
2040,"Saint louis, Missouri",0.0
2041,"Saint marys, Maryland",0.0
2042,"Saint tammany, Louisiana",0.0
2043,"Salem, New Jersey",0.0
2044,"Salem, Virginia",0.0
2045,"Saline county, Arkansas",0.0
2046,"Saline, Arkansas",0.0
2047,"Saline, Illinois",0.0
2048,"Saline, Missouri",0.0
2049,"Saline, Nebraska",0.0
2050,"Salt lake, Utah",0.0
2051,"Saluda, South Carolina",0.0
2052,"Sampson, North Carolina",0.0
2053,"San augustine, Texas",0.0
2054,"San benito, California",0.0
2055,"San bernardino county, California",0.0
2056,"San bernardino, California",0.0
2057,"San diego county, California",0.0
2058,"San diego, California",0.0
2059,"San francisco, California",0.0
2060,"San jacinto, Texas",0.0
2061,"San joaquin, California",0.0
2062,"San juan, New Mexico",0.0
2063,"San juan, Utah",0.0
2064,"San juan, Washington",0.0
2065,"San luis obispo, California",0.0
2066,"San mateo, California",0.0
2067,"San miguel, New Mexico",0.0
2068,"San patricio, Texas",0.0
2069,"San saba, Texas",0.0
2070,"Sanborn, South Dakota",0.0
2071,"Sanders, Montana",0.0
2072,"Sandoval, New Mexico",0.0
2073,"Sandusky, Ohio",0.0
2074,"Sangamon, Illinois",0.0
2075,"Sanilac, Michigan",0.0
2076,"Sanpete, Utah",0.0
2077,"Santa barbara, California",0.0
2078,"Santa clara, California",0.0
2079,"Santa cruz, Arizona",0.0
2080,"Santa cruz, California",0.0
2081,"Santa fe, New Mexico",0.0
2082,"Santa rosa county, Florida",0.0
2083,"Santa rosa, Florida",0.0
2084,"Sarasota, Florida",0.0
2085,"Saratoga, New York",0.0020760233918128653
2086,"Sargent, North Dakota",0.0
2087,"Sarpy, Nebraska",0.0
2088,"Sauk, Wisconsin",0.0
2089,"Saunders, Nebraska",0.011838709677419354
2090,"Sawyer, Wisconsin",0.0
2091,"Schenectady, New York",0.0
2092,"Schleicher, Texas",0.0
2093,"Schoharie, New York",0.0
2094,"Schoolcraft, Michigan",0.0
2095,"Schuyler, Illinois",0.0
2096,"Schuyler, New York",0.0
2097,"Schuylkill, Pennsylvania",0.0
2098,"Scotland, Missouri",0.0
2099,"Scotland, North Carolina",0.0
2100,"Scott, Arkansas",0.0
2101,"Scott, Illinois",0.0
2102,"Scott, Indiana",0.0
2103,"Scott, Iowa",0.0
2104,"Scott, Kentucky",0.0
2105,"Scott, Minnesota",0.0
2106,"Scott, Missouri",0.0
2107,"Scott, Virginia",0.0
2108,"Scotts bluff, Nebraska",0.0
2109,"Scurry, Texas",0.0
2110,"Searcy, Arkansas",0.0
2111,"Sebastian, Arkansas",0.0
2112,"Seminole county, Florida",0.0
2113,"Seminole, Florida",0.0
2114,"Seneca, New York",0.0
2115,"Seneca, Ohio",0.0
2116,"Sevier, Arkansas",0.0
2117,"Sevier, Utah",0.0
2118,"Seward, Nebraska",0.0
2119,"Shackelford, Texas",0.0
2120,"Shannon, Missouri",0.0
2121,"Shannon, South Dakota",0.0
2122,"Sharp county, Arkansas",0.0
2123,"Sharp, Arkansas",0.0
2124,"Shasta, California",0.00275
2125,"Shawano, Wisconsin",0.004222222222222223
2126,"Sheboygan, Wisconsin",0.0
2127,"Shelby, Alabama",0.0016216216216216215
2128,"Shelby, Illinois",0.0
2129,"Shelby, Indiana",0.0
2130,"Shelby, Iowa",0.0
2131,"Shelby, Kentucky",0.0
2132,"Shelby, Missouri",0.0
2133,"Shelby, Ohio",0.0
2134,"Shelby, Tennessee",0.0
2135,"Shelby, Texas",0.0
2136,"Shenandoah, Virginia",0.0
2137,"Sherburne, Minnesota",0.0
2138,"Sheridan, Montana",0.0
2139,"Sheridan, Nebraska",0.0
2140,"Sheridan, North Dakota",0.0
2141,"Sheridan, Wyoming",0.0
2142,"Sherman, Nebraska",0.0
2143,"Sherman, Oregon",0.0
2144,"Sherman, Texas",0.0
2145,"Shiawassee, Michigan",0.0
2146,"Shoshone, Idaho",0.0
2147,"Sibley, Minnesota",0.0
2148,"Sierra, New Mexico",0.0
2149,"Silver bow, Montana",0.0
2150,"Silverbow, Montana",0.0
2151,"Simpson, Kentucky",0.0
2152,"Sioux, Iowa",0.0
2153,"Sioux, Nebraska",0.0
2154,"Sioux, North Dakota",0.0
2155,"Siskiyou, California",0.0
2156,"Skagit, Washington",0.0
2157,"Skamania, Washington",0.0
2158,"Slope, North Dakota",0.0
2159,"Smith, Texas",0.0
2160,"Smyth, Virginia",0.0
2161,"Snohomish, Washington",0.0
2162,"Snyder county, Pennsylvania",0.0
2163,"Snyder, Pennsylvania",0.0
2164,"Socorro, New Mexico",0.0
2165,"Solano, California",0.0
2166,"Somerset county, Pennsylvania",0.0
2167,"Somerset, Maine",0.0
2168,"Somerset, Maryland",0.009999999999999998
2169,"Somerset, New Jersey",0.0
2170,"Somerset, Pennsylvania",0.0
2171,"Somervell, Texas",0.0
2172,"Sonoma, California",0.0
2173,"Southampton, Virginia",0.0
2174,"Southeast fairbanks, Alaska",0.0
2175,"Spartanburg, South Carolina",0.0
2176,"Spencer, Indiana",0.0
2177,"Spink county, South Dakota",0.0
2178,"Spokane, Washington",0.0
2179,"Spotsylvania, Virginia",0.0
2180,"St clair, Alabama",0.0
2181,"St helena, Louisiana",0.0
2182,"St joseph, Indiana",0.0
2183,"St landry, Louisiana",0.0
2184,"St lawrence, New York",0.0
2185,"St louis, Missouri",0.0
2186,"St mary's, Maryland",0.0
2187,"St tammany, Louisiana",0.0
2188,"St. bernard, Louisiana",0.0
2189,"St. charles, Louisiana",0.0
2190,"St. charles, Missouri",0.0
2191,"St. clair county, Missouri",0.0
2192,"St. clair, Alabama",0.0022916666666666667
2193,"St. clair, Illinois",0.0
2194,"St. clair, Michigan",0.0
2195,"St. clair, Missouri",0.0
2196,"St. croix, Wisconsin",0.0
2197,"St. francis, Arkansas",0.0
2198,"St. francois, Missouri",0.0
2199,"St. helena, Louisiana",0.0
2200,"St. james, Louisiana",0.0
2201,"St. john the baptist parish, Louisiana",0.0
2202,"St. john the baptist, Louisiana",0.0
2203,"St. johns, Florida",0.0
2204,"St. joseph county, Indiana",0.0
2205,"St. joseph, Indiana",0.0
2206,"St. joseph, Michigan",0.0
2207,"St. landry, Louisiana",0.003
2208,"St. lawrence, New York",0.0
2209,"St. louis city, Missouri",0.0
2210,"St. louis, Minnesota",0.0
2211,"St. louis, Missouri",0.0
2212,"St. lucie, Florida",0.0
2213,"St. martin parish, Louisiana",0.0
2214,"St. martin, Louisiana",0.0
2215,"St. mary parish, Louisiana",0.0
2216,"St. mary's county, Maryland",0.0
2217,"St. mary's, Maryland",0.0009859154929577466
2218,"St. mary, Louisiana",0.0
2219,"St. tammany parish, Louisiana",0.0
2220,"St. tammany, Louisiana",0.015912052117263844
2221,"Stafford, Virginia",0.0
2222,"Stanislaus, California",0.0
2223,"Stanly, North Carolina",0.0
2224,"Stanton, Nebraska",0.0
2225,"Stark, Illinois",0.0
2226,"Stark, North Dakota",0.0
2227,"Stark, Ohio",0.0
2228,"Starke, Indiana",0.0
2229,"Starr, Texas",0.0
2230,"Staunton, Virginia",0.0
2231,"Ste. genevieve, Missouri",0.0
2232,"Stearns, Minnesota",0.0
2233,"Steele, Minnesota",0.0
2234,"Stephens, Texas",0.0
2235,"Stephenson, Illinois",0.0
2236,"Sterling, Texas",0.0
2237,"Steuben, Indiana",0.0
2238,"Steuben, New York",0.0
2239,"Stevens, Minnesota",0.0
2240,"Stevens, Washington",0.0
2241,"Stillwater, Montana",0.0
2242,"Stoddard, Missouri",0.0
2243,"Stokes, North Carolina",0.0
2244,"Stone, Arkansas",0.0
2245,"Stone, Missouri",0.0
2246,"Stonewall, Texas",0.0
2247,"Storey, Nevada",0.0
2248,"Story, Iowa",0.0
2249,"Strafford, New Hampshire",0.0
2250,"Stutsman, North Dakota",0.0
2251,"Sublette, Wyoming",0.0
2252,"Suffolk city, Virginia",0.0
2253,"Suffolk, Massachusetts",0.0
2254,"Suffolk, Virginia",0.0
2255,"Sullivan, Indiana",0.0
2256,"Sullivan, Missouri",0.0
2257,"Sullivan, New Hampshire",0.0
2258,"Sullivan, New York",0.0
2259,"Sullivan, Pennsylvania",0.0
2260,"Summers, West Virginia",0.0
2261,"Summit, Ohio",0.0
2262,"Summit, Utah",0.0
2263,"Sumter, Alabama",0.0
2264,"Sumter, Florida",0.0
2265,"Sumter, South Carolina",0.0
2266,"Surry, North Carolina",0.0
2267,"Surry, Virginia",0.0
2268,"Susquehanna, Pennsylvania",0.0
2269,"Sussex, New Jersey",0.0
2270,"Sutter, California",0.0
2271,"Sutton, Texas",0.0
2272,"Suwannee, Florida",0.0
2273,"Swain, North Carolina",0.0
2274,"Sweet grass, Montana",0.0
2275,"Sweetwater county, Wyoming",0.0
2276,"Sweetwater, Wyoming",0.0
2277,"Swift county, Minnesota",0.0
2278,"Swift, Minnesota",0.0
2279,"Swisher, Texas",0.0
2280,"Switzerland, Indiana",0.0
2281,"Talbot, Maryland",0.002105263157894737
2282,"Talladega, Alabama",0.006837606837606838
2283,"Tallapoosa, Alabama",0.0
2284,"Tama, Iowa",0.0
2285,"Taney, Missouri",0.0
2286,"Tangipahoa parish, Louisiana",0.0
2287,"Tangipahoa, Louisiana",0.0
2288,"Taos, New Mexico",0.003273809523809524
2289,"Tarrant, Texas",0.0
2290,"Taylor, Florida",0.0
2291,"Taylor, Kentucky",0.0
2292,"Taylor, Texas",0.0
2293,"Taylor, Wisconsin",0.0
2294,"Tazewell, Illinois",0.0
2295,"Tazewell, Virginia",0.0
2296,"Tensas, Louisiana",0.0
2297,"Terrebonne, Louisiana",0.0
2298,"Terrell, Texas",0.0
2299,"Terry, Texas",0.0
2300,"Teton, Idaho",0.0
2301,"Teton, Montana",0.0
2302,"Teton, Wyoming",0.0
2303,"Texas, Missouri",0.0
2304,"Texas, Oklahoma",0.0
2305,"Thayer, Nebraska",0.0
2306,"Thomas, Nebraska",0.0
2307,"Throckmorton, Texas",0.0
2308,"Thurston, Nebraska",0.0
2309,"Thurston, Washington",0.0
2310,"Tillamook county, Oregon",0.0
2311,"Tillamook, Oregon",0.0
2312,"Tillman, Oklahoma",0.0
2313,"Tioga county, Pennsylvania",0.0
2314,"Tioga, New York",0.0
2315,"Tioga, Pennsylvania",0.0
2316,"Tippecanoe, Indiana",0.0
2317,"Tipton, Indiana",0.0
2318,"Titus, Texas",0.0
2319,"Todd, Kentucky",0.0
2320,"Todd, Minnesota",0.0
2321,"Todd, South Dakota",0.0
2322,"Tolland, Connecticut",0.0
2323,"Tom green, Texas",0.0
2324,"Tompkins, New York",0.0
2325,"Tooele, Utah",0.0
2326,"Toole, Montana",0.0
2327,"Torrance, New Mexico",0.0
2328,"Towner, North Dakota",0.0
2329,"Traill, North Dakota",0.0
2330,"Transylvania, North Carolina",0.0
2331,"Traverse, Minnesota",0.0
2332,"Travis, Texas",0.0
2333,"Treasure, Montana",0.0
2334,"Trempealeau, Wisconsin",0.0
2335,"Trigg, Kentucky",0.0
2336,"Trimble, Kentucky",0.0
2337,"Trinity, Texas",0.0
2338,"Tripp, South Dakota",0.0
2339,"Trumbull, Ohio",0.0
2340,"Tucker, West Virginia",0.0
2341,"Tulare, California",0.0
2342,"Turner, South Dakota",0.0
2343,"Tuscaloosa, Alabama",0.0
2344,"Tuscarawas, Ohio",0.0
2345,"Tuscola, Michigan",0.0
2346,"Twin falls, Idaho",0.0
2347,"Tyler, Texas",0.0
2348,"Tyler, West Virginia",0.0
2349,"Tyrrell, North Carolina",0.0
2350,"Uinta, Wyoming",0.0
2351,"Uintah, Utah",0.0
2352,"Ulster, New York",0.0
2353,"Umatilla, Oregon",0.0
2354,"Union county, Pennsylvania",0.0
2355,"Union parish, Louisiana",0.0
2356,"Union, Arkansas",0.0
2357,"Union, Florida",0.0
2358,"Union, Illinois",0.0
2359,"Union, Indiana",0.0
2360,"Union, Iowa",0.0
2361,"Union, Kentucky",0.0
2362,"Union, Louisiana",0.0
2363,"Union, New Mexico",0.0
2364,"Union, North Carolina",0.0
2365,"Union, Oregon",0.0
2366,"Union, Pennsylvania",0.0
2367,"Union, South Carolina",0.0
2368,"Union, South Dakota",0.0
2369,"Unknown, South Carolina",0.0
2370,"Upshur, Texas",0.0
2371,"Upshur, West Virginia",0.0
2372,"Upton, Texas",0.0
2373,"Utah, Utah",0.0
2374,"Uvalde, Texas",0.0
2375,"Val verde, Texas",0.0
2376,"Valencia, New Mexico",0.0
2377,"Valley, Idaho",0.0
2378,"Valley, Montana",0.0
2379,"Valley, Nebraska",0.0
2380,"Van buren, Arkansas",0.0
2381,"Van buren, Michigan",0.0
2382,"Van wert, Ohio",0.0
2383,"Van zandt, Texas",0.0
2384,"Vance, North Carolina",0.0
2385,"Vanderburgh, Indiana",0.0
2386,"Venango county, Pennsylvania",0.0
2387,"Venango, Pennsylvania",0.0
2388,"Ventura, California",0.0
2389,"Vermilion, Illinois",0.0
2390,"Vermilion, Louisiana",0.013125
2391,"Vermillion county, Indiana",0.0
2392,"Vermillion, Indiana",0.0
2393,"Vernon, Louisiana",0.0
2394,"Vernon, Missouri",0.0
2395,"Vernon, Wisconsin",0.0
2396,"Victoria, Texas",0.0
2397,"Vigo, Indiana",0.0
2398,"Vilas, Wisconsin",0.0
2399,"Volusia, Florida",0.000945
2400,"Wabash, Illinois",0.0
2401,"Wabash, Indiana",0.0
2402,"Wabasha, Minnesota",0.0
2403,"Wadena, Minnesota",0.0
2404,"Wahkiakum, Washington",0.0
2405,"Wake, North Carolina",6.695069993913573e-05
2406,"Wakulla, Florida",0.0
2407,"Waldo, Maine",0.0
2408,"Walker, Alabama",0.0
2409,"Walker, Texas",0.0
2410,"Walla walla, Washington",0.0
2411,"Waller, Texas",0.0
2412,"Wallowa, Oregon",0.0
2413,"Walsh, North Dakota",0.0
2414,"Walton, Florida",0.0
2415,"Walworth, South Dakota",0.0
2416,"Walworth, Wisconsin",0.0
2417,"Wapello, Iowa",0.0
2418,"Ward, North Dakota",0.0
2419,"Ward, Texas",0.0
2420,"Warren county, Pennsylvania",0.0
2421,"Warren, Illinois",0.0
2422,"Warren, Indiana",0.0
2423,"Warren, Iowa",0.0
2424,"Warren, Kentucky",0.0
2425,"Warren, Missouri",0.0
2426,"Warren, New Jersey",0.0
2427,"Warren, New York",0.0
2428,"Warren, North Carolina",0.0
2429,"Warren, Ohio",0.0
2430,"Warren, Pennsylvania",0.0
2431,"Warren, Virginia",0.0
2432,"Warrick, Indiana",0.0
2433,"Wasatch, Utah",0.0
2434,"Wasco, Oregon",0.0
2435,"Waseca, Minnesota",0.0
2436,"Washakie, Wyoming",0.0
2437,"Washburn, Wisconsin",0.0
2438,"Washington county, Rhode Island",0.0
2439,"Washington parish, Louisiana",0.0
2440,"Washington, Alabama",0.0
2441,"Washington, Arkansas",0.0
2442,"Washington, Florida",0.0
2443,"Washington, Idaho",0.0
2444,"Washington, Illinois",0.0
2445,"Washington, Indiana",0.0
2446,"Washington, Iowa",0.0
2447,"Washington, Kentucky",0.0
2448,"Washington, Louisiana",0.0
2449,"Washington, Maine",0.0
2450,"Washington, Maryland",0.0006122448979591836
2451,"Washington, Minnesota",0.0
2452,"Washington, Missouri",0.0
2453,"Washington, Nebraska",0.0
2454,"Washington, New York",0.0
2455,"Washington, North Carolina",0.0
2456,"Washington, Ohio",0.0
2457,"Washington, Oklahoma",0.0
2458,"Washington, Oregon",0.0
2459,"Washington, Pennsylvania",0.0
2460,"Washington, Rhode Island",0.0
2461,"Washington, Texas",0.0
2462,"Washington, Utah",0.0
2463,"Washington, Vermont",0.0
2464,"Washington, Virginia",0.0
2465,"Washington, Wisconsin",0.0
2466,"Washita, Oklahoma",0.0
2467,"Washoe, Nevada",0.0
2468,"Washtenaw, Michigan",0.0
2469,"Watauga, North Carolina",0.0
2470,"Watonwan, Minnesota",0.0
2471,"Waukesha, Wisconsin",0.0
2472,"Waupaca, Wisconsin",0.0
2473,"Waushara, Wisconsin",0.0
2474,"Wayne, Illinois",0.0
2475,"Wayne, Indiana",0.0
2476,"Wayne, Kentucky",0.0
2477,"Wayne, Michigan",0.0
2478,"Wayne, Missouri",0.0
2479,"Wayne, Nebraska",0.0
2480,"Wayne, New York",0.0
2481,"Wayne, North Carolina",0.00040883977900552483
2482,"Wayne, Ohio",0.0
2483,"Wayne, Pennsylvania",0.0
2484,"Wayne, Utah",0.0
2485,"Wayne, West Virginia",0.0
2486,"Waynesboro city, Virginia",0.0
2487,"Webb county, Texas",0.0
2488,"Webb, Texas",0.0
2489,"Weber, Utah",0.0
2490,"Webster, Iowa",0.0
2491,"Webster, Kentucky",0.0
2492,"Webster, Louisiana",0.0
2493,"Webster, Missouri",0.0
2494,"Webster, Nebraska",0.0
2495,"Webster, West Virginia",0.0
2496,"Wells, Indiana",0.0
2497,"Wells, North Dakota",0.0
2498,"West baton rouge, Louisiana",0.0
2499,"West carroll parish, Louisiana",0.0
2500,"West carroll, Louisiana",0.0
2501,"West feliciana, Louisiana",0.0
2502,"Westchester, New York",0.0
2503,"Westmoreland, Pennsylvania",0.0
2504,"Westmoreland, Virginia",0.0
2505,"Weston, Wyoming",0.0
2506,"Wetzel, West Virginia",0.0
2507,"Wexford, Michigan",0.0
2508,"Wharton, Texas",0.0
2509,"Whatcom, Washington",0.0
2510,"Wheatland, Montana",0.0
2511,"Wheeler, Nebraska",0.0
2512,"Wheeler, Oregon",0.0
2513,"Wheeler, Texas",0.0
2514,"White pine, Nevada",0.0
2515,"White, Arkansas",0.0
2516,"White, Illinois",0.0
2517,"White, Indiana",0.0
2518,"Whiteside, Illinois",0.0
2519,"Whitley, Indiana",0.0
2520,"Whitley, Kentucky",0.0
2521,"Whitman, Washington",0.0
2522,"Wibaux, Montana",0.0
2523,"Wichita, Texas",0.0
2524,"Wicomico, Maryland",0.0015384615384615385
2525,"Wilbarger, Texas",0.0
2526,"Wilcox, Alabama",0.0
2527,"Wilkes, North Carolina",0.0
2528,"Will, Illinois",0.0
2529,"Willacy county, Texas",0.0
2530,"Willacy, Texas",0.0
2531,"Williams, North Dakota",0.0
2532,"Williamsburg, South Carolina",0.0
2533,"Williamson, Illinois",0.0
2534,"Williamson, Texas",0.0
2535,"Wilson, North Carolina",0.0
2536,"Wilson, Texas",0.0
2537,"Winchester, Virginia",0.0
2538,"Windham, Connecticut",0.0
2539,"Windham, Vermont",0.0
2540,"Windsor, Vermont",0.0
2541,"Winkler, Texas",0.0
2542,"Winn, Louisiana",0.0
2543,"Winnebago, Illinois",0.0
2544,"Winnebago, Iowa",0.0
2545,"Winnebago, Wisconsin",0.0
2546,"Winneshiek, Iowa",0.0
2547,"Winona, Minnesota",0.0
2548,"Winston, Alabama",0.0
2549,"Wise, Texas",0.0
2550,"Wolfe, Kentucky",0.0
2551,"Wood, Ohio",0.0
2552,"Wood, Texas",0.0
2553,"Wood, West Virginia",0.0
2554,"Wood, Wisconsin",0.002093023255813953
2555,"Woodbury, Iowa",0.0
2556,"Woodford, Illinois",0.0
2557,"Woodford, Kentucky",0.0
2558,"Woodruff, Arkansas",0.0
2559,"Woods, Oklahoma",0.0
2560,"Woodward, Oklahoma",0.0
2561,"Worcester, Maryland",0.0022222222222222222
2562,"Worcester, Massachusetts",0.0
2563,"Worth, Iowa",0.0
2564,"Worth, Missouri",0.0
2565,"Wright, Iowa",0.0
2566,"Wright, Minnesota",0.0
2567,"Wright, Missouri",0.0
2568,"Wyandot, Ohio",0.0
2569,"Wyandotte, Kansas",0.0
2570,"Wyoming, New York",0.06976744186046512
2571,"Wyoming, Pennsylvania",0.0
2572,"Wyoming, West Virginia",0.0
2573,"Wythe, Virginia",0.0
2574,"Yadkin, North Carolina",0.0
2575,"Yakima, Washington",0.0
2576,"Yakutat, Alaska",0.0
2577,"Yamhill, Oregon",0.0
2578,"Yancey, North Carolina",0.0
2579,"Yankton, South Dakota",0.7777777777777778
2580,"Yates, New York",0.0
2581,"Yavapai, Arizona",0.0
2582,"Yell, Arkansas",0.0
2583,"Yellow medicine county, Minnesota",0.0
2584,"Yellow medicine, Minnesota",0.0
2585,"Yellowstone, Montana",0.0
2586,"Yoakum, Texas",0.0
2587,"Yolo, California",0.0
2588,"York county, Pennsylvania",0.0
2589,"York, Maine",0.0
2590,"York, Nebraska",0.0
2591,"York, Pennsylvania",0.0
2592,"York, South Carolina",0.0
2593,"Young, Texas",0.0
2594,"Yuba, California",0.0
2595,"Yuma county, Arizona",0.0
2596,"Yuma, Arizona",0.0
2597,"Zapata county, Texas",0.0
2598,"Zapata, Texas",0.0
2599,"Zavala, Texas",0.0
