Incidence, US by County, All Races, Colon & Rectum (Both Sexes), 2013 - 2017
Area,Age-Adjusted Rate per 100,000,Lower CI,Upper CI,Count
"Yukon-Koyukuk, Alaska","138.6","95.8","193.8","38"
"Union, Florida","121.7","98.4","149.0","106"
"Kingsbury, South Dakota","114.2","79.9","159.6","40"
"Wade Hampton, Alaska","102.1","60.5","158.8","21"
"Bethel, Alaska","101.2","73.1","135.4","51"
"Nome, Alaska","101.2","65.5","147.6","31"
"Nance, Nebraska","91.7","54.0","146.7","21"
"North Slope, Alaska","87.7","53.3","134.2","29"
"Northwest Arctic, Alaska","86.4","52.9","131.7","22"
"Hitchcock, Nebraska","85.1","48.6","141.8","19"
"Douglas, South Dakota","84.3","42.9","148.8","17"
"Estill, Kentucky","81.2","63.1","103.3","73"
"Bracken, Kentucky","80.3","57.7","109.4","44"
"Bowman, North Dakota","77.7","40.4","135.1","16"
"Mercer, Missouri","76.9","45.9","123.3","20"
"Bolivar, Mississippi","76.0","63.7","90.0","145"
"Palo Alto, Iowa","75.6","52.7","105.2","43"
"Mingo, West Virginia","74.7","61.4","90.3","118"
"Holmes, Mississippi","74.7","58.4","94.3","75"
"Jefferson, Mississippi","73.7","50.1","105.0","33"
"Lowndes, Alabama","73.5","53.9","98.4","50"
"Covington, Virginia","73.3","49.0","107.5","30"
"Powell, Kentucky","73.2","54.2","96.9","52"
"Breathitt, Kentucky","73.0","54.8","95.5","58"
"Roosevelt, Montana","72.9","50.7","101.2","38"
"Sharkey, Mississippi","72.9","45.7","112.1","24"
"Sunflower, Mississippi","72.5","59.0","88.3","105"
"Thurston, Nebraska","72.0","44.2","109.9","22"
"Webster, West Virginia","71.5","50.9","98.5","45"
"Lawrence, Kentucky","71.3","54.8","91.6","67"
"Leflore, Mississippi","70.4","57.7","85.1","112"
"Turner, Georgia","70.4","48.8","98.8","37"
"Lee, Kentucky","70.2","47.6","100.9","33"
"Dallas, Arkansas","69.8","48.3","98.6","39"
"Dewey, South Dakota","68.1","38.4","110.9","16"
"Noxubee, Mississippi","68.0","49.0","92.2","44"
"Morehouse, Louisiana","67.9","55.5","82.4","115"
"Dillingham, Alaska","67.9","36.5","115.2","16"
"Stark, Illinois","67.8","44.2","101.2","28"
"St. Landry, Louisiana","67.8","60.5","75.8","327"
"Cross, Arkansas","67.6","52.6","85.9","73"
"Edwards, Illinois","67.2","45.1","97.3","31"
"Coal, Oklahoma","67.2","43.8","100.1","28"
"Hutchinson, South Dakota","66.9","45.8","95.5","37"
"Grundy, Tennessee","66.8","49.8","88.0","57"
"Kiowa, Oklahoma","66.8","46.8","93.0","40"
"Osceola, Iowa","66.8","44.1","98.4","32"
"Knox, Kentucky","66.6","55.2","79.9","125"
"Phillips, Montana","66.5","38.8","108.3","20"
"Macon, Alabama","66.5","52.6","83.3","87"
"Clinton, Kentucky","66.4","48.3","89.6","47"
"Carroll, Kentucky","66.1","47.4","90.1","43"
"Franklin, Virginia","65.9","44.4","94.5","33"
"Floyd, Kentucky","65.9","55.5","77.8","150"
"Walsh, North Dakota","65.8","48.5","87.9","55"
"Clay, Georgia","65.7","35.0","115.9","16"
"Clarke, Alabama","65.6","53.4","79.9","107"
"Kearney, Nebraska","65.2","42.8","96.1","29"
"Richland, Illinois","65.1","49.7","84.0","67"
"Carroll, Mississippi","65.1","47.7","87.6","51"
"Barton, Missouri","64.9","47.8","86.5","51"
"Spink, South Dakota","64.6","41.5","96.6","28"
"Decatur, Iowa","64.5","42.6","94.1","31"
"Day, South Dakota","64.4","39.5","100.3","26"
"Crenshaw, Alabama","64.3","48.1","84.5","57"
"Wirt, West Virginia","64.1","39.8","98.7","25"
"Charlotte, Virginia","63.9","48.0","84.0","58"
"Letcher, Kentucky","63.7","51.4","78.3","100"
"Yalobusha, Mississippi","63.5","47.0","84.3","54"
"Fleming, Kentucky","63.4","48.0","82.7","60"
"Big Horn, Montana","63.4","44.4","87.6","38"
"Evangeline, Louisiana","63.4","52.3","76.2","119"
"Washington, Kentucky","63.3","46.5","84.7","50"
"Bath, Virginia","63.3","39.4","100.0","24"
"Montgomery, Mississippi","63.2","46.0","85.6","48"
"Dallas, Alabama","63.2","53.5","74.3","160"
"Rolette, North Dakota","63.1","45.2","85.6","43"
"Mercer, Kentucky","63.0","50.0","78.5","88"
"Marion, Mississippi","63.0","51.0","77.0","102"
"La Salle, Louisiana","62.8","47.2","82.0","56"
"Thayer, Nebraska","62.7","41.8","93.5","31"
"Cass, Iowa","62.5","47.4","81.4","65"
"Starr, Texas","62.5","53.5","72.6","174"
"Martin, Kentucky","62.3","44.6","84.9","43"
"Swain, North Carolina","62.2","46.7","81.5","57"
"Dickey, North Dakota","62.2","38.8","96.3","24"
"Kit Carson, Colorado","62.1","41.0","90.6","29"
"Monroe, Iowa","62.0","42.5","88.4","35"
"Jay, Indiana","62.0","48.8","77.9","79"
"Phillips, Arkansas","61.9","48.4","78.2","76"
"Sumter, Alabama","61.8","43.7","84.8","44"
"Arkansas, Arkansas","61.8","48.1","78.5","75"
"Mountrail, North Dakota","61.7","41.7","88.0","32"
"Russell, Kentucky","61.6","48.0","78.1","74"
"Taylor, Kentucky","61.4","49.3","75.6","97"
"Lavaca, Texas","61.4","48.1","77.3","86"
"East Carroll, Louisiana","61.2","39.1","91.5","24"
"Drew, Arkansas","61.1","46.8","78.6","67"
"Tallahatchie, Mississippi","61.1","45.3","80.8","51"
"Anderson, Kentucky","60.9","47.7","76.7","76"
"Mississippi, Missouri","60.9","45.3","80.5","52"
"Calhoun, Arkansas","60.8","37.4","95.2","23"
"Perry, Kentucky","60.7","49.2","74.3","102"
"Garrard, Kentucky","60.7","46.5","78.1","65"
"Burke, Georgia","60.7","47.5","76.6","77"
"La Salle, Texas","60.6","37.7","92.5","22"
"Wilbarger, Texas","60.5","43.4","82.1","46"
"Peach, Georgia","60.5","48.6","74.7","93"
"McLean, Kentucky","60.4","42.2","84.5","38"
"Stewart, Georgia","60.4","36.5","95.3","20"
"Greer, Oklahoma","60.4","37.4","92.9","22"
"McDonough, Illinois","60.1","48.9","73.2","108"
"Dawson, Texas","60.0","42.7","82.0","41"
"Antelope, Nebraska","60.0","38.1","91.0","29"
"McCook, South Dakota","60.0","38.3","91.2","25"
"Wilkinson, Mississippi","59.9","40.7","85.4","33"
"Cumberland, Kentucky","59.9","40.4","87.1","32"
"Clinch, Georgia","59.8","36.7","92.2","22"
"Humboldt, Iowa","59.8","41.2","84.5","39"
"Lee, Georgia","59.8","47.0","75.0","82"
"Montgomery, Illinois","59.8","49.3","72.1","121"
"Bath, Kentucky","59.6","43.5","80.2","47"
"Delta, Texas","59.4","37.1","92.0","23"
"Tishomingo, Mississippi","59.3","46.6","74.6","81"
"Shelby, Illinois","59.3","47.8","73.2","100"
"Knox, Missouri","59.3","35.6","96.2","19"
"Terrell, Georgia","59.3","40.1","85.0","33"
"Sargent, North Dakota","59.2","32.2","101.4","16"
"Poinsett, Arkansas","59.2","47.3","73.4","90"
"Chickasaw, Mississippi","59.2","45.0","76.6","62"
"Scott, Indiana","59.2","47.0","73.8","85"
"Martinsville, Virginia","59.0","44.4","77.3","57"
"Cleburne, Alabama","59.0","44.8","76.8","61"
"Breckinridge, Kentucky","58.9","46.7","73.7","85"
"Butler, Kentucky","58.9","43.7","78.3","52"
"Keokuk, Iowa","58.9","42.4","80.5","46"
"Monroe, Arkansas","58.8","39.9","84.8","33"
"Logan, Illinois","58.8","48.2","71.2","112"
"Greensville, Virginia","58.7","41.6","80.8","40"
"Jefferson, Indiana","58.7","48.5","70.6","122"
"Kingfisher, Oklahoma","58.7","43.5","77.7","52"
"Marion, Kentucky","58.7","45.1","75.2","66"
"Monroe, Kentucky","58.6","42.0","80.3","43"
"Emmet, Iowa","58.6","42.5","79.8","46"
"Emanuel, Georgia","58.5","46.1","73.4","80"
"Nicholas, Kentucky","58.5","37.8","87.1","26"
"Charles City, Virginia","58.4","36.7","89.3","28"
"De Soto, Louisiana","58.4","47.0","71.8","97"
"Nicholas, West Virginia","58.4","47.3","71.5","105"
"Sussex, Virginia","58.3","41.5","80.2","41"
"Guernsey, Ohio","58.3","49.0","68.9","150"
"Lyon, Iowa","58.3","42.0","79.1","45"
"King William, Virginia","58.3","43.7","76.5","56"
"Mitchell, Georgia","58.2","45.7","73.1","78"
"Meriwether, Georgia","58.2","46.3","72.6","87"
"Clay, Alabama","58.2","42.5","78.1","50"
"Allen, Kentucky","58.1","45.3","73.6","74"
"Mills, Texas","58.0","32.4","96.7","19"
"Adams, Ohio","58.0","47.0","70.9","101"
"Calhoun, Illinois","58.0","37.0","89.5","24"
"Jefferson Davis, Mississippi","57.9","41.6","78.8","46"
"Sumter, Georgia","57.8","46.8","70.7","103"
"Assumption, Louisiana","57.7","45.6","72.3","83"
"St. Martin, Louisiana","57.7","49.1","67.3","171"
"Logan, West Virginia","57.6","48.0","68.6","139"
"Putnam, Indiana","57.6","47.9","68.9","128"
"Fulton, Pennsylvania","57.6","43.6","75.4","59"
"Monona, Iowa","57.5","40.2","80.8","42"
"Trousdale, Tennessee","57.5","38.1","83.6","29"
"Otoe, Nebraska","57.5","43.7","74.6","64"
"Carlisle, Kentucky","57.4","34.5","91.4","20"
"Grant, Indiana","57.3","50.1","65.2","251"
"Prowers, Colorado","57.3","40.8","78.4","42"
"Lauderdale, Tennessee","57.2","45.6","71.0","87"
"Knox, Indiana","57.2","47.6","68.2","134"
"Effingham, Illinois","57.1","47.2","68.4","124"
"Jasper, Texas","57.1","47.4","68.2","133"
"Sullivan, Indiana","57.1","44.6","72.1","75"
"Lawrence, Alabama","57.1","47.3","68.6","125"
"Boone, West Virginia","57.1","45.1","71.6","83"
"Warren, Illinois","57.1","43.6","73.8","65"
"Marengo, Alabama","57.0","44.3","72.3","74"
"Tucker, West Virginia","57.0","38.2","83.6","32"
"Custer, Montana","57.0","41.1","77.3","47"
"Montgomery, Kentucky","57.0","45.6","70.5","89"
"Carter, Kentucky","57.0","46.2","69.8","101"
"Pierce, Nebraska","57.0","37.6","83.8","29"
"Marion, Ohio","56.9","49.8","64.9","237"
"Gallatin, Kentucky","56.9","37.1","83.9","28"
"Garvin, Oklahoma","56.9","46.2","69.4","102"
"Blackford, Indiana","56.9","42.2","75.7","52"
"Bradley, Arkansas","56.8","40.6","77.8","42"
"Stephens, Georgia","56.8","45.6","70.0","96"
"Charles Mix, South Dakota","56.7","38.2","81.3","35"
"Mississippi, Arkansas","56.7","47.5","67.2","140"
"Hopewell, Virginia","56.7","44.0","71.9","72"
"Platte, Nebraska","56.7","46.3","68.7","110"
"Lawrence, Arkansas","56.6","43.1","73.3","64"
"Grayson, Kentucky","56.6","45.5","69.8","95"
"Pierce, North Dakota","56.6","32.0","94.5","18"
"Overton, Tennessee","56.6","44.8","70.7","85"
"Washington, Nebraska","56.5","43.3","72.5","66"
"DeWitt, Texas","56.5","44.4","71.1","79"
"Banks, Georgia","56.5","42.9","73.3","62"
"Calhoun, West Virginia","56.5","38.6","81.4","34"
"Merrick, Nebraska","56.5","37.8","82.0","31"
"Wilcox, Alabama","56.4","39.2","78.9","37"
"Van Wert, Ohio","56.4","46.0","68.7","107"
"Calhoun, Mississippi","56.4","42.4","74.0","56"
"Newton, Mississippi","56.3","44.1","71.1","74"
"Pocahontas, Iowa","56.1","36.7","83.3","31"
"Hancock, Georgia","56.1","38.2","80.7","35"
"Starke, Indiana","56.1","44.8","69.8","89"
"Cass, Illinois","56.0","40.5","75.8","45"
"Williamson, Illinois","56.0","49.1","63.6","248"
"Hardin, Ohio","56.0","45.5","68.3","102"
"Wayne, Mississippi","55.9","43.3","71.3","70"
"Fountain, Indiana","55.9","42.6","72.4","63"
"Polk, Nebraska","55.9","31.6","92.2","18"
"Owsley, Kentucky","55.9","32.4","92.0","18"
"Fulton, Kentucky","55.8","35.8","84.5","25"
"Washington, Mississippi","55.8","47.0","65.9","149"
"Leake, Mississippi","55.7","43.2","70.7","71"
"Campbell, Kentucky","55.7","49.5","62.6","299"
"De Witt, Illinois","55.7","42.3","72.5","61"
"Menard, Illinois","55.7","40.3","75.6","46"
"Marion, Illinois","55.7","46.4","66.3","139"
"Lewis, Kentucky","55.7","41.1","74.2","51"
"Cumberland, Illinois","55.6","39.5","76.7","41"
"Hamilton, Illinois","55.6","38.3","79.3","35"
"Scott, Illinois","55.6","33.1","89.0","20"
"Choctaw, Alabama","55.6","41.9","73.1","57"
"Henry, Iowa","55.6","42.8","71.2","68"
"Valley, Nebraska","55.5","33.5","89.9","20"
"Magoffin, Kentucky","55.5","39.6","75.9","43"
"Van Buren, Iowa","55.5","37.4","80.7","31"
"Zavala, Texas","55.5","38.1","78.1","34"
"Adair, Iowa","55.4","37.9","79.9","35"
"Runnels, Texas","55.4","39.6","76.1","42"
"Adair, Kentucky","55.4","42.4","71.5","64"
"Green, Kentucky","55.4","39.5","76.2","43"
"Franklin, Louisiana","55.4","43.1","70.4","72"
"Forest, Wisconsin","55.4","38.2","78.8","38"
"Morgan, Missouri","55.4","43.4","70.1","84"
"Boyle, Kentucky","55.3","45.0","67.5","106"
"Copiah, Mississippi","55.2","44.6","67.7","100"
"Boyd, Kentucky","55.2","47.3","64.1","184"
"McDuffie, Georgia","55.2","43.1","69.8","76"
"Pendleton, West Virginia","55.1","36.5","81.5","34"
"Franklin, Mississippi","55.1","36.1","81.4","28"
"Chambers, Alabama","55.1","45.5","66.2","124"
"Clinton, Pennsylvania","55.1","45.9","65.7","134"
"Northumberland, Virginia","55.1","42.4","72.2","74"
"Houston, Tennessee","55.0","35.9","81.3","29"
"Desha, Arkansas","55.0","39.8","74.6","46"
"Tunica, Mississippi","55.0","35.7","80.7","28"
"Walthall, Mississippi","55.0","41.2","72.2","57"
"Christian, Illinois","55.0","45.6","65.9","128"
"Kay, Oklahoma","55.0","46.4","64.8","157"
"Lamar, Alabama","54.9","41.2","72.3","57"
"Crawford, Missouri","54.9","43.8","68.2","90"
"Marion, South Carolina","54.9","44.7","66.7","111"
"Lincoln, West Virginia","54.8","43.0","69.0","78"
"Clinton, Missouri","54.8","42.6","69.6","74"
"Wright, Missouri","54.8","41.9","70.8","66"
"Taylor, West Virginia","54.8","41.9","70.8","64"
"Kalkaska, Michigan","54.7","41.7","70.8","66"
"Wabash, Illinois","54.7","39.6","74.4","46"
"Catahoula, Louisiana","54.7","37.1","78.1","33"
"McCreary, Kentucky","54.6","41.1","71.3","58"
"Talbot, Georgia","54.6","34.4","83.9","27"
"Karnes, Texas","54.6","39.6","73.4","45"
"Alexander, Illinois","54.6","34.8","82.6","26"
"Woodbury, Iowa","54.5","48.5","61.1","309"
"Randolph, Missouri","54.5","43.2","68.0","82"
"Cuming, Nebraska","54.5","36.6","78.7","35"
"Chattooga, Georgia","54.5","43.5","67.7","87"
"Comanche, Texas","54.5","40.7","72.0","58"
"Decatur, Georgia","54.4","43.4","67.5","88"
"Natchitoches, Louisiana","54.4","44.7","65.6","118"
"Johnson, Kentucky","54.4","42.7","68.5","78"
"East Feliciana, Louisiana","54.4","42.0","69.5","71"
"McLean, North Dakota","54.4","37.8","76.7","39"
"Livingston, Illinois","54.3","45.1","64.9","131"
"Sabine, Texas","54.3","38.6","75.4","50"
"Winn, Louisiana","54.3","39.9","72.4","50"
"Carroll, Missouri","54.2","37.5","76.7","36"
"Lewis, Missouri","54.2","37.7","76.0","37"
"Lincoln, Kentucky","54.2","43.0","67.6","84"
"Menifee, Kentucky","54.1","34.6","82.1","26"
"Gilmer, West Virginia","54.1","35.4","80.0","27"
"Clay, Arkansas","54.1","40.7","70.9","59"
"Shannon, South Dakota","54.0","34.3","80.4","26"
"Union, South Dakota","54.0","39.2","72.7","47"
"Bell, Kentucky","54.0","43.4","66.6","96"
"Clay, West Virginia","54.0","36.9","77.3","34"
"Sequatchie, Tennessee","53.9","40.3","71.3","55"
"Putnam, Georgia","53.9","42.2","68.1","82"
"Allen, Louisiana","53.9","42.6","67.3","81"
"Twiggs, Georgia","53.8","36.4","77.9","33"
"Williamsburg, South Carolina","53.8","44.0","65.3","114"
"Wharton, Texas","53.8","45.0","63.8","138"
"Saline, Illinois","53.8","42.7","67.0","87"
"Warren, Georgia","53.8","33.1","84.7","22"
"Reynolds, Missouri","53.8","34.7","81.3","27"
"Morgan, Kentucky","53.8","38.5","73.4","43"
"Crockett, Tennessee","53.8","39.9","71.5","52"
"Choctaw, Oklahoma","53.7","40.1","70.8","57"
"Jackson, Arkansas","53.7","40.9","69.7","61"
"St. Mary, Louisiana","53.7","45.7","62.7","167"
"Acadia, Louisiana","53.7","46.2","62.0","192"
"Valley, Montana","53.6","35.8","78.5","31"
"Wrangell-Petersburg, Alaska","53.6","31.6","86.0","20"
"Greene, Pennsylvania","53.6","44.4","64.1","129"
"Harlan, Kentucky","53.5","42.8","66.1","95"
"Cibola, New Mexico","53.5","42.4","66.7","83"
"McDowell, West Virginia","53.5","41.8","67.8","77"
"Covington, Mississippi","53.5","40.6","69.3","61"
"Stewart, Tennessee","53.5","39.1","72.0","49"
"Bollinger, Missouri","53.4","38.4","72.9","45"
"Montgomery, Iowa","53.4","37.8","74.1","43"
"Custer, Colorado","53.4","29.6","93.6","20"
"LaMoure, North Dakota","53.4","31.5","88.7","19"
"Muscatine, Iowa","53.4","44.6","63.3","138"
"Schuyler, New York","53.3","39.8","70.0","59"
"Vermilion, Illinois","53.3","46.9","60.4","266"
"Shelby, Iowa","53.3","38.9","72.2","51"
"Washington, Illinois","53.2","39.5","70.7","53"
"Spencer, Kentucky","53.2","39.1","70.8","53"
"Defiance, Ohio","53.2","44.1","63.8","125"
"Payette, Idaho","53.1","41.0","67.6","71"
"Pike, Kentucky","53.1","45.9","61.1","209"
"Scott, Missouri","53.1","44.2","63.3","131"
"Little River, Arkansas","53.1","38.3","72.3","46"
"Pickett, Tennessee","53.1","31.5","86.2","21"
"Jackson, Iowa","53.1","41.2","67.8","73"
"Clarke, Mississippi","53.1","39.8","69.6","58"
"Ashland, Ohio","53.0","45.6","61.4","190"
"Oneida, Wisconsin","53.0","44.6","62.9","155"
"Jasper, Illinois","53.0","36.8","74.7","36"
"Guthrie, Iowa","52.9","37.8","72.9","44"
"Craig, Oklahoma","52.9","39.7","69.6","55"
"Richmond, Virginia","52.8","36.5","75.0","35"
"Union, Arkansas","52.8","43.8","63.2","130"
"Pendleton, Kentucky","52.8","38.2","71.3","46"
"Madison, Louisiana","52.8","36.1","74.8","33"
"Jasper, Georgia","52.8","38.5","71.1","48"
"Jim Hogg, Texas","52.8","30.4","86.3","17"
"Rockcastle, Kentucky","52.8","39.2","69.7","55"
"Lawrence, Mississippi","52.8","37.9","72.1","43"
"Monroe, Alabama","52.8","41.6","66.4","81"
"Fulton, Illinois","52.7","43.9","62.9","134"
"Mills, Iowa","52.7","38.4","70.9","48"
"Union, Iowa","52.7","37.1","72.9","41"
"Butte, South Dakota","52.7","36.9","73.8","37"
"Neshoba, Mississippi","52.7","41.9","65.5","85"
"Todd, South Dakota","52.7","29.0","86.3","16"
"Wolfe, Kentucky","52.7","33.6","79.4","26"
"Lewis, New York","52.6","41.5","65.9","83"
"Wayne, Kentucky","52.6","40.9","66.9","74"
"Covington, Alabama","52.6","43.7","62.8","135"
"Morrill, Nebraska","52.6","29.5","87.8","17"
"Ashley, Arkansas","52.6","40.7","67.1","71"
"Yazoo, Mississippi","52.5","41.5","65.6","80"
"Brooks, Georgia","52.5","38.8","69.8","53"
"Linn, Missouri","52.5","37.8","71.6","47"
"Bourbon, Kentucky","52.5","40.5","67.1","69"
"Ohio, Kentucky","52.5","41.2","66.1","78"
"Iroquois, Illinois","52.5","42.7","64.2","108"
"Lamar, Texas","52.5","44.8","61.4","172"
"Jefferson, Arkansas","52.5","45.7","60.1","227"
"Carroll, Georgia","52.4","46.6","58.7","309"
"Haskell, Oklahoma","52.4","38.0","71.0","46"
"Jefferson, Illinois","52.4","43.7","62.3","135"
"Carroll, Indiana","52.4","40.5","67.1","69"
"Hart, Kentucky","52.4","39.9","67.8","62"
"Craig, Virginia","52.3","30.5","85.8","20"
"Pleasants, West Virginia","52.3","34.3","77.7","27"
"Benson, North Dakota","52.3","30.6","83.6","18"
"Decatur, Tennessee","52.3","37.4","71.8","46"
"Columbia, Pennsylvania","52.3","45.4","60.1","223"
"Itawamba, Mississippi","52.3","40.8","66.1","73"
"Grundy, Iowa","52.3","37.1","72.0","44"
"Monroe, West Virginia","52.3","38.6","69.9","54"
"Hampshire, West Virginia","52.2","41.1","65.6","86"
"Prairie, Arkansas","52.2","34.8","76.2","33"
"Warren, North Carolina","52.2","40.0","67.2","74"
"Nelson, Kentucky","52.2","43.5","62.2","134"
"West Carroll, Louisiana","52.2","36.5","72.6","38"
"DeKalb, Indiana","52.2","43.4","62.3","130"
"Simpson, Mississippi","52.2","41.3","65.2","83"
"Dunklin, Missouri","52.2","42.4","63.7","103"
"Macon, Illinois","52.2","46.8","58.0","378"
"Tama, Iowa","52.1","40.3","66.8","70"
"Brookings, South Dakota","52.1","40.8","65.6","75"
"Sheridan, Montana","52.1","29.3","89.7","16"
"Floyd, Texas","52.1","31.3","82.4","20"
"Lanier, Georgia","52.0","34.0","76.2","28"
"Fayette, Alabama","52.0","39.5","67.7","62"
"Wabash, Indiana","52.0","42.7","63.0","117"
"Madison, Iowa","52.0","38.3","69.3","50"
"Moore, Texas","51.9","38.4","68.6","50"
"Yuma, Colorado","51.9","35.5","73.8","33"
"Wetzel, West Virginia","51.8","39.4","67.4","63"
"Morgan, Georgia","51.8","39.3","67.3","62"
"Glacier, Montana","51.7","35.3","73.0","34"
"Dixon, Nebraska","51.7","32.3","80.4","23"
"Noble, Oklahoma","51.7","36.3","71.9","39"
"Dukes, Massachusetts","51.7","39.6","66.8","69"
"Refugio, Texas","51.7","31.7","79.9","23"
"Cook, Georgia","51.7","38.0","68.7","49"
"Caldwell, Louisiana","51.6","34.6","74.4","31"
"Scott, Arkansas","51.6","35.9","72.4","38"
"Butts, Georgia","51.6","39.9","65.8","69"
"Terrebonne, Louisiana","51.6","45.9","57.7","315"
"Gem, Idaho","51.5","38.7","67.7","62"
"Marion, Iowa","51.5","41.8","62.8","104"
"Montgomery, Georgia","51.5","33.9","75.7","28"
"Vernon, Louisiana","51.4","42.2","61.8","114"
"Pike, Arkansas","51.4","36.0","71.7","38"
"Logan, Kentucky","51.4","41.0","63.8","89"
"O'Brien, Iowa","51.4","38.2","68.2","57"
"Moultrie, Illinois","51.4","37.9","68.6","51"
"Washington, North Carolina","51.3","37.1","69.8","50"
"Newton, Texas","51.3","37.9","68.4","52"
"Marshall, Mississippi","51.3","42.1","62.0","117"
"Tuscola, Michigan","51.3","44.0","59.6","189"
"Attala, Mississippi","51.2","39.1","66.2","64"
"Polk, Texas","51.2","43.2","60.4","159"
"Webster, Mississippi","51.2","34.6","73.4","33"
"Sawyer, Wisconsin","51.1","38.5","67.1","64"
"Buchanan, Iowa","51.1","39.1","65.7","65"
"Darke, Ohio","51.1","43.8","59.4","185"
"Morton, North Dakota","51.1","40.7","63.3","89"
"Blaine, Oklahoma","51.0","34.9","72.6","34"
"Quitman, Mississippi","51.0","32.3","77.3","24"
"Gentry, Missouri","51.0","31.4","79.1","23"
"Monroe, Mississippi","51.0","42.1","61.4","121"
"Raleigh, West Virginia","51.0","44.8","57.9","264"
"Jefferson, New York","50.9","45.1","57.3","289"
"Perry, Illinois","50.9","39.5","64.8","71"
"Davison, South Dakota","50.9","38.2","66.5","61"
"Marshall, Illinois","50.9","36.8","69.4","46"
"Brooks, Texas","50.9","32.8","76.4","25"
"Elk, Pennsylvania","50.9","41.9","61.5","122"
"Jackson, Indiana","50.9","42.5","60.5","134"
"Union, Illinois","50.9","38.8","65.9","65"
"Harrison, Iowa","50.8","36.9","68.7","48"
"Washington, Ohio","50.8","43.9","58.6","214"
"Laurel, Kentucky","50.8","43.5","59.0","181"
"Pike, Illinois","50.8","37.7","67.3","58"
"Upson, Georgia","50.8","40.6","62.9","91"
"Sevier, Arkansas","50.8","37.2","67.8","47"
"Texas, Missouri","50.7","40.4","63.1","90"
"White, Arkansas","50.7","44.2","57.8","232"
"Grant, Kentucky","50.7","38.8","65.0","66"
"Adair, Oklahoma","50.7","38.8","65.1","64"
"Pontotoc, Oklahoma","50.7","41.5","61.4","112"
"McDonald, Missouri","50.7","39.0","64.9","67"
"Shoshone, Idaho","50.6","36.2","69.3","47"
"Wheeler, Texas","50.6","30.3","80.7","19"
"Holt, Missouri","50.6","26.4","88.9","16"
"St. James, Louisiana","50.6","38.8","65.0","66"
"Clay, Illinois","50.6","37.3","67.6","51"
"Jackson, Louisiana","50.6","37.5","67.0","54"
"Greene, Arkansas","50.5","42.1","60.2","131"
"Crawford, Indiana","50.5","34.7","71.5","36"
"Richland, North Dakota","50.5","37.0","67.6","51"
"Lake, Tennessee","50.4","31.8","77.1","23"
"Wayne, Missouri","50.4","37.2","67.7","53"
"Escambia, Alabama","50.4","41.6","60.6","119"
"Sandusky, Ohio","50.4","43.5","58.2","198"
"Heard, Georgia","50.4","34.9","70.8","37"
"Schuylkill, Pennsylvania","50.4","46.0","55.0","529"
"Gilmer, Georgia","50.3","40.9","61.4","113"
"Shelby, Missouri","50.3","30.4","79.4","22"
"Union, Mississippi","50.3","39.9","62.7","83"
"Deuel, South Dakota","50.3","29.0","84.2","17"
"Ouachita, Arkansas","50.3","40.0","62.7","88"
"Henry, Missouri","50.3","39.3","63.6","79"
"Lewis, West Virginia","50.3","38.0","65.7","59"
"Calhoun, Alabama","50.3","45.1","55.9","361"
"Ottawa, Ohio","50.3","42.7","59.1","169"
"Brown, Ohio","50.2","42.2","59.4","145"
"Marion, Alabama","50.2","41.0","61.2","109"
"Hopkins, Kentucky","50.2","42.3","59.2","149"
"Washington, Georgia","50.2","38.6","64.4","66"
"Candler, Georgia","50.2","34.4","71.2","34"
"Rapides, Louisiana","50.2","45.2","55.6","385"
"Benton, Indiana","50.2","33.4","73.1","29"
"Clay, Kentucky","50.1","37.9","65.0","60"
"Pulaski, Indiana","50.1","35.8","68.6","43"
"McCurtain, Oklahoma","50.1","40.5","61.4","101"
"Nantucket, Massachusetts","50.1","33.8","71.8","31"
"Charlton, Georgia","50.1","35.0","69.8","36"
"Burt, Nebraska","50.1","32.5","75.8","28"
"Evans, Georgia","50.1","33.8","71.7","31"
"Pike, Missouri","50.1","37.9","65.3","59"
"Union, South Carolina","50.0","40.3","61.6","98"
"Allegany, New York","50.0","42.1","59.1","150"
"Potter, Pennsylvania","50.0","38.2","64.8","67"
"Macon, Missouri","50.0","37.1","66.4","56"
"Adams, Mississippi","50.0","40.6","60.9","106"
"Perry, Tennessee","50.0","31.1","76.6","25"
"St. Francois, Missouri","50.0","43.3","57.6","200"
"Mercer, Pennsylvania","49.9","45.1","55.2","420"
"Pulaski, Kentucky","49.9","43.2","57.5","208"
"Miller, Georgia","49.9","30.1","79.0","21"
"Iowa, Iowa","49.9","37.0","66.1","55"
"Avoyelles, Louisiana","49.9","41.5","59.7","127"
"Quay, New Mexico","49.9","34.2","71.8","36"
"Edgar, Illinois","49.9","38.4","64.3","67"
"Elbert, Georgia","49.9","38.7","63.8","71"
"Cabell, West Virginia","49.8","44.2","55.9","306"
"Alfalfa, Oklahoma","49.8","30.0","79.1","20"
"Panola, Mississippi","49.8","40.0","61.2","95"
"Warren, Mississippi","49.8","41.7","59.0","141"
"Jasper, Iowa","49.8","41.4","59.5","129"
"Carter, Missouri","49.8","30.1","78.7","21"
"Madison, Nebraska","49.8","40.5","60.7","106"
"Dewey, Oklahoma","49.8","27.6","83.9","16"
"Caroline, Maryland","49.8","39.9","61.5","93"
"Coahoma, Mississippi","49.8","38.4","63.5","68"
"Lee, Mississippi","49.8","43.6","56.7","239"
"Orangeburg, South Carolina","49.8","43.9","56.4","279"
"Lamar, Georgia","49.7","37.1","65.4","56"
"Randolph, Illinois","49.7","40.6","60.4","110"
"Dickson, Tennessee","49.7","41.9","58.6","150"
"Greenup, Kentucky","49.7","41.0","59.8","122"
"Pike, Mississippi","49.7","40.9","59.8","118"
"Fannin, Georgia","49.7","39.8","61.9","103"
"Grant, South Dakota","49.7","32.3","74.4","28"
"Pottawattamie, Iowa","49.7","43.9","56.0","282"
"McNairy, Tennessee","49.6","39.4","61.9","88"
"Buena Vista, Virginia","49.6","29.9","78.4","20"
"Mason, Illinois","49.6","36.6","66.4","53"
"Randolph, Arkansas","49.6","37.4","64.7","61"
"Langlade, Wisconsin","49.6","38.2","63.7","73"
"Autauga, Alabama","49.5","41.9","58.1","153"
"Erie, Ohio","49.5","43.7","55.9","284"
"Jasper, Mississippi","49.5","37.3","64.8","58"
"Haywood, Tennessee","49.5","37.3","64.6","60"
"Appanoose, Iowa","49.5","35.9","67.3","48"
"Jackson, Kentucky","49.5","34.9","68.5","40"
"Tensas, Louisiana","49.5","27.2","84.4","17"
"Fulton, Arkansas","49.4","36.1","67.2","51"
"Rosebud, Montana","49.4","31.6","73.8","26"
"Benton, Mississippi","49.4","32.5","72.8","28"
"Chenango, New York","49.4","42.0","57.9","169"
"Tippah, Mississippi","49.4","38.1","63.2","67"
"Creek, Oklahoma","49.3","42.8","56.5","220"
"Okmulgee, Oklahoma","49.3","40.8","59.1","124"
"Lee, Iowa","49.3","40.5","59.5","120"
"Pemiscot, Missouri","49.3","36.8","65.0","53"
"Union, Georgia","49.3","39.0","62.1","101"
"Iron, Missouri","49.3","34.5","69.3","38"
"Calcasieu, Louisiana","49.3","45.2","53.7","550"
"Champaign, Ohio","49.3","40.6","59.4","119"
"Colbert, Alabama","49.3","42.3","57.3","184"
"Macoupin, Illinois","49.3","41.5","58.2","152"
"Grady, Georgia","49.3","38.4","62.5","74"
"Obion, Tennessee","49.3","40.1","60.2","107"
"Glenn, California","49.2","38.8","61.5","80"
"Trimble, Kentucky","49.2","31.8","73.2","26"
"New Madrid, Missouri","49.1","37.1","64.1","59"
"Dyer, Tennessee","49.1","40.4","59.3","116"
"Prince Edward, Virginia","49.1","36.9","64.1","59"
"Metcalfe, Kentucky","49.1","33.4","70.3","33"
"Preston, West Virginia","49.0","40.2","59.3","114"
"Halifax, Virginia","49.0","40.4","59.0","131"
"Dixie, Florida","49.0","37.3","63.8","64"
"Dallas, Missouri","49.0","36.8","64.4","58"
"Jefferson Davis, Louisiana","49.0","39.3","60.3","93"
"Colorado, Texas","48.9","38.0","62.3","74"
"Prentiss, Mississippi","48.9","38.7","61.3","81"
"Hardeman, Tennessee","48.9","38.7","61.1","82"
"Eastland, Texas","48.9","36.7","64.2","62"
"Fannin, Texas","48.9","39.8","59.6","107"
"Marshall, Tennessee","48.8","39.3","60.1","96"
"Hancock, West Virginia","48.8","39.9","59.4","113"
"DeKalb, Alabama","48.8","42.4","56.0","215"
"Orleans, New York","48.8","40.4","58.6","126"
"Christian, Kentucky","48.8","41.3","57.1","156"
"Mathews, Virginia","48.7","30.7","74.2","33"
"Victoria, Texas","48.7","42.7","55.3","247"
"Knox, Illinois","48.7","41.5","56.9","177"
"Cedar, Nebraska","48.7","32.4","71.4","32"
"Humphreys, Mississippi","48.7","31.4","72.6","26"
"Beckham, Oklahoma","48.7","36.9","63.1","59"
"Grundy, Illinois","48.7","40.5","58.1","129"
"Tripp, South Dakota","48.6","28.6","78.9","20"
"Montgomery, New York","48.6","40.9","57.5","152"
"Appomattox, Virginia","48.6","35.7","64.9","52"
"Ford, Illinois","48.6","35.4","65.7","47"
"Greene, Georgia","48.6","36.3","64.3","63"
"Posey, Indiana","48.6","38.4","60.9","83"
"New Kent, Virginia","48.5","36.5","63.5","61"
"Harrison, Indiana","48.5","39.9","58.4","120"
"Wyandot, Ohio","48.5","37.7","61.7","72"
"Humphreys, Tennessee","48.5","36.9","62.9","63"
"Berkeley, West Virginia","48.5","42.9","54.6","293"
"Livingston, Missouri","48.5","35.3","65.4","48"
"Bond, Illinois","48.5","36.1","64.1","54"
"Carroll, Iowa","48.5","37.4","62.3","77"
"Ritchie, West Virginia","48.5","33.8","68.5","37"
"Johnson, Missouri","48.5","40.1","58.1","120"
"Holmes, Ohio","48.5","39.4","59.0","101"
"Mason, Kentucky","48.5","36.4","63.6","56"
"Washington, Alabama","48.4","35.9","64.2","53"
"Bryan, Oklahoma","48.4","40.4","57.6","134"
"Ware, Georgia","48.4","39.4","59.0","104"
"Independence, Arkansas","48.4","39.8","58.5","114"
"Danville, Virginia","48.4","40.5","57.4","148"
"Stoddard, Missouri","48.4","39.1","59.4","99"
"Camden, Georgia","48.4","39.6","58.5","115"
"Salem, New Jersey","48.4","41.7","55.8","202"
"Buffalo, Nebraska","48.4","40.0","58.0","122"
"Pickens, Georgia","48.4","38.9","59.6","101"
"Grayson, Texas","48.4","43.5","53.6","390"
"Miller, Missouri","48.4","37.9","61.0","77"
"Nowata, Oklahoma","48.4","33.6","68.3","36"
"Vilas, Wisconsin","48.3","37.5","61.7","92"
"Lincoln, Tennessee","48.3","39.4","58.8","110"
"Whitley, Kentucky","48.3","39.1","59.0","101"
"Perry, Arkansas","48.3","33.1","68.7","34"
"Bates, Missouri","48.3","35.6","64.2","53"
"Vermilion, Louisiana","48.3","41.1","56.3","169"
"Nelson, North Dakota","48.3","27.4","88.2","16"
"Harrison, West Virginia","48.3","42.0","55.4","225"
"Phelps, Nebraska","48.2","32.5","69.8","32"
"Lawrence, Ohio","48.2","41.4","55.9","189"
"Gibson, Indiana","48.2","39.2","58.8","104"
"Carroll, Arkansas","48.2","38.2","60.1","91"
"Hardin, Iowa","48.2","36.8","62.5","65"
"Roscommon, Michigan","48.2","37.2","61.8","97"
"Lake, Indiana","48.2","45.7","50.9","1411"
"Jim Wells, Texas","48.2","39.4","58.3","110"
"Clay, Mississippi","48.1","36.7","62.2","63"
"Sanilac, Michigan","48.1","40.2","57.2","143"
"Livingston, Kentucky","48.1","32.9","69.1","34"
"Barren, Kentucky","48.1","39.9","57.5","128"
"Henderson, Kentucky","48.1","40.3","57.1","142"
"Bullitt, Kentucky","48.0","41.4","55.3","205"
"Franklin, New York","48.0","40.4","56.8","145"
"Talladega, Alabama","48.0","42.0","54.7","240"
"Vigo, Indiana","48.0","42.6","54.0","299"
"Clark, Indiana","48.0","42.8","53.8","319"
"Audrain, Missouri","48.0","37.8","60.4","78"
"Worth, Georgia","48.0","36.5","62.3","63"
"Houston, Alabama","48.0","42.6","53.9","302"
"Tyler, West Virginia","48.0","32.6","69.4","32"
"Mason, West Virginia","48.0","38.3","59.6","90"
"Newton, Georgia","47.9","42.0","54.3","252"
"Fayette, Pennsylvania","47.9","43.5","52.7","462"
"Franklin, Georgia","47.9","37.3","60.8","73"
"Cleveland, North Carolina","47.9","42.5","53.9","302"
"Johnson, Illinois","47.9","34.2","66.0","42"
"Elliott, Kentucky","47.9","30.0","73.3","23"
"Howard, Iowa","47.9","32.4","69.0","34"
"Huntington, Indiana","47.9","39.0","58.2","108"
"Delaware, Iowa","47.9","36.0","62.8","58"
"Braxton, West Virginia","47.8","34.9","64.5","50"
"Dawson, Nebraska","47.8","37.0","61.0","69"
"Lee, Arkansas","47.8","31.9","69.4","30"
"Grand Forks, North Dakota","47.8","40.4","56.3","155"
"Hertford, North Carolina","47.8","37.6","60.2","79"
"Logan, Ohio","47.8","40.0","56.8","138"
"Mayes, Oklahoma","47.8","39.4","57.5","122"
"Clayton, Georgia","47.7","43.4","52.3","532"
"Greenbrier, West Virginia","47.7","39.2","57.6","123"
"Campbell, Tennessee","47.7","39.6","57.1","130"
"Monroe, Wisconsin","47.7","39.7","56.9","130"
"Jennings, Indiana","47.7","37.4","60.2","77"
"St. Francis, Arkansas","47.7","37.5","60.1","77"
"Meigs, Ohio","47.7","37.5","60.2","77"
"Calhoun, Iowa","47.7","33.1","67.6","38"
"Muscogee, Georgia","47.7","43.4","52.3","475"
"Harrison, Mississippi","47.7","43.6","52.1","521"
"Armstrong, Pennsylvania","47.6","41.5","54.4","241"
"Washington, Iowa","47.6","37.0","60.7","73"
"Iberia, Louisiana","47.6","41.0","55.1","192"
"Hinds, Mississippi","47.6","43.9","51.7","619"
"Cameron, Pennsylvania","47.6","28.6","78.3","21"
"Shelby, Texas","47.6","37.3","60.0","76"
"Ohio, Indiana","47.6","30.3","73.8","24"
"Seminole, Georgia","47.6","30.6","71.5","28"
"Choctaw, Mississippi","47.5","30.6","71.1","27"
"Marion, Texas","47.5","32.5","68.1","39"
"Decatur, Indiana","47.5","37.4","59.7","78"
"Kenton, Kentucky","47.5","42.9","52.4","421"
"Liberty, Texas","47.4","40.9","54.7","201"
"Nottoway, Virginia","47.4","35.1","63.2","50"
"Hale, Texas","47.4","37.6","58.9","83"
"Wood, Ohio","47.4","42.3","53.0","332"
"Mobile, Alabama","47.4","44.7","50.3","1150"
"Wexford, Michigan","47.4","38.4","58.0","102"
"Pike, Georgia","47.4","34.9","63.1","50"
"Ector, Texas","47.3","42.1","52.9","312"
"Adair, Missouri","47.3","35.2","62.1","56"
"Jefferson, Nebraska","47.3","31.4","70.4","31"
"Burnett, Wisconsin","47.3","35.7","62.3","65"
"Washington, Pennsylvania","47.3","43.7","51.1","699"
"Ouachita, Louisiana","47.3","42.7","52.3","401"
"Coles, Illinois","47.3","39.6","56.0","143"
"Henderson, Texas","47.3","41.7","53.5","281"
"Marion, West Virginia","47.3","40.4","55.1","181"
"Lowndes, Mississippi","47.3","40.0","55.5","157"
"Brown, Texas","47.3","38.9","57.0","120"
"Henderson, Tennessee","47.3","37.3","59.3","81"
"Macon, Georgia","47.3","33.4","65.5","41"
"Effingham, Georgia","47.2","39.0","56.6","128"
"Granville, North Carolina","47.2","40.2","55.2","171"
"Bartow, Georgia","47.2","41.4","53.7","250"
"Brule, South Dakota","47.1","27.6","77.0","18"
"Barbour, West Virginia","47.1","35.0","62.5","53"
"Grant, Arkansas","47.1","35.3","61.9","56"
"Pearl River, Mississippi","47.1","39.9","55.3","165"
"Seward, Nebraska","47.1","34.8","62.6","51"
"Rowan, Kentucky","47.1","35.3","61.7","56"
"Crittenden, Kentucky","47.1","31.8","68.3","31"
"Jack, Texas","47.1","30.9","69.4","27"
"Morgan, Indiana","47.1","40.6","54.5","195"
"Webster, Louisiana","47.0","39.2","56.2","131"
"Bosque, Texas","47.0","35.1","62.1","62"
"Lincoln, Georgia","47.0","31.6","69.1","31"
"Fayette, West Virginia","47.0","39.4","55.8","144"
"Fayette, Ohio","47.0","37.2","58.8","82"
"Bibb, Alabama","47.0","36.0","60.6","63"
"Perry, Mississippi","47.0","32.2","66.6","34"
"Trigg, Kentucky","47.0","34.3","63.5","51"
"Pickaway, Ohio","46.9","39.7","55.0","156"
"Caswell, North Carolina","46.9","36.8","59.3","79"
"Butler, Alabama","46.9","35.8","60.7","64"
"Taylor, Iowa","46.9","28.6","74.0","23"
"Warren, Tennessee","46.9","38.5","56.6","116"
"Southampton, Virginia","46.9","35.6","61.2","62"
"Wayne, Indiana","46.9","40.6","54.1","206"
"Jackson, Georgia","46.9","39.7","54.9","162"
"Vinton, Ohio","46.8","32.7","65.4","38"
"Roberts, South Dakota","46.8","30.4","69.0","28"
"Troup, Georgia","46.8","40.1","54.5","179"
"Habersham, Georgia","46.8","38.9","56.1","126"
"Concordia, Louisiana","46.8","34.9","61.6","55"
"Boone, Nebraska","46.8","29.2","74.1","23"
"Clayton, Iowa","46.8","35.4","61.1","65"
"Dillon, South Carolina","46.8","37.3","58.0","89"
"Grant, Wisconsin","46.8","39.3","55.4","150"
"Harrison, Kentucky","46.8","34.8","61.8","54"
"Hot Spring, Arkansas","46.8","38.0","57.3","103"
"Madison, Georgia","46.8","36.7","58.8","79"
"Coshocton, Ohio","46.8","38.5","56.6","114"
"Scotland, North Carolina","46.8","37.9","57.2","101"
"Oldham, Kentucky","46.7","39.1","55.3","151"
"Pettis, Missouri","46.7","38.6","56.2","120"
"Texas, Oklahoma","46.7","33.7","63.0","43"
"Young, Texas","46.7","34.9","61.5","57"
"Dodge, Nebraska","46.7","38.2","56.7","113"
"Owen, Kentucky","46.7","32.4","66.1","36"
"Kosciusko, Indiana","46.7","40.5","53.6","212"
"Wells, Indiana","46.7","37.0","58.2","85"
"Wapello, Iowa","46.7","38.2","56.6","111"
"Maury, Tennessee","46.7","40.8","53.3","233"
"Warren, Indiana","46.7","30.7","69.3","28"
"Luzerne, Pennsylvania","46.6","43.8","49.7","1047"
"Terry, Texas","46.6","31.9","65.9","33"
"Martin, North Carolina","46.6","36.7","58.8","84"
"Daviess, Indiana","46.6","37.2","57.7","88"
"Grenada, Mississippi","46.5","35.6","59.9","64"
"Fayette, Iowa","46.5","36.0","59.4","71"
"Cape May, New Jersey","46.5","41.5","52.1","362"
"Herkimer, New York","46.5","40.1","53.8","200"
"Grant, Louisiana","46.5","35.1","60.4","59"
"Southeast Fairbanks, Alaska","46.5","28.1","73.8","21"
"Dawes, Nebraska","46.5","27.8","73.3","22"
"Hall, Nebraska","46.4","39.4","54.4","160"
"Hardee, Florida","46.4","36.2","58.8","71"
"Crittenden, Arkansas","46.4","38.3","55.7","121"
"Hardy, West Virginia","46.4","33.2","63.6","43"
"Seneca, Ohio","46.4","39.5","54.3","171"
"Saline, Nebraska","46.4","32.5","64.4","38"
"Walker, Alabama","46.4","39.9","53.7","193"
"Benton, Tennessee","46.4","34.7","61.4","60"
"McDowell, North Carolina","46.4","38.9","55.1","144"
"Shelby, Indiana","46.3","38.6","55.3","131"
"Franklin, Kentucky","46.3","38.8","54.9","142"
"Rappahannock, Virginia","46.3","28.1","73.2","24"
"Washington, Louisiana","46.3","38.6","55.1","136"
"Dickinson, Iowa","46.3","34.4","61.4","61"
"Ripley, Missouri","46.3","33.7","62.6","46"
"Cumberland, New Jersey","46.3","41.8","51.1","402"
"Saluda, South Carolina","46.3","35.2","60.1","62"
"Converse, Wyoming","46.3","31.7","65.3","34"
"Newberry, South Carolina","46.3","38.0","56.1","116"
"Cherokee, North Carolina","46.2","37.1","57.3","110"
"Fulton, Ohio","46.2","38.1","55.6","121"
"Howard, Arkansas","46.2","32.7","63.8","40"
"Henry, Ohio","46.2","36.4","57.9","81"
"Beauregard, Louisiana","46.2","37.4","56.5","99"
"Alleghany/Clifton Forge, Virginia","46.2","34.6","61.3","58"
"Halifax, North Carolina","46.2","38.9","54.5","157"
"Massac, Illinois","46.2","33.4","62.8","46"
"Smith, Tennessee","46.2","34.6","60.6","56"
"Preble, Ohio","46.2","38.2","55.4","126"
"Carbon, Montana","46.2","32.6","65.2","41"
"Greene, Tennessee","46.2","40.1","52.9","226"
"La Salle, Illinois","46.2","41.3","51.5","351"
"Tallapoosa, Alabama","46.2","38.4","55.4","130"
"Love, Oklahoma","46.2","30.9","67.0","31"
"Colonial Heights, Virginia","46.1","34.5","60.5","57"
"Shelby, Kentucky","46.1","38.1","55.4","123"
"White, Indiana","46.1","35.7","58.9","73"
"Hill, Texas","46.1","37.7","56.0","115"
"Marion, Missouri","46.1","36.3","57.8","81"
"Carroll, Tennessee","46.1","36.8","57.2","90"
"Lafayette, Louisiana","46.1","42.3","50.2","563"
"Boone, Kentucky","46.1","40.9","51.8","300"
"Colquitt, Georgia","46.1","37.8","55.6","113"
"Darlington, South Carolina","46.1","39.8","53.3","200"
"Muhlenberg, Kentucky","46.1","37.3","56.6","97"
"Belknap, New Hampshire","46.0","39.6","53.2","205"
"Muskogee, Oklahoma","46.0","39.6","53.1","196"
"Richland, Ohio","46.0","41.3","51.1","366"
"Fayette, Indiana","46.0","35.9","58.4","74"
"Pushmataha, Oklahoma","46.0","31.6","65.3","37"
"Morrow, Ohio","46.0","37.3","56.3","102"
"Aroostook, Maine","46.0","40.3","52.4","253"
"Holt, Nebraska","46.0","30.1","67.7","32"
"Monroe, Missouri","46.0","30.9","67.1","32"
"Saline, Missouri","46.0","35.4","59.0","68"
"Franklin, Illinois","45.9","38.0","55.1","125"
"Greene, Iowa","45.9","31.8","65.4","35"
"Columbiana, Ohio","45.9","40.9","51.5","320"
"Ontonagon, Michigan","45.9","28.6","75.0","28"
"Fremont, Wyoming","45.9","37.5","55.6","113"
"Sharp, Arkansas","45.9","35.0","59.8","67"
"Wayne, Michigan","45.9","44.6","47.3","4670"
"Jasper, South Carolina","45.8","35.9","57.7","79"
"Etowah, Alabama","45.8","40.8","51.4","312"
"Madison, Virginia","45.8","33.2","62.3","46"
"Wayne, West Virginia","45.8","38.2","54.7","134"
"Clay, North Carolina","45.8","32.4","64.4","43"
"Calhoun, Florida","45.8","32.8","62.5","43"
"Cass, Texas","45.8","36.5","56.8","95"
"Kossuth, Iowa","45.8","33.5","61.6","53"
"Morris, Texas","45.8","32.2","63.7","41"
"Allegany, Maryland","45.8","39.8","52.5","225"
"Sac, Iowa","45.8","30.9","66.4","37"
"Franklin, Virginia","45.7","39.1","53.3","189"
"Laclede, Missouri","45.7","37.0","55.9","101"
"Clay, Indiana","45.7","35.7","57.8","75"
"Tazewell, Illinois","45.7","41.2","50.6","399"
"Clarion, Pennsylvania","45.7","37.6","55.2","118"
"Jasper, Indiana","45.7","36.5","56.5","90"
"Gregg, Texas","45.7","40.7","51.2","313"
"Hocking, Ohio","45.7","36.2","57.2","82"
"Gulf, Florida","45.7","33.8","61.0","51"
"Lewis, Tennessee","45.6","32.3","63.2","41"
"Crawford, Georgia","45.6","31.6","64.2","38"
"Edmonson, Kentucky","45.6","32.2","63.4","40"
"Russell, Alabama","45.6","38.2","54.0","140"
"Cattaraugus, New York","45.6","39.6","52.3","224"
"Amherst, Virginia","45.6","37.2","55.6","108"
"Summers, West Virginia","45.6","33.3","61.9","50"
"Cleburne, Arkansas","45.6","36.4","56.9","96"
"Sangamon, Illinois","45.6","41.8","49.7","559"
"St. Bernard, Louisiana","45.6","36.4","56.4","91"
"Hart, Georgia","45.6","36.1","57.0","85"
"Clark, Kentucky","45.5","36.9","55.6","102"
"Orange, Texas","45.5","39.6","52.0","226"
"Louisa, Virginia","45.5","36.8","55.7","105"
"Martin, Indiana","45.5","30.6","65.9","31"
"Jackson, Ohio","45.5","36.5","56.3","91"
"Hampton, South Carolina","45.5","33.9","60.0","54"
"Highland, Ohio","45.5","37.7","54.6","124"
"Laurens, South Carolina","45.5","39.1","52.6","192"
"Forrest, Mississippi","45.5","38.9","53.0","172"
"Madison, Kentucky","45.5","39.4","52.3","207"
"Tippecanoe, Indiana","45.5","40.9","50.6","360"
"Rockingham, North Carolina","45.5","40.4","51.2","299"
"Graves, Kentucky","45.5","37.3","55.2","112"
"Pontotoc, Mississippi","45.5","36.1","56.7","82"
"Crawford, Arkansas","45.5","38.8","53.2","169"
"Caddo, Oklahoma","45.5","36.1","56.7","83"
"Gray, Texas","45.4","34.5","58.8","60"
"Galax, Virginia","45.4","28.4","70.4","24"
"Washington, Arkansas","45.4","41.2","49.8","456"
"Coffee, Tennessee","45.4","38.4","53.4","154"
"Casey, Kentucky","45.4","33.1","61.1","47"
"Gibson, Tennessee","45.4","38.2","53.6","145"
"Todd, Kentucky","45.4","31.3","64.0","34"
"Allen, Ohio","45.4","40.1","51.2","284"
"Tillman, Oklahoma","45.4","28.0","70.2","23"
"Dougherty, Georgia","45.4","39.6","51.8","230"
"Pointe Coupee, Louisiana","45.4","35.0","58.2","69"
"Ben Hill, Georgia","45.3","33.1","60.7","49"
"Adams, Illinois","45.3","39.1","52.3","207"
"Jefferson, Ohio","45.3","39.1","52.3","214"
"Lewis and Clark, Montana","45.3","39.0","52.5","200"
"Orange, Indiana","45.3","34.2","59.1","59"
"Giles, Virginia","45.3","33.9","59.8","55"
"Uintah, Utah","45.3","35.0","57.7","68"
"Cambria, Pennsylvania","45.3","41.1","49.9","469"
"Woods, Oklahoma","45.2","28.7","68.4","24"
"Davis, Iowa","45.2","27.7","69.6","22"
"Washington, Colorado","45.2","26.0","75.5","17"
"McIntosh, Georgia","45.2","32.3","62.1","49"
"Lafourche, Louisiana","45.2","39.7","51.3","254"
"Pocahontas, West Virginia","45.2","30.5","66.0","34"
"Caroline, Virginia","45.2","35.6","56.8","79"
"Iberville, Louisiana","45.2","36.0","56.1","87"
"Oglethorpe, Georgia","45.2","32.5","61.6","43"
"Cumberland, Virginia","45.2","31.0","64.7","34"
"Jefferson, Kentucky","45.2","43.2","47.2","2024"
"Chester, Tennessee","45.2","32.7","61.0","46"
"Island, Washington","45.2","39.5","51.5","263"
"Nacogdoches, Texas","45.2","38.1","53.3","150"
"White, Illinois","45.2","32.9","61.1","49"
"Marshall, West Virginia","45.1","36.5","55.3","103"
"Dakota, Nebraska","45.1","33.2","59.9","49"
"Piatt, Illinois","45.1","33.0","60.5","49"
"Trumbull, Ohio","45.1","41.6","48.9","654"
"Greene, Alabama","45.1","28.8","68.0","27"
"Ashland, Wisconsin","45.1","33.2","60.3","50"
"Wilkinson, Georgia","45.0","29.4","66.8","28"
"Paulding, Georgia","45.0","39.8","50.6","306"
"Warren, Pennsylvania","45.0","37.5","53.9","136"
"Hopkins, Texas","45.0","36.7","54.9","104"
"Custer, Nebraska","45.0","31.5","63.3","38"
"Jasper, Missouri","45.0","40.0","50.5","301"
"Wayne, Iowa","45.0","26.2","73.0","21"
"McKenzie, North Dakota","44.9","27.5","68.8","23"
"Ransom, North Dakota","44.9","25.0","75.7","18"
"Pulaski, Virginia","44.9","36.9","54.4","116"
"Fulton, Indiana","44.9","33.9","58.5","59"
"Jackson, West Virginia","44.9","35.8","55.8","89"
"Cecil, Maryland","44.9","39.4","50.9","258"
"Whitley, Indiana","44.9","35.8","55.7","89"
"Wilkes, Georgia","44.9","31.0","64.1","35"
"Caddo, Louisiana","44.9","41.4","48.5","657"
"Val Verde, Texas","44.8","36.7","54.0","111"
"Delaware, Pennsylvania","44.8","42.5","47.1","1538"
"Northumberland, Pennsylvania","44.8","39.6","50.6","295"
"Alcorn, Mississippi","44.8","36.5","54.5","106"
"Montour, Pennsylvania","44.8","33.3","59.4","58"
"Polk, Georgia","44.8","36.3","54.6","102"
"Dorchester, Maryland","44.8","36.0","55.2","98"
"Isabella, Michigan","44.8","37.4","53.1","138"
"Lake, South Dakota","44.8","30.2","64.5","34"
"Pope, Arkansas","44.8","37.9","52.5","156"
"Goochland, Virginia","44.8","34.6","57.6","71"
"Gloucester, New Jersey","44.8","41.6","48.2","756"
"Rhea, Tennessee","44.8","36.0","55.3","93"
"LaPorte, Indiana","44.7","39.7","50.1","313"
"Juniata, Pennsylvania","44.7","35.0","56.6","76"
"Washakie, Wyoming","44.7","29.2","66.7","28"
"York, Nebraska","44.7","31.4","62.2","41"
"Peoria, Illinois","44.7","40.7","48.9","493"
"Taylor, Georgia","44.7","28.9","67.1","26"
"Clark, Illinois","44.7","32.7","60.1","50"
"Laurens, Georgia","44.7","37.2","53.4","131"
"Bent, Colorado","44.7","25.3","74.6","16"
"Upshur, Texas","44.7","36.6","54.1","116"
"Burlington, New Jersey","44.7","42.2","47.4","1246"
"Wyoming, Pennsylvania","44.7","35.5","55.8","87"
"Wood, West Virginia","44.7","39.1","50.9","252"
"Clarke, Virginia","44.6","31.6","61.5","43"
"Montgomery, Arkansas","44.6","28.3","67.5","31"
"Furnas, Nebraska","44.6","26.5","73.8","19"
"Boone, Arkansas","44.6","36.8","53.8","119"
"Keith, Nebraska","44.5","28.1","68.0","27"
"Pamlico, North Carolina","44.5","32.0","61.5","49"
"Fentress, Tennessee","44.5","33.3","58.7","59"
"West Feliciana, Louisiana","44.5","31.7","61.3","43"
"Greene, Indiana","44.5","36.0","54.7","99"
"Murray, Oklahoma","44.5","31.6","61.2","41"
"Jefferson, Georgia","44.5","32.5","59.8","47"
"St. Clair, Alabama","44.4","38.7","50.7","231"
"Andrews, Texas","44.4","30.3","62.5","33"
"Kankakee, Illinois","44.4","39.5","49.9","303"
"Bay, Florida","44.4","40.4","48.6","491"
"Bradford, Florida","44.4","34.8","56.1","76"
"Wayne, North Carolina","44.4","39.5","49.7","317"
"Bradford, Pennsylvania","44.4","38.0","51.7","188"
"Ralls, Missouri","44.4","29.7","64.6","31"
"Carter, Oklahoma","44.3","36.9","52.8","132"
"Bottineau, North Dakota","44.3","28.4","67.9","25"
"Houston, Georgia","44.3","39.6","49.4","342"
"Bonner, Idaho","44.3","36.7","53.3","134"
"Randolph, Alabama","44.3","34.0","57.1","66"
"Kleberg, Texas","44.3","34.4","56.3","69"
"Morgan, Illinois","44.3","36.1","54.0","107"
"Chesterfield, South Carolina","44.3","36.9","52.9","134"
"Taylor, Florida","44.3","34.1","56.8","68"
"Custer, Oklahoma","44.3","33.9","56.9","64"
"Barrow, Georgia","44.3","37.7","51.8","169"
"Minnehaha, South Dakota","44.3","40.0","49.0","403"
"Henry, Tennessee","44.3","36.0","54.2","108"
"Box Butte, Nebraska","44.3","29.2","64.8","30"
"Bibb, Georgia","44.3","39.9","49.1","387"
"Monongalia, West Virginia","44.2","38.2","50.9","205"
"Roanoke, Virginia","44.2","38.8","50.0","263"
"Delaware, New York","44.2","37.2","52.3","159"
"Grays Harbor, Washington","44.2","38.3","50.8","220"
"Clark, Missouri","44.2","27.5","68.7","23"
"Carteret, North Carolina","44.2","38.2","51.0","224"
"Howell, Missouri","44.2","36.3","53.3","117"
"Faulkner, Arkansas","44.2","38.8","50.2","249"
"Athens, Ohio","44.1","36.8","52.6","133"
"Broadwater, Montana","44.1","25.7","72.8","19"
"Gallatin, Illinois","44.1","26.3","72.0","19"
"Somerset, Maryland","44.1","33.9","56.7","66"
"Vance, North Carolina","44.1","36.5","52.9","127"
"Clark, Wisconsin","44.1","35.2","54.8","89"
"Amite, Mississippi","44.1","31.7","60.6","44"
"Adams, Indiana","44.1","35.3","54.5","91"
"Lauderdale, Mississippi","44.1","38.2","50.7","210"
"Anderson, South Carolina","44.1","40.4","48.1","545"
"Claiborne, Louisiana","44.1","32.3","59.1","48"
"Nye, Nevada","44.1","37.0","52.4","170"
"Cerro Gordo, Iowa","44.1","36.7","52.8","138"
"Butler, Missouri","44.1","36.5","52.9","125"
"Barbour, Alabama","44.1","34.3","56.0","72"
"Clarke, Iowa","44.1","28.8","65.5","28"
"Searcy, Arkansas","44.1","28.5","66.7","28"
"Berkshire, Massachusetts","44.0","39.6","48.6","428"
"Hancock, Maine","44.0","37.5","51.5","181"
"Rutherford, North Carolina","44.0","38.0","50.7","211"
"Atoka, Oklahoma","44.0","31.1","60.8","40"
"Mitchell, North Carolina","44.0","32.4","59.2","54"
"Tate, Mississippi","44.0","34.4","55.6","75"
"Franklin, Maine","44.0","35.2","54.6","96"
"Crook, Oregon","44.0","33.9","56.6","75"
"Ward, North Dakota","44.0","36.9","52.0","141"
"Coffee, Georgia","44.0","35.5","53.8","97"
"Rusk, Texas","43.9","36.9","51.9","144"
"Grand Isle, Vermont","43.9","24.5","73.0","18"
"Hardin, Kentucky","43.9","38.5","49.9","246"
"Uvalde, Texas","43.9","33.9","56.0","69"
"Larue, Kentucky","43.9","31.5","60.1","42"
"Howard, Indiana","43.9","38.3","50.1","235"
"St. Louis, Missouri","43.9","40.6","47.3","728"
"Seminole, Oklahoma","43.9","34.1","55.9","71"
"Elmore, Idaho","43.9","32.9","57.4","56"
"Meigs, Tennessee","43.9","29.8","63.0","34"
"Lincoln, Louisiana","43.9","35.3","53.9","96"
"Goshen, Wyoming","43.9","31.0","60.8","42"
"Spalding, Georgia","43.9","37.4","51.1","173"
"Sullivan, Missouri","43.9","25.9","70.6","19"
"Buchanan, Missouri","43.9","38.3","50.2","226"
"Northampton, North Carolina","43.9","33.2","57.3","69"
"Bryan, Georgia","43.9","33.7","56.1","67"
"Arenac, Michigan","43.9","32.3","59.0","54"
"Howard, Texas","43.8","34.7","54.6","82"
"Richland, Louisiana","43.8","32.4","58.0","53"
"Mahoning, Ohio","43.8","40.6","47.3","733"
"Grundy, Missouri","43.8","30.0","62.5","34"
"Comanche, Oklahoma","43.8","38.6","49.6","261"
"Boone, Iowa","43.8","34.1","55.7","74"
"Cotton, Oklahoma","43.8","26.2","70.3","19"
"Indiana, Pennsylvania","43.8","38.2","49.9","244"
"Stone, Mississippi","43.8","31.5","59.5","44"
"Bertie, North Carolina","43.8","33.7","56.5","67"
"Warren, New York","43.8","37.4","50.9","194"
"Crawford, Pennsylvania","43.8","38.4","49.7","262"
"Cannon, Tennessee","43.8","30.9","60.7","40"
"Burke, North Carolina","43.8","38.5","49.7","265"
"Oregon, Missouri","43.7","29.8","62.7","36"
"Johnson, Tennessee","43.7","32.7","57.8","57"
"Live Oak, Texas","43.7","30.9","60.8","39"
"Ocean, New Jersey","43.7","41.7","45.8","1963"
"Porter, Indiana","43.7","39.5","48.1","433"
"Clark, Ohio","43.7","39.4","48.4","396"
"Wise, Texas","43.7","37.0","51.2","163"
"Camden, New Jersey","43.7","41.3","46.2","1281"
"Steuben, New York","43.7","38.7","49.3","292"
"Lake, Oregon","43.7","28.8","65.4","29"
"Rockbridge, Virginia","43.7","34.3","55.4","83"
"Marshall, Oklahoma","43.7","31.8","58.9","50"
"Johnson, Nebraska","43.7","25.1","72.8","17"
"Randolph, West Virginia","43.6","34.6","54.3","89"
"Putnam, Tennessee","43.6","37.5","50.5","192"
"Rush, Indiana","43.6","31.9","58.6","48"
"Kemper, Mississippi","43.6","29.1","63.6","30"
"Callaway, Missouri","43.6","35.8","52.8","113"
"Mercer, Illinois","43.6","32.3","58.1","52"
"Benton, Missouri","43.5","33.5","56.4","79"
"Greene, New York","43.5","36.6","51.5","150"
"Will, Illinois","43.5","41.3","45.8","1477"
"Miami, Indiana","43.5","35.2","53.4","98"
"Clinton, Indiana","43.5","34.5","54.1","85"
"Mercer, West Virginia","43.5","37.3","50.5","194"
"Westmoreland, Virginia","43.5","32.4","57.8","59"
"Des Moines, Iowa","43.5","35.9","52.5","120"
"Hamblen, Tennessee","43.5","37.3","50.5","181"
"Izard, Arkansas","43.5","30.9","60.2","46"
"Branch, Michigan","43.5","35.8","52.3","119"
"Buckingham, Virginia","43.4","32.3","57.5","53"
"Luna, New Mexico","43.4","33.4","55.6","71"
"Pondera, Montana","43.4","25.0","71.2","19"
"Huron, Michigan","43.4","35.1","53.3","110"
"Cuyahoga, Ohio","43.4","41.9","44.9","3541"
"DeKalb, Illinois","43.4","37.5","49.9","206"
"Carroll, Maryland","43.4","39.4","47.7","456"
"Belmont, Ohio","43.4","37.6","49.9","215"
"Page, Iowa","43.4","32.1","57.9","53"
"Lawrence, Indiana","43.4","36.2","51.7","137"
"Brunswick, Virginia","43.4","32.3","57.7","53"
"Edgecombe, North Carolina","43.4","36.5","51.2","154"
"Madison, Arkansas","43.4","31.7","58.5","47"
"Waynesboro, Virginia","43.3","33.0","56.1","62"
"Nassau, Florida","43.3","37.7","49.5","235"
"Pasquotank, North Carolina","43.3","35.1","53.0","101"
"Cherokee, Texas","43.3","36.3","51.4","141"
"Nolan, Texas","43.3","31.3","58.9","44"
"Hunt, Texas","43.3","37.9","49.4","234"
"Lemhi, Idaho","43.3","30.4","62.9","37"
"Wheeler, Georgia","43.3","26.6","67.5","21"
"Maries, Missouri","43.3","27.8","65.1","26"
"Pittsylvania, Virginia","43.3","37.3","50.2","201"
"Greene, Illinois","43.3","30.3","60.5","38"
"Towns, Georgia","43.3","30.1","62.0","49"
"Morgan, Ohio","43.3","31.6","58.6","48"
"Marion, Tennessee","43.3","34.0","54.4","81"
"Cass, Indiana","43.3","35.3","52.8","104"
"Wythe, Virginia","43.2","34.3","53.9","87"
"Washburn, Wisconsin","43.2","31.6","58.3","54"
"Owen, Indiana","43.2","32.8","56.3","62"
"Claiborne, Tennessee","43.2","34.5","53.6","92"
"Unicoi, Tennessee","43.2","32.5","56.9","59"
"Philadelphia, Pennsylvania","43.2","41.8","44.7","3526"
"Ogle, Illinois","43.2","36.4","51.1","147"
"Perry, Indiana","43.2","31.9","57.4","52"
"White, Tennessee","43.2","34.0","54.3","79"
"Dubois, Indiana","43.2","35.5","52.1","116"
"Jones, Mississippi","43.2","37.0","50.2","181"
"Chicot, Arkansas","43.2","29.9","61.1","36"
"Clay, Nebraska","43.2","25.3","70.2","19"
"Fulton, New York","43.2","36.5","50.8","158"
"McCulloch, Texas","43.2","28.5","64.2","29"
"Jefferson, Tennessee","43.1","36.4","50.8","155"
"Jones, Texas","43.1","31.9","57.2","50"
"Jones, Iowa","43.1","33.2","55.5","66"
"Washington, Idaho","43.1","29.4","62.2","34"
"Mercer, Ohio","43.1","35.2","52.2","111"
"Floyd, Indiana","43.1","37.0","49.8","193"
"Boundary, Idaho","43.1","29.8","61.2","38"
"Union, Pennsylvania","43.1","35.5","51.9","117"
"Brantley, Georgia","43.1","31.4","57.8","48"
"Steuben, Indiana","43.1","34.8","52.9","100"
"Suffolk, Virginia","43.0","37.2","49.5","202"
"Wyoming, New York","43.0","35.0","52.4","105"
"Hempstead, Arkansas","43.0","32.5","56.1","59"
"Torrance, New Mexico","43.0","31.1","58.5","47"
"Anderson, Texas","43.0","36.1","50.8","141"
"Knox, Ohio","43.0","36.5","50.3","166"
"Sanders, Montana","43.0","28.8","62.7","40"
"Knott, Kentucky","43.0","31.1","58.5","46"
"Perry, Pennsylvania","43.0","35.5","51.7","124"
"Ste. Genevieve, Missouri","43.0","31.9","57.1","54"
"Potter, Texas","42.9","37.7","48.6","255"
"DeKalb, Tennessee","42.9","32.0","56.6","55"
"Lucas, Ohio","42.9","40.3","45.6","1097"
"Scott, Mississippi","42.9","33.1","54.7","68"
"Jackson, Alabama","42.9","36.2","50.6","154"
"Chester, South Carolina","42.9","34.3","53.0","94"
"Dent, Missouri","42.9","31.1","58.1","48"
"Aransas, Texas","42.9","33.7","54.2","88"
"Kershaw, South Carolina","42.8","36.4","50.0","170"
"Warren, New Jersey","42.8","38.0","48.1","306"
"Washington, Maine","42.8","34.5","52.6","104"
"Clermont, Ohio","42.8","39.0","46.8","512"
"Mecosta, Michigan","42.8","34.9","52.0","114"
"Zapata, Texas","42.8","28.3","61.9","28"
"Roane, West Virginia","42.8","29.9","59.8","40"
"Hill, Montana","42.8","30.1","59.2","40"
"Limestone, Texas","42.8","32.9","55.0","66"
"Honolulu, Hawaii","42.8","41.1","44.6","2538"
"Maverick, Texas","42.7","35.0","51.6","109"
"Cherokee, South Carolina","42.7","35.8","50.5","145"
"Early, Georgia","42.7","28.5","62.0","30"
"Franklin, Pennsylvania","42.7","38.7","47.0","438"
"Mercer, North Dakota","42.7","26.3","66.1","24"
"Chippewa, Wisconsin","42.7","36.4","49.8","172"
"Lampasas, Texas","42.7","32.0","56.0","56"
"Perry, Ohio","42.7","34.1","52.8","90"
"Cook, Illinois","42.7","42.0","43.5","12246"
"Latimer, Oklahoma","42.7","28.5","62.1","31"
"Ellis, Texas","42.7","38.2","47.6","344"
"Kenai Peninsula, Alaska","42.7","35.5","51.1","138"
"Gaston, North Carolina","42.7","39.1","46.6","541"
"Greene, Mississippi","42.7","29.1","60.8","32"
"Umatilla, Oregon","42.6","36.5","49.4","182"
"Bay, Michigan","42.6","37.8","47.9","307"
"Ashtabula, Ohio","42.6","37.6","48.1","278"
"Randolph, Indiana","42.6","33.3","54.0","75"
"Presque Isle, Michigan","42.6","29.4","60.6","47"
"Ripley, Indiana","42.6","33.2","54.0","74"
"Madison, Texas","42.6","29.0","60.6","32"
"Wayne, Georgia","42.6","33.3","53.8","75"
"Caldwell, North Carolina","42.6","37.2","48.6","236"
"Andrew, Missouri","42.6","31.4","56.8","51"
"Putnam, Florida","42.6","37.0","48.9","229"
"Bedford, Pennsylvania","42.6","36.0","50.1","162"
"Giles, Tennessee","42.5","33.5","53.3","84"
"Lancaster, South Carolina","42.5","37.2","48.4","247"
"Morgan, West Virginia","42.5","31.5","56.5","55"
"Polk, Iowa","42.5","39.9","45.3","989"
"Clearfield, Pennsylvania","42.5","37.2","48.3","245"
"Switzerland, Indiana","42.5","27.9","62.5","28"
"Saline, Arkansas","42.5","37.7","47.9","291"
"Accomack, Virginia","42.5","34.2","52.4","103"
"Hancock, Indiana","42.5","36.4","49.5","177"
"Red River, Texas","42.5","30.1","59.2","42"
"Marshall, Kentucky","42.5","33.9","52.9","91"
"Suwannee, Florida","42.5","35.3","50.8","132"
"Lauderdale, Alabama","42.5","37.3","48.2","261"
"St. Tammany, Louisiana","42.5","39.1","46.1","621"
"Duchesne, Utah","42.5","29.8","58.7","37"
"Osceola, Michigan","42.5","32.3","55.1","65"
"Fremont, Iowa","42.4","26.3","66.3","23"
"Ottawa, Oklahoma","42.4","33.7","52.9","86"
"Wichita, Texas","42.4","37.7","47.5","308"
"Berrien, Michigan","42.4","38.4","46.7","439"
"Cass, Michigan","42.4","35.6","50.2","151"
"Childress, Texas","42.4","23.8","69.9","16"
"Staunton, Virginia","42.4","32.9","54.0","74"
"Shelby, Tennessee","42.4","40.6","44.4","2052"
"Pembina, North Dakota","42.4","25.9","66.9","22"
"Colleton, South Carolina","42.4","34.4","51.8","104"
"Wilcox, Georgia","42.3","26.9","64.0","24"
"Maui, Hawaii","42.3","38.2","46.7","423"
"Franklin, Arkansas","42.3","30.8","56.9","48"
"Cortland, New York","42.3","34.9","51.0","119"
"Nelson, Virginia","42.3","30.8","57.6","50"
"Monroe, Georgia","42.3","32.9","53.8","74"
"Livingston, New York","42.3","35.9","49.4","170"
"Vernon, Missouri","42.3","31.8","55.4","58"
"Douglas, Wisconsin","42.3","35.0","50.9","121"
"Dale, Alabama","42.3","35.0","50.7","122"
"Franklin, Indiana","42.3","32.2","54.9","61"
"McMinn, Tennessee","42.2","35.5","49.8","154"
"Tulsa, Oklahoma","42.2","40.0","44.5","1424"
"Williams, North Dakota","42.2","32.0","54.4","62"
"Matanuska-Susitna, Alaska","42.2","36.0","49.1","196"
"Marshall, Alabama","42.2","36.9","48.1","237"
"Susquehanna, Pennsylvania","42.2","34.9","50.9","130"
"Gasconade, Missouri","42.2","29.8","58.5","44"
"Pickens, Alabama","42.2","31.9","55.1","58"
"Burleigh, North Dakota","42.2","36.7","48.2","229"
"Lawrence, Illinois","42.1","30.4","57.1","44"
"Muskingum, Ohio","42.1","36.6","48.1","227"
"Petersburg, Virginia","42.1","33.5","52.3","87"
"Washington, New York","42.1","35.9","49.1","175"
"Conecuh, Alabama","42.1","29.4","59.0","39"
"Okanogan, Washington","42.1","34.6","51.0","120"
"Essex, New Jersey","42.1","40.1","44.1","1770"
"Bureau, Illinois","42.1","34.1","51.7","106"
"Sussex, New Jersey","42.1","37.7","46.9","368"
"King and Queen, Virginia","42.0","25.8","66.3","22"
"Lynchburg, Virginia","42.0","35.8","49.0","172"
"Jackson, Illinois","42.0","35.0","50.0","135"
"Hutchinson, Texas","42.0","31.3","55.4","54"
"Coweta, Georgia","42.0","37.3","47.1","309"
"Kendall, Illinois","42.0","36.3","48.3","212"
"Deaf Smith, Texas","42.0","29.7","57.5","39"
"Madison, Illinois","42.0","38.9","45.3","706"
"Levy, Florida","42.0","34.8","50.4","133"
"Surry, North Carolina","42.0","36.2","48.5","204"
"Lawrence, Missouri","42.0","34.0","51.5","102"
"Licking, Ohio","42.0","38.0","46.3","420"
"Union, Oregon","42.0","32.7","53.4","75"
"Charlottesville, Virginia","42.0","33.2","52.4","82"
"Clay, Iowa","42.0","30.5","56.7","51"
"Van Buren, Michigan","42.0","36.1","48.6","195"
"Franklin, Texas","42.0","28.3","60.8","32"
"Orleans, Vermont","42.0","33.1","52.7","85"
"York, Pennsylvania","42.0","39.6","44.6","1162"
"Ross, Ohio","42.0","36.2","48.5","195"
"Henry, Virginia","41.9","35.5","49.2","171"
"Brown, Indiana","41.9","30.0","57.7","48"
"Dodge, Georgia","41.9","31.7","54.7","58"
"Lackawanna, Pennsylvania","41.9","38.5","45.6","602"
"Alcona, Michigan","41.9","26.6","64.4","39"
"Sullivan, New York","41.9","36.1","48.3","205"
"Brooke, West Virginia","41.9","32.7","53.3","77"
"Duval, Florida","41.8","39.9","43.7","2040"
"Lincoln, Arkansas","41.8","28.7","59.2","33"
"St. Clair, Illinois","41.8","38.6","45.3","635"
"Mahaska, Iowa","41.8","31.5","54.5","59"
"Red Willow, Nebraska","41.8","27.6","61.1","31"
"Rockingham, Virginia","41.8","36.1","48.2","206"
"Hale, Alabama","41.8","30.1","57.0","44"
"McKean, Pennsylvania","41.8","34.5","50.4","120"
"Tipton, Tennessee","41.8","35.0","49.5","142"
"Shannon, Missouri","41.7","25.6","64.9","23"
"Schuyler, Illinois","41.7","26.0","65.0","23"
"Westmoreland, Pennsylvania","41.7","39.2","44.3","1154"
"Dubuque, Iowa","41.7","36.6","47.4","254"
"Clare, Michigan","41.7","33.4","51.7","97"
"Washita, Oklahoma","41.7","27.4","61.1","29"
"Stanly, North Carolina","41.7","35.4","48.8","166"
"Onslow, North Carolina","41.7","36.9","46.9","283"
"Elmore, Alabama","41.7","35.8","48.3","187"
"Chilton, Alabama","41.7","34.1","50.5","110"
"Madison, Tennessee","41.7","36.5","47.5","243"
"Stone, Arkansas","41.7","29.3","58.4","44"
"Adams, Nebraska","41.7","33.2","51.9","87"
"Guadalupe, Texas","41.6","37.2","46.5","327"
"Burleson, Texas","41.6","31.3","54.8","57"
"Lamb, Texas","41.6","28.9","58.5","35"
"Vermillion, Indiana","41.6","29.9","56.9","45"
"Morgan, Alabama","41.6","37.0","46.7","306"
"Tift, Georgia","41.6","33.4","51.2","92"
"Washington, Indiana","41.6","32.1","53.1","70"
"Oxford, Maine","41.6","35.5","48.6","178"
"Page, Virginia","41.6","32.3","53.1","72"
"Flagler, Florida","41.5","37.1","46.4","385"
"Florence, South Carolina","41.5","37.2","46.3","348"
"Kewaunee, Wisconsin","41.5","30.9","54.8","56"
"Clinton, Iowa","41.5","34.7","49.5","138"
"Warren, Kentucky","41.5","36.5","47.1","253"
"Polk, Missouri","41.5","32.9","51.9","84"
"Klamath, Oregon","41.5","35.5","48.4","189"
"Jenkins, Georgia","41.5","25.8","63.8","22"
"Tangipahoa, Louisiana","41.5","36.7","46.8","286"
"Elkhart, Indiana","41.4","37.7","45.5","456"
"Taney, Missouri","41.4","34.7","49.0","152"
"Charles, Maryland","41.4","36.8","46.3","321"
"Floyd, Georgia","41.4","36.1","47.2","231"
"Howard, Missouri","41.4","26.3","62.3","25"
"Woodford, Kentucky","41.4","31.6","53.5","63"
"Mineral, Montana","41.4","23.7","72.9","17"
"Venango, Pennsylvania","41.4","35.1","48.7","165"
"Otero, Colorado","41.4","30.9","54.8","53"
"Hamilton, Iowa","41.4","29.2","57.4","42"
"Hamilton, Texas","41.4","25.0","65.1","24"
"Scott, Iowa","41.4","37.4","45.8","401"
"Richardson, Nebraska","41.3","27.4","61.7","29"
"Conway, Arkansas","41.3","31.4","53.7","61"
"Kaufman, Texas","41.3","36.1","47.1","238"
"Webster, Iowa","41.3","33.4","50.7","103"
"Tioga, Pennsylvania","41.3","34.2","49.6","127"
"Kent, Delaware","41.3","37.3","45.6","414"
"Cooper, Missouri","41.3","29.5","56.3","44"
"Tuscaloosa, Alabama","41.3","37.4","45.5","426"
"Custer, South Dakota","41.3","27.1","62.5","31"
"Avery, North Carolina","41.3","30.6","55.1","53"
"Lucas, Iowa","41.3","26.6","62.4","26"
"Berrien, Georgia","41.3","30.3","55.3","49"
"Portage, Ohio","41.3","37.2","45.8","388"
"Richmond, New York","41.3","39.0","43.9","1161"
"Columbia, New York","41.2","35.4","47.8","195"
"Montgomery, Alabama","41.2","37.6","45.0","509"
"Wayne, New York","41.2","36.0","46.9","248"
"Fairfield, South Carolina","41.2","31.3","53.5","66"
"Oktibbeha, Mississippi","41.2","32.5","51.4","81"
"Pike, Ohio","41.2","32.2","52.1","74"
"Osage, Oklahoma","41.2","34.3","49.2","134"
"Bossier, Louisiana","41.2","36.4","46.5","271"
"Vanderburgh, Indiana","41.2","37.4","45.4","454"
"Clay, Texas","41.2","27.3","60.5","31"
"DeSoto, Mississippi","41.2","37.0","45.7","365"
"Calvert, Maryland","41.2","35.7","47.3","217"
"Grand, Utah","41.2","25.4","63.3","23"
"Polk, Florida","41.2","39.2","43.2","1810"
"Lake, Ohio","41.1","37.9","44.6","642"
"Rockdale, Georgia","41.1","35.3","47.5","196"
"Orange, New York","41.1","38.3","44.1","812"
"Sumter, South Carolina","41.1","36.1","46.6","256"
"Lincoln, Nebraska","41.1","33.2","50.4","100"
"Rio Arriba, New Mexico","41.1","33.5","50.0","108"
"Crawford, Iowa","41.1","30.0","55.4","47"
"Niagara, New York","41.1","37.8","44.8","585"
"Atkinson, Georgia","41.1","24.1","65.7","18"
"Otsego, New York","41.1","34.9","48.1","174"
"Randolph, Georgia","41.1","25.1","64.8","23"
"Iron, Utah","41.1","32.6","51.0","86"
"Navarro, Texas","41.1","34.0","49.3","124"
"Montmorency, Michigan","41.0","27.8","60.6","39"
"Beaver, Pennsylvania","41.0","37.3","45.0","494"
"Lincoln, Mississippi","41.0","32.9","50.6","92"
"Lincoln, Wisconsin","41.0","32.8","51.1","89"
"Person, North Carolina","41.0","33.3","50.1","105"
"Mecklenburg, Virginia","41.0","32.6","51.1","97"
"Miami, Ohio","41.0","36.1","46.4","275"
"Woodford, Illinois","41.0","33.2","50.3","101"
"Blair, Pennsylvania","41.0","36.8","45.7","365"
"Lawrence, South Dakota","41.0","31.5","52.7","72"
"Cherokee, Georgia","41.0","37.4","45.0","499"
"Plymouth, Iowa","41.0","31.5","52.6","68"
"Angelina, Texas","41.0","35.5","47.2","203"
"Sullivan, Pennsylvania","41.0","25.4","66.5","23"
"Lenawee, Michigan","41.0","36.1","46.5","261"
"Pickens, South Carolina","41.0","36.3","46.1","291"
"Powell, Montana","41.0","25.0","65.5","21"
"Davidson, North Carolina","41.0","37.1","45.2","430"
"Dade, Missouri","41.0","25.5","64.0","24"
"Thurston, Washington","41.0","37.8","44.4","654"
"Gogebic, Michigan","41.0","29.6","56.1","49"
"Douglas, Illinois","41.0","30.1","54.7","50"
"Robertson, Tennessee","41.0","34.7","48.2","157"
"Henry, Indiana","40.9","34.1","48.8","133"
"Clay, Tennessee","40.9","25.8","63.1","24"
"St. Clair, Michigan","40.9","37.0","45.2","427"
"Franklin, North Carolina","40.9","34.5","48.1","154"
"Paulding, Ohio","40.9","30.1","54.7","49"
"Monmouth, New Jersey","40.9","38.9","43.0","1624"
"Smith, Texas","40.9","37.4","44.6","530"
"Lehigh, Pennsylvania","40.9","38.3","43.8","908"
"Kauai, Hawaii","40.9","35.0","47.5","188"
"Bradley, Tennessee","40.9","35.9","46.3","258"
"Washington, Texas","40.9","32.6","50.8","93"
"Butler, Ohio","40.9","38.1","43.9","837"
"Bedford, Tennessee","40.9","33.4","49.6","108"
"Manassas, Virginia","40.9","31.5","52.1","71"
"Robeson, North Carolina","40.9","36.3","46.0","298"
"Randolph, North Carolina","40.9","36.7","45.4","366"
"Kanawha, West Virginia","40.9","37.4","44.7","528"
"Garrett, Maryland","40.8","32.4","51.0","88"
"Boone, Illinois","40.8","33.7","49.0","120"
"Buena Vista, Iowa","40.8","30.0","54.4","50"
"Camden, Missouri","40.8","34.4","48.4","162"
"Pueblo, Colorado","40.8","36.8","45.0","418"
"Adams, Colorado","40.8","38.0","43.7","855"
"Clarendon, South Carolina","40.8","32.5","50.8","95"
"Josephine, Oregon","40.7","35.8","46.3","284"
"Ray, Missouri","40.7","30.7","53.2","58"
"Essex, Virginia","40.7","28.1","58.0","35"
"Weakley, Tennessee","40.7","32.4","50.7","87"
"Williams, Ohio","40.7","32.9","49.9","100"
"Rankin, Mississippi","40.7","36.4","45.4","339"
"Sevier, Tennessee","40.7","35.7","46.2","258"
"Grant, West Virginia","40.7","28.0","58.1","36"
"Rogers, Oklahoma","40.7","35.5","46.6","224"
"Black Hawk, Iowa","40.7","36.2","45.7","309"
"Wicomico, Maryland","40.7","35.5","46.5","231"
"Nevada, Arkansas","40.7","25.9","61.9","25"
"Franklin, Tennessee","40.7","33.3","49.4","113"
"Austin, Texas","40.7","32.0","51.4","80"
"Otsego, Michigan","40.7","31.2","52.5","65"
"Livingston, Louisiana","40.7","36.0","45.8","294"
"Milwaukee, Wisconsin","40.7","39.0","42.6","2027"
"San Patricio, Texas","40.7","34.3","48.0","148"
"Ketchikan Gateway, Alaska","40.7","27.6","58.3","34"
"Salem, Virginia","40.6","31.1","52.3","66"
"Juneau, Alaska","40.6","30.6","52.8","66"
"Macomb, Michigan","40.6","38.9","42.4","2181"
"Madison, Indiana","40.6","36.3","45.4","335"
"Smith, Mississippi","40.6","28.8","55.8","41"
"Nemaha, Nebraska","40.6","24.9","64.1","21"
"Stokes, North Carolina","40.6","33.6","48.7","131"
"Cedar, Iowa","40.6","29.5","54.6","48"
"Somervell, Texas","40.6","25.1","62.8","22"
"Brazoria, Texas","40.6","37.5","43.8","680"
"Lee, North Carolina","40.6","34.2","48.0","145"
"Rensselaer, New York","40.6","36.6","45.0","386"
"Screven, Georgia","40.6","28.7","56.4","40"
"Jessamine, Kentucky","40.6","33.3","49.0","114"
"Fayette, Texas","40.6","31.6","51.7","79"
"Oklahoma, Oklahoma","40.5","38.5","42.6","1595"
"Kings, New York","40.5","39.4","41.6","5448"
"Cherokee, Oklahoma","40.5","33.0","49.2","108"
"Lee, Texas","40.5","29.2","55.1","44"
"Monroe, Pennsylvania","40.5","36.7","44.7","430"
"Palo Pinto, Texas","40.5","31.5","51.5","75"
"Charlevoix, Michigan","40.5","31.8","51.2","83"
"Duval, Texas","40.5","27.1","58.8","29"
"Osceola, Florida","40.5","37.5","43.8","667"
"Turner, South Dakota","40.5","25.4","62.3","25"
"Botetourt, Virginia","40.5","32.3","50.4","95"
"Dimmit, Texas","40.4","25.1","61.5","23"
"Madison, Ohio","40.4","32.9","49.3","103"
"Cherokee, Iowa","40.4","28.3","56.9","39"
"Douglas, Nebraska","40.4","38.0","42.9","1095"
"Baldwin, Alabama","40.4","37.0","44.1","554"
"Atlantic, New Jersey","40.4","37.4","43.6","689"
"Clay, Florida","40.4","36.7","44.4","456"
"Simpson, Kentucky","40.4","28.9","55.0","43"
"Shenandoah, Virginia","40.4","33.4","48.5","125"
"Strafford, New Hampshire","40.4","35.7","45.5","285"
"Cass, Missouri","40.4","35.5","45.9","248"
"Oscoda, Michigan","40.3","24.5","63.7","27"
"Cass, Nebraska","40.3","30.7","52.0","65"
"Yellowstone, Montana","40.3","36.2","44.8","374"
"Jefferson, Pennsylvania","40.3","33.4","48.4","128"
"Lawrence, Pennsylvania","40.3","35.4","45.8","270"
"Citrus, Florida","40.3","36.4","44.6","564"
"Mason, Washington","40.3","34.5","46.9","190"
"Sumner, Tennessee","40.3","36.4","44.5","416"
"Hockley, Texas","40.3","29.8","53.5","50"
"Tuscarawas, Ohio","40.3","35.3","46.0","247"
"Orleans, Louisiana","40.3","37.5","43.2","847"
"Suffolk, New York","40.3","39.0","41.6","3678"
"Hudson, New Jersey","40.3","38.1","42.6","1297"
"Cumberland, Pennsylvania","40.2","37.1","43.5","646"
"Fulton, Georgia","40.2","38.4","42.1","1929"
"Wilson, Texas","40.2","33.0","48.6","114"
"Huron, Ohio","40.2","33.8","47.6","144"
"Titus, Texas","40.2","31.0","51.2","67"
"Yankton, South Dakota","40.2","30.1","52.8","57"
"Claiborne, Mississippi","40.2","24.9","62.2","22"
"Calloway, Kentucky","40.2","32.2","49.7","93"
"Montgomery, Tennessee","40.2","35.6","45.1","300"
"Jackson, Mississippi","40.1","35.8","44.8","331"
"Walker, Texas","40.1","33.8","47.4","146"
"Hamilton, Ohio","40.1","38.2","42.0","1866"
"Pike, Alabama","40.1","31.0","51.2","69"
"Dauphin, Pennsylvania","40.1","37.0","43.3","662"
"Hughes, Oklahoma","40.1","27.6","56.7","35"
"Clinton, Illinois","40.1","32.3","49.4","96"
"Lapeer, Michigan","40.1","34.8","46.1","219"
"Sauk, Wisconsin","40.1","34.0","47.0","164"
"Jefferson, Louisiana","40.1","37.7","42.7","1074"
"Abbeville, South Carolina","40.1","30.9","51.3","71"
"Davie, North Carolina","40.1","33.0","48.4","119"
"Hawkins, Tennessee","40.1","33.8","47.4","152"
"Macon, North Carolina","40.0","31.9","49.7","107"
"Upshur, West Virginia","40.0","30.6","51.6","64"
"Ward, Texas","40.0","25.7","59.5","25"
"Henry, Illinois","40.0","33.5","47.5","141"
"Deer Lodge, Montana","40.0","26.2","60.0","28"
"Jackson, Oklahoma","40.0","29.9","52.4","55"
"Madison, Missouri","40.0","26.9","57.6","32"
"McCormick, South Carolina","40.0","26.6","59.9","34"
"Lancaster, Nebraska","40.0","36.8","43.4","609"
"Jackson, Missouri","40.0","37.9","42.0","1531"
"Scott, Tennessee","40.0","29.5","53.0","51"
"Winston, Mississippi","40.0","29.8","52.9","53"
"Miami-Dade, Florida","40.0","39.0","41.0","6489"
"Matagorda, Texas","40.0","32.0","49.5","91"
"Audubon, Iowa","40.0","23.2","66.5","21"
"Cobb, Georgia","40.0","37.8","42.2","1419"
"Mitchell, Texas","40.0","23.9","63.1","19"
"Crawford, Michigan","40.0","29.3","54.3","48"
"Wasco, Oregon","39.9","30.6","51.2","69"
"Butler, Pennsylvania","39.9","36.4","43.8","495"
"Mifflin, Pennsylvania","39.9","33.1","47.7","131"
"Baltimore, Maryland","39.9","37.7","42.1","1306"
"Escambia, Florida","39.9","37.0","43.0","744"
"Cooke, Texas","39.9","32.3","48.8","104"
"Clinton, Ohio","39.9","32.4","48.9","101"
"Benewah, Idaho","39.9","25.6","60.4","27"
"Callahan, Texas","39.9","27.5","56.4","37"
"Hillsborough, Florida","39.9","38.5","41.4","2912"
"Bamberg, South Carolina","39.9","28.2","55.4","41"
"Fergus, Montana","39.9","27.2","57.2","36"
"Pulaski, Missouri","39.9","31.2","50.0","75"
"Malheur, Oregon","39.9","31.1","50.6","73"
"Del Norte, California","39.9","30.7","51.2","67"
"Lenoir, North Carolina","39.9","33.5","47.1","153"
"Montgomery, North Carolina","39.9","31.0","50.9","74"
"Logan, Oklahoma","39.9","32.2","48.8","99"
"Craighead, Arkansas","39.9","34.6","45.7","211"
"Cullman, Alabama","39.9","34.6","45.8","213"
"Lamar, Mississippi","39.8","33.0","47.6","124"
"St. Helena, Louisiana","39.8","25.8","59.3","27"
"Campbell, Virginia","39.8","33.4","47.2","146"
"Hardin, Texas","39.8","33.2","47.4","134"
"Tom Green, Texas","39.8","35.0","45.1","257"
"Kenosha, Wisconsin","39.8","35.7","44.2","363"
"Gratiot, Michigan","39.8","32.2","48.6","100"
"Chambers, Texas","39.8","31.2","49.9","79"
"Stephens, Oklahoma","39.8","32.7","48.0","119"
"Owyhee, Idaho","39.8","26.1","58.6","28"
"Madison, Montana","39.8","25.6","61.2","28"
"Gordon, Georgia","39.8","33.0","47.6","126"
"Franklin, Missouri","39.8","34.9","45.2","251"
"Snyder, Pennsylvania","39.8","32.5","48.5","106"
"Benzie, Michigan","39.8","28.8","54.1","52"
"Hancock, Kentucky","39.8","24.7","61.5","22"
"Cherokee, Alabama","39.8","30.8","50.8","73"
"East Baton Rouge, Louisiana","39.7","37.1","42.4","907"
"McLean, Illinois","39.7","35.5","44.3","334"
"Anchorage, Alaska","39.7","36.2","43.5","527"
"Colusa, California","39.7","28.7","53.5","45"
"Las Animas, Colorado","39.7","28.6","54.4","46"
"Lincoln, Oklahoma","39.7","31.8","49.1","92"
"Warren, Virginia","39.7","31.8","49.0","94"
"Jeff Davis, Georgia","39.7","27.2","56.2","34"
"Carbon, Pennsylvania","39.7","34.0","46.2","187"
"Douglas, Georgia","39.7","34.8","45.0","268"
"Jefferson, Missouri","39.7","36.1","43.5","483"
"Ohio, West Virginia","39.7","32.5","48.1","119"
"Lake, Florida","39.7","37.2","42.4","1067"
"Clay, Missouri","39.7","36.2","43.4","492"
"Greenwood, South Carolina","39.7","33.8","46.5","168"
"Van Buren, Arkansas","39.6","29.6","52.6","58"
"Middlesex, New Jersey","39.6","37.8","41.5","1851"
"Lafayette, Missouri","39.6","31.1","49.9","80"
"Hancock, Iowa","39.6","27.4","56.5","37"
"Sequoyah, Oklahoma","39.6","32.2","48.2","105"
"Ashe, North Carolina","39.6","30.7","50.6","79"
"Flathead, Montana","39.6","34.5","45.2","239"
"Sebastian, Arkansas","39.6","35.1","44.5","291"
"Hancock, Illinois","39.6","29.3","52.9","56"
"Crawford, Illinois","39.6","29.4","52.6","52"
"Iosco, Michigan","39.6","30.6","51.0","84"
"Lafayette, Mississippi","39.6","31.9","48.7","95"
"Madison, New York","39.5","33.6","46.0","177"
"Medina, Ohio","39.5","35.8","43.5","436"
"Bell, Texas","39.5","36.2","42.9","562"
"Clallam, Washington","39.5","34.0","45.8","238"
"Okeechobee, Florida","39.5","31.7","48.7","96"
"Perry, Missouri","39.5","29.4","52.5","52"
"Allegheny, Pennsylvania","39.5","38.1","40.9","3277"
"Passaic, New Jersey","39.5","37.2","42.0","1099"
"Lorain, Ohio","39.5","36.7","42.5","774"
"Jefferson, Texas","39.5","36.2","43.0","552"
"Onondaga, New York","39.5","37.1","41.9","1125"
"Henry, Georgia","39.5","35.7","43.7","417"
"Chatham, Georgia","39.5","36.4","42.9","611"
"Butte, California","39.5","36.1","43.1","553"
"Hancock, Ohio","39.4","33.8","45.6","186"
"Barron, Wisconsin","39.4","32.4","47.5","126"
"Marion, Florida","39.4","36.9","42.0","1156"
"Dearborn, Indiana","39.4","32.6","47.3","125"
"Hamilton, Nebraska","39.4","25.1","59.9","26"
"Lewis, Washington","39.4","34.0","45.4","210"
"Yamhill, Oregon","39.4","34.5","44.8","247"
"Price, Wisconsin","39.4","28.9","53.7","48"
"Garfield, Oklahoma","39.4","33.0","46.7","142"
"Carson City, Nevada","39.4","33.1","46.6","148"
"St. Lawrence, New York","39.4","34.7","44.6","267"
"Wayne, Pennsylvania","39.4","33.2","46.5","160"
"Columbia, Wisconsin","39.3","33.0","46.6","144"
"Milam, Texas","39.3","30.0","50.8","64"
"Polk, Tennessee","39.3","27.9","54.2","41"
"Harford, Maryland","39.3","36.1","42.7","581"
"Marshall, Iowa","39.3","31.8","48.0","104"
"Hancock, Mississippi","39.3","32.3","47.5","118"
"Anson, North Carolina","39.3","30.2","50.6","66"
"Jefferson, Florida","39.3","27.9","54.4","42"
"Bon Homme, South Dakota","39.3","23.1","63.7","19"
"Lycoming, Pennsylvania","39.3","34.8","44.2","298"
"Allamakee, Iowa","39.3","28.3","53.9","45"
"Stark, North Dakota","39.2","29.4","51.0","58"
"Crawford, Ohio","39.2","32.2","47.4","116"
"Garland, Arkansas","39.2","34.5","44.4","282"
"Grainger, Tennessee","39.2","29.6","51.1","61"
"Henrico, Virginia","39.2","36.3","42.3","702"
"Morgan, Tennessee","39.2","29.0","52.1","51"
"Newton, Indiana","39.2","27.0","55.5","36"
"Norfolk, Virginia","39.2","35.5","43.2","423"
"Oswego, New York","39.2","34.5","44.3","270"
"McHenry, Illinois","39.2","36.2","42.5","663"
"Stanislaus, California","39.2","36.8","41.7","1047"
"Union, New Jersey","39.1","36.9","41.4","1215"
"West Baton Rouge, Louisiana","39.1","29.3","51.2","56"
"Story, Iowa","39.1","33.1","45.9","160"
"Marion, Indiana","39.1","37.3","41.0","1823"
"Saunders, Nebraska","39.1","29.0","51.8","53"
"Hamilton, Florida","39.1","26.5","55.8","33"
"Lonoke, Arkansas","39.1","32.9","46.0","147"
"Carroll, Illinois","39.1","28.4","53.3","48"
"Madison, Alabama","39.1","36.4","42.0","783"
"Telfair, Georgia","39.1","27.7","54.1","39"
"Pottawatomie, Oklahoma","39.1","33.3","45.6","167"
"Benton, Arkansas","39.1","35.7","42.7","502"
"San Bernardino, California","39.1","37.9","40.4","3799"
"Scott, Kentucky","39.1","31.6","47.8","100"
"Lubbock, Texas","39.1","35.9","42.6","550"
"Franklin, Iowa","39.1","25.3","58.2","28"
"Appling, Georgia","39.1","28.1","53.0","44"
"Johnston, North Carolina","39.1","35.2","43.4","382"
"Long, Georgia","39.1","25.3","57.5","28"
"Warren, Iowa","39.0","32.0","47.1","111"
"Tioga, New York","39.0","32.6","46.5","136"
"Bergen, New Jersey","39.0","37.4","40.6","2322"
"Baldwin, Georgia","39.0","31.5","47.7","101"
"Northampton, Pennsylvania","39.0","36.3","42.0","773"
"Alpena, Michigan","39.0","31.1","48.7","90"
"Houston, Texas","39.0","30.1","50.1","69"
"Johnson, Arkansas","39.0","29.8","50.4","63"
"Lincoln, Maine","39.0","31.5","48.0","113"
"Shelby, Ohio","39.0","32.0","47.0","116"
"Huntingdon, Pennsylvania","39.0","32.2","46.9","122"
"Erie, New York","39.0","37.4","40.7","2302"
"Gage, Nebraska","38.9","29.5","50.7","63"
"Somerset, Pennsylvania","38.9","33.9","44.5","232"
"Adams, Washington","38.9","26.7","54.7","34"
"Clinton, New York","38.9","33.4","45.0","186"
"Sarpy, Nebraska","38.9","34.5","43.6","301"
"Queens, New York","38.9","37.8","40.0","5154"
"Jefferson, Alabama","38.9","36.9","41.0","1486"
"Bedford, Virginia","38.9","33.5","45.0","204"
"Whiteside, Illinois","38.9","32.8","45.8","155"
"Rains, Texas","38.9","25.9","57.1","33"
"Rowan, North Carolina","38.8","34.8","43.3","347"
"DuPage, Illinois","38.8","37.1","40.5","2063"
"Harrison, Missouri","38.8","24.7","59.1","26"
"Bland, Virginia","38.8","23.3","63.0","20"
"Clearwater, Idaho","38.8","26.5","57.1","33"
"Johnson, Indiana","38.8","34.6","43.4","320"
"Atchison, Missouri","38.8","21.6","66.4","17"
"Lawrence, Tennessee","38.8","31.6","47.2","106"
"Dunn, Wisconsin","38.8","31.2","47.6","97"
"Cape Girardeau, Missouri","38.8","33.2","45.1","180"
"Alexander, North Carolina","38.8","31.4","47.7","99"
"Panola, Texas","38.8","29.4","50.5","60"
"DeKalb, Georgia","38.7","36.6","40.9","1381"
"Whitfield, Georgia","38.7","33.6","44.4","213"
"Merced, California","38.7","35.1","42.4","454"
"Essex, New York","38.7","31.5","47.2","110"
"Franklin, Alabama","38.7","30.2","48.8","74"
"Leslie, Kentucky","38.7","24.9","57.8","26"
"Davidson, Tennessee","38.7","36.5","40.9","1273"
"McCracken, Kentucky","38.7","32.9","45.3","169"
"Isle of Wight, Virginia","38.7","30.8","48.2","90"
"Daviess, Kentucky","38.7","33.9","44.2","238"
"St. John the Baptist, Louisiana","38.7","31.1","47.7","96"
"Nassau, New York","38.7","37.4","40.1","3431"
"Lincoln, Montana","38.7","28.8","51.6","63"
"Polk, Wisconsin","38.7","31.8","46.9","116"
"Curry, New Mexico","38.7","31.0","47.6","90"
"Brunswick, North Carolina","38.6","34.3","43.3","381"
"Gwinnett, Georgia","38.6","36.5","40.8","1474"
"Kitsap, Washington","38.6","35.5","42.1","587"
"Willacy, Texas","38.6","27.7","52.4","42"
"Bastrop, Texas","38.6","32.9","45.0","177"
"Bronx, New York","38.6","37.1","40.1","2719"
"Bucks, Pennsylvania","38.6","36.6","40.6","1602"
"Cole, Missouri","38.6","32.8","45.1","165"
"Miller, Arkansas","38.6","31.2","47.3","98"
"Delaware, Oklahoma","38.6","31.8","46.7","130"
"King George, Virginia","38.6","28.2","51.7","48"
"Pulaski, Georgia","38.6","26.0","56.1","32"
"Bingham, Idaho","38.6","30.8","47.7","89"
"Scioto, Ohio","38.5","33.1","44.5","193"
"Geauga, Ohio","38.5","33.6","44.0","244"
"Madison, Mississippi","38.5","33.2","44.4","205"
"Tehama, California","38.5","32.5","45.3","156"
"Solano, California","38.5","36.0","41.1","936"
"Frio, Texas","38.5","26.6","53.9","34"
"Yuba, California","38.5","32.1","45.8","133"
"Georgetown, South Carolina","38.5","32.7","45.2","187"
"Jones, Georgia","38.5","29.3","49.8","62"
"Grayson, Virginia","38.5","27.7","52.9","46"
"Van Zandt, Texas","38.5","32.3","45.7","145"
"Lake, California","38.4","32.8","44.9","181"
"Madison, Idaho","38.4","27.0","52.7","38"
"Putnam, New York","38.4","33.6","43.9","239"
"San Joaquin, California","38.4","36.3","40.5","1368"
"Coleman, Texas","38.4","23.9","59.6","25"
"Lee, South Carolina","38.4","26.9","53.3","40"
"Anderson, Tennessee","38.4","33.1","44.3","205"
"Cayuga, New York","38.4","33.2","44.3","207"
"Radford, Virginia","38.4","24.1","58.0","23"
"Cameron, Texas","38.4","35.7","41.2","791"
"Volusia, Florida","38.4","36.5","40.5","1610"
"Clatsop, Oregon","38.4","31.1","47.1","106"
"District of Columbia, District of Columbia","38.4","36.3","40.6","1249"
"Penobscot, Maine","38.4","34.5","42.6","378"
"Camp, Texas","38.4","25.8","55.4","31"
"New Castle, Delaware","38.4","36.2","40.7","1203"
"Lea, New Mexico","38.4","31.8","45.9","123"
"Madison, North Carolina","38.3","28.7","50.4","58"
"Alger, Michigan","38.3","24.3","58.7","27"
"Limestone, Alabama","38.3","33.1","44.1","204"
"Grimes, Texas","38.3","29.6","49.1","69"
"Dinwiddie, Virginia","38.3","29.4","49.1","67"
"Snohomish, Washington","38.3","36.4","40.3","1562"
"Sabine, Louisiana","38.3","29.3","49.5","66"
"Payne, Oklahoma","38.3","31.9","45.5","135"
"Harrison, Ohio","38.3","27.4","52.8","43"
"Oconee, Georgia","38.3","30.0","48.3","77"
"Richmond, North Carolina","38.3","31.4","46.4","112"
"McClain, Oklahoma","38.3","30.3","47.7","84"
"Monroe, Indiana","38.3","33.5","43.4","250"
"Iredell, North Carolina","38.2","34.4","42.4","377"
"Eddy, New Mexico","38.2","31.5","46.0","120"
"Nueces, Texas","38.2","35.4","41.1","743"
"Columbus, North Carolina","38.2","32.0","45.3","144"
"Surry, Virginia","38.2","22.6","62.5","19"
"Marlboro, South Carolina","38.2","29.1","49.3","64"
"Dallas, Texas","38.2","37.0","39.4","4371"
"Allen, Indiana","38.2","35.4","41.0","758"
"Yancey, North Carolina","38.2","28.0","51.4","54"
"Beaufort, North Carolina","38.2","31.7","45.9","136"
"Wayne, Nebraska","38.1","23.5","59.3","23"
"McKinley, New Mexico","38.1","31.7","45.4","131"
"Canyon, Idaho","38.1","34.3","42.2","384"
"Noble, Indiana","38.1","31.0","46.3","107"
"Swisher, Texas","38.1","22.1","61.8","18"
"Portsmouth, Virginia","38.1","32.8","44.0","199"
"Lowndes, Georgia","38.1","32.9","44.0","194"
"Caldwell, Kentucky","38.1","25.7","54.9","33"
"Fremont, Idaho","38.1","25.7","54.9","31"
"Stephenson, Illinois","38.1","31.7","45.6","134"
"Scurry, Texas","38.1","26.9","52.7","38"
"Stafford, Virginia","38.1","33.1","43.5","241"
"Orange, Florida","38.1","36.5","39.7","2349"
"Pasco, Florida","38.1","36.1","40.3","1411"
"White Pine, Nevada","38.1","24.5","57.2","25"
"Berks, Pennsylvania","38.1","35.7","40.7","977"
"Saratoga, New York","38.1","34.9","41.5","540"
"Taylor, Texas","38.0","33.6","42.9","274"
"Codington, South Dakota","38.0","29.3","48.7","68"
"Bexar, Texas","38.0","36.7","39.3","3409"
"Polk, Arkansas","38.0","28.7","49.8","60"
"Rutherford, Tennessee","38.0","34.6","41.6","493"
"Alachua, Florida","38.0","34.6","41.6","484"
"Fayette, Kentucky","38.0","35.0","41.2","603"
"St. Joseph, Indiana","38.0","35.0","41.3","590"
"Winston, Alabama","38.0","29.1","49.1","65"
"St. Louis, Missouri","38.0","36.5","39.6","2410"
"Johnson, Iowa","38.0","33.1","43.3","231"
"Bulloch, Georgia","38.0","31.5","45.5","126"
"Nodaway, Missouri","38.0","27.7","51.1","47"
"Wilkes, North Carolina","38.0","32.5","44.1","185"
"Piscataquis, Maine","38.0","28.4","50.6","57"
"Montgomery, Ohio","38.0","35.9","40.2","1286"
"Hartford, Connecticut","38.0","36.4","39.7","2133"
"Windham, Vermont","38.0","31.3","45.8","125"
"Big Horn, Wyoming","38.0","25.9","54.5","33"
"Cass, North Dakota","37.9","33.6","42.6","297"
"Baraga, Michigan","37.9","23.8","58.4","24"
"Trinity, Texas","37.9","26.5","53.1","43"
"Windsor, Vermont","37.9","31.7","45.0","151"
"Horry, South Carolina","37.9","35.2","40.7","850"
"Union, Kentucky","37.9","25.4","54.7","31"
"Oconto, Wisconsin","37.9","30.6","46.6","100"
"Harris, Georgia","37.9","29.8","47.6","84"
"Antrim, Michigan","37.9","28.6","49.6","69"
"Delaware, Indiana","37.9","33.4","43.0","265"
"Wood, Texas","37.9","31.4","45.6","140"
"Boone, Missouri","37.9","33.5","42.6","295"
"Kootenai, Idaho","37.9","33.9","42.2","352"
"Gadsden, Florida","37.9","30.9","46.0","108"
"Shiawassee, Michigan","37.9","32.3","44.4","169"
"Churchill, Nevada","37.9","28.6","49.6","59"
"Ulster, New York","37.9","34.4","41.7","456"
"Webb, Texas","37.9","34.2","41.9","396"
"Lincoln, Oregon","37.8","31.4","45.4","147"
"Washington, Maryland","37.8","33.9","42.1","349"
"Moniteau, Missouri","37.8","26.0","53.3","34"
"Barnwell, South Carolina","37.8","27.9","50.1","53"
"Genesee, Michigan","37.8","35.4","40.4","944"
"Baxter, Arkansas","37.8","31.4","45.5","148"
"Coos, New Hampshire","37.8","30.2","47.1","96"
"Floyd, Iowa","37.8","27.4","51.4","47"
"Liberty, Florida","37.8","21.4","62.0","16"
"Hall, Georgia","37.8","34.1","41.8","393"
"Sacramento, California","37.8","36.4","39.2","2998"
"Grant, Washington","37.8","32.3","44.0","171"
"Rabun, Georgia","37.8","27.8","51.1","52"
"Forest, Pennsylvania","37.7","21.5","64.0","18"
"Canadian, Oklahoma","37.7","33.1","42.8","253"
"Ballard, Kentucky","37.7","23.3","58.8","22"
"Monroe, New York","37.7","35.9","39.6","1720"
"Fayette, Tennessee","37.7","30.7","46.0","110"
"Richmond, Virginia","37.7","34.1","41.6","424"
"Murray, Georgia","37.7","29.7","47.3","81"
"Linn, Iowa","37.7","34.3","41.3","463"
"Hampden, Massachusetts","37.7","35.4","40.1","1060"
"Hunterdon, New Jersey","37.7","33.5","42.5","309"
"Wayne, Ohio","37.7","33.3","42.6","272"
"Roosevelt, New Mexico","37.7","25.8","53.1","34"
"Coryell, Texas","37.7","30.9","45.5","113"
"Putnam, West Virginia","37.7","31.5","44.9","136"
"Spotsylvania, Virginia","37.7","33.1","42.8","258"
"Hendricks, Indiana","37.7","33.5","42.3","304"
"Chemung, New York","37.6","32.5","43.4","208"
"Lee, Illinois","37.6","30.1","46.5","91"
"Medina, Texas","37.6","30.7","45.6","110"
"Clark, Arkansas","37.6","27.7","50.1","51"
"Greene, Missouri","37.6","34.6","40.8","617"
"Washington, Oklahoma","37.6","31.0","45.2","126"
"Fremont, Colorado","37.6","31.2","45.0","130"
"Worth, Iowa","37.6","22.2","60.7","20"
"Tyler, Texas","37.6","27.9","49.8","57"
"Woodruff, Arkansas","37.5","22.4","60.7","20"
"Genesee, New York","37.5","31.4","44.5","143"
"Lancaster, Pennsylvania","37.5","35.4","39.8","1253"
"Oakland, Michigan","37.5","36.1","39.0","2856"
"Worcester, Maryland","37.5","31.3","44.8","155"
"Oconee, South Carolina","37.5","32.2","43.4","207"
"Mohave, Arizona","37.5","34.5","40.8","687"
"Lunenburg, Virginia","37.5","25.4","54.1","34"
"Parker, Texas","37.5","33.1","42.3","280"
"Forsyth, Georgia","37.5","33.7","41.7","376"
"Harris, Texas","37.5","36.6","38.4","7432"
"Newton, Missouri","37.5","31.6","44.4","146"
"Cascade, Montana","37.5","32.2","43.4","195"
"Franklin, Ohio","37.5","35.9","39.1","2260"
"Cleveland, Oklahoma","37.5","34.3","41.0","505"
"Columbia, Florida","37.5","31.8","44.0","166"
"Leon, Texas","37.4","27.0","50.9","49"
"DeKalb, Missouri","37.4","25.1","54.1","30"
"Trinity, California","37.4","25.4","53.9","39"
"Walton, Florida","37.4","31.5","44.1","155"
"Dare, North Carolina","37.4","29.8","46.6","93"
"Mendocino, California","37.4","32.4","43.0","225"
"Kent, Maryland","37.4","27.8","49.7","59"
"Bacon, Georgia","37.4","23.9","56.1","25"
"Haralson, Georgia","37.4","28.8","48.0","66"
"Denver, Colorado","37.4","35.2","39.6","1178"
"Johnson, Texas","37.4","33.4","41.9","326"
"Seneca, New York","37.4","29.6","46.8","85"
"Newport News, Virginia","37.4","33.5","41.7","338"
"Pierce, Washington","37.4","35.6","39.3","1673"
"Marion, Georgia","37.4","23.5","57.8","24"
"Bienville, Louisiana","37.4","25.6","53.1","35"
"Mercer, New Jersey","37.3","34.7","40.1","790"
"Rockingham, New Hampshire","37.3","34.5","40.2","720"
"Chautauqua, New York","37.3","33.3","41.8","333"
"Ascension, Louisiana","37.3","32.3","42.8","215"
"Coos, Oregon","37.3","32.0","43.3","199"
"Augusta, Virginia","37.3","32.1","43.1","198"
"Erie, Pennsylvania","37.3","34.4","40.4","644"
"Carroll, Ohio","37.3","29.1","47.3","77"
"Auglaize, Ohio","37.3","30.6","45.1","115"
"Tattnall, Georgia","37.3","27.9","49.1","54"
"Erath, Texas","37.2","29.1","46.8","76"
"Kerr, Texas","37.2","30.9","44.6","151"
"Fayette, Illinois","37.2","27.9","48.9","55"
"Aiken, South Carolina","37.2","33.5","41.2","397"
"Powhatan, Virginia","37.2","28.6","47.9","68"
"Calhoun, South Carolina","37.2","25.8","52.4","38"
"Baltimore, Maryland","37.2","35.5","39.0","1901"
"Meade, Kentucky","37.2","27.9","48.6","57"
"Jo Daviess, Illinois","37.2","28.7","48.1","71"
"Fall River, South Dakota","37.1","23.7","58.4","25"
"Gloucester, Virginia","37.1","29.6","46.1","90"
"Goliad, Texas","37.1","22.9","58.6","22"
"Broward, Florida","37.1","36.0","38.2","4275"
"Morris, New Jersey","37.1","35.0","39.4","1164"
"Barnes, North Dakota","37.1","24.3","54.9","29"
"Middlesex, Virginia","37.1","24.7","55.0","37"
"Webster, Kentucky","37.1","24.8","53.6","31"
"Jefferson, West Virginia","37.1","30.6","44.8","119"
"Hernando, Florida","37.1","33.9","40.6","581"
"Caledonia, Vermont","37.1","28.8","47.2","76"
"Eaton, Michigan","37.1","32.5","42.2","251"
"Valdez-Cordova, Alaska","37.0","20.0","62.4","18"
"Ozark, Missouri","37.0","23.1","57.4","28"
"Haywood, North Carolina","37.0","31.4","43.5","171"
"Multnomah, Oregon","37.0","35.1","39.0","1475"
"Rockland, New York","37.0","34.2","39.9","690"
"Perry, Alabama","37.0","22.4","57.9","22"
"Lyon, Nevada","37.0","30.9","44.1","143"
"Chelan, Washington","37.0","31.5","43.3","174"
"DeSoto, Florida","37.0","29.5","45.9","91"
"Tarrant, Texas","36.9","35.6","38.2","3365"
"Rock, Wisconsin","36.9","33.1","41.0","358"
"Hillsdale, Michigan","36.9","30.2","44.7","113"
"Albany, New York","36.9","34.1","39.9","691"
"Butler, Nebraska","36.9","22.8","57.8","22"
"Cocke, Tennessee","36.9","29.6","45.8","94"
"Walworth, Wisconsin","36.9","32.1","42.3","223"
"Hays, Texas","36.9","32.7","41.5","302"
"St. Charles, Louisiana","36.9","29.8","45.1","102"
"Cheshire, New Hampshire","36.9","31.5","43.1","181"
"Woodward, Oklahoma","36.9","26.7","49.8","44"
"Racine, Wisconsin","36.9","33.5","40.6","446"
"Osage, Missouri","36.9","24.9","53.1","32"
"Lebanon, Pennsylvania","36.8","33.0","41.1","346"
"Waldo, Maine","36.8","29.8","45.1","105"
"Forsyth, North Carolina","36.8","34.2","39.5","780"
"Spartanburg, South Carolina","36.8","33.9","39.8","639"
"Silver Bow, Montana","36.8","29.4","45.8","88"
"Berkeley, South Carolina","36.8","33.0","40.9","373"
"San Benito, California","36.8","30.0","44.8","106"
"Monroe, Florida","36.8","31.8","42.5","211"
"Gooding, Idaho","36.8","25.2","52.1","34"
"Washington, Missouri","36.8","27.6","48.1","57"
"Toombs, Georgia","36.8","28.0","47.7","60"
"Boone, Indiana","36.8","30.5","44.1","124"
"Plymouth, Massachusetts","36.7","34.6","39.0","1183"
"Shelby, Alabama","36.7","33.2","40.5","417"
"Jackson, Texas","36.7","25.0","52.3","33"
"Washington, Wisconsin","36.7","32.6","41.2","309"
"Putnam, Ohio","36.7","28.8","46.2","79"
"Blount, Alabama","36.7","30.5","43.8","129"
"Harrison, Texas","36.7","30.9","43.3","147"
"Lake, Michigan","36.7","24.5","54.0","36"
"McLennan, Texas","36.7","33.3","40.2","465"
"Jackson, North Carolina","36.7","29.4","45.5","93"
"Nez Perce, Idaho","36.7","29.6","45.1","100"
"Otero, New Mexico","36.7","30.8","43.4","145"
"Grafton, New Hampshire","36.7","31.7","42.3","214"
"Daviess, Missouri","36.6","22.2","57.7","21"
"Logan, Arkansas","36.6","27.4","48.2","56"
"Jefferson, Oregon","36.6","27.1","48.5","53"
"Harnett, North Carolina","36.6","31.9","41.9","220"
"Major, Oklahoma","36.6","21.5","59.2","19"
"Pulaski, Arkansas","36.6","34.0","39.3","798"
"Floyd, Virginia","36.6","25.4","51.5","38"
"Taylor, Wisconsin","36.6","26.7","49.1","49"
"Barry, Missouri","36.6","29.2","45.3","92"
"Winchester, Virginia","36.6","27.8","47.5","60"
"Mineral, West Virginia","36.5","28.1","46.8","69"
"Summit, Ohio","36.5","34.5","38.6","1275"
"Craven, North Carolina","36.5","31.7","41.8","229"
"Henderson, Illinois","36.5","22.6","58.2","22"
"Shasta, California","36.5","33.1","40.2","457"
"Chester, Pennsylvania","36.5","34.3","38.7","1121"
"Saginaw, Michigan","36.5","33.1","40.1","464"
"Cumberland, Tennessee","36.5","30.8","43.1","182"
"St. Croix, Wisconsin","36.5","31.0","42.7","167"
"Montgomery, Pennsylvania","36.5","34.9","38.2","1946"

"undefined"