county,obesity
"Autauga, Alabama",37.95
"Baldwin, Alabama",33.7
"Barbour, Alabama",46.55
"Bibb, Alabama",42.95
"Blount, Alabama",40.0
"Bullock, Alabama",48.95
"Butler, Alabama",45.05
"Calhoun, Alabama",39.7
"Chambers, Alabama",44.2
"Cherokee, Alabama",40.6
"Chilton, Alabama",43.05
"Choctaw, Alabama",45.55
"Clarke, Alabama",44.2
"Clay, Alabama",42.3
"Cleburne, Alabama",39.349999999999994
"Coffee, Alabama",39.400000000000006
"Colbert, Alabama",40.900000000000006
"Conecuh, Alabama",45.05
"Coosa, Alabama",45.0
"Covington, Alabama",40.599999999999994
"Crenshaw, Alabama",42.7
"Cullman, Alabama",38.95
"Dale, Alabama",41.6
"Dallas, Alabama",48.1
"DeKalb, Alabama",39.9
"Elmore, Alabama",38.099999999999994
"Escambia, Alabama",42.85
"Etowah, Alabama",38.85
"Fayette, Alabama",43.15
"Franklin, Alabama",38.75
"Geneva, Alabama",42.3
"Greene, Alabama",50.9
"Hale, Alabama",49.5
"Henry, Alabama",44.099999999999994
"Houston, Alabama",40.35
"Jackson, Alabama",38.8
"Jefferson, Alabama",38.65
"Lamar, Alabama",39.3
"Lauderdale, Alabama",36.849999999999994
"Lawrence, Alabama",43.35
"Lee, Alabama",37.9
"Limestone, Alabama",40.0
"Lowndes, Alabama",48.45
"Macon, Alabama",46.9
"Madison, Alabama",36.0
"Marengo, Alabama",46.25
"Marion, Alabama",39.0
"Marshall, Alabama",37.95
"Mobile, Alabama",40.1
"Monroe, Alabama",44.35
"Montgomery, Alabama",40.85
"Morgan, Alabama",39.349999999999994
"Perry, Alabama",50.05
"Pickens, Alabama",45.05
"Pike, Alabama",42.75
"Randolph, Alabama",42.1
"Russell, Alabama",44.8
"Shelby, Alabama",34.8
"St. Clair, Alabama",40.3
"Sumter, Alabama",47.95
"Talladega, Alabama",44.35
"Tallapoosa, Alabama",41.35
"Tuscaloosa, Alabama",40.1
"Walker, Alabama",40.75
"Washington, Alabama",43.400000000000006
"Wilcox, Alabama",49.849999999999994
"Winston, Alabama",40.2
"Aleutians East, Alaska",33.75
"Aleutians West, Alaska",33.45
"Anchorage, Alaska",34.25
"Bethel, Alaska",43.650000000000006
"Bristol Bay, Alaska",39.4
"Dillingham, Alaska",42.45
"Fairbanks North Star, Alaska",34.349999999999994
"Haines, Alaska",36.95
"Hoonah-Angoon, Alaska",40.25
"Juneau City and, Alaska",34.7
"Kenai Peninsula, Alaska",37.4
"Ketchikan Gateway, Alaska",38.05
"Kodiak Island, Alaska",34.349999999999994
"Lake and Peninsula, Alaska",46.1
"Matanuska-Susitna, Alaska",36.25
"Nome, Alaska",39.8
"North Slope, Alaska",40.599999999999994
"Northwest Arctic, Alaska",44.2
"Petersburg, Alaska",38.05
"Prince of Wales-Hyder, Alaska",38.05
"Sitka City and, Alaska",33.85
"Skagway, Alaska",40.25
"Southeast Fairbanks, Alaska",36.95
"Valdez-Cordova, Alaska",36.75
"Wade Hampton, Alaska",46.9
"Wrangell City and, Alaska",38.05
"Yakutat City and, Alaska",38.349999999999994
"Yukon-Koyukuk, Alaska",40.45
"Apache, Arizona",42.9
"Cochise, Arizona",33.55
"Coconino, Arizona",29.799999999999997
"Gila, Arizona",36.85
"Graham, Arizona",40.6
"Greenlee, Arizona",37.6
"La Paz, Arizona",41.35
"Maricopa, Arizona",32.1
"Mohave, Arizona",34.400000000000006
"Navajo, Arizona",39.0
"Pima, Arizona",32.4
"Pinal, Arizona",39.95
"Santa Cruz, Arizona",34.65
"Yavapai, Arizona",29.45
"Yuma, Arizona",40.2
"Arkansas, Arkansas",42.45
"Ashley, Arkansas",42.15
"Baxter, Arkansas",34.35
"Benton, Arkansas",34.9
"Boone, Arkansas",33.85
"Bradley, Arkansas",42.8
"Calhoun, Arkansas",42.0
"Carroll, Arkansas",34.8
"Chicot, Arkansas",47.099999999999994
"Clark, Arkansas",39.4
"Clay, Arkansas",42.2
"Cleburne, Arkansas",36.900000000000006
"Cleveland, Arkansas",39.5
"Columbia, Arkansas",41.25
"Conway, Arkansas",39.349999999999994
"Craighead, Arkansas",37.5
"Crawford, Arkansas",37.95
"Crittenden, Arkansas",44.2
"Cross, Arkansas",42.400000000000006
"Dallas, Arkansas",43.85
"Desha, Arkansas",44.400000000000006
"Drew, Arkansas",40.4
"Faulkner, Arkansas",35.75
"Franklin, Arkansas",36.3
"Fulton, Arkansas",37.599999999999994
"Garland, Arkansas",35.349999999999994
"Grant, Arkansas",39.2
"Greene, Arkansas",40.0
"Hempstead, Arkansas",42.75
"Hot Spring, Arkansas",39.65
"Howard, Arkansas",42.6
"Independence, Arkansas",37.05
"Izard, Arkansas",36.4
"Jackson, Arkansas",43.650000000000006
"Jefferson, Arkansas",44.2
"Johnson, Arkansas",39.5
"Lafayette, Arkansas",44.2
"Lawrence, Arkansas",41.8
"Lee, Arkansas",49.25
"Lincoln, Arkansas",44.900000000000006
"Little River, Arkansas",41.25
"Logan, Arkansas",38.15
"Lonoke, Arkansas",38.9
"Madison, Arkansas",38.5
"Marion, Arkansas",37.55
"Miller, Arkansas",42.15
"Mississippi, Arkansas",44.75
"Monroe, Arkansas",46.6
"Montgomery, Arkansas",38.3
"Nevada, Arkansas",43.599999999999994
"Newton, Arkansas",38.25
"Ouachita, Arkansas",43.65
"Perry, Arkansas",38.05
"Phillips, Arkansas",47.05
"Pike, Arkansas",38.95
"Poinsett, Arkansas",44.25
"Polk, Arkansas",38.95
"Pope, Arkansas",37.7
"Prairie, Arkansas",42.150000000000006
"Pulaski, Arkansas",36.099999999999994
"Randolph, Arkansas",39.45
"Saline, Arkansas",36.75
"Scott, Arkansas",38.349999999999994
"Searcy, Arkansas",40.5
"Sebastian, Arkansas",33.8
"Sevier, Arkansas",43.5
"Sharp, Arkansas",37.45
"St. Francis, Arkansas",46.45
"Stone, Arkansas",37.65
"Union, Arkansas",39.8
"Van Buren, Arkansas",37.9
"Washington, Arkansas",34.65
"White, Arkansas",38.75
"Woodruff, Arkansas",45.6
"Yell, Arkansas",40.2
"Alameda, California",27.35
"Alpine, California",33.05
"Amador, California",34.55
"Butte, California",32.95
"Calaveras, California",34.599999999999994
"Colusa, California",38.5
"Contra Costa, California",31.3
"Del Norte, California",38.6
"El Dorado, California",27.25
"Fresno, California",40.099999999999994
"Glenn, California",37.3
"Humboldt, California",33.3
"Imperial, California",39.95
"Inyo, California",34.65
"Kern, California",39.05
"Kings, California",39.5
"Lake, California",35.4
"Lassen, California",35.0
"Los Angeles, California",30.400000000000002
"Madera, California",40.75
"Marin, California",22.0
"Mariposa, California",35.849999999999994
"Mendocino, California",32.35
"Merced, California",43.599999999999994
"Modoc, California",35.35
"Mono, California",32.8
"Monterey, California",34.15
"Napa, California",32.2
"Nevada, California",27.65
"Orange, California",27.35
"Placer, California",27.0
"Plumas, California",32.35
"Riverside, California",35.6
"Sacramento, California",34.45
"San Benito, California",37.2
"San Bernardino, California",36.2
"San Diego, California",30.1
"San Francisco, California",19.6
"San Joaquin, California",37.85
"San Luis Obispo, California",29.6
"San Mateo, California",24.15
"Santa Barbara, California",29.950000000000003
"Santa Clara, California",25.95
"Santa Cruz, California",28.9
"Shasta, California",34.05
"Sierra, California",32.4
"Siskiyou, California",33.7
"Solano, California",34.8
"Sonoma, California",29.9
"Stanislaus, California",39.3
"Sutter, California",33.3
"Tehama, California",35.6
"Trinity, California",32.95
"Tulare, California",41.1
"Tuolumne, California",32.2
"Ventura, California",30.799999999999997
"Yolo, California",33.25
"Yuba, California",37.7
"Adams, Colorado",28.05
"Alamosa, Colorado",32.1
"Arapahoe, Colorado",26.45
"Archuleta, Colorado",27.15
"Baca, Colorado",36.599999999999994
"Bent, Colorado",41.0
"Boulder, Colorado",28.05
"Broomfield, Colorado",28.05
"Chaffee, Colorado",24.05
"Cheyenne, Colorado",37.05
"Clear Creek, Colorado",26.35
"Conejos, Colorado",32.1
"Costilla, Colorado",36.35
"Crowley, Colorado",42.3
"Custer, Colorado",31.7
"Delta, Colorado",27.9
"Denver, Colorado",26.0
"Dolores, Colorado",30.15
"Douglas, Colorado",21.450000000000003
"Eagle, Colorado",21.45
"El Paso, Colorado",27.2
"Elbert, Colorado",26.0
"Fremont, Colorado",30.55
"Garfield, Colorado",25.5
"Gilpin, Colorado",29.5
"Grand, Colorado",25.45
"Gunnison, Colorado",24.65
"Hinsdale, Colorado",28.5
"Huerfano, Colorado",36.900000000000006
"Jackson, Colorado",29.2
"Jefferson, Colorado",28.05
"Kiowa, Colorado",35.25
"Kit Carson, Colorado",37.35
"La Plata, Colorado",22.950000000000003
"Lake, Colorado",26.1
"Larimer, Colorado",24.6
"Las Animas, Colorado",35.05
"Lincoln, Colorado",35.85
"Logan, Colorado",34.55
"Mesa, Colorado",28.4
"Mineral, Colorado",30.15
"Moffat, Colorado",33.5
"Montezuma, Colorado",29.6
"Montrose, Colorado",28.45
"Morgan, Colorado",36.35
"Otero, Colorado",38.5
"Ouray, Colorado",26.15
"Park, Colorado",25.4
"Phillips, Colorado",36.5
"Pitkin, Colorado",19.9
"Prowers, Colorado",37.6
"Pueblo, Colorado",34.35
"Rio Blanco, Colorado",25.549999999999997
"Rio Grande, Colorado",32.4
"Routt, Colorado",21.15
"Saguache, Colorado",35.45
"San Juan, Colorado",31.7
"San Miguel, Colorado",29.200000000000003
"Sedgwick, Colorado",36.45
"Summit, Colorado",23.0
"Teller, Colorado",23.85
"Washington, Colorado",34.35
"Weld, Colorado",28.05
"Yuma, Colorado",35.75
"Fairfield, Connecticut",26.95
"Hartford, Connecticut",33.2
"Litchfield, Connecticut",29.4
"Middlesex, Connecticut",31.5
"New Haven, Connecticut",34.35
"New London, Connecticut",32.15
"Tolland, Connecticut",31.75
"Windham, Connecticut",36.05
"Kent, Delaware",42.2
"New Castle, Delaware",35.55
"Sussex, Delaware",38.85
"District of Columbia, District of Columbia",28.849999999999998
"Alachua, Florida",31.150000000000002
"Baker, Florida",42.400000000000006
"Bay, Florida",33.95
"Bradford, Florida",45.150000000000006
"Brevard, Florida",34.95
"Broward, Florida",31.95
"Calhoun, Florida",42.15
"Charlotte, Florida",33.95
"Citrus, Florida",37.05
"Clay, Florida",35.8
"Collier, Florida",30.7
"Columbia, Florida",41.5
"DeSoto, Florida",41.1
"Dixie, Florida",41.6
"Duval, Florida",36.8
"Escambia, Florida",35.05
"Flagler, Florida",34.5
"Franklin, Florida",37.55
"Gadsden, Florida",44.15
"Gilchrist, Florida",39.9
"Glades, Florida",38.85
"Gulf, Florida",36.75
"Hamilton, Florida",44.3
"Hardee, Florida",46.2
"Hendry, Florida",42.75
"Hernando, Florida",35.5
"Highlands, Florida",38.75
"Hillsborough, Florida",34.599999999999994
"Holmes, Florida",40.099999999999994
"Indian River, Florida",32.3
"Jackson, Florida",40.8
"Jefferson, Florida",41.45
"Lafayette, Florida",38.95
"Lake, Florida",35.9
"Lee, Florida",33.599999999999994
"Leon, Florida",35.2
"Levy, Florida",40.0
"Liberty, Florida",40.85
"Madison, Florida",43.5
"Manatee, Florida",33.7
"Marion, Florida",38.2
"Martin, Florida",28.2
"Miami-Dade, Florida",33.9
"Monroe, Florida",27.5
"Nassau, Florida",34.75
"Okaloosa, Florida",33.05
"Okeechobee, Florida",41.75
"Orange, Florida",34.2
"Osceola, Florida",37.85
"Palm Beach, Florida",30.9
"Pasco, Florida",34.75
"Pinellas, Florida",32.75
"Polk, Florida",40.3
"Putnam, Florida",43.0
"Santa Rosa, Florida",32.85
"Sarasota, Florida",28.85
"Seminole, Florida",32.5
"St. Johns, Florida",30.95
"St. Lucie, Florida",37.1
"Sumter, Florida",37.150000000000006
"Suwannee, Florida",39.75
"Taylor, Florida",41.2
"Union, Florida",46.6
"Volusia, Florida",34.65
"Wakulla, Florida",39.75
"Walton, Florida",33.55
"Washington, Florida",39.65
"Appling, Georgia",43.3
"Atkinson, Georgia",44.8
"Bacon, Georgia",43.2
"Baker, Georgia",43.45
"Baldwin, Georgia",41.5
"Banks, Georgia",39.05
"Barrow, Georgia",37.849999999999994
"Bartow, Georgia",36.8
"Ben Hill, Georgia",43.75
"Berrien, Georgia",42.45
"Bibb, Georgia",39.400000000000006
"Bleckley, Georgia",44.6
"Brantley, Georgia",41.7
"Brooks, Georgia",43.0
"Bryan, Georgia",35.0
"Bulloch, Georgia",39.85
"Burke, Georgia",47.400000000000006
"Butts, Georgia",42.35
"Calhoun, Georgia",49.6
"Camden, Georgia",37.05
"Candler, Georgia",43.25
"Carroll, Georgia",37.95
"Catoosa, Georgia",38.9
"Charlton, Georgia",46.9
"Chatham, Georgia",37.4
"Chattahoochee, Georgia",37.8
"Chattooga, Georgia",42.95
"Cherokee, Georgia",32.3
"Clarke, Georgia",36.4
"Clay, Georgia",46.75
"Clayton, Georgia",41.25
"Clinch, Georgia",46.45
"Cobb, Georgia",31.4
"Coffee, Georgia",42.0
"Colquitt, Georgia",42.099999999999994
"Columbia, Georgia",31.8
"Cook, Georgia",43.6
"Coweta, Georgia",35.45
"Crawford, Georgia",41.05
"Crisp, Georgia",44.05
"Dade, Georgia",38.0
"Dawson, Georgia",32.9
"Decatur, Georgia",43.6
"DeKalb, Georgia",33.2
"Dodge, Georgia",43.45
"Dooly, Georgia",46.15
"Dougherty, Georgia",43.400000000000006
"Douglas, Georgia",34.85
"Early, Georgia",45.650000000000006
"Echols, Georgia",44.75
"Effingham, Georgia",40.3
"Elbert, Georgia",42.3
"Emanuel, Georgia",44.849999999999994
"Evans, Georgia",43.35
"Fannin, Georgia",36.099999999999994
"Fayette, Georgia",30.0
"Floyd, Georgia",37.400000000000006
"Forsyth, Georgia",28.15
"Franklin, Georgia",39.65
"Fulton, Georgia",29.450000000000003
"Gilmer, Georgia",38.05
"Glascock, Georgia",42.150000000000006
"Glynn, Georgia",37.65
"Gordon, Georgia",37.95
"Grady, Georgia",43.55
"Greene, Georgia",41.6
"Gwinnett, Georgia",31.65
"Habersham, Georgia",37.2
"Hall, Georgia",34.5
"Hancock, Georgia",48.5
"Haralson, Georgia",39.650000000000006
"Harris, Georgia",36.55
"Hart, Georgia",39.7
"Heard, Georgia",42.55
"Henry, Georgia",35.2
"Houston, Georgia",37.400000000000006
"Irwin, Georgia",42.95
"Jackson, Georgia",36.85
"Jasper, Georgia",39.1
"Jeff Davis, Georgia",42.45
"Jefferson, Georgia",49.05
"Jenkins, Georgia",49.05
"Johnson, Georgia",47.2
"Jones, Georgia",37.849999999999994
"Lamar, Georgia",43.3
"Lanier, Georgia",43.150000000000006
"Laurens, Georgia",42.15
"Lee, Georgia",37.25
"Liberty, Georgia",39.349999999999994
"Lincoln, Georgia",42.6
"Long, Georgia",42.75
"Lowndes, Georgia",39.65
"Lumpkin, Georgia",35.8
"Macon, Georgia",45.4
"Madison, Georgia",40.0
"Marion, Georgia",42.900000000000006
"McDuffie, Georgia",45.599999999999994
"McIntosh, Georgia",42.9
"Meriwether, Georgia",45.0
"Miller, Georgia",40.95
"Mitchell, Georgia",46.45
"Monroe, Georgia",40.45
"Montgomery, Georgia",42.75
"Morgan, Georgia",39.05
"Murray, Georgia",41.55
"Muscogee, Georgia",41.15
"Newton, Georgia",38.45
"Oconee, Georgia",32.15
"Oglethorpe, Georgia",40.25
"Paulding, Georgia",35.55
"Peach, Georgia",41.849999999999994
"Pickens, Georgia",35.35
"Pierce, Georgia",41.6
"Pike, Georgia",39.85
"Polk, Georgia",38.45
"Pulaski, Georgia",44.3
"Putnam, Georgia",39.45
"Quitman, Georgia",49.849999999999994
"Rabun, Georgia",35.95
"Randolph, Georgia",49.45
"Richmond, Georgia",40.35
"Rockdale, Georgia",35.75
"Schley, Georgia",44.400000000000006
"Screven, Georgia",46.65
"Seminole, Georgia",41.7
"Spalding, Georgia",43.45
"Stephens, Georgia",40.599999999999994
"Stewart, Georgia",46.95
"Sumter, Georgia",42.9
"Talbot, Georgia",46.5
"Taliaferro, Georgia",50.55
"Tattnall, Georgia",44.849999999999994
"Taylor, Georgia",45.2
"Telfair, Georgia",43.4
"Terrell, Georgia",50.849999999999994
"Thomas, Georgia",39.55
"Tift, Georgia",41.25
"Toombs, Georgia",41.95
"Towns, Georgia",35.5
"Treutlen, Georgia",45.85
"Troup, Georgia",39.849999999999994
"Turner, Georgia",47.25
"Twiggs, Georgia",48.0
"Union, Georgia",33.65
"Upson, Georgia",43.5
"Walker, Georgia",40.85
"Walton, Georgia",37.55
"Ware, Georgia",41.3
"Warren, Georgia",47.75
"Washington, Georgia",45.5
"Wayne, Georgia",41.75
"Webster, Georgia",43.45
"Wheeler, Georgia",45.6
"White, Georgia",34.85
"Whitfield, Georgia",38.95
"Wilcox, Georgia",45.0
"Wilkes, Georgia",44.3
"Wilkinson, Georgia",42.7
"Worth, Georgia",43.3
"Hawaii, Hawaii",28.55
"Honolulu, Hawaii",26.75
"Kalawao, Hawaii",29.15
"Kauai, Hawaii",26.25
"Maui, Hawaii",29.15
"Ada, Idaho",30.799999999999997
"Adams, Idaho",36.6
"Bannock, Idaho",36.2
"Bear Lake, Idaho",32.65
"Benewah, Idaho",35.650000000000006
"Bingham, Idaho",40.45
"Blaine, Idaho",26.200000000000003
"Boise, Idaho",37.5
"Bonner, Idaho",30.549999999999997
"Bonneville, Idaho",35.599999999999994
"Boundary, Idaho",34.5
"Butte, Idaho",34.7
"Camas, Idaho",35.4
"Canyon, Idaho",38.35
"Caribou, Idaho",36.95
"Cassia, Idaho",39.35
"Clark, Idaho",39.95
"Clearwater, Idaho",35.400000000000006
"Custer, Idaho",33.75
"Elmore, Idaho",35.5
"Franklin, Idaho",34.2
"Fremont, Idaho",31.1
"Gem, Idaho",38.599999999999994
"Gooding, Idaho",39.5
"Idaho, Idaho",35.400000000000006
"Jefferson, Idaho",36.8
"Jerome, Idaho",41.15
"Kootenai, Idaho",32.05
"Latah, Idaho",32.25
"Lemhi, Idaho",33.5
"Lewis, Idaho",36.0
"Lincoln, Idaho",37.5
"Madison, Idaho",35.4
"Minidoka, Idaho",39.8
"Nez Perce, Idaho",38.1
"Oneida, Idaho",34.900000000000006
"Owyhee, Idaho",40.95
"Payette, Idaho",36.25
"Power, Idaho",37.599999999999994
"Shoshone, Idaho",36.849999999999994
"Teton, Idaho",30.2
"Twin Falls, Idaho",35.65
"Valley, Idaho",32.7
"Washington, Idaho",38.35
"Adams, Illinois",35.0
"Alexander, Illinois",45.1
"Bond, Illinois",36.65
"Boone, Illinois",36.3
"Brown, Illinois",38.95
"Bureau, Illinois",36.3
"Calhoun, Illinois",36.2
"Carroll, Illinois",36.95
"Cass, Illinois",38.95
"Champaign, Illinois",34.25
"Christian, Illinois",37.849999999999994
"Clark, Illinois",38.95
"Clay, Illinois",37.95
"Clinton, Illinois",37.400000000000006
"Coles, Illinois",37.349999999999994
"Cook, Illinois",34.3
"Crawford, Illinois",38.599999999999994
"Cumberland, Illinois",36.85
"De Witt, Illinois",38.25
"DeKalb, Illinois",35.65
"Douglas, Illinois",39.099999999999994
"DuPage, Illinois",30.65
"Edgar, Illinois",38.95
"Edwards, Illinois",37.5
"Effingham, Illinois",33.95
"Fayette, Illinois",39.15
"Ford, Illinois",38.6
"Franklin, Illinois",38.650000000000006
"Fulton, Illinois",39.2
"Gallatin, Illinois",41.349999999999994
"Greene, Illinois",38.0
"Grundy, Illinois",37.15
"Hamilton, Illinois",39.65
"Hancock, Illinois",34.55
"Hardin, Illinois",40.4
"Henderson, Illinois",37.849999999999994
"Henry, Illinois",36.25
"Iroquois, Illinois",38.25
"Jackson, Illinois",37.85
"Jasper, Illinois",36.85
"Jefferson, Illinois",38.099999999999994
"Jersey, Illinois",36.150000000000006
"Jo Daviess, Illinois",34.7
"Johnson, Illinois",39.45
"Kane, Illinois",36.7
"Kankakee, Illinois",41.75
"Kendall, Illinois",34.3
"Knox, Illinois",39.0
"La Salle, Illinois",36.6
"Lake, Illinois",30.450000000000003
"Lawrence, Illinois",41.150000000000006
"Lee, Illinois",35.7
"Livingston, Illinois",39.45
"Logan, Illinois",40.5
"Macon, Illinois",39.4
"Macoupin, Illinois",38.95
"Madison, Illinois",36.6
"Marion, Illinois",39.5
"Marshall, Illinois",36.45
"Mason, Illinois",38.599999999999994
"Massac, Illinois",39.8
"McDonough, Illinois",36.0
"McHenry, Illinois",32.95
"McLean, Illinois",35.7
"Menard, Illinois",37.7
"Mercer, Illinois",37.55
"Monroe, Illinois",35.55
"Montgomery, Illinois",37.7
"Morgan, Illinois",38.35
"Moultrie, Illinois",39.45
"Ogle, Illinois",36.1
"Peoria, Illinois",35.5
"Perry, Illinois",39.599999999999994
"Piatt, Illinois",35.900000000000006
"Pike, Illinois",36.7
"Pope, Illinois",38.05
"Pulaski, Illinois",43.3
"Putnam, Illinois",37.05
"Randolph, Illinois",40.55
"Richland, Illinois",37.8
"Rock Island, Illinois",36.3
"Saline, Illinois",39.9
"Sangamon, Illinois",36.3
"Schuyler, Illinois",37.2
"Scott, Illinois",36.6
"Shelby, Illinois",36.75
"St. Clair, Illinois",39.45
"Stark, Illinois",37.35
"Stephenson, Illinois",37.0
"Tazewell, Illinois",35.9
"Union, Illinois",39.35
"Vermilion, Illinois",39.4
"Wabash, Illinois",38.3
"Warren, Illinois",37.75
"Washington, Illinois",38.05
"Wayne, Illinois",40.1
"White, Illinois",39.5
"Whiteside, Illinois",35.7
"Will, Illinois",37.400000000000006
"Williamson, Illinois",37.65
"Winnebago, Illinois",37.0
"Woodford, Illinois",35.099999999999994
"Adams, Indiana",38.95
"Allen, Indiana",39.25
"Bartholomew, Indiana",35.55
"Benton, Indiana",36.5
"Blackford, Indiana",39.6
"Boone, Indiana",32.9
"Brown, Indiana",35.8
"Carroll, Indiana",38.25
"Cass, Indiana",40.95
"Clark, Indiana",37.75
"Clay, Indiana",40.900000000000006
"Clinton, Indiana",39.4
"Crawford, Indiana",39.900000000000006
"Daviess, Indiana",41.55
"Dearborn, Indiana",37.150000000000006
"Decatur, Indiana",37.5
"DeKalb, Indiana",36.55
"Delaware, Indiana",40.35
"Dubois, Indiana",36.7
"Elkhart, Indiana",37.45
"Fayette, Indiana",42.05
"Floyd, Indiana",36.0
"Fountain, Indiana",37.5
"Franklin, Indiana",36.599999999999994
"Fulton, Indiana",39.3
"Gibson, Indiana",37.15
"Grant, Indiana",39.65
"Greene, Indiana",37.95
"Hamilton, Indiana",28.3
"Hancock, Indiana",35.5
"Harrison, Indiana",37.3
"Hendricks, Indiana",36.8
"Henry, Indiana",40.05
"Howard, Indiana",40.1
"Huntington, Indiana",41.1
"Jackson, Indiana",36.650000000000006
"Jasper, Indiana",38.349999999999994
"Jay, Indiana",40.8
"Jefferson, Indiana",37.8
"Jennings, Indiana",37.650000000000006
"Johnson, Indiana",36.05
"Knox, Indiana",38.599999999999994
"Kosciusko, Indiana",37.65
"LaGrange, Indiana",42.65
"Lake, Indiana",41.45
"LaPorte, Indiana",40.35
"Lawrence, Indiana",37.8
"Madison, Indiana",42.85
"Marion, Indiana",37.75
"Marshall, Indiana",37.400000000000006
"Martin, Indiana",39.0
"Miami, Indiana",40.7
"Monroe, Indiana",32.35
"Montgomery, Indiana",38.0
"Morgan, Indiana",38.3
"Newton, Indiana",40.35
"Noble, Indiana",38.7
"Ohio, Indiana",37.400000000000006
"Orange, Indiana",39.4
"Owen, Indiana",39.7
"Parke, Indiana",40.9
"Perry, Indiana",38.4
"Pike, Indiana",38.95
"Porter, Indiana",36.8
"Posey, Indiana",37.45
"Pulaski, Indiana",39.3
"Putnam, Indiana",39.3
"Randolph, Indiana",40.05
"Ripley, Indiana",36.6
"Rush, Indiana",38.05
"Scott, Indiana",39.65
"Shelby, Indiana",38.95
"Spencer, Indiana",37.1
"St. Joseph, Indiana",37.45
"Starke, Indiana",41.65
"Steuben, Indiana",37.8
"Sullivan, Indiana",40.3
"Switzerland, Indiana",40.25
"Tippecanoe, Indiana",33.900000000000006
"Tipton, Indiana",37.0
"Union, Indiana",36.2
"Vanderburgh, Indiana",37.7
"Vermillion, Indiana",38.0
"Vigo, Indiana",39.05
"Wabash, Indiana",40.55
"Warren, Indiana",37.9
"Warrick, Indiana",35.35
"Washington, Indiana",38.6
"Wayne, Indiana",37.9
"Wells, Indiana",38.0
"White, Indiana",38.85
"Whitley, Indiana",39.4
"Adair, Iowa",35.599999999999994
"Adams, Iowa",36.45
"Allamakee, Iowa",35.75
"Appanoose, Iowa",37.7
"Audubon, Iowa",37.8
"Benton, Iowa",38.25
"Black Hawk, Iowa",36.4
"Boone, Iowa",38.599999999999994
"Bremer, Iowa",33.95
"Buchanan, Iowa",37.05
"Buena Vista, Iowa",37.45
"Butler, Iowa",34.75
"Calhoun, Iowa",36.1
"Carroll, Iowa",36.7
"Cass, Iowa",38.4
"Cedar, Iowa",38.5
"Cerro Gordo, Iowa",34.5
"Cherokee, Iowa",35.55
"Chickasaw, Iowa",36.0
"Clarke, Iowa",37.8
"Clay, Iowa",34.4
"Clayton, Iowa",36.1
"Clinton, Iowa",37.0
"Crawford, Iowa",38.65
"Dallas, Iowa",36.75
"Davis, Iowa",37.85
"Decatur, Iowa",36.15
"Delaware, Iowa",37.849999999999994
"Des Moines, Iowa",38.0
"Dickinson, Iowa",33.7
"Dubuque, Iowa",34.3
"Emmet, Iowa",37.349999999999994
"Fayette, Iowa",38.349999999999994
"Floyd, Iowa",35.099999999999994
"Franklin, Iowa",38.349999999999994
"Fremont, Iowa",37.95
"Greene, Iowa",38.8
"Grundy, Iowa",35.05
"Guthrie, Iowa",36.3
"Hamilton, Iowa",36.95
"Hancock, Iowa",36.25
"Hardin, Iowa",36.75
"Harrison, Iowa",37.400000000000006
"Henry, Iowa",36.5
"Howard, Iowa",36.5
"Humboldt, Iowa",37.2
"Ida, Iowa",35.849999999999994
"Iowa, Iowa",37.55
"Jackson, Iowa",37.0
"Jasper, Iowa",39.55
"Jefferson, Iowa",34.05
"Johnson, Iowa",26.25
"Jones, Iowa",36.3
"Keokuk, Iowa",36.6
"Kossuth, Iowa",35.8
"Lee, Iowa",38.1
"Linn, Iowa",35.75
"Louisa, Iowa",41.2
"Lucas, Iowa",38.900000000000006
"Lyon, Iowa",34.8
"Madison, Iowa",35.95
"Mahaska, Iowa",36.6
"Marion, Iowa",37.150000000000006
"Marshall, Iowa",39.25
"Mills, Iowa",35.8
"Mitchell, Iowa",36.45
"Monona, Iowa",35.95
"Monroe, Iowa",36.599999999999994
"Montgomery, Iowa",38.05
"Muscatine, Iowa",41.75
"OBrien, Iowa",35.599999999999994
"Osceola, Iowa",37.2
"Page, Iowa",37.849999999999994
"Palo Alto, Iowa",38.2
"Plymouth, Iowa",37.3
"Pocahontas, Iowa",35.2
"Polk, Iowa",35.65
"Pottawattamie, Iowa",38.099999999999994
"Poweshiek, Iowa",36.65
"Ringgold, Iowa",35.1
"Sac, Iowa",35.95
"Scott, Iowa",35.55
"Shelby, Iowa",37.45
"Sioux, Iowa",35.45
"Story, Iowa",34.5
"Tama, Iowa",37.900000000000006
"Taylor, Iowa",35.05
"Union, Iowa",35.2
"Van Buren, Iowa",37.150000000000006
"Wapello, Iowa",36.85
"Warren, Iowa",38.85
"Washington, Iowa",37.75
"Wayne, Iowa",36.75
"Webster, Iowa",37.4
"Winnebago, Iowa",34.900000000000006
"Winneshiek, Iowa",33.8
"Woodbury, Iowa",37.9
"Worth, Iowa",37.45
"Wright, Iowa",37.6
"Allen, Kansas",40.75
"Anderson, Kansas",39.65
"Atchison, Kansas",40.65
"Barber, Kansas",36.650000000000006
"Barton, Kansas",39.8
"Bourbon, Kansas",40.400000000000006
"Brown, Kansas",37.099999999999994
"Butler, Kansas",38.05
"Chase, Kansas",37.95
"Chautauqua, Kansas",38.95
"Cherokee, Kansas",41.45
"Cheyenne, Kansas",34.400000000000006
"Clark, Kansas",36.0
"Clay, Kansas",35.8
"Cloud, Kansas",37.0
"Coffey, Kansas",36.9
"Comanche, Kansas",37.1
"Cowley, Kansas",40.0
"Crawford, Kansas",39.85
"Decatur, Kansas",34.35
"Dickinson, Kansas",38.25
"Doniphan, Kansas",39.25
"Douglas, Kansas",32.2
"Edwards, Kansas",37.5
"Elk, Kansas",38.0
"Ellis, Kansas",34.95
"Ellsworth, Kansas",36.95
"Finney, Kansas",39.2
"Ford, Kansas",41.400000000000006
"Franklin, Kansas",38.9
"Geary, Kansas",36.900000000000006
"Gove, Kansas",33.75
"Graham, Kansas",35.1
"Grant, Kansas",37.75
"Gray, Kansas",41.1
"Greeley, Kansas",35.45
"Greenwood, Kansas",36.45
"Hamilton, Kansas",35.7
"Harper, Kansas",38.400000000000006
"Harvey, Kansas",38.0
"Haskell, Kansas",40.3
"Hodgeman, Kansas",36.8
"Jackson, Kansas",37.400000000000006
"Jefferson, Kansas",37.75
"Jewell, Kansas",35.45
"Johnson, Kansas",29.85
"Kearny, Kansas",38.25
"Kingman, Kansas",38.75
"Kiowa, Kansas",35.5
"Labette, Kansas",39.9
"Lane, Kansas",37.0
"Leavenworth, Kansas",38.1
"Lincoln, Kansas",36.5
"Linn, Kansas",39.1
"Logan, Kansas",33.7
"Lyon, Kansas",38.75
"Marion, Kansas",38.65
"Marshall, Kansas",36.099999999999994
"McPherson, Kansas",38.15
"Meade, Kansas",36.9
"Miami, Kansas",37.95
"Mitchell, Kansas",36.55
"Montgomery, Kansas",38.650000000000006
"Morris, Kansas",36.25
"Morton, Kansas",34.3
"Nemaha, Kansas",34.45
"Neosho, Kansas",39.2
"Ness, Kansas",35.7
"Norton, Kansas",35.7
"Osage, Kansas",39.7
"Osborne, Kansas",35.7
"Ottawa, Kansas",36.95
"Pawnee, Kansas",36.85
"Phillips, Kansas",35.45
"Pottawatomie, Kansas",36.55
"Pratt, Kansas",36.650000000000006
"Rawlins, Kansas",35.65
"Reno, Kansas",37.900000000000006
"Republic, Kansas",34.0
"Rice, Kansas",36.650000000000006
"Riley, Kansas",32.55
"Rooks, Kansas",34.95
"Rush, Kansas",37.05
"Russell, Kansas",36.650000000000006
"Saline, Kansas",39.35
"Scott, Kansas",37.45
"Sedgwick, Kansas",36.95
"Seward, Kansas",40.400000000000006
"Shawnee, Kansas",38.85
"Sheridan, Kansas",34.5
"Sherman, Kansas",36.45
"Smith, Kansas",34.85
"Stafford, Kansas",37.650000000000006
"Stanton, Kansas",39.7
"Stevens, Kansas",36.5
"Sumner, Kansas",40.55
"Thomas, Kansas",35.5
"Trego, Kansas",36.0
"Wabaunsee, Kansas",36.3
"Wallace, Kansas",36.8
"Washington, Kansas",36.25
"Wichita, Kansas",36.7
"Wilson, Kansas",39.05
"Woodson, Kansas",36.849999999999994
"Wyandotte, Kansas",45.6
"Adair, Kentucky",42.05
"Allen, Kentucky",40.2
"Anderson, Kentucky",37.45
"Ballard, Kentucky",38.150000000000006
"Barren, Kentucky",37.0
"Bath, Kentucky",42.45
"Bell, Kentucky",42.4
"Boone, Kentucky",35.2
"Bourbon, Kentucky",40.4
"Boyd, Kentucky",39.2
"Boyle, Kentucky",35.6
"Bracken, Kentucky",40.65
"Breathitt, Kentucky",47.25
"Breckinridge, Kentucky",39.3
"Bullitt, Kentucky",40.2
"Butler, Kentucky",41.7
"Caldwell, Kentucky",39.900000000000006
"Calloway, Kentucky",35.0
"Campbell, Kentucky",36.400000000000006
"Carlisle, Kentucky",38.099999999999994
"Carroll, Kentucky",41.6
"Carter, Kentucky",41.65
"Casey, Kentucky",43.7
"Christian, Kentucky",40.55
"Clark, Kentucky",38.0
"Clay, Kentucky",45.45
"Clinton, Kentucky",44.400000000000006
"Crittenden, Kentucky",42.2
"Cumberland, Kentucky",41.8
"Daviess, Kentucky",36.2
"Edmonson, Kentucky",39.05
"Elliott, Kentucky",41.55
"Estill, Kentucky",41.45
"Fayette, Kentucky",32.5
"Fleming, Kentucky",41.25
"Floyd, Kentucky",45.55
"Franklin, Kentucky",39.1
"Fulton, Kentucky",43.8
"Gallatin, Kentucky",41.5
"Garrard, Kentucky",40.349999999999994
"Grant, Kentucky",39.6
"Graves, Kentucky",39.05
"Grayson, Kentucky",41.150000000000006
"Green, Kentucky",40.2
"Greenup, Kentucky",42.8
"Hancock, Kentucky",35.85
"Hardin, Kentucky",35.95
"Harlan, Kentucky",43.0
"Harrison, Kentucky",39.7
"Hart, Kentucky",42.95
"Henderson, Kentucky",39.3
"Henry, Kentucky",40.05
"Hickman, Kentucky",41.25
"Hopkins, Kentucky",39.9
"Jackson, Kentucky",45.05
"Jefferson, Kentucky",37.05
"Jessamine, Kentucky",35.55
"Johnson, Kentucky",45.25
"Kenton, Kentucky",37.349999999999994
"Knott, Kentucky",46.35
"Knox, Kentucky",42.400000000000006
"Larue, Kentucky",38.650000000000006
"Laurel, Kentucky",40.05
"Lawrence, Kentucky",43.65
"Lee, Kentucky",44.650000000000006
"Leslie, Kentucky",44.85
"Letcher, Kentucky",44.4
"Lewis, Kentucky",45.85
"Lincoln, Kentucky",42.900000000000006
"Livingston, Kentucky",39.7
"Logan, Kentucky",39.849999999999994
"Lyon, Kentucky",38.900000000000006
"Madison, Kentucky",37.150000000000006
"Magoffin, Kentucky",44.849999999999994
"Marion, Kentucky",37.5
"Marshall, Kentucky",36.650000000000006
"Martin, Kentucky",46.75
"Mason, Kentucky",38.95
"McCracken, Kentucky",35.45
"McCreary, Kentucky",40.8
"McLean, Kentucky",40.349999999999994
"Meade, Kentucky",39.0
"Menifee, Kentucky",43.55
"Mercer, Kentucky",37.849999999999994
"Metcalfe, Kentucky",42.6
"Monroe, Kentucky",40.099999999999994
"Montgomery, Kentucky",39.7
"Morgan, Kentucky",42.65
"Muhlenberg, Kentucky",40.7
"Nelson, Kentucky",37.7
"Nicholas, Kentucky",41.65
"Ohio, Kentucky",40.5
"Oldham, Kentucky",33.8
"Owen, Kentucky",38.8
"Owsley, Kentucky",49.95
"Pendleton, Kentucky",39.4
"Perry, Kentucky",43.8
"Pike, Kentucky",42.150000000000006
"Powell, Kentucky",42.3
"Pulaski, Kentucky",37.65
"Robertson, Kentucky",42.75
"Rockcastle, Kentucky",43.849999999999994
"Rowan, Kentucky",38.6
"Russell, Kentucky",39.8
"Scott, Kentucky",39.05
"Shelby, Kentucky",38.7
"Simpson, Kentucky",37.8
"Spencer, Kentucky",37.1
"Taylor, Kentucky",38.8
"Todd, Kentucky",41.6
"Trigg, Kentucky",39.5
"Trimble, Kentucky",39.45
"Union, Kentucky",41.2
"Warren, Kentucky",35.3
"Washington, Kentucky",37.8
"Wayne, Kentucky",41.3
"Webster, Kentucky",41.9
"Whitley, Kentucky",39.650000000000006
"Wolfe, Kentucky",47.75
"Woodford, Kentucky",35.9
"Acadia, Louisiana",40.150000000000006
"Allen, Louisiana",45.25
"Ascension, Louisiana",38.55
"Assumption, Louisiana",44.6
"Avoyelles, Louisiana",45.65
"Beauregard, Louisiana",40.900000000000006
"Bienville, Louisiana",43.75
"Bossier, Louisiana",38.25
"Caddo, Louisiana",39.900000000000006
"Calcasieu, Louisiana",40.6
"Caldwell, Louisiana",40.8
"Cameron, Louisiana",41.25
"Catahoula, Louisiana",44.75
"Claiborne, Louisiana",44.4
"Concordia, Louisiana",45.15
"De Soto, Louisiana",44.7
"East Baton Rouge, Louisiana",38.7
"East Carroll, Louisiana",52.75
"East Feliciana, Louisiana",41.7
"Evangeline, Louisiana",43.95
"Franklin, Louisiana",45.1
"Grant, Louisiana",41.2
"Iberia, Louisiana",41.15
"Iberville, Louisiana",44.6
"Jackson, Louisiana",41.45
"Jefferson, Louisiana",39.400000000000006
"Jefferson Davis, Louisiana",43.75
"La Salle, Louisiana",40.75
"Lafayette, Louisiana",35.3
"Lafourche, Louisiana",44.65
"Lincoln, Louisiana",40.35
"Livingston, Louisiana",40.3
"Madison, Louisiana",48.2
"Morehouse, Louisiana",45.5
"Natchitoches, Louisiana",45.0
"Orleans, Louisiana",38.1
"Ouachita, Louisiana",40.45
"Plaquemines, Louisiana",41.099999999999994
"Pointe Coupee, Louisiana",43.55
"Rapides, Louisiana",41.3
"Red River, Louisiana",46.35
"Richland, Louisiana",46.95
"Sabine, Louisiana",44.099999999999994
"St. Bernard, Louisiana",38.7
"St. Charles, Louisiana",42.25
"St. Helena, Louisiana",44.7
"St. James, Louisiana",43.5
"St. John the Baptist, Louisiana",45.150000000000006
"St. Landry, Louisiana",44.15
"St. Martin, Louisiana",43.0
"St. Mary, Louisiana",44.7
"St. Tammany, Louisiana",35.75
"Tangipahoa, Louisiana",43.5
"Tensas, Louisiana",46.75
"Terrebonne, Louisiana",45.099999999999994
"Union, Louisiana",44.25
"Vermilion, Louisiana",40.55
"Vernon, Louisiana",41.95
"Washington, Louisiana",45.05
"Webster, Louisiana",43.0
"West Baton Rouge, Louisiana",41.0
"West Carroll, Louisiana",45.2
"West Feliciana, Louisiana",43.0
"Winn, Louisiana",42.7
"Androscoggin, Maine",37.55
"Aroostook, Maine",39.75
"Cumberland, Maine",28.0
"Franklin, Maine",36.0
"Hancock, Maine",31.85
"Kennebec, Maine",34.7
"Knox, Maine",30.5
"Lincoln, Maine",29.5
"Oxford, Maine",36.05
"Penobscot, Maine",37.95
"Piscataquis, Maine",38.5
"Sagadahoc, Maine",32.2
"Somerset, Maine",40.55
"Waldo, Maine",34.95
"Washington, Maine",38.7
"York, Maine",32.45
"Allegany, Maryland",38.55
"Anne Arundel, Maryland",34.849999999999994
"Baltimore, Maryland",34.85
"Baltimore City, Maryland",40.75
"Calvert, Maryland",37.25
"Caroline, Maryland",42.2
"Carroll, Maryland",36.45
"Cecil, Maryland",38.75
"Charles, Maryland",40.05
"Dorchester, Maryland",43.8
"Frederick, Maryland",33.8
"Garrett, Maryland",38.7
"Harford, Maryland",36.5
"Howard, Maryland",29.55
"Kent, Maryland",36.849999999999994
"Montgomery, Maryland",25.15
"Prince Georges, Maryland",40.7
"Queen Annes, Maryland",35.6
"Somerset, Maryland",47.2
"St. Marys, Maryland",37.85
"Talbot, Maryland",35.0
"Washington, Maryland",38.650000000000006
"Wicomico, Maryland",40.599999999999994
"Worcester, Maryland",39.349999999999994
"Barnstable, Massachusetts",25.95
"Berkshire, Massachusetts",29.799999999999997
"Bristol, Massachusetts",36.2
"Dukes, Massachusetts",27.200000000000003
"Essex, Massachusetts",31.900000000000002
"Franklin, Massachusetts",29.450000000000003
"Hampden, Massachusetts",36.6
"Hampshire, Massachusetts",28.55
"Middlesex, Massachusetts",30.15
"Nantucket, Massachusetts",28.55
"Norfolk, Massachusetts",26.6
"Plymouth, Massachusetts",32.15
"Suffolk, Massachusetts",29.55
"Worcester, Massachusetts",32.55
"Alcona, Michigan",38.650000000000006
"Alger, Michigan",38.1
"Allegan, Michigan",37.7
"Alpena, Michigan",36.95
"Antrim, Michigan",35.5
"Arenac, Michigan",42.1
"Baraga, Michigan",39.2
"Barry, Michigan",40.599999999999994
"Bay, Michigan",41.25
"Benzie, Michigan",34.3
"Berrien, Michigan",39.75
"Branch, Michigan",40.7
"Calhoun, Michigan",42.2
"Cass, Michigan",38.2
"Charlevoix, Michigan",33.849999999999994
"Cheboygan, Michigan",39.35
"Chippewa, Michigan",39.75
"Clare, Michigan",39.8
"Clinton, Michigan",38.95
"Crawford, Michigan",38.45
"Delta, Michigan",37.95
"Dickinson, Michigan",34.35
"Eaton, Michigan",40.3
"Emmet, Michigan",34.2
"Genesee, Michigan",43.650000000000006
"Gladwin, Michigan",40.95
"Gogebic, Michigan",34.95
"Grand Traverse, Michigan",33.150000000000006
"Gratiot, Michigan",43.2
"Hillsdale, Michigan",40.099999999999994
"Houghton, Michigan",33.6
"Huron, Michigan",38.05
"Ingham, Michigan",37.150000000000006
"Ionia, Michigan",42.45
"Iosco, Michigan",40.35
"Iron, Michigan",35.8
"Isabella, Michigan",39.9
"Jackson, Michigan",41.099999999999994
"Kalamazoo, Michigan",36.3
"Kalkaska, Michigan",37.25
"Kent, Michigan",36.900000000000006
"Keweenaw, Michigan",32.7
"Lake, Michigan",43.25
"Lapeer, Michigan",39.7
"Leelanau, Michigan",32.65
"Lenawee, Michigan",39.05
"Livingston, Michigan",34.15
"Luce, Michigan",38.65
"Mackinac, Michigan",37.85
"Macomb, Michigan",37.1
"Manistee, Michigan",35.55
"Marquette, Michigan",36.05
"Mason, Michigan",37.7
"Mecosta, Michigan",38.5
"Menominee, Michigan",38.5
"Midland, Michigan",37.6
"Missaukee, Michigan",39.150000000000006
"Monroe, Michigan",41.599999999999994
"Montcalm, Michigan",40.2
"Montmorency, Michigan",39.099999999999994
"Muskegon, Michigan",40.45
"Newaygo, Michigan",40.55
"Oakland, Michigan",32.3
"Oceana, Michigan",41.35
"Ogemaw, Michigan",39.75
"Ontonagon, Michigan",33.7
"Osceola, Michigan",39.75
"Oscoda, Michigan",40.75
"Otsego, Michigan",35.05
"Ottawa, Michigan",33.8
"Presque Isle, Michigan",39.45
"Roscommon, Michigan",39.5
"Saginaw, Michigan",44.85
"Sanilac, Michigan",39.75
"Schoolcraft, Michigan",37.8
"Shiawassee, Michigan",41.05
"St. Clair, Michigan",38.3
"St. Joseph, Michigan",39.5
"Tuscola, Michigan",40.849999999999994
"Van Buren, Michigan",38.25
"Washtenaw, Michigan",28.3
"Wayne, Michigan",41.3
"Wexford, Michigan",37.3
"Aitkin, Minnesota",36.05
"Anoka, Minnesota",36.65
"Becker, Minnesota",35.55
"Beltrami, Minnesota",36.2
"Benton, Minnesota",36.0
"Big Stone, Minnesota",35.55
"Blue Earth, Minnesota",33.95
"Brown, Minnesota",36.3
"Carlton, Minnesota",35.9
"Carver, Minnesota",33.55
"Cass, Minnesota",36.3
"Chippewa, Minnesota",37.1
"Chisago, Minnesota",34.8
"Clay, Minnesota",37.85
"Clearwater, Minnesota",37.849999999999994
"Cook, Minnesota",34.05
"Cottonwood, Minnesota",35.7
"Crow Wing, Minnesota",33.8
"Dakota, Minnesota",33.1
"Dodge, Minnesota",39.85
"Douglas, Minnesota",33.3
"Faribault, Minnesota",36.45
"Fillmore, Minnesota",36.849999999999994
"Freeborn, Minnesota",37.7
"Goodhue, Minnesota",36.95
"Grant, Minnesota",35.75
"Hennepin, Minnesota",29.4
"Houston, Minnesota",34.150000000000006
"Hubbard, Minnesota",35.65
"Isanti, Minnesota",35.45
"Itasca, Minnesota",34.150000000000006
"Jackson, Minnesota",35.45
"Kanabec, Minnesota",36.85
"Kandiyohi, Minnesota",35.7
"Kittson, Minnesota",35.4
"Koochiching, Minnesota",36.0
"Lac qui Parle, Minnesota",33.9
"Lake, Minnesota",34.75
"Lake of the Woods, Minnesota",36.45
"Le Sueur, Minnesota",37.25
"Lincoln, Minnesota",34.9
"Lyon, Minnesota",35.0
"Mahnomen, Minnesota",41.6
"Marshall, Minnesota",37.95
"Martin, Minnesota",35.3
"McLeod, Minnesota",37.400000000000006
"Meeker, Minnesota",37.900000000000006
"Mille Lacs, Minnesota",36.2
"Morrison, Minnesota",36.45
"Mower, Minnesota",38.7
"Murray, Minnesota",34.6
"Nicollet, Minnesota",35.65
"Nobles, Minnesota",35.45
"Norman, Minnesota",36.4
"Olmsted, Minnesota",29.0
"Otter Tail, Minnesota",35.5
"Pennington, Minnesota",36.099999999999994
"Pine, Minnesota",37.75
"Pipestone, Minnesota",36.95
"Polk, Minnesota",36.7
"Pope, Minnesota",34.7
"Ramsey, Minnesota",31.0
"Red Lake, Minnesota",36.349999999999994
"Redwood, Minnesota",36.55
"Renville, Minnesota",37.95
"Rice, Minnesota",35.75
"Rock, Minnesota",35.650000000000006
"Roseau, Minnesota",36.7
"Scott, Minnesota",33.3
"Sherburne, Minnesota",36.2
"Sibley, Minnesota",38.65
"St. Louis, Minnesota",34.15
"Stearns, Minnesota",34.4
"Steele, Minnesota",35.8
"Stevens, Minnesota",34.6
"Swift, Minnesota",36.65
"Todd, Minnesota",37.45
"Traverse, Minnesota",37.25
"Wabasha, Minnesota",37.95
"Wadena, Minnesota",37.1
"Waseca, Minnesota",37.45
"Washington, Minnesota",31.400000000000002
"Watonwan, Minnesota",38.2
"Wilkin, Minnesota",37.6
"Winona, Minnesota",38.5
"Wright, Minnesota",35.4
"Yellow Medicine, Minnesota",34.900000000000006
"Adams, Mississippi",44.150000000000006
"Alcorn, Mississippi",37.349999999999994
"Amite, Mississippi",45.55
"Attala, Mississippi",45.400000000000006
"Benton, Mississippi",46.150000000000006
"Bolivar, Mississippi",45.0
"Calhoun, Mississippi",43.25
"Carroll, Mississippi",40.55
"Chickasaw, Mississippi",42.95
"Choctaw, Mississippi",40.85
"Claiborne, Mississippi",46.55
"Clarke, Mississippi",42.2
"Clay, Mississippi",42.400000000000006
"Coahoma, Mississippi",48.650000000000006
"Copiah, Mississippi",44.150000000000006
"Covington, Mississippi",44.5
"DeSoto, Mississippi",38.7
"Forrest, Mississippi",40.25
"Franklin, Mississippi",45.5
"George, Mississippi",41.8
"Greene, Mississippi",46.3
"Grenada, Mississippi",42.6
"Hancock, Mississippi",40.3
"Harrison, Mississippi",40.45
"Hinds, Mississippi",41.45
"Holmes, Mississippi",49.5
"Humphreys, Mississippi",51.650000000000006
"Issaquena, Mississippi",53.0
"Itawamba, Mississippi",39.1
"Jackson, Mississippi",40.3
"Jasper, Mississippi",46.65
"Jefferson, Mississippi",49.6
"Jefferson Davis, Mississippi",45.3
"Jones, Mississippi",43.599999999999994
"Kemper, Mississippi",46.0
"Lafayette, Mississippi",38.2
"Lamar, Mississippi",38.5
"Lauderdale, Mississippi",41.2
"Lawrence, Mississippi",41.1
"Leake, Mississippi",43.0
"Lee, Mississippi",36.95
"Leflore, Mississippi",48.25
"Lincoln, Mississippi",43.95
"Lowndes, Mississippi",41.2
"Madison, Mississippi",35.2
"Marion, Mississippi",44.150000000000006
"Marshall, Mississippi",47.55
"Monroe, Mississippi",40.6
"Montgomery, Mississippi",44.0
"Neshoba, Mississippi",42.05
"Newton, Mississippi",41.400000000000006
"Noxubee, Mississippi",49.599999999999994
"Oktibbeha, Mississippi",37.900000000000006
"Panola, Mississippi",43.2
"Pearl River, Mississippi",40.3
"Perry, Mississippi",43.25
"Pike, Mississippi",44.8
"Pontotoc, Mississippi",40.7
"Prentiss, Mississippi",40.4
"Quitman, Mississippi",50.8
"Rankin, Mississippi",37.4
"Scott, Mississippi",46.5
"Sharkey, Mississippi",48.650000000000006
"Simpson, Mississippi",42.349999999999994
"Smith, Mississippi",43.65
"Stone, Mississippi",41.75
"Sunflower, Mississippi",50.2
"Tallahatchie, Mississippi",48.900000000000006
"Tate, Mississippi",41.05
"Tippah, Mississippi",41.849999999999994
"Tishomingo, Mississippi",35.95
"Tunica, Mississippi",49.45
"Union, Mississippi",41.0
"Walthall, Mississippi",46.55
"Warren, Mississippi",42.95
"Washington, Mississippi",46.650000000000006
"Wayne, Mississippi",45.35
"Webster, Mississippi",39.6
"Wilkinson, Mississippi",47.900000000000006
"Winston, Mississippi",41.3
"Yalobusha, Mississippi",42.75
"Yazoo, Mississippi",47.15
"Adair, Missouri",36.65
"Andrew, Missouri",38.150000000000006
"Atchison, Missouri",37.75
"Audrain, Missouri",40.25
"Barry, Missouri",36.1
"Barton, Missouri",38.8
"Bates, Missouri",40.55
"Benton, Missouri",39.2
"Bollinger, Missouri",40.15
"Boone, Missouri",31.9
"Buchanan, Missouri",42.2
"Butler, Missouri",41.0
"Caldwell, Missouri",38.5
"Callaway, Missouri",38.5
"Camden, Missouri",34.8
"Cape Girardeau, Missouri",35.45
"Carroll, Missouri",38.7
"Carter, Missouri",41.5
"Cass, Missouri",39.8
"Cedar, Missouri",38.7
"Chariton, Missouri",39.15
"Christian, Missouri",33.6
"Clark, Missouri",36.849999999999994
"Clay, Missouri",37.45
"Clinton, Missouri",40.1
"Cole, Missouri",34.9
"Cooper, Missouri",38.1
"Crawford, Missouri",41.65
"Dade, Missouri",38.599999999999994
"Dallas, Missouri",40.8
"Daviess, Missouri",37.650000000000006
"DeKalb, Missouri",40.05
"Dent, Missouri",40.2
"Douglas, Missouri",40.0
"Dunklin, Missouri",46.05
"Franklin, Missouri",38.65
"Gasconade, Missouri",38.349999999999994
"Gentry, Missouri",37.55
"Greene, Missouri",35.15
"Grundy, Missouri",37.7
"Harrison, Missouri",38.25
"Henry, Missouri",39.25
"Hickory, Missouri",39.35
"Holt, Missouri",36.7
"Howard, Missouri",39.1
"Howell, Missouri",37.55
"Iron, Missouri",42.0
"Jackson, Missouri",39.4
"Jasper, Missouri",38.8
"Jefferson, Missouri",38.85
"Johnson, Missouri",39.35
"Knox, Missouri",37.0
"Laclede, Missouri",39.15
"Lafayette, Missouri",37.95
"Lawrence, Missouri",37.5
"Lewis, Missouri",37.55
"Lincoln, Missouri",40.45
"Linn, Missouri",36.75
"Livingston, Missouri",36.95
"Macon, Missouri",37.95
"Madison, Missouri",41.5
"Maries, Missouri",40.5
"Marion, Missouri",37.25
"McDonald, Missouri",39.8
"Mercer, Missouri",36.8
"Miller, Missouri",38.85
"Mississippi, Missouri",46.2
"Moniteau, Missouri",38.9
"Monroe, Missouri",38.1
"Montgomery, Missouri",40.7
"Morgan, Missouri",38.45
"New Madrid, Missouri",43.85
"Newton, Missouri",37.7
"Nodaway, Missouri",37.35
"Oregon, Missouri",40.900000000000006
"Osage, Missouri",36.3
"Ozark, Missouri",39.25
"Pemiscot, Missouri",47.2
"Perry, Missouri",39.0
"Pettis, Missouri",39.2
"Phelps, Missouri",36.7
"Pike, Missouri",41.55
"Platte, Missouri",35.599999999999994
"Polk, Missouri",40.599999999999994
"Pulaski, Missouri",37.3
"Putnam, Missouri",37.25
"Ralls, Missouri",37.35
"Randolph, Missouri",40.3
"Ray, Missouri",39.85
"Reynolds, Missouri",42.05
"Ripley, Missouri",42.9
"Saline, Missouri",40.150000000000006
"Schuyler, Missouri",37.099999999999994
"Scotland, Missouri",39.099999999999994
"Scott, Missouri",41.15
"Shannon, Missouri",41.0
"Shelby, Missouri",36.55
"St. Charles, Missouri",36.099999999999994
"St. Clair, Missouri",38.8
"St. Francois, Missouri",40.7
"St. Genevieve, Missouri",39.099999999999994
"St. Louis, Missouri",34.849999999999994
"St. Louis City, Missouri",40.65
"Stoddard, Missouri",40.95
"Stone, Missouri",36.650000000000006
"Sullivan, Missouri",37.75
"Taney, Missouri",35.8
"Texas, Missouri",39.85
"Vernon, Missouri",38.55
"Warren, Missouri",39.599999999999994
"Washington, Missouri",45.349999999999994
"Wayne, Missouri",42.2
"Webster, Missouri",38.4
"Worth, Missouri",37.65
"Wright, Missouri",42.05
"Beaverhead, Montana",30.85
"Big Horn, Montana",43.25
"Blaine, Montana",41.85
"Broadwater, Montana",30.15
"Carbon, Montana",33.1
"Carter, Montana",36.3
"Cascade, Montana",34.65
"Chouteau, Montana",38.35
"Custer, Montana",35.25
"Daniels, Montana",30.8
"Dawson, Montana",35.65
"Deer Lodge, Montana",33.2
"Fallon, Montana",35.55
"Fergus, Montana",33.3
"Flathead, Montana",28.8
"Gallatin County and Yellowstone National Park, Montana",24.0
"Garfield, Montana",37.15
"Glacier, Montana",42.0
"Golden Valley, Montana",36.7
"Granite, Montana",31.55
"Hill, Montana",40.0
"Jefferson, Montana",28.65
"Judith Basin, Montana",34.8
"Lake, Montana",33.5
"Lewis and Clark, Montana",29.95
"Liberty, Montana",40.55
"Lincoln, Montana",32.75
"Madison, Montana",28.55
"McCone, Montana",34.599999999999994
"Meagher, Montana",34.349999999999994
"Mineral, Montana",34.599999999999994
"Missoula, Montana",27.45
"Musselshell, Montana",35.25
"Park, Montana",28.2
"Petroleum, Montana",35.599999999999994
"Phillips, Montana",34.95
"Pondera, Montana",38.25
"Powder River, Montana",37.099999999999994
"Powell, Montana",32.15
"Prairie, Montana",37.0
"Ravalli, Montana",27.700000000000003
"Richland, Montana",36.45
"Roosevelt, Montana",40.95
"Rosebud, Montana",40.9
"Sanders, Montana",32.55
"Sheridan, Montana",35.150000000000006
"Silver Bow, Montana",31.35
"Stillwater, Montana",32.4
"Sweet Grass, Montana",32.25
"Teton, Montana",34.95
"Toole, Montana",36.6
"Treasure, Montana",30.6
"Valley, Montana",34.25
"Wheatland, Montana",36.3
"Wibaux, Montana",38.150000000000006
"Yellowstone, Montana",34.1
"Adams, Nebraska",36.1
"Antelope, Nebraska",35.45
"Arthur, Nebraska",34.65
"Banner, Nebraska",36.849999999999994
"Blaine, Nebraska",34.7
"Boone, Nebraska",34.400000000000006
"Box Butte, Nebraska",37.55
"Boyd, Nebraska",34.15
"Brown, Nebraska",35.05
"Buffalo, Nebraska",35.95
"Burt, Nebraska",34.85
"Butler, Nebraska",37.65
"Cass, Nebraska",36.75
"Cedar, Nebraska",35.2
"Chase, Nebraska",34.8
"Cherry, Nebraska",34.5
"Cheyenne, Nebraska",33.85
"Clay, Nebraska",36.5
"Colfax, Nebraska",40.5
"Cuming, Nebraska",36.1
"Custer, Nebraska",36.349999999999994
"Dakota, Nebraska",42.099999999999994
"Dawes, Nebraska",35.95
"Dawson, Nebraska",40.85
"Deuel, Nebraska",32.35
"Dixon, Nebraska",37.3
"Dodge, Nebraska",37.25
"Douglas, Nebraska",36.05
"Dundy, Nebraska",30.65
"Fillmore, Nebraska",35.95
"Franklin, Nebraska",34.5
"Frontier, Nebraska",36.5
"Furnas, Nebraska",36.55
"Gage, Nebraska",39.7
"Garden, Nebraska",34.35
"Garfield, Nebraska",34.0
"Gosper, Nebraska",35.150000000000006
"Grant, Nebraska",35.2
"Greeley, Nebraska",35.900000000000006
"Hall, Nebraska",39.45
"Hamilton, Nebraska",36.0
"Harlan, Nebraska",35.0
"Hayes, Nebraska",37.8
"Hitchcock, Nebraska",36.55
"Holt, Nebraska",34.35
"Hooker, Nebraska",33.8
"Howard, Nebraska",36.9
"Jefferson, Nebraska",38.0
"Johnson, Nebraska",39.25
"Kearney, Nebraska",35.599999999999994
"Keith, Nebraska",36.400000000000006
"Keya Paha, Nebraska",36.45
"Kimball, Nebraska",32.8
"Knox, Nebraska",36.1
"Lancaster, Nebraska",34.15
"Lincoln, Nebraska",39.650000000000006
"Logan, Nebraska",35.9
"Loup, Nebraska",36.0
"Madison, Nebraska",36.25
"McPherson, Nebraska",37.25
"Merrick, Nebraska",36.849999999999994
"Morrill, Nebraska",37.7
"Nance, Nebraska",36.45
"Nemaha, Nebraska",36.2
"Nuckolls, Nebraska",33.4
"Otoe, Nebraska",40.05
"Pawnee, Nebraska",34.8
"Perkins, Nebraska",34.900000000000006
"Phelps, Nebraska",34.9
"Pierce, Nebraska",32.599999999999994
"Platte, Nebraska",36.45
"Polk, Nebraska",35.400000000000006
"Red Willow, Nebraska",34.05
"Richardson, Nebraska",35.5
"Rock, Nebraska",33.5
"Saline, Nebraska",39.65
"Sarpy, Nebraska",36.05
"Saunders, Nebraska",37.599999999999994
"Scotts Bluff, Nebraska",39.849999999999994
"Seward, Nebraska",35.7
"Sheridan, Nebraska",34.4
"Sherman, Nebraska",36.7
"Sioux, Nebraska",34.25
"Stanton, Nebraska",35.849999999999994
"Thayer, Nebraska",36.25
"Thomas, Nebraska",35.35
"Thurston, Nebraska",42.55
"Valley, Nebraska",33.150000000000006
"Washington, Nebraska",36.7
"Wayne, Nebraska",35.2
"Webster, Nebraska",36.2
"Wheeler, Nebraska",34.55
"York, Nebraska",39.25
"Carson City, Nevada",30.7
"Churchill, Nevada",36.55
"Clark, Nevada",32.8
"Douglas, Nevada",29.05
"Elko, Nevada",38.6
"Esmeralda, Nevada",38.2
"Eureka, Nevada",34.75
"Humboldt, Nevada",37.4
"Lander, Nevada",40.95
"Lincoln, Nevada",34.849999999999994
"Lyon, Nevada",38.2
"Mineral, Nevada",38.900000000000006
"Nye, Nevada",39.2
"Pershing, Nevada",37.3
"Storey, Nevada",32.45
"Washoe, Nevada",29.2
"White Pine, Nevada",36.150000000000006
"Belknap, New Hampshire",34.5
"Carroll, New Hampshire",30.1
"Cheshire, New Hampshire",33.1
"Coos, New Hampshire",37.150000000000006
"Grafton, New Hampshire",30.45
"Hillsborough, New Hampshire",33.75
"Merrimack, New Hampshire",32.95
"Rockingham, New Hampshire",31.7
"Strafford, New Hampshire",35.6
"Sullivan, New Hampshire",34.5
"Atlantic, New Jersey",35.45
"Bergen, New Jersey",27.0
"Burlington, New Jersey",34.599999999999994
"Camden, New Jersey",35.8
"Cape May, New Jersey",35.55
"Cumberland, New Jersey",41.45
"Essex, New Jersey",34.85
"Gloucester, New Jersey",36.25
"Hudson, New Jersey",33.35
"Hunterdon, New Jersey",26.4
"Mercer, New Jersey",32.650000000000006
"Middlesex, New Jersey",30.1
"Monmouth, New Jersey",30.700000000000003
"Morris, New Jersey",27.549999999999997
"Ocean, New Jersey",35.55
"Passaic, New Jersey",34.25
"Salem, New Jersey",41.2
"Somerset, New Jersey",27.75
"Sussex, New Jersey",32.8
"Union, New Jersey",32.45
"Warren, New Jersey",34.75
"Bernalillo, New Mexico",29.05
"Catron, New Mexico",36.05
"Chaves, New Mexico",39.55
"Cibola, New Mexico",39.7
"Colfax, New Mexico",32.599999999999994
"Curry, New Mexico",38.25
"De Baca, New Mexico",38.6
"Dona Ana, New Mexico",37.95
"Eddy, New Mexico",39.2
"Grant, New Mexico",33.5
"Guadalupe, New Mexico",35.099999999999994
"Harding, New Mexico",34.35
"Hidalgo, New Mexico",36.55
"Lea, New Mexico",41.9
"Lincoln, New Mexico",32.2
"Los Alamos, New Mexico",22.6
"Luna, New Mexico",39.75
"McKinley, New Mexico",42.900000000000006
"Mora, New Mexico",29.4
"Otero, New Mexico",36.599999999999994
"Quay, New Mexico",38.65
"Rio Arriba, New Mexico",33.55
"Roosevelt, New Mexico",39.75
"San Juan, New Mexico",37.5
"San Miguel, New Mexico",31.950000000000003
"Sandoval, New Mexico",31.55
"Santa Fe, New Mexico",22.3
"Sierra, New Mexico",35.2
"Socorro, New Mexico",36.5
"Taos, New Mexico",29.3
"Torrance, New Mexico",33.35
"Union, New Mexico",35.35
"Valencia, New Mexico",37.0
"Albany, New York",33.05
"Allegany, New York",37.9
"Bronx, New York",37.349999999999994
"Broome, New York",35.3
"Cattaraugus, New York",38.5
"Cayuga, New York",37.3
"Chautauqua, New York",38.0
"Chemung, New York",37.900000000000006
"Chenango, New York",37.7
"Clinton, New York",35.2
"Columbia, New York",34.75
"Cortland, New York",36.05
"Delaware, New York",36.15
"Dutchess, New York",32.95
"Erie, New York",36.25
"Essex, New York",33.8
"Franklin, New York",39.05
"Fulton, New York",37.400000000000006
"Genesee, New York",38.1
"Greene, New York",36.8
"Hamilton, New York",35.8
"Herkimer, New York",38.0
"Jefferson, New York",39.45
"Kings, New York",32.85
"Lewis, New York",38.45
"Livingston, New York",38.849999999999994
"Madison, New York",36.8
"Monroe, New York",37.45
"Montgomery, New York",38.849999999999994
"Nassau, New York",29.5
"New York, New York",22.25
"Niagara, New York",38.85
"Oneida, New York",35.8
"Onondaga, New York",36.2
"Ontario, New York",36.0
"Orange, New York",36.099999999999994
"Orleans, New York",41.3
"Oswego, New York",40.150000000000006
"Otsego, New York",34.7
"Putnam, New York",32.5
"Queens, New York",29.95
"Rensselaer, New York",34.45
"Richmond, New York",29.85
"Rockland, New York",32.05
"Saratoga, New York",32.6
"Schenectady, New York",35.099999999999994
"Schoharie, New York",36.8
"Schuyler, New York",35.95
"Seneca, New York",38.849999999999994
"St. Lawrence, New York",39.599999999999994
"Steuben, New York",37.7
"Suffolk, New York",32.85
"Sullivan, New York",37.150000000000006
"Tioga, New York",37.75
"Tompkins, New York",30.85
"Ulster, New York",35.25
"Warren, New York",33.25
"Washington, New York",36.1
"Wayne, New York",39.0
"Westchester, New York",26.25
"Wyoming, New York",38.25
"Yates, New York",37.2
"Alamance, North Carolina",39.2
"Alexander, North Carolina",38.05
"Alleghany, North Carolina",37.1
"Anson, North Carolina",42.55
"Ashe, North Carolina",33.45
"Avery, North Carolina",35.4
"Beaufort, North Carolina",44.3
"Bertie, North Carolina",47.8
"Bladen, North Carolina",46.8
"Brunswick, North Carolina",38.25
"Buncombe, North Carolina",29.85
"Burke, North Carolina",36.35
"Cabarrus, North Carolina",36.7
"Caldwell, North Carolina",37.7
"Camden, North Carolina",37.7
"Carteret, North Carolina",35.400000000000006
"Caswell, North Carolina",44.05
"Catawba, North Carolina",34.8
"Chatham, North Carolina",34.2
"Cherokee, North Carolina",33.95
"Chowan, North Carolina",43.2
"Clay, North Carolina",34.599999999999994
"Cleveland, North Carolina",37.7
"Columbus, North Carolina",42.7
"Craven, North Carolina",39.4
"Cumberland, North Carolina",41.25
"Currituck, North Carolina",38.2
"Dare, North Carolina",34.3
"Davidson, North Carolina",37.25
"Davie, North Carolina",35.95
"Duplin, North Carolina",45.7
"Durham, North Carolina",35.35
"Edgecombe, North Carolina",48.3
"Forsyth, North Carolina",32.5
"Franklin, North Carolina",42.900000000000006
"Gaston, North Carolina",35.85
"Gates, North Carolina",42.650000000000006
"Graham, North Carolina",38.2
"Granville, North Carolina",41.9
"Greene, North Carolina",44.6
"Guilford, North Carolina",34.9
"Halifax, North Carolina",48.849999999999994
"Harnett, North Carolina",40.099999999999994
"Haywood, North Carolina",33.45
"Henderson, North Carolina",30.799999999999997
"Hertford, North Carolina",45.75
"Hoke, North Carolina",41.65
"Hyde, North Carolina",44.9
"Iredell, North Carolina",35.9
"Jackson, North Carolina",35.5
"Johnston, North Carolina",41.65
"Jones, North Carolina",42.8
"Lee, North Carolina",37.9
"Lenoir, North Carolina",44.900000000000006
"Lincoln, North Carolina",34.2
"Macon, North Carolina",33.3
"Madison, North Carolina",36.55
"Martin, North Carolina",46.85
"McDowell, North Carolina",38.599999999999994
"Mecklenburg, North Carolina",32.95
"Mitchell, North Carolina",36.0
"Montgomery, North Carolina",41.25
"Moore, North Carolina",33.8
"Nash, North Carolina",41.5
"New Hanover, North Carolina",33.0
"Northampton, North Carolina",47.7
"Onslow, North Carolina",37.0
"Orange, North Carolina",24.15
"Pamlico, North Carolina",40.150000000000006
"Pasquotank, North Carolina",42.4
"Pender, North Carolina",40.349999999999994
"Perquimans, North Carolina",39.400000000000006
"Person, North Carolina",43.45
"Pitt, North Carolina",41.05
"Polk, North Carolina",30.0
"Randolph, North Carolina",36.65
"Richmond, North Carolina",40.5
"Robeson, North Carolina",47.65
"Rockingham, North Carolina",41.55
"Rowan, North Carolina",39.25
"Rutherford, North Carolina",36.95
"Sampson, North Carolina",46.35
"Scotland, North Carolina",43.75
"Stanly, North Carolina",36.8
"Stokes, North Carolina",37.7
"Surry, North Carolina",39.15
"Swain, North Carolina",38.650000000000006
"Transylvania, North Carolina",31.15
"Tyrrell, North Carolina",45.55
"Union, North Carolina",35.2
"Vance, North Carolina",47.05
"Wake, North Carolina",32.2
"Warren, North Carolina",47.45
"Washington, North Carolina",46.3
"Watauga, North Carolina",30.7
"Wayne, North Carolina",41.650000000000006
"Wilkes, North Carolina",37.95
"Wilson, North Carolina",43.95
"Yadkin, North Carolina",39.0
"Yancey, North Carolina",34.4
"Adams, North Dakota",32.05
"Barnes, North Dakota",36.099999999999994
"Benson, North Dakota",43.65
"Billings, North Dakota",35.6
"Bottineau, North Dakota",36.3
"Bowman, North Dakota",34.400000000000006
"Burke, North Dakota",37.3
"Burleigh, North Dakota",33.2
"Cass, North Dakota",34.650000000000006
"Cavalier, North Dakota",35.6
"Dickey, North Dakota",35.7
"Divide, North Dakota",37.05
"Dunn, North Dakota",36.9
"Eddy, North Dakota",35.400000000000006
"Emmons, North Dakota",38.3
"Foster, North Dakota",34.099999999999994
"Golden Valley, North Dakota",35.75
"Grand Forks, North Dakota",37.0
"Grant, North Dakota",36.85
"Griggs, North Dakota",35.5
"Hettinger, North Dakota",35.2
"Kidder, North Dakota",37.95
"LaMoure, North Dakota",35.849999999999994
"Logan, North Dakota",40.650000000000006
"McHenry, North Dakota",37.45
"McIntosh, North Dakota",40.15
"McKenzie, North Dakota",38.3
"McLean, North Dakota",37.05
"Mercer, North Dakota",37.0
"Morton, North Dakota",37.7
"Mountrail, North Dakota",39.35
"Nelson, North Dakota",37.1
"Oliver, North Dakota",35.75
"Pembina, North Dakota",35.5
"Pierce, North Dakota",37.7
"Ramsey, North Dakota",35.349999999999994
"Ransom, North Dakota",35.0
"Renville, North Dakota",35.4
"Richland, North Dakota",36.9
"Rolette, North Dakota",44.3
"Sargent, North Dakota",37.15
"Sheridan, North Dakota",36.5
"Sioux, North Dakota",47.85
"Slope, North Dakota",36.849999999999994
"Stark, North Dakota",36.85
"Steele, North Dakota",37.95
"Stutsman, North Dakota",36.5
"Towner, North Dakota",36.599999999999994
"Traill, North Dakota",37.6
"Walsh, North Dakota",37.35
"Ward, North Dakota",35.45
"Wells, North Dakota",36.1
"Williams, North Dakota",36.900000000000006
"Adams, Ohio",41.8
"Allen, Ohio",44.15
"Ashland, Ohio",38.25
"Ashtabula, Ohio",38.25
"Athens, Ohio",39.3
"Auglaize, Ohio",38.95
"Belmont, Ohio",39.2
"Brown, Ohio",40.400000000000006
"Butler, Ohio",36.65
"Carroll, Ohio",40.45
"Champaign, Ohio",39.150000000000006
"Clark, Ohio",38.5
"Clermont, Ohio",36.55
"Clinton, Ohio",36.25
"Columbiana, Ohio",41.25
"Coshocton, Ohio",39.3
"Crawford, Ohio",40.7
"Cuyahoga, Ohio",35.4
"Darke, Ohio",39.05
"Defiance, Ohio",37.15
"Delaware, Ohio",32.3
"Erie, Ohio",38.1
"Fairfield, Ohio",39.5
"Fayette, Ohio",39.55
"Franklin, Ohio",37.65
"Fulton, Ohio",38.2
"Gallia, Ohio",40.150000000000006
"Geauga, Ohio",33.1
"Greene, Ohio",33.95
"Guernsey, Ohio",39.55
"Hamilton, Ohio",35.400000000000006
"Hancock, Ohio",38.349999999999994
"Hardin, Ohio",41.15
"Harrison, Ohio",40.4
"Henry, Ohio",38.95
"Highland, Ohio",39.7
"Hocking, Ohio",40.849999999999994
"Holmes, Ohio",46.45
"Huron, Ohio",39.650000000000006
"Jackson, Ohio",43.15
"Jefferson, Ohio",40.75
"Knox, Ohio",36.9
"Lake, Ohio",34.150000000000006
"Lawrence, Ohio",44.150000000000006
"Licking, Ohio",38.650000000000006
"Logan, Ohio",40.0
"Lorain, Ohio",38.5
"Lucas, Ohio",40.55
"Madison, Ohio",39.150000000000006
"Mahoning, Ohio",36.7
"Marion, Ohio",40.0
"Medina, Ohio",34.25
"Meigs, Ohio",41.55
"Mercer, Ohio",36.35
"Miami, Ohio",37.45
"Monroe, Ohio",41.7
"Montgomery, Ohio",37.9
"Morgan, Ohio",40.849999999999994
"Morrow, Ohio",39.85
"Muskingum, Ohio",38.8
"Noble, Ohio",43.55
"Ottawa, Ohio",40.55
"Paulding, Ohio",39.15
"Perry, Ohio",41.25
"Pickaway, Ohio",42.05
"Pike, Ohio",42.5
"Portage, Ohio",36.650000000000006
"Preble, Ohio",37.55
"Putnam, Ohio",38.599999999999994
"Richland, Ohio",40.15
"Ross, Ohio",40.650000000000006
"Sandusky, Ohio",40.65
"Scioto, Ohio",43.45
"Seneca, Ohio",39.5
"Shelby, Ohio",37.95
"Stark, Ohio",39.15
"Summit, Ohio",35.75
"Trumbull, Ohio",37.4
"Tuscarawas, Ohio",40.2
"Union, Ohio",38.8
"Van Wert, Ohio",38.35
"Vinton, Ohio",42.75
"Warren, Ohio",33.15
"Washington, Ohio",39.4
"Wayne, Ohio",37.55
"Williams, Ohio",36.95
"Wood, Ohio",38.8
"Wyandot, Ohio",38.65
"Adair, Oklahoma",43.4
"Alfalfa, Oklahoma",38.5
"Atoka, Oklahoma",40.7
"Beaver, Oklahoma",36.9
"Beckham, Oklahoma",38.099999999999994
"Blaine, Oklahoma",39.95
"Bryan, Oklahoma",38.75
"Caddo, Oklahoma",41.650000000000006
"Canadian, Oklahoma",36.6
"Carter, Oklahoma",38.55
"Cherokee, Oklahoma",41.3
"Choctaw, Oklahoma",41.05
"Cimarron, Oklahoma",39.35
"Cleveland, Oklahoma",37.05
"Coal, Oklahoma",43.15
"Comanche, Oklahoma",39.650000000000006
"Cotton, Oklahoma",40.099999999999994
"Craig, Oklahoma",42.75
"Creek, Oklahoma",40.3
"Custer, Oklahoma",37.900000000000006
"Delaware, Oklahoma",40.75
"Dewey, Oklahoma",37.4
"Ellis, Oklahoma",34.8
"Garfield, Oklahoma",38.7
"Garvin, Oklahoma",40.2
"Grady, Oklahoma",42.0
"Grant, Oklahoma",39.3
"Greer, Oklahoma",39.55
"Harmon, Oklahoma",41.0
"Harper, Oklahoma",36.349999999999994
"Haskell, Oklahoma",41.75
"Hughes, Oklahoma",44.95
"Jackson, Oklahoma",37.8
"Jefferson, Oklahoma",40.099999999999994
"Johnston, Oklahoma",40.7
"Kay, Oklahoma",40.75
"Kingfisher, Oklahoma",38.05
"Kiowa, Oklahoma",39.1
"Latimer, Oklahoma",39.0
"Le Flore, Oklahoma",38.849999999999994
"Lincoln, Oklahoma",39.8
"Logan, Oklahoma",40.65
"Love, Oklahoma",38.45
"Major, Oklahoma",37.15
"Marshall, Oklahoma",40.0
"Mayes, Oklahoma",41.55
"McClain, Oklahoma",38.95
"McCurtain, Oklahoma",41.95
"McIntosh, Oklahoma",41.65
"Murray, Oklahoma",42.05
"Muskogee, Oklahoma",39.25
"Noble, Oklahoma",39.7
"Nowata, Oklahoma",42.3
"Okfuskee, Oklahoma",43.8
"Oklahoma, Oklahoma",37.0
"Okmulgee, Oklahoma",40.3
"Osage, Oklahoma",40.9
"Ottawa, Oklahoma",41.45
"Pawnee, Oklahoma",39.4
"Payne, Oklahoma",36.349999999999994
"Pittsburg, Oklahoma",40.55
"Pontotoc, Oklahoma",40.849999999999994
"Pottawatomie, Oklahoma",41.7
"Pushmataha, Oklahoma",41.15
"Roger Mills, Oklahoma",36.25
"Rogers, Oklahoma",38.099999999999994
"Seminole, Oklahoma",43.5
"Sequoyah, Oklahoma",41.15
"Stephens, Oklahoma",37.75
"Texas, Oklahoma",38.05
"Tillman, Oklahoma",41.4
"Tulsa, Oklahoma",35.65
"Wagoner, Oklahoma",37.95
"Washington, Oklahoma",37.55
"Washita, Oklahoma",38.45
"Woods, Oklahoma",36.3
"Woodward, Oklahoma",36.3
"Baker, Oregon",35.5
"Benton, Oregon",31.85
"Clackamas, Oregon",33.25
"Clatsop, Oregon",35.25
"Columbia, Oregon",37.8
"Coos, Oregon",39.15
"Crook, Oregon",35.45
"Curry, Oregon",36.75
"Deschutes, Oregon",27.9
"Douglas, Oregon",38.1
"Gilliam, Oregon",38.05
"Grant, Oregon",34.9
"Harney, Oregon",35.05
"Hood River, Oregon",35.2
"Jackson, Oregon",32.05
"Jefferson, Oregon",38.65
"Josephine, Oregon",36.3
"Klamath, Oregon",34.35
"Lake, Oregon",34.25
"Lane, Oregon",33.45
"Lincoln, Oregon",36.95
"Linn, Oregon",36.65
"Malheur, Oregon",37.3
"Marion, Oregon",38.2
"Morrow, Oregon",40.45
"Multnomah, Oregon",29.950000000000003
"Polk, Oregon",39.0
"Sherman, Oregon",38.05
"Tillamook, Oregon",36.4
"Umatilla, Oregon",41.45
"Union, Oregon",35.6
"Wallowa, Oregon",35.3
"Wasco, Oregon",40.0
"Washington, Oregon",31.95
"Wheeler, Oregon",35.6
"Yamhill, Oregon",36.849999999999994
"Adams, Pennsylvania",37.25
"Allegheny, Pennsylvania",35.5
"Armstrong, Pennsylvania",38.65
"Beaver, Pennsylvania",39.599999999999994
"Bedford, Pennsylvania",40.65
"Berks, Pennsylvania",36.8
"Blair, Pennsylvania",40.55
"Bradford, Pennsylvania",39.05
"Bucks, Pennsylvania",31.5
"Butler, Pennsylvania",36.2
"Cambria, Pennsylvania",42.25
"Cameron, Pennsylvania",39.55
"Carbon, Pennsylvania",38.650000000000006
"Centre, Pennsylvania",35.0
"Chester, Pennsylvania",30.65
"Clarion, Pennsylvania",37.95
"Clearfield, Pennsylvania",39.15
"Clinton, Pennsylvania",39.3
"Columbia, Pennsylvania",40.45
"Crawford, Pennsylvania",36.95
"Cumberland, Pennsylvania",34.0
"Dauphin, Pennsylvania",39.3
"Delaware, Pennsylvania",33.45
"Elk, Pennsylvania",36.650000000000006
"Erie, Pennsylvania",36.8
"Fayette, Pennsylvania",42.05
"Forest, Pennsylvania",40.8
"Franklin, Pennsylvania",39.1
"Fulton, Pennsylvania",40.599999999999994
"Greene, Pennsylvania",41.75
"Huntingdon, Pennsylvania",38.599999999999994
"Indiana, Pennsylvania",37.85
"Jefferson, Pennsylvania",36.900000000000006
"Juniata, Pennsylvania",41.599999999999994
"Lackawanna, Pennsylvania",34.3
"Lancaster, Pennsylvania",37.55
"Lawrence, Pennsylvania",38.65
"Lebanon, Pennsylvania",39.45
"Lehigh, Pennsylvania",35.8
"Luzerne, Pennsylvania",37.400000000000006
"Lycoming, Pennsylvania",38.9
"McKean, Pennsylvania",37.2
"Mercer, Pennsylvania",38.05
"Mifflin, Pennsylvania",40.7
"Monroe, Pennsylvania",36.0
"Montgomery, Pennsylvania",30.35
"Montour, Pennsylvania",27.9
"Northampton, Pennsylvania",36.75
"Northumberland, Pennsylvania",41.85
"Perry, Pennsylvania",40.0
"Philadelphia, Pennsylvania",38.3
"Pike, Pennsylvania",36.35
"Potter, Pennsylvania",38.8
"Schuylkill, Pennsylvania",40.3
"Snyder, Pennsylvania",40.8
"Somerset, Pennsylvania",41.45
"Sullivan, Pennsylvania",39.95
"Susquehanna, Pennsylvania",38.25
"Tioga, Pennsylvania",39.5
"Union, Pennsylvania",37.3
"Venango, Pennsylvania",38.45
"Warren, Pennsylvania",37.099999999999994
"Washington, Pennsylvania",38.75
"Wayne, Pennsylvania",36.3
"Westmoreland, Pennsylvania",35.7
"Wyoming, Pennsylvania",38.7
"York, Pennsylvania",39.0
"Bristol, Rhode Island",28.8
"Kent, Rhode Island",33.599999999999994
"Newport, Rhode Island",28.35
"Providence, Rhode Island",35.05
"Washington, Rhode Island",28.9
"Abbeville, South Carolina",40.5
"Aiken, South Carolina",40.05
"Allendale, South Carolina",50.6
"Anderson, South Carolina",36.8
"Bamberg, South Carolina",47.85
"Barnwell, South Carolina",45.35
"Beaufort, South Carolina",29.0
"Berkeley, South Carolina",43.05
"Calhoun, South Carolina",43.3
"Charleston, South Carolina",33.35
"Cherokee, South Carolina",39.5
"Chester, South Carolina",43.099999999999994
"Chesterfield, South Carolina",40.7
"Clarendon, South Carolina",46.5
"Colleton, South Carolina",43.95
"Darlington, South Carolina",40.65
"Dillon, South Carolina",46.95
"Dorchester, South Carolina",37.15
"Edgefield, South Carolina",43.9
"Fairfield, South Carolina",45.45
"Florence, South Carolina",40.7
"Georgetown, South Carolina",39.25
"Greenville, South Carolina",34.9
"Greenwood, South Carolina",40.4
"Hampton, South Carolina",46.7
"Horry, South Carolina",36.650000000000006
"Jasper, South Carolina",45.7
"Kershaw, South Carolina",37.9
"Lancaster, South Carolina",39.35
"Laurens, South Carolina",43.15
"Lee, South Carolina",47.650000000000006
"Lexington, South Carolina",37.349999999999994
"Marion, South Carolina",44.05
"Marlboro, South Carolina",47.55
"McCormick, South Carolina",45.05
"Newberry, South Carolina",43.25
"Oconee, South Carolina",37.05
"Orangeburg, South Carolina",45.8
"Pickens, South Carolina",34.4
"Richland, South Carolina",37.25
"Saluda, South Carolina",40.8
"Spartanburg, South Carolina",34.9
"Sumter, South Carolina",42.05
"Union, South Carolina",42.8
"Williamsburg, South Carolina",47.900000000000006
"York, South Carolina",35.7
"Aurora, South Dakota",37.05
"Beadle, South Dakota",38.1
"Bennett, South Dakota",42.6
"Bon Homme, South Dakota",37.25
"Brookings, South Dakota",33.349999999999994
"Brown, South Dakota",35.3
"Brule, South Dakota",35.85
"Buffalo, South Dakota",45.95
"Butte, South Dakota",35.65
"Campbell, South Dakota",38.1
"Charles Mix, South Dakota",39.5
"Clark, South Dakota",36.2
"Clay, South Dakota",36.1
"Codington, South Dakota",34.95
"Corson, South Dakota",43.35
"Custer, South Dakota",34.599999999999994
"Davison, South Dakota",38.0
"Day, South Dakota",36.900000000000006
"Deuel, South Dakota",36.45
"Dewey, South Dakota",47.1
"Douglas, South Dakota",39.849999999999994
"Edmunds, South Dakota",36.8
"Fall River, South Dakota",35.400000000000006
"Faulk, South Dakota",37.7
"Grant, South Dakota",37.0
"Gregory, South Dakota",36.900000000000006
"Haakon, South Dakota",32.900000000000006
"Hamlin, South Dakota",36.35
"Hand, South Dakota",36.15
"Hanson, South Dakota",37.349999999999994
"Harding, South Dakota",37.25
"Hughes, South Dakota",36.05
"Hutchinson, South Dakota",38.2
"Hyde, South Dakota",38.2
"Jackson, South Dakota",42.45
"Jerauld, South Dakota",36.35
"Jones, South Dakota",36.55
"Kingsbury, South Dakota",35.349999999999994
"Lake, South Dakota",34.25
"Lawrence, South Dakota",31.55
"Lincoln, South Dakota",33.849999999999994
"Lyman, South Dakota",40.8
"Marshall, South Dakota",37.7
"McCook, South Dakota",35.0
"McPherson, South Dakota",40.25
"Meade, South Dakota",33.95
"Mellette, South Dakota",44.0
"Miner, South Dakota",34.25
"Minnehaha, South Dakota",35.5
"Moody, South Dakota",35.7
"Pennington, South Dakota",32.95
"Perkins, South Dakota",36.75
"Potter, South Dakota",35.4
"Roberts, South Dakota",39.650000000000006
"Sanborn, South Dakota",38.2
"Shannon, South Dakota",48.85
"Spink, South Dakota",36.5
"Stanley, South Dakota",36.05
"Sully, South Dakota",35.849999999999994
"Todd, South Dakota",47.0
"Tripp, South Dakota",37.35
"Turner, South Dakota",36.55
"Union, South Dakota",35.7
"Walworth, South Dakota",37.65
"Yankton, South Dakota",35.3
"Ziebach, South Dakota",46.35
"Anderson, Tennessee",36.85
"Bedford, Tennessee",41.8
"Benton, Tennessee",41.0
"Bledsoe, Tennessee",41.75
"Blount, Tennessee",36.099999999999994
"Bradley, Tennessee",37.45
"Campbell, Tennessee",42.4
"Cannon, Tennessee",40.65
"Carroll, Tennessee",42.0
"Carter, Tennessee",39.0
"Cheatham, Tennessee",38.35
"Chester, Tennessee",42.95
"Claiborne, Tennessee",40.6
"Clay, Tennessee",43.400000000000006
"Cocke, Tennessee",40.8
"Coffee, Tennessee",39.1
"Crockett, Tennessee",41.6
"Cumberland, Tennessee",36.400000000000006
"Davidson, Tennessee",35.2
"Decatur, Tennessee",40.2
"DeKalb, Tennessee",40.8
"Dickson, Tennessee",38.35
"Dyer, Tennessee",40.75
"Fayette, Tennessee",41.8
"Fentress, Tennessee",42.55
"Franklin, Tennessee",39.1
"Gibson, Tennessee",41.099999999999994
"Giles, Tennessee",41.7
"Grainger, Tennessee",41.0
"Greene, Tennessee",39.900000000000006
"Grundy, Tennessee",43.7
"Hamblen, Tennessee",38.45
"Hamilton, Tennessee",36.400000000000006
"Hancock, Tennessee",42.7
"Hardeman, Tennessee",46.8
"Hardin, Tennessee",39.2
"Hawkins, Tennessee",39.75
"Haywood, Tennessee",46.0
"Henderson, Tennessee",41.05
"Henry, Tennessee",39.25
"Hickman, Tennessee",40.75
"Houston, Tennessee",40.0
"Humphreys, Tennessee",39.2
"Jackson, Tennessee",42.849999999999994
"Jefferson, Tennessee",36.45
"Johnson, Tennessee",40.25
"Knox, Tennessee",34.4
"Lake, Tennessee",47.75
"Lauderdale, Tennessee",45.25
"Lawrence, Tennessee",39.3
"Lewis, Tennessee",40.75
"Lincoln, Tennessee",40.15
"Loudon, Tennessee",36.55
"Macon, Tennessee",41.2
"Madison, Tennessee",40.5
"Marion, Tennessee",39.900000000000006
"Marshall, Tennessee",40.95
"Maury, Tennessee",39.75
"McMinn, Tennessee",38.95
"McNairy, Tennessee",40.5
"Meigs, Tennessee",40.85
"Monroe, Tennessee",40.65
"Montgomery, Tennessee",37.8
"Moore, Tennessee",40.75
"Morgan, Tennessee",39.8
"Obion, Tennessee",41.15
"Overton, Tennessee",41.599999999999994
"Perry, Tennessee",40.650000000000006
"Pickett, Tennessee",40.8
"Polk, Tennessee",37.85
"Putnam, Tennessee",37.5
"Rhea, Tennessee",40.95
"Roane, Tennessee",38.9
"Robertson, Tennessee",38.6
"Rutherford, Tennessee",37.3
"Scott, Tennessee",40.9
"Sequatchie, Tennessee",40.650000000000006
"Sevier, Tennessee",35.7
"Shelby, Tennessee",39.85
"Smith, Tennessee",39.95
"Stewart, Tennessee",37.85
"Sullivan, Tennessee",37.5
"Sumner, Tennessee",35.8
"Tipton, Tennessee",39.7
"Trousdale, Tennessee",40.650000000000006
"Unicoi, Tennessee",39.7
"Union, Tennessee",41.650000000000006
"Van Buren, Tennessee",40.400000000000006
"Warren, Tennessee",40.2
"Washington, Tennessee",34.5
"Wayne, Tennessee",39.25
"Weakley, Tennessee",39.9
"White, Tennessee",38.7
"Williamson, Tennessee",29.75
"Wilson, Tennessee",37.0
"Anderson, Texas",38.150000000000006
"Andrews, Texas",40.6
"Angelina, Texas",39.95
"Aransas, Texas",38.45
"Archer, Texas",37.3
"Armstrong, Texas",35.599999999999994
"Atascosa, Texas",38.849999999999994
"Austin, Texas",38.35
"Bailey, Texas",39.7
"Bandera, Texas",37.5
"Bastrop, Texas",37.45
"Baylor, Texas",36.3
"Bee, Texas",41.25
"Bell, Texas",35.650000000000006
"Bexar, Texas",39.25
"Blanco, Texas",33.25
"Borden, Texas",36.8
"Bosque, Texas",38.1
"Bowie, Texas",38.5
"Brazoria, Texas",34.9
"Brazos, Texas",35.849999999999994
"Brewster, Texas",35.75
"Briscoe, Texas",37.95
"Brooks, Texas",46.599999999999994
"Brown, Texas",37.15
"Burleson, Texas",40.5
"Burnet, Texas",34.6
"Caldwell, Texas",40.0
"Calhoun, Texas",38.599999999999994
"Callahan, Texas",36.95
"Cameron, Texas",44.3
"Camp, Texas",41.75
"Carson, Texas",36.45
"Cass, Texas",40.7
"Castro, Texas",40.099999999999994
"Chambers, Texas",37.45
"Cherokee, Texas",40.5
"Childress, Texas",37.65
"Clay, Texas",36.8
"Cochran, Texas",41.3
"Coke, Texas",36.650000000000006
"Coleman, Texas",38.95
"Collin, Texas",29.6
"Collingsworth, Texas",39.95
"Colorado, Texas",38.85
"Comal, Texas",34.400000000000006
"Comanche, Texas",38.8
"Concho, Texas",37.1
"Cooke, Texas",38.849999999999994
"Coryell, Texas",36.85
"Cottle, Texas",41.45
"Crane, Texas",40.65
"Crockett, Texas",43.3
"Crosby, Texas",40.7
"Culberson, Texas",41.6
"Dallam, Texas",38.75
"Dallas, Texas",37.3
"Dawson, Texas",42.7
"Deaf Smith, Texas",40.95
"Delta, Texas",38.95
"Denton, Texas",35.85
"DeWitt, Texas",39.349999999999994
"Dickens, Texas",40.8
"Dimmit, Texas",45.7
"Donley, Texas",38.2
"Duval, Texas",41.45
"Eastland, Texas",39.85
"Ector, Texas",41.15
"Edwards, Texas",40.3
"El Paso, Texas",38.15
"Ellis, Texas",37.95
"Erath, Texas",37.25
"Falls, Texas",41.85
"Fannin, Texas",37.6
"Fayette, Texas",38.0
"Fisher, Texas",36.5
"Floyd, Texas",40.15
"Foard, Texas",40.8
"Fort Bend, Texas",32.3
"Franklin, Texas",38.900000000000006
"Freestone, Texas",39.6
"Frio, Texas",42.25
"Gaines, Texas",44.5
"Galveston, Texas",35.3
"Garza, Texas",43.75
"Gillespie, Texas",33.15
"Glasscock, Texas",36.599999999999994
"Goliad, Texas",36.05
"Gonzales, Texas",42.15
"Gray, Texas",39.0
"Grayson, Texas",35.3
"Gregg, Texas",40.35
"Grimes, Texas",42.2
"Guadalupe, Texas",39.4
"Hale, Texas",40.2
"Hall, Texas",41.099999999999994
"Hamilton, Texas",36.4
"Hansford, Texas",39.150000000000006
"Hardeman, Texas",36.8
"Hardin, Texas",39.849999999999994
"Harris, Texas",36.8
"Harrison, Texas",42.7
"Hartley, Texas",39.3
"Haskell, Texas",39.25
"Hays, Texas",35.75
"Hemphill, Texas",37.900000000000006
"Henderson, Texas",38.650000000000006
"Hidalgo, Texas",46.8
"Hill, Texas",39.85
"Hockley, Texas",39.25
"Hood, Texas",36.4
"Hopkins, Texas",41.7
"Houston, Texas",40.35
"Howard, Texas",40.45
"Hudspeth, Texas",44.1
"Hunt, Texas",39.849999999999994
"Hutchinson, Texas",39.3
"Irion, Texas",37.9
"Jack, Texas",39.25
"Jackson, Texas",40.3
"Jasper, Texas",39.650000000000006
"Jeff Davis, Texas",35.5
"Jefferson, Texas",40.0
"Jim Hogg, Texas",44.150000000000006
"Jim Wells, Texas",41.900000000000006
"Johnson, Texas",38.6
"Jones, Texas",42.5
"Karnes, Texas",40.95
"Kaufman, Texas",39.3
"Kendall, Texas",30.45
"Kenedy, Texas",40.3
"Kent, Texas",35.5
"Kerr, Texas",33.55
"Kimble, Texas",38.95
"King, Texas",37.3
"Kinney, Texas",42.5
"Kleberg, Texas",39.45
"Knox, Texas",39.7
"La Salle, Texas",47.1
"Lamar, Texas",36.55
"Lamb, Texas",39.95
"Lampasas, Texas",36.4
"Lavaca, Texas",38.900000000000006
"Lee, Texas",39.05
"Leon, Texas",38.85
"Liberty, Texas",41.65
"Limestone, Texas",40.5
"Lipscomb, Texas",36.6
"Live Oak, Texas",39.0
"Llano, Texas",35.1
"Loving, Texas",37.099999999999994
"Lubbock, Texas",35.95
"Lynn, Texas",39.55
"Madison, Texas",41.7
"Marion, Texas",43.7
"Martin, Texas",39.65
"Mason, Texas",36.45
"Matagorda, Texas",39.3
"Maverick, Texas",45.65
"McCulloch, Texas",38.65
"McLennan, Texas",38.45
"McMullen, Texas",39.05
"Medina, Texas",39.2
"Menard, Texas",38.15
"Midland, Texas",36.349999999999994
"Milam, Texas",39.95
"Mills, Texas",37.25
"Mitchell, Texas",39.849999999999994
"Montague, Texas",38.35
"Montgomery, Texas",35.900000000000006
"Moore, Texas",40.1
"Morris, Texas",40.4
"Motley, Texas",36.0
"Nacogdoches, Texas",39.650000000000006
"Navarro, Texas",40.65
"Newton, Texas",42.55
"Nolan, Texas",38.95
"Nueces, Texas",38.05
"Ochiltree, Texas",39.9
"Oldham, Texas",38.45
"Orange, Texas",40.3
"Palo Pinto, Texas",39.400000000000006
"Panola, Texas",41.8
"Parker, Texas",36.849999999999994
"Parmer, Texas",41.45
"Pecos, Texas",40.2
"Polk, Texas",41.85
"Potter, Texas",38.85
"Presidio, Texas",42.45
"Rains, Texas",40.7
"Randall, Texas",31.799999999999997
"Reagan, Texas",41.75
"Real, Texas",39.5
"Red River, Texas",42.65
"Reeves, Texas",44.9
"Refugio, Texas",40.150000000000006
"Roberts, Texas",34.75
"Robertson, Texas",41.7
"Rockwall, Texas",33.25
"Runnels, Texas",39.55
"Rusk, Texas",42.05
"Sabine, Texas",40.8
"San Augustine, Texas",43.650000000000006
"San Jacinto, Texas",41.6
"San Patricio, Texas",41.0
"San Saba, Texas",36.0
"Schleicher, Texas",37.349999999999994
"Scurry, Texas",38.75
"Shackelford, Texas",37.5
"Shelby, Texas",43.0
"Sherman, Texas",39.3
"Smith, Texas",35.9
"Somervell, Texas",34.9
"Starr, Texas",50.95
"Stephens, Texas",38.95
"Sterling, Texas",40.2
"Stonewall, Texas",37.3
"Sutton, Texas",39.6
"Swisher, Texas",39.3
"Tarrant, Texas",36.6
"Taylor, Texas",35.7
"Terrell, Texas",37.55
"Terry, Texas",42.0
"Throckmorton, Texas",39.25
"Titus, Texas",39.2
"Tom Green, Texas",36.7
"Travis, Texas",31.4
"Trinity, Texas",41.55
"Tyler, Texas",40.7
"Upshur, Texas",40.45
"Upton, Texas",39.4
"Uvalde, Texas",40.4
"Val Verde, Texas",42.75
"Van Zandt, Texas",40.3
"Victoria, Texas",37.0
"Walker, Texas",40.55
"Waller, Texas",41.400000000000006
"Ward, Texas",41.849999999999994
"Washington, Texas",38.5
"Webb, Texas",45.0
"Wharton, Texas",41.099999999999994
"Wheeler, Texas",36.2
"Wichita, Texas",36.9
"Wilbarger, Texas",39.6
"Willacy, Texas",47.25
"Williamson, Texas",33.2
"Wilson, Texas",38.4
"Winkler, Texas",43.15
"Wise, Texas",38.900000000000006
"Wood, Texas",39.650000000000006
"Yoakum, Texas",41.05
"Young, Texas",38.1
"Zapata, Texas",48.25
"Zavala, Texas",44.45
"Beaver, Utah",33.15
"Box Elder, Utah",37.0
"Cache, Utah",33.25
"Carbon, Utah",34.6
"Daggett, Utah",34.099999999999994
"Davis, Utah",32.5
"Duchesne, Utah",33.95
"Emery, Utah",36.099999999999994
"Garfield, Utah",33.849999999999994
"Grand, Utah",30.950000000000003
"Iron, Utah",33.75
"Juab, Utah",36.2
"Kane, Utah",31.5
"Millard, Utah",33.7
"Morgan, Utah",28.15
"Piute, Utah",36.849999999999994
"Rich, Utah",30.8
"Salt Lake, Utah",31.7
"San Juan, Utah",38.45
"Sanpete, Utah",34.400000000000006
"Sevier, Utah",34.8
"Summit, Utah",21.2
"Tooele, Utah",37.849999999999994
"Uintah, Utah",36.5
"Utah, Utah",32.9
"Wasatch, Utah",29.25
"Washington, Utah",32.0
"Wayne, Utah",31.4
"Weber, Utah",34.5
"Addison, Vermont",28.6
"Bennington, Vermont",29.799999999999997
"Caledonia, Vermont",32.8
"Chittenden, Vermont",26.45
"Essex, Vermont",37.0
"Franklin, Vermont",36.099999999999994
"Grand Isle, Vermont",32.6
"Lamoille, Vermont",31.1
"Orange, Vermont",32.85
"Orleans, Vermont",35.2
"Rutland, Vermont",32.55
"Washington, Vermont",27.8
"Windham, Vermont",29.15
"Windsor, Vermont",29.95
"Accomack, Virginia",43.15
"Albemarle, Virginia",29.4
"Alexandria City, Virginia",26.299999999999997
"Alleghany, Virginia",37.0
"Amelia, Virginia",42.349999999999994
"Amherst, Virginia",39.2
"Appomattox, Virginia",40.150000000000006
"Arlington, Virginia",25.200000000000003
"Augusta, Virginia",36.5
"Bath, Virginia",37.150000000000006
"Bedford, Virginia",34.0
"Bedford City, Virginia",35.95
"Bland, Virginia",36.55
"Botetourt, Virginia",33.85
"Bristol City, Virginia",41.85
"Brunswick, Virginia",47.35
"Buchanan, Virginia",43.25
"Buckingham, Virginia",44.7
"Buena Vista City, Virginia",40.9
"Campbell, Virginia",38.75
"Caroline, Virginia",40.8
"Carroll, Virginia",40.15
"Charles City, Virginia",46.25
"Charlotte, Virginia",43.7
"Charlottesville City, Virginia",25.4
"Chesapeake City, Virginia",37.55
"Chesterfield, Virginia",34.3
"Clarke, Virginia",36.25
"Colonial Heights City, Virginia",33.8
"Covington City, Virginia",38.400000000000006
"Craig, Virginia",34.35
"Culpeper, Virginia",37.95
"Cumberland, Virginia",40.85
"Danville City, Virginia",40.3
"Dickenson, Virginia",43.0
"Dinwiddie, Virginia",43.400000000000006
"Emporia City, Virginia",45.8
"Essex, Virginia",40.849999999999994
"Fairfax, Virginia",26.1
"Fairfax City, Virginia",22.4
"Falls Church City, Virginia",18.55
"Fauquier, Virginia",34.4
"Floyd, Virginia",36.65
"Fluvanna, Virginia",37.55
"Franklin, Virginia",35.8
"Franklin City, Virginia",42.45
"Frederick, Virginia",36.95
"Fredericksburg City, Virginia",32.7
"Galax City, Virginia",35.9
"Giles, Virginia",37.8
"Gloucester, Virginia",35.7
"Goochland, Virginia",33.65
"Grayson, Virginia",39.75
"Greene, Virginia",38.3
"Greensville, Virginia",46.25
"Halifax County with South Boston City, Virginia",43.05
"Hampton City, Virginia",42.55
"Hanover, Virginia",33.8
"Harrisonburg City, Virginia",35.3
"Henrico, Virginia",33.25
"Henry, Virginia",40.55
"Highland, Virginia",39.75
"Hopewell City, Virginia",45.349999999999994
"Isle of Wight, Virginia",39.45
"James City, Virginia",32.75
"King and Queen, Virginia",42.25
"King George, Virginia",36.15
"King William, Virginia",37.5
"Lancaster, Virginia",39.400000000000006
"Lee, Virginia",40.95
"Lexington City, Virginia",37.05
"Loudoun, Virginia",28.549999999999997
"Louisa, Virginia",38.65
"Lunenburg, Virginia",44.95
"Lynchburg City, Virginia",36.85
"Madison, Virginia",38.5
"Manassas City, Virginia",34.8
"Manassas Park City, Virginia",36.5
"Martinsville City, Virginia",34.75
"Mathews, Virginia",37.650000000000006
"Mecklenburg, Virginia",43.3
"Middlesex, Virginia",36.8
"Montgomery, Virginia",33.2
"Nelson, Virginia",36.45
"New Kent, Virginia",37.7
"Newport News City, Virginia",40.65
"Norfolk City, Virginia",42.85
"Northampton, Virginia",41.55
"Northumberland, Virginia",38.55
"Norton City, Virginia",36.2
"Nottoway, Virginia",44.599999999999994
"Orange, Virginia",38.7
"Page, Virginia",41.6
"Patrick, Virginia",39.15
"Petersburg City, Virginia",48.849999999999994
"Pittsylvania, Virginia",39.75
"Poquoson City, Virginia",34.45
"Portsmouth City, Virginia",46.55
"Powhatan, Virginia",38.0
"Prince Edward, Virginia",43.150000000000006
"Prince George, Virginia",41.55
"Prince William, Virginia",34.900000000000006
"Pulaski, Virginia",36.9
"Radford City, Virginia",33.0
"Rappahannock, Virginia",37.349999999999994
"Richmond, Virginia",42.8
"Richmond City, Virginia",37.55
"Roanoke, Virginia",31.05
"Roanoke City, Virginia",40.25
"Rockbridge, Virginia",37.05
"Rockingham, Virginia",37.650000000000006
"Russell, Virginia",41.9
"Salem City, Virginia",33.6
"Scott, Virginia",41.1
"Shenandoah, Virginia",37.25
"Smyth, Virginia",40.15
"Southampton, Virginia",43.25
"Spotsylvania, Virginia",36.85
"Stafford, Virginia",35.8
"Staunton City, Virginia",37.65
"Suffolk City, Virginia",40.849999999999994
"Surry, Virginia",44.900000000000006
"Sussex, Virginia",48.75
"Tazewell, Virginia",40.099999999999994
"Virginia Beach City, Virginia",34.3
"Warren, Virginia",37.2
"Washington, Virginia",36.45
"Waynesboro City, Virginia",36.6
"Westmoreland, Virginia",42.25
"Williamsburg City, Virginia",33.6
"Winchester City, Virginia",32.65
"Wise, Virginia",43.599999999999994
"Wythe, Virginia",38.349999999999994
"York, Virginia",32.5
"Adams, Washington",44.85
"Asotin, Washington",37.349999999999994
"Benton, Washington",37.1
"Chelan, Washington",32.55
"Clallam, Washington",33.650000000000006
"Clark, Washington",35.65
"Columbia, Washington",39.95
"Cowlitz, Washington",41.75
"Douglas, Washington",36.8
"Ferry, Washington",37.85
"Franklin, Washington",43.5
"Garfield, Washington",35.35
"Grant, Washington",41.05
"Grays Harbor, Washington",40.95
"Island, Washington",31.55
"Jefferson, Washington",31.4
"King, Washington",28.75
"Kitsap, Washington",35.4
"Kittitas, Washington",33.55
"Klickitat, Washington",36.05
"Lewis, Washington",40.75
"Lincoln, Washington",37.15
"Mason, Washington",38.35
"Okanogan, Washington",36.25
"Pacific, Washington",41.45
"Pend Oreille, Washington",36.349999999999994
"Pierce, Washington",38.8
"San Juan, Washington",25.55
"Skagit, Washington",35.15
"Skamania, Washington",37.8
"Snohomish, Washington",35.55
"Spokane, Washington",34.5
"Stevens, Washington",35.8
"Thurston, Washington",35.75
"Wahkiakum, Washington",37.3
"Walla Walla, Washington",35.8
"Whatcom, Washington",31.650000000000002
"Whitman, Washington",35.5
"Yakima, Washington",40.95
"Barbour, West Virginia",40.8
"Berkeley, West Virginia",40.05
"Boone, West Virginia",44.099999999999994
"Braxton, West Virginia",40.75
"Brooke, West Virginia",39.95
"Cabell, West Virginia",40.75
"Calhoun, West Virginia",43.55
"Clay, West Virginia",45.45
"Doddridge, West Virginia",41.2
"Fayette, West Virginia",40.849999999999994
"Gilmer, West Virginia",41.9
"Grant, West Virginia",39.75
"Greenbrier, West Virginia",36.1
"Hampshire, West Virginia",40.75
"Hancock, West Virginia",40.55
"Hardy, West Virginia",38.55
"Harrison, West Virginia",38.099999999999994
"Jackson, West Virginia",41.099999999999994
"Jefferson, West Virginia",37.5
"Kanawha, West Virginia",37.7
"Lewis, West Virginia",38.8
"Lincoln, West Virginia",46.9
"Logan, West Virginia",44.95
"Marion, West Virginia",41.150000000000006
"Marshall, West Virginia",39.1
"Mason, West Virginia",43.2
"McDowell, West Virginia",46.55
"Mercer, West Virginia",39.2
"Mineral, West Virginia",39.8
"Mingo, West Virginia",44.0
"Monongalia, West Virginia",31.5
"Monroe, West Virginia",39.3
"Morgan, West Virginia",39.0
"Nicholas, West Virginia",39.7
"Ohio, West Virginia",35.2
"Pendleton, West Virginia",36.7
"Pleasants, West Virginia",37.6
"Pocahontas, West Virginia",37.1
"Preston, West Virginia",39.55
"Putnam, West Virginia",39.1
"Raleigh, West Virginia",39.849999999999994
"Randolph, West Virginia",37.8
"Ritchie, West Virginia",39.3
"Roane, West Virginia",44.1
"Summers, West Virginia",41.25
"Taylor, West Virginia",41.1
"Tucker, West Virginia",38.0
"Tyler, West Virginia",40.3
"Upshur, West Virginia",37.95
"Wayne, West Virginia",43.7
"Webster, West Virginia",42.3
"Wetzel, West Virginia",40.45
"Wirt, West Virginia",39.35
"Wood, West Virginia",38.35
"Wyoming, West Virginia",43.1
"Adams, Wisconsin",40.05
"Ashland, Wisconsin",35.65
"Barron, Wisconsin",36.3
"Bayfield, Wisconsin",36.3
"Brown, Wisconsin",35.7
"Buffalo, Wisconsin",37.55
"Burnett, Wisconsin",35.0
"Calumet, Wisconsin",37.5
"Chippewa, Wisconsin",35.849999999999994
"Clark, Wisconsin",38.1
"Columbia, Wisconsin",38.0
"Crawford, Wisconsin",34.25
"Dane, Wisconsin",31.4
"Dodge, Wisconsin",40.650000000000006
"Door, Wisconsin",35.3
"Douglas, Wisconsin",36.15
"Dunn, Wisconsin",37.0
"Eau Claire, Wisconsin",34.35
"Florence, Wisconsin",35.75
"Fond du Lac, Wisconsin",39.1
"Forest, Wisconsin",37.45
"Grant, Wisconsin",35.349999999999994
"Green, Wisconsin",35.0
"Green Lake, Wisconsin",38.85
"Iowa, Wisconsin",34.7
"Iron, Wisconsin",36.25
"Jackson, Wisconsin",39.8
"Jefferson, Wisconsin",37.25
"Juneau, Wisconsin",38.95
"Kenosha, Wisconsin",36.150000000000006
"Kewaunee, Wisconsin",37.2
"La Crosse, Wisconsin",33.15
"Lafayette, Wisconsin",35.95
"Langlade, Wisconsin",37.3
"Lincoln, Wisconsin",36.650000000000006
"Manitowoc, Wisconsin",36.05
"Marathon, Wisconsin",33.1
"Marinette, Wisconsin",36.400000000000006
"Marquette, Wisconsin",39.95
"Menominee, Wisconsin",43.0
"Milwaukee, Wisconsin",37.9
"Monroe, Wisconsin",37.05
"Oconto, Wisconsin",36.95
"Oneida, Wisconsin",34.3
"Outagamie, Wisconsin",36.05
"Ozaukee, Wisconsin",29.65
"Pepin, Wisconsin",36.55
"Pierce, Wisconsin",35.15
"Polk, Wisconsin",35.349999999999994
"Portage, Wisconsin",35.45
"Price, Wisconsin",35.2
"Racine, Wisconsin",37.85
"Richland, Wisconsin",36.099999999999994
"Rock, Wisconsin",36.45
"Rusk, Wisconsin",37.0
"Sauk, Wisconsin",36.9
"Sawyer, Wisconsin",36.45
"Shawano, Wisconsin",36.75
"Sheboygan, Wisconsin",33.9
"St. Croix, Wisconsin",35.150000000000006
"Taylor, Wisconsin",36.55
"Trempealeau, Wisconsin",39.15
"Vernon, Wisconsin",35.75
"Vilas, Wisconsin",34.0
"Walworth, Wisconsin",34.55
"Washburn, Wisconsin",35.6
"Washington, Wisconsin",34.8
"Waukesha, Wisconsin",31.0
"Waupaca, Wisconsin",36.65
"Waushara, Wisconsin",38.9
"Winnebago, Wisconsin",36.8
"Wood, Wisconsin",33.900000000000006
"Albany, Wyoming",28.549999999999997
"Big Horn, Wyoming",35.05
"Campbell, Wyoming",38.75
"Carbon, Wyoming",36.05
"Converse, Wyoming",36.75
"Crook, Wyoming",35.65
"Fremont, Wyoming",33.05
"Goshen, Wyoming",36.6
"Hot Springs, Wyoming",34.0
"Johnson, Wyoming",33.05
"Laramie, Wyoming",32.650000000000006
"Lincoln, Wyoming",30.8
"Natrona, Wyoming",34.2
"Niobrara, Wyoming",36.85
"Park, Wyoming",27.75
"Platte, Wyoming",32.85
"Sheridan, Wyoming",31.85
"Sublette, Wyoming",28.9
"Sweetwater, Wyoming",35.35
"Teton, Wyoming",20.6
"Uinta, Wyoming",35.65
"Washakie, Wyoming",33.55
"Weston, Wyoming",36.349999999999994
